model_name,model_family,objective,eval_split,layer,group,label_source,dimension,FE_ratio,rows,u_gt_zero_rows,u_gt_zero_rate,mean_observed_utility,median_observed_utility,positive_utility_sum,mae,rmse,r2,pearson,spearman,roc_auc_u_gt_zero,average_precision_u_gt_zero,score_mean,score_median
dummy_mean_regression,dummy,regression,bbob_train,all,all,,,,194400,11921,0.06132201646090535,-0.08855738467265091,-0.06544428361600368,2511.1122661377594,0.0795607752444909,0.16481160361231126,0.0,-4.380684439743979e-17,,0.5,0.06132201646090535,-0.08855738467265092,-0.08855738467265091
dummy_mean_regression,dummy,regression,bbob_train,label_source,label_source=changed_algorithm,changed_algorithm,,,74400,8470,0.11384408602150538,-0.05859081542569486,-0.06280283172738645,1678.8603444230114,0.07500675149935405,0.14333173174782748,-0.04570883269266779,1.635277834251374e-17,,0.5,0.11384408602150538,-0.08855738467265094,-0.08855738467265091
dummy_mean_regression,dummy,regression,bbob_train,label_source,label_source=same_algorithm,same_algorithm,,,120000,3451,0.028758333333333334,-0.10713665760576366,-0.06743423570665175,832.2519217147483,0.08238426996647574,0.17682355580665285,-0.011163453153812952,,,0.5,0.028758333333333334,-0.08855738467265091,-0.08855738467265091
dummy_mean_regression,dummy,regression,bbob_train,dimension,dimension=10,,10.0,,64800,2405,0.037114197530864194,-0.04022633237538057,-0.03715828153278458,308.0180086184804,0.05725142270383517,0.0890803667905238,-0.41716644655887936,,,0.5,0.037114197530864194,-0.08855738467265091,-0.08855738467265091
dummy_mean_regression,dummy,regression,bbob_train,dimension,dimension=20,,20.0,,64800,3858,0.059537037037037034,-0.07228172978918257,-0.06716881295115272,823.0687800379324,0.055266954755557485,0.14109076251373942,-0.013486452628150625,,,0.5,0.059537037037037034,-0.08855738467265091,-0.08855738467265091
dummy_mean_regression,dummy,regression,bbob_train,dimension,dimension=40,,40.0,,64800,5658,0.08731481481481482,-0.1531640918533896,-0.14272675969545875,1380.025477481347,0.12616394827408003,0.23161752749207504,-0.08437038258145768,,,0.5,0.08731481481481482,-0.08855738467265091,-0.08855738467265091
dummy_mean_regression,dummy,regression,bbob_train,FE_ratio,FE_ratio=0.2,,,0.2,19440,1637,0.08420781893004116,-0.06196176210011554,-0.05049860667501493,304.44205064313394,0.07645966004361096,0.1533017396400461,-0.031031155290274448,5.1747440974480093e-17,,0.5,0.08420781893004116,-0.08855738467265094,-0.08855738467265091
dummy_mean_regression,dummy,regression,bbob_train,FE_ratio,FE_ratio=0.25,,,0.25,19440,1530,0.0787037037037037,-0.06684412289960417,-0.05379598025536793,289.0381601639173,0.07668364866355412,0.15967542710443414,-0.018839958106770638,5.704084550297936e-18,,0.5,0.0787037037037037,-0.08855738467265094,-0.08855738467265091
dummy_mean_regression,dummy,regression,bbob_train,FE_ratio,FE_ratio=0.28,,,0.28,19440,1516,0.07798353909465021,-0.06678863875638497,-0.05595944523593056,294.83506110374555,0.07551595396572766,0.152871406223885,-0.0206971818374182,-5.3746000990857544e-17,,0.5,0.07798353909465021,-0.08855738467265094,-0.08855738467265091
dummy_mean_regression,dummy,regression,bbob_train,FE_ratio,FE_ratio=0.3,,,0.3,19440,1403,0.07217078189300412,-0.07045501341769796,-0.05769358257385397,275.8794546370344,0.0750756845802582,0.1527698731517518,-0.014240872788928716,5.263249727906653e-17,,0.5,0.07217078189300412,-0.08855738467265094,-0.08855738467265091
dummy_mean_regression,dummy,regression,bbob_train,FE_ratio,FE_ratio=0.35,,,0.35,19440,1388,0.07139917695473251,-0.07482964941049443,-0.062069321341436653,257.6511044439708,0.07397974617433502,0.14457096773355713,-0.009098486797001426,-3.0714299811919425e-17,,0.5,0.07139917695473251,-0.08855738467265094,-0.08855738467265091
dummy_mean_regression,dummy,regression,bbob_train,FE_ratio,FE_ratio=0.4,,,0.4,19440,1376,0.07078189300411522,-0.08176159053440116,-0.06731035034538017,252.55187921031478,0.07558529260581018,0.15528272032227705,-0.0019189637221421751,-2.7978261772192685e-18,,0.5,0.07078189300411522,-0.08855738467265094,-0.08855738467265091
dummy_mean_regression,dummy,regression,bbob_train,FE_ratio,FE_ratio=0.45,,,0.45,19440,911,0.04686213991769547,-0.09574364894010993,-0.0740343803226563,214.80823720368133,0.07615213141027975,0.16064888921248563,-0.0020050297239850856,6.658018238101349e-17,,0.5,0.04686213991769547,-0.08855738467265094,-0.08855738467265091
dummy_mean_regression,dummy,regression,bbob_train,FE_ratio,FE_ratio=0.5,,,0.5,19440,752,0.03868312757201646,-0.10761678906395437,-0.08153801385084204,216.74610973067038,0.08112476384601806,0.17372947031408326,-0.012182331425408588,2.950086186789881e-17,,0.5,0.03868312757201646,-0.08855738467265094,-0.08855738467265091
dummy_mean_regression,dummy,regression,bbob_train,FE_ratio,FE_ratio=0.55,,,0.55,19440,784,0.040329218106995884,-0.12055088341199817,-0.09047622006570433,212.50845114181092,0.08733109794453356,0.1870192101331084,-0.030147438827093476,-5.368158521121168e-17,,0.5,0.040329218106995884,-0.08855738467265094,-0.08855738467265091
dummy_mean_regression,dummy,regression,bbob_train,FE_ratio,FE_ratio=0.6,,,0.6,19440,624,0.03209876543209877,-0.13902174819174842,-0.10198680721304745,192.65175785948037,0.09769977321078144,0.19985748199545797,-0.06809892483739999,4.0548036986654383e-17,,0.5,0.03209876543209877,-0.08855738467265094,-0.08855738467265091
dummy_mean_regression,dummy,regression,bbob_validation,all,all,,,,64800,3745,0.05779320987654321,-0.09152940558707323,-0.07597107961327272,743.0385345915533,0.0752123069302643,0.13338453437610887,-0.0004967163276561326,,,0.5,0.05779320987654321,-0.08855738467265091,-0.08855738467265091
dummy_mean_regression,dummy,regression,bbob_validation,label_source,label_source=changed_algorithm,changed_algorithm,,,16560,2549,0.15392512077294687,-0.05116247729341551,-0.06176568779918107,607.1864253523988,0.10124522165560966,0.20729148547418996,-0.033638023785485194,-3.6564316487339104e-17,,0.5,0.15392512077294687,-0.08855738467265092,-0.08855738467265091
dummy_mean_regression,dummy,regression,bbob_validation,label_source,label_source=same_algorithm,same_algorithm,,,48240,1196,0.024792703150912105,-0.10538670932967216,-0.08462815497687234,135.85210923915443,0.0662756347111159,0.0956458472242673,-0.03194915983016333,4.10653231616853e-18,,0.5,0.024792703150912105,-0.08855738467265092,-0.08855738467265091
dummy_mean_regression,dummy,regression,bbob_validation,dimension,dimension=10,,10.0,,21600,1470,0.06805555555555555,-0.040708791525251226,-0.036659214049790265,260.3480860696287,0.06989856077476742,0.1305158722977409,-0.15527315079851212,1.1301777416697934e-16,,0.5,0.06805555555555555,-0.08855738467265092,-0.08855738467265091
dummy_mean_regression,dummy,regression,bbob_validation,dimension,dimension=20,,20.0,,21600,1908,0.08833333333333333,-0.05664202206459035,-0.0679457754312032,392.4289080321196,0.05489035240670843,0.13101636834781766,-0.06308350753060665,-3.138891711244671e-17,,0.5,0.08833333333333333,-0.08855738467265092,-0.08855738467265091
dummy_mean_regression,dummy,regression,bbob_validation,dimension,dimension=40,,40.0,,21600,367,0.01699074074074074,-0.17723740317137815,-0.16708161511555475,90.26154048980496,0.10084800760931704,0.13847245334543204,-0.695297582206978,2.1555143672896556e-16,,0.5,0.01699074074074074,-0.08855738467265092,-0.08855738467265091
dummy_mean_regression,dummy,regression,bbob_validation,FE_ratio,FE_ratio=0.2,,,0.2,6480,296,0.04567901234567901,-0.07854640971495502,-0.05432046807708305,38.557426800468264,0.06325933823533049,0.10243203707435136,-0.009643825072270795,-1.0420179506368389e-17,,0.5,0.04567901234567901,-0.08855738467265092,-0.08855738467265091
dummy_mean_regression,dummy,regression,bbob_validation,FE_ratio,FE_ratio=0.25,,,0.25,6480,292,0.04506172839506173,-0.08209066348445634,-0.05811985784400571,35.463735190300596,0.06290559677008048,0.09784502884041442,-0.004387245442187382,1.1231222390900578e-17,,0.5,0.04506172839506173,-0.08855738467265092,-0.08855738467265091
dummy_mean_regression,dummy,regression,bbob_validation,FE_ratio,FE_ratio=0.28,,,0.28,6480,274,0.042283950617283954,-0.08549062609263769,-0.060059978976886724,32.16164278161452,0.06315269598346138,0.09814936334185136,-0.0009772561541216973,7.26529365326396e-17,,0.5,0.042283950617283954,-0.08855738467265092,-0.08855738467265091
dummy_mean_regression,dummy,regression,bbob_validation,FE_ratio,FE_ratio=0.3,,,0.3,6480,284,0.043827160493827164,-0.08706332924379373,-0.061481761258876125,31.652929735382077,0.06322059832680393,0.09674726919505505,-0.00023853909812676655,-6.3760365983985555e-18,,0.5,0.043827160493827164,-0.08855738467265092,-0.08855738467265091
dummy_mean_regression,dummy,regression,bbob_validation,FE_ratio,FE_ratio=0.35,,,0.35,6480,256,0.03950617283950617,-0.09341559547051581,-0.06664570006608084,26.439322897806413,0.06377304980594925,0.09736900277974078,-0.0024957080943441845,-5.1092100843557623e-17,,0.5,0.03950617283950617,-0.08855738467265092,-0.08855738467265091
dummy_mean_regression,dummy,regression,bbob_validation,FE_ratio,FE_ratio=0.4,,,0.4,6480,800,0.12345679012345678,-0.07290554260108724,-0.07056462486829276,174.15917724891835,0.09364019904113151,0.1760532327245893,-0.007966896506262922,-3.9081780915665974e-17,,0.5,0.12345679012345678,-0.08855738467265092,-0.08855738467265091
dummy_mean_regression,dummy,regression,bbob_validation,FE_ratio,FE_ratio=0.45,,,0.45,6480,243,0.0375,-0.10186903427734409,-0.07939845101548082,50.56190594132994,0.06857601120798953,0.12040279866165114,-0.01237461909343418,3.493486688064222e-17,,0.5,0.0375,-0.08855738467265092,-0.08855738467265091
dummy_mean_regression,dummy,regression,bbob_validation,FE_ratio,FE_ratio=0.5,,,0.5,6480,477,0.07361111111111111,-0.08578559846269349,-0.08202974076197492,151.15391573733473,0.088386138596892,0.17945329200178997,-0.00023862735215818276,3.055523186330557e-17,,0.5,0.07361111111111111,-0.08855738467265092,-0.08855738467265091
dummy_mean_regression,dummy,regression,bbob_validation,FE_ratio,FE_ratio=0.55,,,0.55,6480,376,0.05802469135802469,-0.11228594071878435,-0.09215825578698267,79.68497550744864,0.08486257438353748,0.14054258915506726,-0.029341770670157974,-6.530418213879845e-17,,0.5,0.05802469135802469,-0.08855738467265092,-0.08855738467265091
dummy_mean_regression,dummy,regression,bbob_validation,FE_ratio,FE_ratio=0.6,,,0.6,6480,447,0.06898148148148148,-0.11584131580446465,-0.10228898920926656,123.20350275094972,0.10034686695146701,0.1786813807895838,-0.023872683813978224,3.046551684979072e-17,,0.5,0.06898148148148148,-0.08855738467265092,-0.08855738467265091
linear_regression,linear,regression,bbob_train,all,all,,,,194400,11921,0.06132201646090535,-0.08855738467265091,-0.06544428361600368,2511.1122661377594,0.07230082142453827,0.15948107052861593,0.06364029892790335,0.25227028942763613,0.47951954594194685,0.6400488275960802,0.10820641046893967,-0.08855738467265091,-0.08664257781946452
linear_regression,linear,regression,bbob_train,label_source,label_source=changed_algorithm,changed_algorithm,,,74400,8470,0.11384408602150538,-0.05859081542569486,-0.06280283172738645,1678.8603444230114,0.06943294341970482,0.13937341067069778,0.011251275747101053,0.2190847530166572,0.4155047191739934,0.6530354544039858,0.20025777660765304,-0.08349657964653502,-0.08151102075823075
linear_regression,linear,regression,bbob_train,label_source,label_source=same_algorithm,same_algorithm,,,120000,3451,0.028758333333333334,-0.10713665760576366,-0.06743423570665175,832.2519217147483,0.07407890578753501,0.1707628639225608,0.05696462388034662,0.25491466405256935,0.5113628271351988,0.5697531705274629,0.036677147118663225,-0.09169508378884277,-0.09001144076538492
linear_regression,linear,regression,bbob_train,dimension,dimension=10,,10.0,,64800,2405,0.037114197530864194,-0.04022633237538057,-0.03715828153278458,308.0180086184804,0.04750257870463815,0.08591896273547815,-0.31836273506555623,0.09027072797382013,0.44873711447665904,0.6681920145595118,0.08129494917801638,-0.07032802015892867,-0.06747460687743947
linear_regression,linear,regression,bbob_train,dimension,dimension=20,,20.0,,64800,3858,0.059537037037037034,-0.07228172978918257,-0.06716881295115272,823.0687800379324,0.06001814808146284,0.1411174176137103,-0.01386942787121237,0.14481160122796383,0.4789447076737161,0.7088128172723662,0.16117092442200842,-0.08959882812893778,-0.08805266858166717
linear_regression,linear,regression,bbob_train,dimension,dimension=40,,40.0,,64800,5658,0.08731481481481482,-0.1531640918533896,-0.14272675969545875,1380.025477481347,0.10938173748751384,0.22137398641068312,0.009423601657866154,0.24274336442891806,0.566322217922833,0.6799577124794542,0.15753304360899267,-0.1057453057300863,-0.10618818865546045
linear_regression,linear,regression,bbob_train,FE_ratio,FE_ratio=0.2,,,0.2,19440,1637,0.08420781893004116,-0.06196176210011554,-0.05049860667501493,304.44205064313394,0.06740628355048987,0.15058999453105856,0.005121930809074526,0.07934568262672471,0.08712313822514628,0.6422945402837703,0.15783942317281813,-0.05838570995883555,-0.06007174911844791
linear_regression,linear,regression,bbob_train,FE_ratio,FE_ratio=0.25,,,0.25,19440,1530,0.0787037037037037,-0.06684412289960417,-0.05379598025536793,289.0381601639173,0.06593560645791435,0.15573231735298051,0.030858282498133827,0.19539598222063342,0.42507956382849765,0.5853844750258189,0.11027780709225464,-0.054809805266063744,-0.05560679427377361
linear_regression,linear,regression,bbob_train,FE_ratio,FE_ratio=0.28,,,0.28,19440,1516,0.07798353909465021,-0.06678863875638497,-0.05595944523593056,294.83506110374555,0.06457463264797923,0.14809920016880665,0.04203460604517539,0.20728257897157612,0.43869539618672027,0.6198214360368816,0.1326132750241905,-0.06739146842989108,-0.06789642211100405
linear_regression,linear,regression,bbob_train,FE_ratio,FE_ratio=0.3,,,0.3,19440,1403,0.07217078189300412,-0.07045501341769796,-0.05769358257385397,275.8794546370344,0.06437056979368025,0.1488678184768587,0.03690900860719237,0.19715277068690415,0.4475341669055438,0.5765741845847794,0.11797271420381822,-0.0726655266180775,-0.07200929448333243
linear_regression,linear,regression,bbob_train,FE_ratio,FE_ratio=0.35,,,0.35,19440,1388,0.07139917695473251,-0.07482964941049443,-0.062069321341436653,257.6511044439708,0.0648813114193201,0.14077977129113736,0.04313231208147028,0.2142757775825687,0.44514425590885226,0.5809205283360078,0.11309134904083792,-0.08178076391545672,-0.08104395663991162
linear_regression,linear,regression,bbob_train,FE_ratio,FE_ratio=0.4,,,0.4,19440,1376,0.07078189300411522,-0.08176159053440116,-0.06731035034538017,252.55187921031478,0.06890894488215066,0.15126875105298762,0.04920962245826155,0.23132849284637952,0.45784046470518225,0.601173983137475,0.11250921569409969,-0.09173415007477762,-0.09080214548600893
linear_regression,linear,regression,bbob_train,FE_ratio,FE_ratio=0.45,,,0.45,19440,911,0.04686213991769547,-0.09574364894010993,-0.0740343803226563,214.80823720368133,0.07143195524230332,0.15643565491377373,0.04986364264389609,0.22652384880678406,0.4512297071047034,0.6275639118884397,0.09535958554186172,-0.1014248386941067,-0.10022899527363305
linear_regression,linear,regression,bbob_train,FE_ratio,FE_ratio=0.5,,,0.5,19440,752,0.03868312757201646,-0.10761678906395437,-0.08153801385084204,216.74610973067038,0.07815948436614695,0.16791647473234148,0.05441978412677595,0.23690270862590837,0.4367067504554717,0.6376789463257797,0.08805373711264722,-0.11033515737927214,-0.10971733348535502
linear_regression,linear,regression,bbob_train,FE_ratio,FE_ratio=0.55,,,0.55,19440,784,0.040329218106995884,-0.12055088341199817,-0.09047622006570433,212.50845114181092,0.08569766603865153,0.17972931447417875,0.04859640991874681,0.2234885827859582,0.42354376689056283,0.6378829538891029,0.0854175433882378,-0.11915221828531444,-0.1186656379187157
linear_regression,linear,regression,bbob_train,FE_ratio,FE_ratio=0.6,,,0.6,19440,624,0.03209876543209877,-0.13902174819174842,-0.10198680721304745,192.65175785948037,0.09164175984674648,0.18879977445359536,0.04682290570021963,0.22770479488993572,0.4425942613717068,0.6221278024430926,0.060816205068282975,-0.12789420810471366,-0.12701436197897198
linear_regression,linear,regression,bbob_validation,all,all,,,,64800,3745,0.05779320987654321,-0.09152940558707323,-0.07597107961327272,743.0385345915533,0.07267144683044242,0.2182426480356559,-1.6784525586161356,0.11735281217369796,0.42824907472394275,0.6938723440825039,0.13803413611069876,-0.08944679491431981,-0.09167948751163703
linear_regression,linear,regression,bbob_validation,label_source,label_source=changed_algorithm,changed_algorithm,,,16560,2549,0.15392512077294687,-0.05116247729341551,-0.06176568779918107,607.1864253523988,0.09788130261353818,0.1837267249520287,0.18801086782239207,0.5256633314438297,0.2738403178183579,0.6758029244466021,0.4636520889919116,-0.08488746804486219,-0.0898231188885075
linear_regression,linear,regression,bbob_validation,label_source,label_source=same_algorithm,same_algorithm,,,48240,1196,0.024792703150912105,-0.10538670932967216,-0.08462815497687234,135.85210923915443,0.06401731723326029,0.22889449079292462,-4.910126064721135,0.08821550014870817,0.4844828689993438,0.7386591972959776,0.050564165601710155,-0.09101193697398437,-0.09238035703091603
linear_regression,linear,regression,bbob_validation,dimension,dimension=10,,10.0,,21600,1470,0.06805555555555555,-0.040708791525251226,-0.036659214049790265,260.3480860696287,0.06769988817017018,0.12300599798423377,-0.026149404366619056,0.26091590811418136,0.3350232854753455,0.6818648174620072,0.14718530942350422,-0.07021006336264228,-0.06858858281519062
linear_regression,linear,regression,bbob_validation,dimension,dimension=20,,20.0,,21600,1908,0.08833333333333333,-0.05664202206459035,-0.0679457754312032,392.4289080321196,0.06332015260797393,0.12034336807475864,0.10306578616661721,0.4125779121795282,0.4498874142600942,0.6655950537650892,0.19070088472793628,-0.08915255206629866,-0.09218447661468634
linear_regression,linear,regression,bbob_validation,dimension,dimension=40,,40.0,,21600,367,0.01699074074074074,-0.17723740317137815,-0.16708161511555475,90.26154048980496,0.08699429971318313,0.33656583083428326,-9.015190515405958,0.043591171349492364,0.4086006604661087,0.6552718372806917,0.040772040654453036,-0.10897776931401852,-0.1159094511107222
linear_regression,linear,regression,bbob_validation,FE_ratio,FE_ratio=0.2,,,0.2,6480,296,0.04567901234567901,-0.07854640971495502,-0.05432046807708305,38.557426800468264,0.05878821532943152,0.103694354500517,-0.034681774186406056,0.05961239374827727,-0.07754642977624394,0.7030539797559526,0.0767869960032046,-0.05862030767776101,-0.06013196264557576
linear_regression,linear,regression,bbob_validation,FE_ratio,FE_ratio=0.25,,,0.25,6480,292,0.04506172839506173,-0.08209066348445634,-0.05811985784400571,35.463735190300596,0.061629467086457744,0.10623398211661944,-0.18399693996900046,0.16875932563462756,0.40581460949120224,0.679608566292692,0.06954138379682084,-0.059906012712489486,-0.06371374320594278
linear_regression,linear,regression,bbob_validation,FE_ratio,FE_ratio=0.28,,,0.28,6480,274,0.042283950617283954,-0.08549062609263769,-0.060059978976886724,32.16164278161452,0.06264276115418371,0.10641828054752595,-0.17674323727140773,0.17635582087750085,0.3996111649065502,0.6816766679761286,0.06797858810478857,-0.06707374487173781,-0.0717760395547851
linear_regression,linear,regression,bbob_validation,FE_ratio,FE_ratio=0.3,,,0.3,6480,284,0.043827160493827164,-0.08706332924379373,-0.061481761258876125,31.652929735382077,0.062175846834508774,0.10314693732440511,-0.13694335472127528,0.19765944252366324,0.41239686668641257,0.68015825748552,0.06592184213833843,-0.0695433367733324,-0.07430186128379886
linear_regression,linear,regression,bbob_validation,FE_ratio,FE_ratio=0.35,,,0.35,6480,256,0.03950617283950617,-0.09341559547051581,-0.06664570006608084,26.439322897806413,0.0633698827709054,0.1027469800498841,-0.11629559127965106,0.19755286903963476,0.40828854203915593,0.6534464622830978,0.05725487080065399,-0.0813407450944956,-0.08645762847070695
linear_regression,linear,regression,bbob_validation,FE_ratio,FE_ratio=0.4,,,0.4,6480,800,0.12345679012345678,-0.07290554260108724,-0.07056462486829276,174.15917724891835,0.08284446499922743,0.15457404880927145,0.22298137920841155,0.525793353898865,0.42344590764339995,0.7077442781690142,0.41589954056642864,-0.09154158887294504,-0.09609676721196819
linear_regression,linear,regression,bbob_validation,FE_ratio,FE_ratio=0.45,,,0.45,6480,243,0.0375,-0.10186903427734409,-0.07939845101548082,50.56190594132994,0.07618234728543763,0.5789219619758952,-22.404972512289223,0.03823288909005025,0.39918835002162245,0.7291498827849994,0.0961852257931074,-0.1081617051397012,-0.10497930494891125
linear_regression,linear,regression,bbob_validation,FE_ratio,FE_ratio=0.5,,,0.5,6480,477,0.07361111111111111,-0.08578559846269349,-0.08202974076197492,151.15391573733473,0.08139147374324139,0.15252101313781818,0.2774629432024368,0.6267490919748486,0.45889891847812,0.8596837150956318,0.5702613789139992,-0.1105382656128904,-0.1136620863741658
linear_regression,linear,regression,bbob_validation,FE_ratio,FE_ratio=0.55,,,0.55,6480,376,0.05802469135802469,-0.11228594071878435,-0.09215825578698267,79.68497550744864,0.08389674676862725,0.12627324755883412,0.16906625460822755,0.414546807684977,0.39041641606207966,0.7471582987089039,0.1976275616476589,-0.11958815411636459,-0.12244474595526333
linear_regression,linear,regression,bbob_validation,FE_ratio,FE_ratio=0.6,,,0.6,6480,447,0.06898148148148148,-0.11584131580446465,-0.10228898920926656,123.20350275094972,0.09379326233240337,0.15325764568235606,0.2467629806789018,0.550361624137185,0.4086146348688013,0.8264051816426508,0.4314922142035827,-0.12815408827148073,-0.13122740553636014
ridge_regression,ridge,regression,bbob_train,all,all,,,,194400,11921,0.06132201646090535,-0.08855738467265091,-0.06544428361600368,2511.1122661377594,0.07230083360347735,0.15948107053041546,0.06364029890677225,0.2522702893986291,0.4795194545265112,0.6400500002905533,0.10820683218216445,-0.08855738467265092,-0.08664362978740013
ridge_regression,ridge,regression,bbob_train,label_source,label_source=changed_algorithm,changed_algorithm,,,74400,8470,0.11384408602150538,-0.05859081542569486,-0.06280283172738645,1678.8603444230114,0.06943293465081321,0.13937340742819151,0.011251321753349641,0.2190843205551863,0.4155048452825847,0.6530367902990382,0.20025829107618953,-0.08349662575046181,-0.08151142305607093
ridge_regression,ridge,regression,bbob_train,label_source,label_source=same_algorithm,same_algorithm,,,120000,3451,0.028758333333333334,-0.10713665760576366,-0.06743423570665175,832.2519217147483,0.07407893095412911,0.1707628655660961,0.05696460572754791,0.25491486491447285,0.511362635586532,0.5697543689046345,0.03667726889227271,-0.09169505520440817,-0.09001196252837057
ridge_regression,ridge,regression,bbob_train,dimension,dimension=10,,10.0,,64800,2405,0.037114197530864194,-0.04022633237538057,-0.03715828153278458,308.0180086184804,0.047502659339352445,0.08591893775607962,-0.3183619684849939,0.09027114928861309,0.44874027126792115,0.6681933540239495,0.08129517034139329,-0.07032830076207373,-0.06747481359912677
ridge_regression,ridge,regression,bbob_train,dimension,dimension=20,,20.0,,64800,3858,0.059537037037037034,-0.07228172978918257,-0.06716881295115272,823.0687800379324,0.06001799394630402,0.1411173468763253,-0.013868411434612371,0.14481207459459125,0.4789466987049999,0.7088145100665023,0.16117169144874716,-0.0895988045799156,-0.08805257856965941
ridge_regression,ridge,regression,bbob_train,dimension,dimension=40,,40.0,,64800,5658,0.08731481481481482,-0.1531640918533896,-0.14272675969545875,1380.025477481347,0.10938184752477559,0.2213740412018443,0.009423111312648058,0.2427440619521045,0.5663244132561938,0.6799575540934073,0.15753309928858647,-0.1057450486759634,-0.1061882983209077
ridge_regression,ridge,regression,bbob_train,FE_ratio,FE_ratio=0.2,,,0.2,19440,1637,0.08420781893004116,-0.06196176210011554,-0.05049860667501493,304.44205064313394,0.06740630242627349,0.15059001120391668,0.005121710509421007,0.07934401627876729,0.08711949453188356,0.6422917609343637,0.15783867459672946,-0.0583858619695272,-0.06007174585470311
ridge_regression,ridge,regression,bbob_train,FE_ratio,FE_ratio=0.25,,,0.25,19440,1530,0.0787037037037037,-0.06684412289960417,-0.05379598025536793,289.0381601639173,0.06593546282613263,0.15573223574658246,0.03085929819154154,0.19539720513937286,0.42508097436058934,0.5853871390357743,0.11027888140016687,-0.054810067169622355,-0.055608038577820304
ridge_regression,ridge,regression,bbob_train,FE_ratio,FE_ratio=0.28,,,0.28,19440,1516,0.07798353909465021,-0.06678863875638497,-0.05595944523593056,294.83506110374555,0.06457458038261742,0.1480991506698739,0.04203524640321443,0.2072836150915756,0.4386959468988552,0.619823533724038,0.1326144133451686,-0.06739167103053711,-0.0678959482498769
ridge_regression,ridge,regression,bbob_train,FE_ratio,FE_ratio=0.3,,,0.3,19440,1403,0.07217078189300412,-0.07045501341769796,-0.05769358257385397,275.8794546370344,0.06437053205910967,0.148867777803802,0.0369095348706866,0.19715338013006467,0.44753423534499026,0.5765766741217101,0.1179742189752917,-0.07266547662417382,-0.07200967782722204
ridge_regression,ridge,regression,bbob_train,FE_ratio,FE_ratio=0.35,,,0.35,19440,1388,0.07139917695473251,-0.07482964941049443,-0.062069321341436653,257.6511044439708,0.06488130148332584,0.1407797407503761,0.04313272724714612,0.2142763369258872,0.44514472430254365,0.5809226834932832,0.11309214770147379,-0.08178071780429734,-0.08104478323215437
ridge_regression,ridge,regression,bbob_train,FE_ratio,FE_ratio=0.4,,,0.4,19440,1376,0.07078189300411522,-0.08176159053440116,-0.06731035034538017,252.55187921031478,0.06890894654200772,0.15126873485484751,0.04920982608306612,0.23132900145657856,0.45784097904150645,0.601175552171092,0.11250944232387122,-0.09173408178585894,-0.09080243067470872
ridge_regression,ridge,regression,bbob_train,FE_ratio,FE_ratio=0.45,,,0.45,19440,911,0.04686213991769547,-0.09574364894010993,-0.0740343803226563,214.80823720368133,0.0714320058628609,0.1564356757244795,0.04986338984974226,0.2265233492996215,0.4512300545908839,0.6275655114221815,0.0953601585335013,-0.10142474611909935,-0.10022885354210405
ridge_regression,ridge,regression,bbob_train,FE_ratio,FE_ratio=0.5,,,0.5,19440,752,0.03868312757201646,-0.10761678906395437,-0.08153801385084204,216.74610973067038,0.07815955256308552,0.1679165014771903,0.054419482912710815,0.23690245301306517,0.43670657178278127,0.6376805117859224,0.08805497806820461,-0.11033505640630369,-0.10971689004975758
ridge_regression,ridge,regression,bbob_train,FE_ratio,FE_ratio=0.55,,,0.55,19440,784,0.040329218106995884,-0.12055088341199817,-0.09047622006570433,212.50845114181092,0.08569774847714463,0.1797293511925934,0.04859602117821016,0.22348809198626896,0.42354388315595176,0.6378850733582455,0.08541873238659958,-0.11915210046722706,-0.11866572060959585
ridge_regression,ridge,regression,bbob_train,FE_ratio,FE_ratio=0.6,,,0.6,19440,624,0.03209876543209877,-0.13902174819174842,-0.10198680721304745,192.65175785948037,0.09164190341221577,0.18879985914908645,0.04682205051042465,0.22770333505378235,0.44259373066381774,0.6221293355082417,0.060816629923797466,-0.12789406734986225,-0.12701420843408762
ridge_regression,ridge,regression,bbob_validation,all,all,,,,64800,3745,0.05779320987654321,-0.09152940558707323,-0.07597107961327272,743.0385345915533,0.07267137150919127,0.21823157861265058,-1.6781808594525618,0.11735934148495905,0.42824277390495363,0.6938737392219735,0.13803424443275403,-0.08944669098618259,-0.09167987371849137
ridge_regression,ridge,regression,bbob_validation,label_source,label_source=changed_algorithm,changed_algorithm,,,16560,2549,0.15392512077294687,-0.05116247729341551,-0.06176568779918107,607.1864253523988,0.09788122412742407,0.1837268795932434,0.18800950093318647,0.5256636632554555,0.27382415834343365,0.6758055004643972,0.463652859022092,-0.08488754165060301,-0.08982268474363256
ridge_regression,ridge,regression,bbob_validation,label_source,label_source=same_algorithm,same_algorithm,,,48240,1196,0.024792703150912105,-0.10538670932967216,-0.08462815497687234,135.85210923915443,0.06401724299845465,0.2288802706879487,-4.90939175257417,0.08822030736986557,0.484478262026191,0.7386605480559153,0.0505644076791078,-0.09101177210138155,-0.09238081080571993
ridge_regression,ridge,regression,bbob_validation,dimension,dimension=10,,10.0,,21600,1470,0.06805555555555555,-0.040708791525251226,-0.036659214049790265,260.3480860696287,0.06769989170700066,0.12300598880830071,-0.026149251270379148,0.2609154970575081,0.33502410892381956,0.6818656961045719,0.14718566670098668,-0.07021034813933022,-0.06858888632881854
ridge_regression,ridge,regression,bbob_validation,dimension,dimension=20,,20.0,,21600,1908,0.08833333333333333,-0.05664202206459035,-0.0679457754312032,392.4289080321196,0.06331991826601534,0.1203433017709164,0.1030667745080468,0.4125783681930899,0.44988986900072575,0.6655969434532896,0.19070113531351052,-0.08915250296854103,-0.0921843203002304
ridge_regression,ridge,regression,bbob_validation,dimension,dimension=40,,40.0,,21600,367,0.01699074074074074,-0.17723740317137815,-0.16708161511555475,90.26154048980496,0.08699430455455784,0.33654432419441405,-9.013910609996271,0.043594076121045246,0.40860194383582354,0.6552758154592273,0.040772109055689405,-0.1089772218506765,-0.11590828365136975
ridge_regression,ridge,regression,bbob_validation,FE_ratio,FE_ratio=0.2,,,0.2,6480,296,0.04567901234567901,-0.07854640971495502,-0.05432046807708305,38.557426800468264,0.058788193171079084,0.10369434172167438,-0.034681519167031105,0.05961256077681323,-0.07755005809783647,0.703042507254991,0.07678514854020663,-0.0586203765843056,-0.06013200787501472
ridge_regression,ridge,regression,bbob_validation,FE_ratio,FE_ratio=0.25,,,0.25,6480,292,0.04506172839506173,-0.08209066348445634,-0.05811985784400571,35.463735190300596,0.06162933843367489,0.10623371467101517,-0.18399097851726598,0.16875920465454466,0.405810437681747,0.679610780033826,0.06954195726224485,-0.05990611703150078,-0.0637140804202876
ridge_regression,ridge,regression,bbob_validation,FE_ratio,FE_ratio=0.28,,,0.28,6480,274,0.042283950617283954,-0.08549062609263769,-0.060059978976886724,32.16164278161452,0.06264263003050234,0.1064179862955337,-0.1767367297698501,0.17635545674369046,0.3996118543058356,0.6816807845480357,0.06797965501609723,-0.0670738291024991,-0.07177595225327663
ridge_regression,ridge,regression,bbob_validation,FE_ratio,FE_ratio=0.3,,,0.3,6480,284,0.043827160493827164,-0.08706332924379373,-0.061481761258876125,31.652929735382077,0.062175784668167054,0.1031467641352556,-0.1369395367487316,0.19765847963941482,0.4123936965168923,0.68015768919521,0.06592196933253161,-0.06954331104104855,-0.0743022035485632
ridge_regression,ridge,regression,bbob_validation,FE_ratio,FE_ratio=0.35,,,0.35,6480,256,0.03950617283950617,-0.09341559547051581,-0.06664570006608084,26.439322897806413,0.0633698448062336,0.10274680942770421,-0.11629188382997357,0.19755188310951496,0.4082871578886709,0.6534483451156813,0.05725538955648068,-0.0813406952886128,-0.08645751455048512
ridge_regression,ridge,regression,bbob_validation,FE_ratio,FE_ratio=0.4,,,0.4,6480,800,0.12345679012345678,-0.07290554260108724,-0.07056462486829276,174.15917724891835,0.08284445536748523,0.15457414027909702,0.22298045960024593,0.5257942501718706,0.42344550675348275,0.7077466989436619,0.415900760221907,-0.09154149959771887,-0.09609729297496031
ridge_regression,ridge,regression,bbob_validation,FE_ratio,FE_ratio=0.45,,,0.45,6480,243,0.0375,-0.10186903427734409,-0.07939845101548082,50.56190594132994,0.07618182405368659,0.5788802492717566,-22.401599865935896,0.03823486534073836,0.39918490485761876,0.729153181828079,0.09618568928527799,-0.10816109146641463,-0.10497943406380701
ridge_regression,ridge,regression,bbob_validation,FE_ratio,FE_ratio=0.5,,,0.5,6480,477,0.07361111111111111,-0.08578559846269349,-0.08202974076197492,151.15391573733473,0.08139158731223912,0.15252126907289362,0.27746051832041574,0.6267485303567271,0.4590145516669285,0.8596861597153903,0.5702620783295131,-0.11053813031110353,-0.11366254583487809
ridge_regression,ridge,regression,bbob_validation,FE_ratio,FE_ratio=0.55,,,0.55,6480,376,0.05802469135802469,-0.11228594071878435,-0.09215825578698267,79.68497550744864,0.08389676924004785,0.12627328560962336,0.16906575382615052,0.4145460524078103,0.3901863213059095,0.7471587344190067,0.19762714590980218,-0.11958796842743998,-0.12244517226483567
ridge_regression,ridge,regression,bbob_validation,FE_ratio,FE_ratio=0.6,,,0.6,6480,447,0.06898148148148148,-0.11584131580446465,-0.10228898920926656,123.20350275094972,0.09379328800879705,0.1532578310405344,0.2467611586657087,0.5503612312406687,0.40829946357061686,0.8264074065421688,0.43149628858609473,-0.12815389101118202,-0.13122779869479254
elastic_net_regression,elastic_net,regression,bbob_train,all,all,,,,194400,11921,0.06132201646090535,-0.08855738467265091,-0.06544428361600368,2511.1122661377594,0.07229560000337157,0.1594836578121713,0.0636099172945247,0.25221918534715926,0.4796041925579292,0.6411556250063234,0.108590750542271,-0.08855738467265092,-0.08678036878431351
elastic_net_regression,elastic_net,regression,bbob_train,label_source,label_source=changed_algorithm,changed_algorithm,,,74400,8470,0.11384408602150538,-0.05859081542569486,-0.06280283172738645,1678.8603444230114,0.06944830898006374,0.1393992941629484,0.010883994122421692,0.2182652919679874,0.415533035506019,0.654321767335432,0.20085957630466356,-0.08358268144696739,-0.08174139919746388
elastic_net_regression,elastic_net,regression,bbob_train,label_source,label_source=same_algorithm,same_algorithm,,,120000,3451,0.028758333333333334,-0.10713665760576366,-0.06743423570665175,832.2519217147483,0.07406092043782245,0.17075367909559988,0.05706606729266017,0.25541363626954344,0.5116678578464491,0.5714517856353158,0.0367524679747044,-0.09164170067257471,-0.09006465189603531
elastic_net_regression,elastic_net,regression,bbob_train,dimension,dimension=10,,10.0,,64800,2405,0.037114197530864194,-0.04022633237538057,-0.03715828153278458,308.0180086184804,0.04753947320689792,0.08587437918703504,-0.3169948871037569,0.09089714059758795,0.45264177639281683,0.6704871635491076,0.08140392547441043,-0.07053630506454828,-0.06768975431017796
elastic_net_regression,elastic_net,regression,bbob_train,dimension,dimension=20,,20.0,,64800,3858,0.059537037037037034,-0.07228172978918257,-0.06716881295115272,823.0687800379324,0.059884989230790976,0.1410583174793675,-0.013020386368580938,0.14518328864427305,0.48077425229365395,0.7109085346920465,0.16192760158816666,-0.08958289227294265,-0.08807439497573465
elastic_net_regression,elastic_net,regression,bbob_train,dimension,dimension=40,,40.0,,64800,5658,0.08731481481481482,-0.1531640918533896,-0.14272675969545875,1380.025477481347,0.10946233757242584,0.22143453523915493,0.008881655028628588,0.2428898056303908,0.5673276118914733,0.679198532295674,0.1575810844395232,-0.10555295668046183,-0.10614466256182589
elastic_net_regression,elastic_net,regression,bbob_train,FE_ratio,FE_ratio=0.2,,,0.2,19440,1637,0.08420781893004116,-0.06196176210011554,-0.05049860667501493,304.44205064313394,0.06739423483246318,0.1506191641002606,0.004736473921213347,0.07698965480252759,0.07920484112534207,0.6331612550045875,0.1553782455384336,-0.05837005243045013,-0.059871449377348965
elastic_net_regression,elastic_net,regression,bbob_train,FE_ratio,FE_ratio=0.25,,,0.25,19440,1530,0.0787037037037037,-0.06684412289960417,-0.05379598025536793,289.0381601639173,0.06576152590554706,0.155639105908007,0.032018068302252733,0.19700501156277023,0.42714353633559726,0.5874283180608927,0.11092188156118109,-0.05507486131819622,-0.0558587869791282
elastic_net_regression,elastic_net,regression,bbob_train,FE_ratio,FE_ratio=0.28,,,0.28,19440,1516,0.07798353909465021,-0.06678863875638497,-0.05595944523593056,294.83506110374555,0.06447987313642746,0.14804193828841142,0.04277524873670224,0.20858728484965036,0.43891725423490546,0.6210621259860603,0.13331009277259048,-0.0676311818863132,-0.06799585901638039
elastic_net_regression,elastic_net,regression,bbob_train,FE_ratio,FE_ratio=0.3,,,0.3,19440,1403,0.07217078189300412,-0.07045501341769796,-0.05769358257385397,275.8794546370344,0.06431183786255915,0.1488198412541099,0.037529679827795426,0.19804674054887586,0.4477369877507274,0.5783793359583063,0.11837717334545002,-0.07262618850527386,-0.07194455408623038
elastic_net_regression,elastic_net,regression,bbob_train,FE_ratio,FE_ratio=0.35,,,0.35,19440,1388,0.07139917695473251,-0.07482964941049443,-0.062069321341436653,257.6511044439708,0.06485051611057746,0.14073508815481747,0.04373963035808259,0.21532115763222184,0.4457388579259964,0.5830499434550587,0.11392360911718424,-0.08173397390848607,-0.08093950057998174
elastic_net_regression,elastic_net,regression,bbob_train,FE_ratio,FE_ratio=0.4,,,0.4,19440,1376,0.07078189300411522,-0.08176159053440116,-0.06731035034538017,252.55187921031478,0.06890060511825731,0.15125914036482577,0.04933043339223131,0.23165615663795588,0.45863001287089644,0.6036308081601335,0.11349511636669399,-0.09168252584803288,-0.09067431742000188
elastic_net_regression,elastic_net,regression,bbob_train,FE_ratio,FE_ratio=0.45,,,0.45,19440,911,0.04686213991769547,-0.09574364894010993,-0.0740343803226563,214.80823720368133,0.07146576233287759,0.156465786574509,0.04949758870848597,0.22575537579486063,0.45134557396870645,0.6293400460037752,0.09622570245755628,-0.10135706270742868,-0.10014779247116429
elastic_net_regression,elastic_net,regression,bbob_train,FE_ratio,FE_ratio=0.5,,,0.5,19440,752,0.03868312757201646,-0.10761678906395437,-0.08153801385084204,216.74610973067038,0.0782182337171768,0.16794683286277576,0.05407784457019382,0.23651459410709438,0.4368729436147136,0.6399098693438502,0.08905408957203431,-0.11026845598031937,-0.10954977647740075
elastic_net_regression,elastic_net,regression,bbob_train,FE_ratio,FE_ratio=0.55,,,0.55,19440,784,0.040329218106995884,-0.12055088341199817,-0.09047622006570433,212.50845114181092,0.08577556613229527,0.17976892758642005,0.04817697683276734,0.2228659999375367,0.42373745305585603,0.6402421965248363,0.08660310532911193,-0.11905880102084504,-0.11846082240056847
elastic_net_regression,elastic_net,regression,bbob_train,FE_ratio,FE_ratio=0.6,,,0.6,19440,624,0.03209876543209877,-0.13902174819174842,-0.10198680721304745,192.65175785948037,0.09179784488553452,0.18890925234584313,0.04571716206918419,0.2255012555400836,0.44154123533039963,0.6236993645615299,0.0613487256157143,-0.12777074312116368,-0.1268699455377703
elastic_net_regression,elastic_net,regression,bbob_validation,all,all,,,,64800,3745,0.05779320987654321,-0.09152940558707323,-0.07597107961327272,743.0385345915533,0.07214932801825266,0.13585931988929414,-0.0379670946043007,0.27008859150152364,0.4266944602981353,0.6958105295636723,0.1382413804919924,-0.08895300249937095,-0.09160689728714753
elastic_net_regression,elastic_net,regression,bbob_validation,label_source,label_source=changed_algorithm,changed_algorithm,,,16560,2549,0.15392512077294687,-0.05116247729341551,-0.06176568779918107,607.1864253523988,0.09784076170928792,0.18395757255506753,0.18596910165984137,0.5249049099059225,0.2757265364279391,0.6787669969224147,0.464340124238415,-0.08498051110210392,-0.08983726361405306
elastic_net_regression,elastic_net,regression,bbob_validation,label_source,label_source=same_algorithm,same_algorithm,,,48240,1196,0.024792703150912105,-0.10538670932967216,-0.08462815497687234,135.85210923915443,0.06332988063177787,0.11479176452351114,-0.48644049501283226,0.21317839183286508,0.4821493582946625,0.7400323691845875,0.05074395677789722,-0.0903166935760447,-0.09217862975016694
elastic_net_regression,elastic_net,regression,bbob_validation,dimension,dimension=10,,10.0,,21600,1470,0.06805555555555555,-0.040708791525251226,-0.036659214049790265,260.3480860696287,0.06770657404356205,0.12302197818394468,-0.026416044007827377,0.25990932679977397,0.3335116784796919,0.6836174052333303,0.14735233178224055,-0.07048887513720453,-0.06921529712899167
elastic_net_regression,elastic_net,regression,bbob_validation,dimension,dimension=20,,20.0,,21600,1908,0.08833333333333333,-0.05664202206459035,-0.0679457754312032,392.4289080321196,0.06312376215080924,0.12031754644154842,0.1034506486138459,0.4125730380406897,0.4515904552901464,0.6680984381700409,0.19105956244850358,-0.08915259113744387,-0.09215537054290282
elastic_net_regression,elastic_net,regression,bbob_validation,dimension,dimension=40,,40.0,,21600,367,0.01699074074074074,-0.17723740317137815,-0.16708161511555475,90.26154048980496,0.08561764786038666,0.16050715032153412,-1.277759872255598,0.1255477635394166,0.4089615283991252,0.658812929490892,0.04080670784358302,-0.10721754122346443,-0.11564392108897634
elastic_net_regression,elastic_net,regression,bbob_validation,FE_ratio,FE_ratio=0.2,,,0.2,6480,296,0.04567901234567901,-0.07854640971495502,-0.05432046807708305,38.557426800468264,0.05876566591571401,0.10372404209512966,-0.0352743158029194,0.058956156984594825,-0.08631023732487979,0.6774336998706338,0.0731032512151443,-0.05849582997440743,-0.05990864637050235
elastic_net_regression,elastic_net,regression,bbob_validation,FE_ratio,FE_ratio=0.25,,,0.25,6480,292,0.04506172839506173,-0.08209066348445634,-0.05811985784400571,35.463735190300596,0.061493223879367356,0.1059175417792095,-0.1769538756831739,0.16879807667138025,0.40299010542561164,0.6807984521521991,0.06962444720764602,-0.06009039141941765,-0.06380394890511792
elastic_net_regression,elastic_net,regression,bbob_validation,FE_ratio,FE_ratio=0.28,,,0.28,6480,274,0.042283950617283954,-0.08549062609263769,-0.060059978976886724,32.16164278161452,0.06246628020088223,0.10606051407414413,-0.1688443762967995,0.17613179168321566,0.3971578304261268,0.6833821049090707,0.06811040433885018,-0.06727462287356341,-0.07227617685871032
elastic_net_regression,elastic_net,regression,bbob_validation,FE_ratio,FE_ratio=0.3,,,0.3,6480,284,0.043827160493827164,-0.08706332924379373,-0.061481761258876125,31.652929735382077,0.06211443139807054,0.10293378902461532,-0.13224932967850855,0.19676893986299474,0.40830522291615023,0.6836725647623637,0.06656365359395025,-0.06962619968490466,-0.07427479895971083
elastic_net_regression,elastic_net,regression,bbob_validation,FE_ratio,FE_ratio=0.35,,,0.35,6480,256,0.03950617283950617,-0.09341559547051581,-0.06664570006608084,26.439322897806413,0.06333194437772419,0.1025434846007576,-0.11187821335273185,0.19685145652451205,0.4052421104589392,0.6579583567641388,0.05803760826334442,-0.08135398050041502,-0.08624655676909712
elastic_net_regression,elastic_net,regression,bbob_validation,FE_ratio,FE_ratio=0.4,,,0.4,6480,800,0.12345679012345678,-0.07290554260108724,-0.07056462486829276,174.15917724891835,0.0828287461498292,0.15469139340084329,0.22180118702791618,0.5266588561713382,0.42430074166313236,0.7122213908450703,0.4185375928436681,-0.09153257767486063,-0.09692609751100971
elastic_net_regression,elastic_net,regression,bbob_validation,FE_ratio,FE_ratio=0.45,,,0.45,6480,243,0.0375,-0.10186903427734409,-0.07939845101548082,50.56190594132994,0.07126474702813074,0.20842412239018704,-2.0336400403847774,0.10695203372548197,0.39573003731593875,0.733824626828742,0.09694996362440594,-0.10324167577144727,-0.10567556650902143
elastic_net_regression,elastic_net,regression,bbob_validation,FE_ratio,FE_ratio=0.5,,,0.5,6480,477,0.07361111111111111,-0.08578559846269349,-0.08202974076197492,151.15391573733473,0.08152700859986825,0.15284980358312575,0.274344430755609,0.6254877920737655,0.45535030631188134,0.8623741937556728,0.5719603941035967,-0.11047363951971387,-0.11440815360375912
elastic_net_regression,elastic_net,regression,bbob_validation,FE_ratio,FE_ratio=0.55,,,0.55,6480,376,0.05802469135802469,-0.11228594071878435,-0.09215825578698267,79.68497550744864,0.08391250981237183,0.1263255185368162,0.1683781799752765,0.41362501724795475,0.3890165258033484,0.7513720511140235,0.19839417561313866,-0.11944587153432118,-0.12314074069849684
elastic_net_regression,elastic_net,regression,bbob_validation,FE_ratio,FE_ratio=0.6,,,0.6,6480,447,0.06898148148148148,-0.11584131580446465,-0.10228898920926656,123.20350275094972,0.09378872282056819,0.15345924724369484,0.244779997893388,0.549936028647643,0.4076336384125746,0.8294284492709931,0.43430435244082255,-0.12799523604065835,-0.13187332779323457
bayesian_ridge_regression,bayesian_ridge,regression,bbob_train,all,all,,,,194400,11921,0.06132201646090535,-0.08855738467265091,-0.06544428361600368,2511.1122661377594,0.07230298440085739,0.15948112242569337,0.06363968952216437,0.25226946055618266,0.4794970177746827,0.6402531789169398,0.1082826445533111,-0.08855738467265092,-0.0866788820553003
bayesian_ridge_regression,bayesian_ridge,regression,bbob_train,label_source,label_source=changed_algorithm,changed_algorithm,,,74400,8470,0.11384408602150538,-0.05859081542569486,-0.06280283172738645,1678.8603444230114,0.06943127159616931,0.1393727682420411,0.011260390815000187,0.21901123830511418,0.4155180593802976,0.6532594120163581,0.20037150953692484,-0.0835042624253921,-0.08155279348619757
bayesian_ridge_regression,bayesian_ridge,regression,bbob_train,label_source,label_source=same_algorithm,same_algorithm,,,120000,3451,0.028758333333333334,-0.10713665760576366,-0.06743423570665175,832.2519217147483,0.074083446339764,0.17076326752975526,0.05696016604562193,0.25494641614715147,0.511331479366752,0.5699771427455594,0.03669195568418815,-0.09169032046595137,-0.09001214481931168
bayesian_ridge_regression,bayesian_ridge,regression,bbob_train,dimension,dimension=10,,10.0,,64800,2405,0.037114197530864194,-0.04022633237538057,-0.03715828153278458,308.0180086184804,0.04751647507723052,0.08591474369345774,-0.31823326210559544,0.09034052833070255,0.44924574821184554,0.6684667447132387,0.08132248345621898,-0.07037612407901972,-0.06753102455484086
bayesian_ridge_regression,bayesian_ridge,regression,bbob_train,dimension,dimension=20,,20.0,,64800,3858,0.059537037037037034,-0.07228172978918257,-0.06716881295115272,823.0687800379324,0.05999162591917497,0.14110527767038447,-0.013694994577620356,0.14489254136817453,0.47928412875584675,0.7090894955420733,0.16127969808110038,-0.08959488350287172,-0.0880460670778457
bayesian_ridge_regression,bayesian_ridge,regression,bbob_train,dimension,dimension=40,,40.0,,64800,5658,0.08731481481481482,-0.1531640918533896,-0.14272675969545875,1380.025477481347,0.10940085220616667,0.22138347422544472,0.009338690084206958,0.24286180987032502,0.5667027637090504,0.6799379590498315,0.15759491463004902,-0.10570114643606131,-0.10615348708557154
bayesian_ridge_regression,bayesian_ridge,regression,bbob_train,FE_ratio,FE_ratio=0.2,,,0.2,19440,1637,0.08420781893004116,-0.06196176210011554,-0.05049860667501493,304.44205064313394,0.06741010766092943,0.15059272956429218,0.005085792295345337,0.0790633261295324,0.08664871512301466,0.6416681229656922,0.15771123058024128,-0.05841444460039978,-0.06007950662339153
bayesian_ridge_regression,bayesian_ridge,regression,bbob_train,FE_ratio,FE_ratio=0.25,,,0.25,19440,1530,0.0787037037037037,-0.06684412289960417,-0.05379598025536793,289.0381601639173,0.06591133321197513,0.15571862928092814,0.031028640184847744,0.19559927604533472,0.42528875095836094,0.585726563098718,0.11038519256324267,-0.05485409466892522,-0.05565042801480144
bayesian_ridge_regression,bayesian_ridge,regression,bbob_train,FE_ratio,FE_ratio=0.28,,,0.28,19440,1516,0.07798353909465021,-0.06678863875638497,-0.05595944523593056,294.83506110374555,0.06456583338161959,0.14809092347153416,0.04214167708944039,0.20745512873784144,0.4386786023765053,0.6201004652302098,0.13275707912051368,-0.06742527930686192,-0.06791488466047832
bayesian_ridge_regression,bayesian_ridge,regression,bbob_train,FE_ratio,FE_ratio=0.3,,,0.3,19440,1403,0.07217078189300412,-0.07045501341769796,-0.05769358257385397,275.8794546370344,0.06436409982412446,0.14886095433715102,0.03699782080012204,0.19725427892016048,0.4475241550344912,0.5768884194684791,0.11808514312606491,-0.0726565022367516,-0.07199922045050942
bayesian_ridge_regression,bayesian_ridge,regression,bbob_train,FE_ratio,FE_ratio=0.35,,,0.35,19440,1388,0.07139917695473251,-0.07482964941049443,-0.062069321341436653,257.6511044439708,0.06487970386394323,0.14077462446979888,0.04320227578385183,0.21436906946557296,0.44520598464872463,0.5812338642576586,0.11322166714671966,-0.08177250475130772,-0.08104710641310006
bayesian_ridge_regression,bayesian_ridge,regression,bbob_train,FE_ratio,FE_ratio=0.4,,,0.4,19440,1376,0.07078189300411522,-0.08176159053440116,-0.06731035034538017,252.55187921031478,0.06890933955227665,0.15126604166664132,0.04924368151380576,0.23141405740411233,0.4579844020146906,0.6015451199353204,0.11263556298192172,-0.09172216163104584,-0.09082779798821453
bayesian_ridge_regression,bayesian_ridge,regression,bbob_train,FE_ratio,FE_ratio=0.45,,,0.45,19440,911,0.04686213991769547,-0.09574364894010993,-0.0740343803226563,214.80823720368133,0.07144066902257376,0.15643923952045805,0.049820098809072455,0.22643797642203115,0.45122117738051787,0.6277910456797808,0.09546634918141964,-0.10140876452225603,-0.10021988701337148
bayesian_ridge_regression,bayesian_ridge,regression,bbob_train,FE_ratio,FE_ratio=0.5,,,0.5,19440,752,0.03868312757201646,-0.10761678906395437,-0.08153801385084204,216.74610973067038,0.07817111766943463,0.167921117295402,0.054367496506108615,0.2368577304609859,0.43671830763205677,0.6379496997732074,0.08816867597260378,-0.11031771445139732,-0.1097063086328735
bayesian_ridge_regression,bayesian_ridge,regression,bbob_train,FE_ratio,FE_ratio=0.55,,,0.55,19440,784,0.040329218106995884,-0.12055088341199817,-0.09047622006570433,212.50845114181092,0.08571168756820942,0.1797356560348865,0.04852927017493236,0.2234034012805139,0.4235829242683198,0.6381471354622467,0.08554461540181431,-0.11913206754319708,-0.11862915627520439
bayesian_ridge_regression,bayesian_ridge,regression,bbob_train,FE_ratio,FE_ratio=0.6,,,0.6,19440,624,0.03209876543209877,-0.13902174819174842,-0.10198680721304745,192.65175785948037,0.0916659522534876,0.18881409760963883,0.04667827605575303,0.2274592499702946,0.44250078328350295,0.6223366399845196,0.060892671541873444,-0.1278703130143667,-0.12698050197365846
bayesian_ridge_regression,bayesian_ridge,regression,bbob_validation,all,all,,,,64800,3745,0.05779320987654321,-0.09152940558707323,-0.07597107961327272,743.0385345915533,0.07265838707873576,0.216378213962431,-1.632884312476175,0.11846419824871696,0.42804344619418944,0.694140748798469,0.13805895193539763,-0.08942909247160555,-0.09167603303967889
bayesian_ridge_regression,bayesian_ridge,regression,bbob_validation,label_source,label_source=changed_algorithm,changed_algorithm,,,16560,2549,0.15392512077294687,-0.05116247729341551,-0.06176568779918107,607.1864253523988,0.09786758736637945,0.18375330143332202,0.18777593874746867,0.5257217781597908,0.2741674776109529,0.6762418554787376,0.463801638529712,-0.08489996348387632,-0.08981951585382472
bayesian_ridge_regression,bayesian_ridge,regression,bbob_validation,label_source,label_source=same_algorithm,same_algorithm,,,48240,1196,0.024792703150912105,-0.10538670932967216,-0.08462815497687234,135.85210923915443,0.06400448250238046,0.22649689431054543,-4.786961161991956,0.08903473683760232,0.4841513811706733,0.7388656680616937,0.05059447066779711,-0.09098386809425885,-0.09233891659097465
bayesian_ridge_regression,bayesian_ridge,regression,bbob_validation,dimension,dimension=10,,10.0,,21600,1470,0.06805555555555555,-0.040708791525251226,-0.036659214049790265,260.3480860696287,0.06770005012946166,0.12300421807869837,-0.026119707671815595,0.2608477894559564,0.33505891813875627,0.6820839374000967,0.14721402446480944,-0.07025849582154002,-0.06863889236065655
bayesian_ridge_regression,bayesian_ridge,regression,bbob_validation,dimension,dimension=20,,20.0,,21600,1908,0.08833333333333333,-0.05664202206459035,-0.0679457754312032,392.4289080321196,0.06327973801216599,0.12033213946617195,0.10323315481393158,0.4126546366286798,0.45030275160792604,0.6659673755712181,0.1907707317386049,-0.08914415915487915,-0.0921656833876128
bayesian_ridge_regression,bayesian_ridge,regression,bbob_validation,dimension,dimension=40,,40.0,,21600,367,0.01699074074074074,-0.17723740317137815,-0.16708161511555475,90.26154048980496,0.08699537309457961,0.3329395335178094,-8.800537675426845,0.04408673960912677,0.40881875164594716,0.6557795041931926,0.04077618938710702,-0.10888462243839744,-0.1158455159488485
bayesian_ridge_regression,bayesian_ridge,regression,bbob_validation,FE_ratio,FE_ratio=0.2,,,0.2,6480,296,0.04567901234567901,-0.07854640971495502,-0.05432046807708305,38.557426800468264,0.05878439695282864,0.10369158641689397,-0.03462653400558602,0.05964921956207912,-0.0780476044445142,0.7011637486451523,0.07651633366932073,-0.05863494864578472,-0.0601408021507267
bayesian_ridge_regression,bayesian_ridge,regression,bbob_validation,FE_ratio,FE_ratio=0.25,,,0.25,6480,292,0.04506172839506173,-0.08209066348445634,-0.05811985784400571,35.463735190300596,0.061607011861717825,0.10618780165762934,-0.18296778457556995,0.16874387189121107,0.40560351915219894,0.6799450549450549,0.06960229749278911,-0.05992351839422666,-0.06377297602065596
bayesian_ridge_regression,bayesian_ridge,regression,bbob_validation,FE_ratio,FE_ratio=0.28,,,0.28,6480,274,0.042283950617283954,-0.08549062609263769,-0.060059978976886724,32.16164278161452,0.06262020499115137,0.106367826889114,-0.17562769721718152,0.17629791865766017,0.3993328374975779,0.682095382147251,0.06803547162330234,-0.06708752400360371,-0.07180034557082046
bayesian_ridge_regression,bayesian_ridge,regression,bbob_validation,FE_ratio,FE_ratio=0.3,,,0.3,6480,284,0.043827160493827164,-0.08706332924379373,-0.061481761258876125,31.652929735382077,0.06216475510758181,0.10311719254419582,-0.13628772199076922,0.1974987673287293,0.4119705112787178,0.6807453013757172,0.06602594284007646,-0.06953832378559628,-0.07433803391590006
bayesian_ridge_regression,bayesian_ridge,regression,bbob_validation,FE_ratio,FE_ratio=0.35,,,0.35,6480,256,0.03950617283950617,-0.09341559547051581,-0.06664570006608084,26.439322897806413,0.06336299635321632,0.10271757266356561,-0.11565668903845805,0.19738807724061158,0.4079386872122097,0.6539604755784062,0.05734358498827402,-0.08133169819246887,-0.08642502194804559
bayesian_ridge_regression,bayesian_ridge,regression,bbob_validation,FE_ratio,FE_ratio=0.4,,,0.4,6480,800,0.12345679012345678,-0.07290554260108724,-0.07056462486829276,174.15917724891835,0.08284262656806045,0.15458982220237708,0.22282279055023835,0.5259448701082343,0.42362208337154067,0.708340448943662,0.416106734005965,-0.09152577083804234,-0.09617918512961984
bayesian_ridge_regression,bayesian_ridge,regression,bbob_validation,FE_ratio,FE_ratio=0.45,,,0.45,6480,243,0.0375,-0.10186903427734409,-0.07939845101548082,50.56190594132994,0.07609352235954363,0.5718838339542549,-21.83934921699379,0.03856994654580096,0.3987840671817339,0.7296698119743388,0.09621892248153878,-0.1080572585241084,-0.10495773683607333
bayesian_ridge_regression,bayesian_ridge,regression,bbob_validation,FE_ratio,FE_ratio=0.5,,,0.5,6480,477,0.07361111111111111,-0.08578559846269349,-0.08202974076197492,151.15391573733473,0.08141042891737814,0.15256473350633476,0.2770486512522281,0.6266547277008768,0.4584238704662337,0.85999208641661,0.5704366821460172,-0.11051480545764794,-0.11373378940222616
bayesian_ridge_regression,bayesian_ridge,regression,bbob_validation,FE_ratio,FE_ratio=0.55,,,0.55,6480,376,0.05802469135802469,-0.11228594071878435,-0.09215825578698267,79.68497550744864,0.08390025947763674,0.12627959037847614,0.16898277540176943,0.4144209720514338,0.3903351683252535,0.7479155628677394,0.1977717708553914,-0.11955649139358591,-0.12251109153852975
bayesian_ridge_regression,bayesian_ridge,regression,bbob_validation,FE_ratio,FE_ratio=0.6,,,0.6,6480,447,0.06898148148148148,-0.11584131580446465,-0.10228898920926656,123.20350275094972,0.09379766819824266,0.15328954696646588,0.24644936853974087,0.5502935833602947,0.4081873698612135,0.8267070263439228,0.4316861109100139,-0.12812058548099062,-0.13128839367483242
linear_svm_regression,linear_svm,regression,bbob_train,all,all,,,,194400,11921,0.06132201646090535,-0.08855738467265091,-0.06544428361600368,2511.1122661377594,0.06910140957180605,0.16141273265429595,0.04082023141454616,0.21339033196467275,0.48605990691888723,0.535078837585465,0.06856132610094602,-0.0772986219161011,-0.07207140008661542
linear_svm_regression,linear_svm,regression,bbob_train,label_source,label_source=changed_algorithm,changed_algorithm,,,74400,8470,0.11384408602150538,-0.05859081542569486,-0.06280283172738645,1678.8603444230114,0.06671492184296829,0.14144993426173783,-0.01843092907342414,0.10655953851592413,0.36449507725918423,0.5075020553264697,0.12167678540846422,-0.07548828193341947,-0.07060248000322109
linear_svm_regression,linear_svm,regression,bbob_train,label_source,label_source=same_algorithm,same_algorithm,,,120000,3451,0.028758333333333334,-0.10713665760576366,-0.06743423570665175,832.2519217147483,0.07058103196368544,0.17263424285552137,0.03618204235387845,0.25735269529956517,0.553977732192922,0.5759423386055522,0.03719381004789345,-0.07842103270536373,-0.073138331400327
linear_svm_regression,linear_svm,regression,bbob_train,dimension,dimension=10,,10.0,,64800,2405,0.037114197530864194,-0.04022633237538057,-0.03715828153278458,308.0180086184804,0.034819999278302594,0.0799609283930614,-0.14185911712498345,0.05841642198221853,0.3880850907646024,0.5631949358914661,0.04690665873633595,-0.05793080338936971,-0.05370119848097741
linear_svm_regression,linear_svm,regression,bbob_train,dimension,dimension=20,,20.0,,64800,3858,0.059537037037037034,-0.07228172978918257,-0.06716881295115272,823.0687800379324,0.05346036231000392,0.14058781289285005,-0.006273732390379871,0.09983064448854394,0.4088304178013918,0.6271123114807902,0.103530283511235,-0.07852520380175651,-0.0742213099560741
linear_svm_regression,linear_svm,regression,bbob_train,dimension,dimension=40,,40.0,,64800,5658,0.08731481481481482,-0.1531640918533896,-0.14272675969545875,1380.025477481347,0.11902386712711165,0.22804281963110867,-0.05115705409456428,0.12893499291031965,0.433344082015839,0.5839026863456968,0.11346683933999044,-0.09543985855717707,-0.09448037180352431
linear_svm_regression,linear_svm,regression,bbob_train,FE_ratio,FE_ratio=0.2,,,0.2,19440,1637,0.08420781893004116,-0.06196176210011554,-0.05049860667501493,304.44205064313394,0.06541522172900309,0.15101927975350363,-0.0005583296872635479,0.09059131801276624,0.22139089559169023,0.48870326571153355,0.09955984282080924,-0.05122563091016943,-0.05277001666713424
linear_svm_regression,linear_svm,regression,bbob_train,FE_ratio,FE_ratio=0.25,,,0.25,19440,1530,0.0787037037037037,-0.06684412289960417,-0.05379598025536793,289.0381601639173,0.06297607315326724,0.15704365812058366,0.014468290311671628,0.14533282025446193,0.44033432857737914,0.481511041044,0.0754688751955497,-0.0569106436537678,-0.05355700185062895
linear_svm_regression,linear_svm,regression,bbob_train,FE_ratio,FE_ratio=0.28,,,0.28,19440,1516,0.07798353909465021,-0.06678863875638497,-0.05595944523593056,294.83506110374555,0.062254776661822935,0.1496186148286799,0.02227739996420519,0.15706754590175312,0.43305661394390915,0.5075485088314837,0.08356111091014921,-0.06386163328897805,-0.06037329208967713
linear_svm_regression,linear_svm,regression,bbob_train,FE_ratio,FE_ratio=0.3,,,0.3,19440,1403,0.07217078189300412,-0.07045501341769796,-0.05769358257385397,275.8794546370344,0.061952939385255486,0.1498129734521666,0.024640945789944246,0.16451103230999908,0.4414803665542231,0.46888049199256254,0.06862897467294193,-0.06530387241894399,-0.06100003956973246
linear_svm_regression,linear_svm,regression,bbob_train,FE_ratio,FE_ratio=0.35,,,0.35,19440,1388,0.07139917695473251,-0.07482964941049443,-0.062069321341436653,257.6511044439708,0.0620119640372677,0.14191034566716496,0.0277017714547112,0.1711646748091388,0.4288655254092733,0.46369362188388197,0.06470700162449208,-0.07298270358506952,-0.06902394833407388
linear_svm_regression,linear_svm,regression,bbob_train,FE_ratio,FE_ratio=0.4,,,0.4,19440,1376,0.07078189300411522,-0.08176159053440116,-0.06731035034538017,252.55187921031478,0.06540509906373089,0.15294185772943547,0.028060890988275022,0.169947982900231,0.43412963450743475,0.48016488048952566,0.06862127079246791,-0.07961957478003762,-0.07547989869179686
linear_svm_regression,linear_svm,regression,bbob_train,FE_ratio,FE_ratio=0.45,,,0.45,19440,911,0.04686213991769547,-0.09574364894010993,-0.0740343803226563,214.80823720368133,0.06753483764479774,0.15823212601047373,0.027916046548725593,0.17734751753293546,0.4473071912609969,0.48246404499926804,0.045413086781090045,-0.08638774075504177,-0.08252022277513602
linear_svm_regression,linear_svm,regression,bbob_train,FE_ratio,FE_ratio=0.5,,,0.5,19440,752,0.03868312757201646,-0.10761678906395437,-0.08153801385084204,216.74610973067038,0.07392981604410294,0.1704532191377634,0.025633876283918222,0.18181034335241797,0.442536461537915,0.4822905186625619,0.043791196881432445,-0.09275947989219384,-0.08900177275241508
linear_svm_regression,linear_svm,regression,bbob_train,FE_ratio,FE_ratio=0.55,,,0.55,19440,784,0.040329218106995884,-0.12055088341199817,-0.09047622006570433,212.50845114181092,0.08138441520517914,0.18292193648657154,0.014495683239997614,0.16871842103173726,0.4343861641164097,0.5058897996376939,0.045463450730323485,-0.09881827113868935,-0.09529517638501823
linear_svm_regression,linear_svm,regression,bbob_train,FE_ratio,FE_ratio=0.6,,,0.6,19440,624,0.03209876543209877,-0.13902174819174842,-0.10198680721304745,192.65175785948037,0.08814895279363336,0.19276829039277904,0.0063307588253377345,0.19539204024566106,0.4533118471519814,0.484611006862681,0.036902601860837055,-0.10511666873811965,-0.10125083527407822
linear_svm_regression,linear_svm,regression,bbob_validation,all,all,,,,64800,3745,0.05779320987654321,-0.09152940558707323,-0.07597107961327272,743.0385345915533,0.06839406457111627,0.40594073418864185,-8.266804036403238,0.03309228959065419,0.45638330875251654,0.6501926965323459,0.1072429172583737,-0.0846118120407626,-0.07790687633833322
linear_svm_regression,linear_svm,regression,bbob_validation,label_source,label_source=changed_algorithm,changed_algorithm,,,16560,2549,0.15392512077294687,-0.05116247729341551,-0.06176568779918107,607.1864253523988,0.09759319408831205,0.20039356028013314,0.034009018258837176,0.2363017580097492,0.22486653255147657,0.6039660201972675,0.3084882923973576,-0.07765814629696292,-0.0749364533388254
linear_svm_regression,linear_svm,regression,bbob_validation,label_source,label_source=same_algorithm,same_algorithm,,,48240,1196,0.024792703150912105,-0.10538670932967216,-0.08462815497687234,135.85210923915443,0.058370482796556544,0.4556000611557792,-22.414970355220152,0.03807352669062253,0.5289615261616768,0.7026650529113996,0.04670927515238754,-0.08699889132594756,-0.07920632020768181
linear_svm_regression,linear_svm,regression,bbob_validation,dimension,dimension=10,,10.0,,21600,1470,0.06805555555555555,-0.040708791525251226,-0.036659214049790265,260.3480860696287,0.055935860835124335,0.12396948781565098,-0.04228774966505022,0.12003869574539562,0.2930495981554138,0.6214793637276073,0.11505137258899217,-0.06343700905740626,-0.056430790195882735
linear_svm_regression,linear_svm,regression,bbob_validation,dimension,dimension=20,,20.0,,21600,1908,0.08833333333333333,-0.05664202206459035,-0.0679457754312032,392.4289080321196,0.056216057832201384,0.1269811496181746,0.0013926095434675378,0.22096565509756924,0.3972280390255969,0.6200045427039724,0.15206322426775123,-0.08345584902010539,-0.07879612050010495
linear_svm_regression,linear_svm,regression,bbob_validation,dimension,dimension=40,,40.0,,21600,367,0.01699074074074074,-0.17723740317137815,-0.16708161511555475,90.26154048980496,0.09303027504602314,0.6803462300573235,-39.9240997296485,0.009129289880431737,0.38102939405990616,0.5817706256686709,0.026096997733559987,-0.10694257804477614,-0.1053660165895317
linear_svm_regression,linear_svm,regression,bbob_validation,FE_ratio,FE_ratio=0.2,,,0.2,6480,296,0.04567901234567901,-0.07854640971495502,-0.05432046807708305,38.557426800468264,0.058151501693388515,0.10499030502297323,-0.06070586228081498,0.12673941764218732,0.265793081794425,0.4034124680955211,0.036855687241664534,-0.05219846619111202,-0.05296822375885895
linear_svm_regression,linear_svm,regression,bbob_validation,FE_ratio,FE_ratio=0.25,,,0.25,6480,292,0.04506172839506173,-0.08209066348445634,-0.05811985784400571,35.463735190300596,0.05424493759083144,0.09757476482402372,0.0011536561210258034,0.2297334347847455,0.4068234202727159,0.6078080863536142,0.05478663738144144,-0.06299731016166016,-0.0585735666553214
linear_svm_regression,linear_svm,regression,bbob_validation,FE_ratio,FE_ratio=0.28,,,0.28,6480,274,0.042283950617283954,-0.08549062609263769,-0.060059978976886724,32.16164278161452,0.05453224815060515,0.09735500576988139,0.015159704612567215,0.24161454386873435,0.4186733730782053,0.6270250593374436,0.061168444919387416,-0.06875761460312389,-0.06415947112798534
linear_svm_regression,linear_svm,regression,bbob_validation,FE_ratio,FE_ratio=0.3,,,0.3,6480,284,0.043827160493827164,-0.08706332924379373,-0.061481761258876125,31.652929735382077,0.05408756684475508,0.09549392072859371,0.02550951619125641,0.2590840768637245,0.44001975628361784,0.6256921775975414,0.057211278489921934,-0.07000082287337361,-0.06524457546097534
linear_svm_regression,linear_svm,regression,bbob_validation,FE_ratio,FE_ratio=0.35,,,0.35,6480,256,0.03950617283950617,-0.09341559547051581,-0.06664570006608084,26.439322897806413,0.0554303643851572,0.0952167721911214,0.041332537115846724,0.2672692026535302,0.42967221389580973,0.6056382049325192,0.050240081486575744,-0.07858276239469117,-0.0736234085689774
linear_svm_regression,linear_svm,regression,bbob_validation,FE_ratio,FE_ratio=0.4,,,0.4,6480,800,0.12345679012345678,-0.07290554260108724,-0.07056462486829276,174.15917724891835,0.08211482879773525,0.16581476228033204,0.10586180639245002,0.380485480570988,0.4344461521626394,0.6729828345070423,0.39131227694151116,-0.08651706258062905,-0.08164004624244123
linear_svm_regression,linear_svm,regression,bbob_validation,FE_ratio,FE_ratio=0.45,,,0.45,6480,243,0.0375,-0.10186903427734409,-0.07939845101548082,50.56190594132994,0.07698653560970489,1.2248689858668946,-103.77251317529524,0.013962453655445042,0.4343115476861754,0.6773654633736937,0.08539888265988703,-0.10837337996673191,-0.08772541790729507
linear_svm_regression,linear_svm,regression,bbob_validation,FE_ratio,FE_ratio=0.5,,,0.5,6480,477,0.07361111111111111,-0.08578559846269349,-0.08202974076197492,151.15391573733473,0.07964974329140372,0.16752891526269978,0.12827336506587073,0.4402880594747987,0.49744902678401,0.8126659940470018,0.4835572832845573,-0.09981560611842034,-0.09399859037182703
linear_svm_regression,linear_svm,regression,bbob_validation,FE_ratio,FE_ratio=0.55,,,0.55,6480,376,0.05802469135802469,-0.11228594071878435,-0.09215825578698267,79.68497550744864,0.07789951915162721,0.1297052902254813,0.1232837098308085,0.3730908642776985,0.4324872398303794,0.6824780053540057,0.1631487270412843,-0.10647583425231842,-0.10036566569296064
linear_svm_regression,linear_svm,regression,bbob_validation,FE_ratio,FE_ratio=0.6,,,0.6,6480,447,0.06898148148148148,-0.11584131580446465,-0.10228898920926656,123.20350275094972,0.0908434001959544,0.16426719214601473,0.13465552705506134,0.4390278200804598,0.4360002064850589,0.7616461438226962,0.42887087929785006,-0.11239926126556536,-0.10648657585849486
rbf_nystroem_ridge_regression,kernel_ridge_approx,regression,bbob_train,all,all,,,,194400,11921,0.06132201646090535,-0.08855738467265091,-0.06544428361600368,2511.1122661377594,0.06779749740045848,0.15675189303405365,0.09541367398220169,0.30890080530771796,0.5428868318321518,0.6590790158497353,0.1391832460813828,-0.08855738467265024,-0.07928364544793015
rbf_nystroem_ridge_regression,kernel_ridge_approx,regression,bbob_train,label_source,label_source=changed_algorithm,changed_algorithm,,,74400,8470,0.11384408602150538,-0.05859081542569486,-0.06280283172738645,1678.8603444230114,0.065997039137008,0.13663394735781653,0.04973811348596058,0.2900341388687427,0.5031192867711987,0.6947777812000886,0.254991645602147,-0.0827392047060764,-0.07496662533584464
rbf_nystroem_ridge_regression,kernel_ridge_approx,regression,bbob_train,label_source,label_source=same_algorithm,same_algorithm,,,120000,3451,0.028758333333333334,-0.10713665760576366,-0.06743423570665175,832.2519217147483,0.0689137815237978,0.16801962569072548,0.08702023791160418,0.3077946736577585,0.5627079412345614,0.5480939986367689,0.03343835134620382,-0.09216465625192603,-0.08137215725238692
rbf_nystroem_ridge_regression,kernel_ridge_approx,regression,bbob_train,dimension,dimension=10,,10.0,,64800,2405,0.037114197530864194,-0.04022633237538057,-0.03715828153278458,308.0180086184804,0.03797615205108918,0.08130627262020575,-0.18060596127559214,0.09348110845671291,0.307777610268348,0.5650875225055849,0.06686135167411603,-0.06173074253038224,-0.05886315872486314
rbf_nystroem_ridge_regression,kernel_ridge_approx,regression,bbob_train,dimension,dimension=20,,20.0,,64800,3858,0.059537037037037034,-0.07228172978918257,-0.06716881295115272,823.0687800379324,0.06245343615417561,0.1417393817415441,-0.0228262251882827,0.14387467001636134,0.36915473181171327,0.703315498088342,0.1721803491627643,-0.08826165465200932,-0.08206340236041422
rbf_nystroem_ridge_regression,kernel_ridge_approx,regression,bbob_train,dimension,dimension=40,,40.0,,64800,5658,0.08731481481481482,-0.1531640918533896,-0.14272675969545875,1380.025477481347,0.10296290399611067,0.2168241352004241,0.04972336639788466,0.28069425359649663,0.5358474436630469,0.7696419437762048,0.259534029403214,-0.11567975683555919,-0.1124480708516527
rbf_nystroem_ridge_regression,kernel_ridge_approx,regression,bbob_train,FE_ratio,FE_ratio=0.2,,,0.2,19440,1637,0.08420781893004116,-0.06196176210011554,-0.05049860667501493,304.44205064313394,0.06605562741767342,0.14833545689030964,0.03468830075902318,0.186282011512561,0.30614690282907786,0.6601577448921648,0.14824391234115866,-0.06189606749080106,-0.058782040409801325
rbf_nystroem_ridge_regression,kernel_ridge_approx,regression,bbob_train,FE_ratio,FE_ratio=0.25,,,0.25,19440,1530,0.0787037037037037,-0.06684412289960417,-0.05379598025536793,289.0381601639173,0.0642100685688141,0.15340273379316627,0.059635999618756985,0.24635371024851282,0.45900871397776716,0.6265436113027009,0.144319818609376,-0.07054202861790955,-0.06847771908734221
rbf_nystroem_ridge_regression,kernel_ridge_approx,regression,bbob_train,FE_ratio,FE_ratio=0.28,,,0.28,19440,1516,0.07798353909465021,-0.06678863875638497,-0.05595944523593056,294.83506110374555,0.06323699369108697,0.14608893640268233,0.06786449831055152,0.26227011156842484,0.49615718901540795,0.6656707314200857,0.17826853710025786,-0.0709940382500066,-0.0692076319732176
rbf_nystroem_ridge_regression,kernel_ridge_approx,regression,bbob_train,FE_ratio,FE_ratio=0.3,,,0.3,19440,1403,0.07217078189300412,-0.07045501341769796,-0.05769358257385397,275.8794546370344,0.06302860335831785,0.14693260541453954,0.0617857362202574,0.25118998479356985,0.48523924735890417,0.6185846065767007,0.14759018136225843,-0.07173786613045623,-0.06757268373240881
rbf_nystroem_ridge_regression,kernel_ridge_approx,regression,bbob_train,FE_ratio,FE_ratio=0.35,,,0.35,19440,1388,0.07139917695473251,-0.07482964941049443,-0.062069321341436653,257.6511044439708,0.061288580049887124,0.13765429222134046,0.08514788977091925,0.2928876432223897,0.5218958858262183,0.6412745105238724,0.15838088311752663,-0.07827996533990342,-0.07305980729487122
rbf_nystroem_ridge_regression,kernel_ridge_approx,regression,bbob_train,FE_ratio,FE_ratio=0.4,,,0.4,19440,1376,0.07078189300411522,-0.08176159053440116,-0.06731035034538017,252.55187921031478,0.0632959670098356,0.14816380432932655,0.08784093862784725,0.29703546837829475,0.5340824182184077,0.6330997739626032,0.14349738990095365,-0.08471773934833586,-0.07840624060521853
rbf_nystroem_ridge_regression,kernel_ridge_approx,regression,bbob_train,FE_ratio,FE_ratio=0.45,,,0.45,19440,911,0.04686213991769547,-0.09574364894010993,-0.0740343803226563,214.80823720368133,0.06489207559650992,0.15306992565605565,0.090308388384159,0.30070566169933594,0.5310658907577994,0.615122027540535,0.11796135967892163,-0.09410395045407585,-0.08562720078047256
rbf_nystroem_ridge_regression,kernel_ridge_approx,regression,bbob_train,FE_ratio,FE_ratio=0.5,,,0.5,19440,752,0.03868312757201646,-0.10761678906395437,-0.08153801385084204,216.74610973067038,0.07049218778975991,0.16540120919622814,0.08253581144534028,0.28759837051123593,0.5299711380557899,0.6213485642168829,0.09114552969979489,-0.10558810270224257,-0.09757524489208089
rbf_nystroem_ridge_regression,kernel_ridge_approx,regression,bbob_train,FE_ratio,FE_ratio=0.55,,,0.55,19440,784,0.040329218106995884,-0.12055088341199817,-0.09047622006570433,212.50845114181092,0.07771065787180287,0.17708498436597253,0.07638617464217856,0.2771723649222067,0.5207408961735757,0.624987146445199,0.09274219132614446,-0.11838708799906822,-0.11020253059213386
rbf_nystroem_ridge_regression,kernel_ridge_approx,regression,bbob_train,FE_ratio,FE_ratio=0.6,,,0.6,19440,624,0.03209876543209877,-0.13902174819174842,-0.10198680721304745,192.65175785948037,0.08376421265089713,0.18492245511627173,0.08557107220463733,0.2969027483952988,0.5192947996590144,0.6254887071014303,0.07407251576538232,-0.12932700039370312,-0.11900031695128606
rbf_nystroem_ridge_regression,kernel_ridge_approx,regression,bbob_validation,all,all,,,,64800,3745,0.05779320987654321,-0.09152940558707323,-0.07597107961327272,743.0385345915533,0.07118077776947884,0.13200498072737915,0.02009189564125835,0.2184413761378767,0.3490915020834156,0.6318186047533801,0.07938053656074102,-0.08843383047711148,-0.08055507633870396
rbf_nystroem_ridge_regression,kernel_ridge_approx,regression,bbob_validation,label_source,label_source=changed_algorithm,changed_algorithm,,,16560,2549,0.15392512077294687,-0.05116247729341551,-0.06176568779918107,607.1864253523988,0.10042951025679613,0.20598405667617495,-0.020640419802981702,0.1147843168122411,0.22885595878744378,0.5490048325253831,0.1682797400105419,-0.08161606059421106,-0.07415359673191792
rbf_nystroem_ridge_regression,kernel_ridge_approx,regression,bbob_validation,label_source,label_source=same_algorithm,same_algorithm,,,48240,1196,0.024792703150912105,-0.10538670932967216,-0.08462815497687234,135.85210923915443,0.0611401681096535,0.09403091087552506,0.0026046224714613153,0.30379413778466546,0.3789686334410908,0.7344532863136168,0.05093252655820825,-0.09077425894437581,-0.08071393641802484
rbf_nystroem_ridge_regression,kernel_ridge_approx,regression,bbob_validation,dimension,dimension=10,,10.0,,21600,1470,0.06805555555555555,-0.040708791525251226,-0.036659214049790265,260.3480860696287,0.06215758693995707,0.1307080856979483,-0.15867844537268172,-0.01960764869218162,0.06326173726875507,0.5557201658606812,0.08410308879803083,-0.06610969617175705,-0.0625383449244728
rbf_nystroem_ridge_regression,kernel_ridge_approx,regression,bbob_validation,dimension,dimension=20,,20.0,,21600,1908,0.08833333333333333,-0.05664202206459035,-0.0679457754312032,392.4289080321196,0.06658161928091376,0.13427828859128763,-0.11667774644356221,0.11757660394115409,0.2852012150408234,0.6297174335926304,0.11711597121684081,-0.08844139128107004,-0.08071399454802246
rbf_nystroem_ridge_regression,kernel_ridge_approx,regression,bbob_validation,dimension,dimension=40,,40.0,,21600,367,0.01699074074074074,-0.17723740317137815,-0.16708161511555475,90.26154048980496,0.08480312708756568,0.13099878761530542,-0.5172380364911373,0.13555011785492355,0.2285358336804904,0.6613698716626771,0.023723760289006822,-0.11075040397850737,-0.11065567024255124
rbf_nystroem_ridge_regression,kernel_ridge_approx,regression,bbob_validation,FE_ratio,FE_ratio=0.2,,,0.2,6480,296,0.04567901234567901,-0.07854640971495502,-0.05432046807708305,38.557426800468264,0.05799767501319816,0.1028965310971493,-0.018821360774142315,0.1346535141417164,0.23558798904816686,0.6066008400055942,0.05624339045561737,-0.06540891963048578,-0.06049168662616316
rbf_nystroem_ridge_regression,kernel_ridge_approx,regression,bbob_validation,FE_ratio,FE_ratio=0.25,,,0.25,6480,292,0.04506172839506173,-0.08209066348445634,-0.05811985784400571,35.463735190300596,0.0604072021206098,0.09986702393054878,-0.046328063755933346,0.16056057151837472,0.23442193918378473,0.6974435717384951,0.07837323655325741,-0.07531884279357837,-0.07061558895489883
rbf_nystroem_ridge_regression,kernel_ridge_approx,regression,bbob_validation,FE_ratio,FE_ratio=0.28,,,0.28,6480,274,0.042283950617283954,-0.08549062609263769,-0.060059978976886724,32.16164278161452,0.06101721952404563,0.10061661170311355,-0.05193429098984037,0.21058081556133793,0.292203377147648,0.7356390448612244,0.0839278774464948,-0.07306828760346337,-0.07061581556269803
rbf_nystroem_ridge_regression,kernel_ridge_approx,regression,bbob_validation,FE_ratio,FE_ratio=0.3,,,0.3,6480,284,0.043827160493827164,-0.08706332924379373,-0.061481761258876125,31.652929735382077,0.06282105110819353,0.10155400661636764,-0.10209816102903702,0.18556489144269342,0.267271704331152,0.7312952927377045,0.0895756682998966,-0.07260105092721261,-0.06725291588088374
rbf_nystroem_ridge_regression,kernel_ridge_approx,regression,bbob_validation,FE_ratio,FE_ratio=0.35,,,0.35,6480,256,0.03950617283950617,-0.09341559547051581,-0.06664570006608084,26.439322897806413,0.06145145082713021,0.10068658153058994,-0.07197404441017197,0.18316594371568795,0.2849963495122864,0.6992030597284704,0.07573069828354267,-0.08122247712297939,-0.07593022515279457
rbf_nystroem_ridge_regression,kernel_ridge_approx,regression,bbob_validation,FE_ratio,FE_ratio=0.4,,,0.4,6480,800,0.12345679012345678,-0.07290554260108724,-0.07056462486829276,174.15917724891835,0.08578832717464593,0.17345716792374594,0.021540703916218984,0.18595972758857812,0.34516343215386636,0.600821963028169,0.14809260627614695,-0.08628111717797929,-0.08068814469047392
rbf_nystroem_ridge_regression,kernel_ridge_approx,regression,bbob_validation,FE_ratio,FE_ratio=0.45,,,0.45,6480,243,0.0375,-0.10186903427734409,-0.07939845101548082,50.56190594132994,0.06522300936931061,0.1202655504578096,-0.010067905189647952,0.1984429440727867,0.33665921188310305,0.6640419479925652,0.05745699534046239,-0.09503903446881996,-0.0833705692936537
rbf_nystroem_ridge_regression,kernel_ridge_approx,regression,bbob_validation,FE_ratio,FE_ratio=0.5,,,0.5,6480,477,0.07361111111111111,-0.08578559846269349,-0.08202974076197492,151.15391573733473,0.08339849631826148,0.17687557673501478,0.02829038358632152,0.21105819955421168,0.37371155136614276,0.6475322785846769,0.0961734276219257,-0.10362768817983224,-0.09302236338265917
rbf_nystroem_ridge_regression,kernel_ridge_approx,regression,bbob_validation,FE_ratio,FE_ratio=0.55,,,0.55,6480,376,0.05802469135802469,-0.11228594071878435,-0.09215825578698267,79.68497550744864,0.07972840839459087,0.1350264022547554,0.04987424883003244,0.25900214114191017,0.35571894337603166,0.6383231435263936,0.07881386839677541,-0.1128322840036232,-0.10254795739445598
rbf_nystroem_ridge_regression,kernel_ridge_approx,regression,bbob_validation,FE_ratio,FE_ratio=0.6,,,0.6,6480,447,0.06898148148148148,-0.11584131580446465,-0.10228898920926656,123.20350275094972,0.09397493784480217,0.17043777044647065,0.06842238229965614,0.26661905578815254,0.3638778487769736,0.6708339034638349,0.09698886730211453,-0.1189386028631406,-0.10949428716947238
rbf_nystroem_svm_regression,kernel_svm_approx,regression,bbob_train,all,all,,,,194400,11921,0.06132201646090535,-0.08855738467265091,-0.06544428361600368,2511.1122661377594,0.0640102598778088,0.15878159255137586,0.07183596335364473,0.27422465798227114,0.5711825925627655,0.5790190821152661,0.08334173890987681,-0.07925615351094405,-0.06599512469765362
rbf_nystroem_svm_regression,kernel_svm_approx,regression,bbob_train,label_source,label_source=changed_algorithm,changed_algorithm,,,74400,8470,0.11384408602150538,-0.05859081542569486,-0.06280283172738645,1678.8603444230114,0.06303060805631949,0.13891502801817637,0.01774433577337242,0.19780874849245353,0.4677142146352647,0.5772888385968374,0.15578015836954162,-0.0754603538743152,-0.06369321666497349
rbf_nystroem_svm_regression,kernel_svm_approx,regression,bbob_train,label_source,label_source=same_algorithm,same_algorithm,,,120000,3451,0.028758333333333334,-0.10713665760576366,-0.06743423570665175,832.2519217147483,0.06461764400713217,0.1699364698643131,0.0660700357503432,0.2982774944956705,0.6279479161862885,0.5634542676484764,0.032264366163317494,-0.08160954928565395,-0.06779656296019439
rbf_nystroem_svm_regression,kernel_svm_approx,regression,bbob_train,dimension,dimension=10,,10.0,,64800,2405,0.037114197530864194,-0.04022633237538057,-0.03715828153278458,308.0180086184804,0.02858481444780847,0.07727715476631032,-0.06649571601559812,0.07844296503971739,0.36735841240113437,0.5110645593536851,0.038534527546659765,-0.05209607230756201,-0.048192038182397194
rbf_nystroem_svm_regression,kernel_svm_approx,regression,bbob_train,dimension,dimension=20,,20.0,,64800,3858,0.059537037037037034,-0.07228172978918257,-0.06716881295115272,823.0687800379324,0.05639716514436236,0.14081140017013608,-0.009476981784230398,0.11208018009003715,0.37991676192664786,0.6652692778671215,0.11764500045739425,-0.07781979889848381,-0.06968451819085186
rbf_nystroem_svm_regression,kernel_svm_approx,regression,bbob_train,dimension,dimension=40,,40.0,,64800,5658,0.08731481481481482,-0.1531640918533896,-0.14272675969545875,1380.025477481347,0.10704880004125558,0.22323792987035815,-0.007327703007640629,0.18656149368973665,0.49021595035577015,0.7014268589552171,0.18627359217343456,-0.10785258932678632,-0.10502005684022139
rbf_nystroem_svm_regression,kernel_svm_approx,regression,bbob_train,FE_ratio,FE_ratio=0.2,,,0.2,19440,1637,0.08420781893004116,-0.06196176210011554,-0.05049860667501493,304.44205064313394,0.06254365635609588,0.149302645276281,0.022059060597471758,0.16459497580933005,0.3262619790107297,0.5683043474068722,0.10033152133556125,-0.05250139236332358,-0.04758881564279917
rbf_nystroem_svm_regression,kernel_svm_approx,regression,bbob_train,FE_ratio,FE_ratio=0.25,,,0.25,19440,1530,0.0787037037037037,-0.06684412289960417,-0.05379598025536793,289.0381601639173,0.0602140025065665,0.15497678403034484,0.040239028886259964,0.20849944588257077,0.49778799424939474,0.5230442335132452,0.09358479291062918,-0.06114069531315407,-0.05417855595678143
rbf_nystroem_svm_regression,kernel_svm_approx,regression,bbob_train,FE_ratio,FE_ratio=0.28,,,0.28,19440,1516,0.07798353909465021,-0.06678863875638497,-0.05595944523593056,294.83506110374555,0.058820402217873415,0.14736925626896516,0.051454478043720275,0.2311478555592891,0.5255842231600963,0.5772176675014234,0.10724878890787101,-0.06378309402429148,-0.05651797557266816
rbf_nystroem_svm_regression,kernel_svm_approx,regression,bbob_train,FE_ratio,FE_ratio=0.3,,,0.3,19440,1403,0.07217078189300412,-0.07045501341769796,-0.05769358257385397,275.8794546370344,0.05871518738540537,0.14805782182236907,0.0473609411691116,0.22275844720487742,0.5124030304151982,0.5151884474737938,0.0870541185079331,-0.06355830219252034,-0.05492594430529764
rbf_nystroem_svm_regression,kernel_svm_approx,regression,bbob_train,FE_ratio,FE_ratio=0.35,,,0.35,19440,1388,0.07139917695473251,-0.07482964941049443,-0.062069321341436653,257.6511044439708,0.05724809237210601,0.13942451570219316,0.06146673990384521,0.24900130665637724,0.5405934810566013,0.5153580498476703,0.08743144280245352,-0.07227565168757591,-0.06488212156663423
rbf_nystroem_svm_regression,kernel_svm_approx,regression,bbob_train,FE_ratio,FE_ratio=0.4,,,0.4,19440,1376,0.07078189300411522,-0.08176159053440116,-0.06731035034538017,252.55187921031478,0.060145661735604344,0.15075614196357692,0.05564264950467401,0.23675429879481036,0.5331690993170674,0.5051330532460812,0.08073742318542511,-0.07869309049569155,-0.07037714938779464
rbf_nystroem_svm_regression,kernel_svm_approx,regression,bbob_train,FE_ratio,FE_ratio=0.45,,,0.45,19440,911,0.04686213991769547,-0.09574364894010993,-0.0740343803226563,214.80823720368133,0.06088690465542857,0.155382275797184,0.0626162866619443,0.25658185144560886,0.5770448633856559,0.5438910873920664,0.06606811032568914,-0.08664413555428291,-0.07663641709071072
rbf_nystroem_svm_regression,kernel_svm_approx,regression,bbob_train,FE_ratio,FE_ratio=0.5,,,0.5,19440,752,0.03868312757201646,-0.10761678906395437,-0.08153801385084204,216.74610973067038,0.06696536962079022,0.16786077057961513,0.05504704846266317,0.2455086036064226,0.5635524670400244,0.5588091430841955,0.05042288637111961,-0.09573326025795048,-0.08454227674522663
rbf_nystroem_svm_regression,kernel_svm_approx,regression,bbob_train,FE_ratio,FE_ratio=0.55,,,0.55,19440,784,0.040329218106995884,-0.12055088341199817,-0.09047622006570433,212.50845114181092,0.07381552899417343,0.1792993204766938,0.05314334162411727,0.2461339064244887,0.5467827790404418,0.5763205455048658,0.057998356857685576,-0.10543761815728257,-0.09386679225796288
rbf_nystroem_svm_regression,kernel_svm_approx,regression,bbob_train,FE_ratio,FE_ratio=0.6,,,0.6,19440,624,0.03209876543209877,-0.13902174819174842,-0.10198680721304745,192.65175785948037,0.08074779293404424,0.18850012039026454,0.04984617970831995,0.2618843206782595,0.5277299887660438,0.5863830257663963,0.049951856046375795,-0.11279429506336755,-0.09876265997328372
rbf_nystroem_svm_regression,kernel_svm_approx,regression,bbob_validation,all,all,,,,64800,3745,0.05779320987654321,-0.09152940558707323,-0.07597107961327272,743.0385345915533,0.06650178049060244,0.12891675890675863,0.06540496346365643,0.2728584637254899,0.4097737128422118,0.6314244559858098,0.07780688433768632,-0.08021293662367318,-0.0670547636244779
rbf_nystroem_svm_regression,kernel_svm_approx,regression,bbob_validation,label_source,label_source=changed_algorithm,changed_algorithm,,,16560,2549,0.15392512077294687,-0.05116247729341551,-0.06176568779918107,607.1864253523988,0.0962852258399779,0.20232343484192392,0.015313625694174493,0.16031249301913547,0.23363655227407806,0.5337517551571246,0.15345456847803146,-0.07164614470436262,-0.05952246210790067
rbf_nystroem_svm_regression,kernel_svm_approx,regression,bbob_validation,label_source,label_source=same_algorithm,same_algorithm,,,48240,1196,0.024792703150912105,-0.10538670932967216,-0.08462815497687234,135.85210923915443,0.05627761268410042,0.09095332597109719,0.06682470068910229,0.3638527012017456,0.4521474569267242,0.7206636447086183,0.05341770616893823,-0.08315377564074994,-0.07018239489880213
rbf_nystroem_svm_regression,kernel_svm_approx,regression,bbob_validation,dimension,dimension=10,,10.0,,21600,1470,0.06805555555555555,-0.040708791525251226,-0.036659214049790265,260.3480860696287,0.05272820042600118,0.12580515288242355,-0.07338341157475536,0.008647096666794099,0.10457405948273076,0.5311273322046155,0.07142475909445903,-0.05867448677380459,-0.05158263673219725
rbf_nystroem_svm_regression,kernel_svm_approx,regression,bbob_validation,dimension,dimension=20,,20.0,,21600,1908,0.08833333333333333,-0.05664202206459035,-0.0679457754312032,392.4289080321196,0.058183917140059216,0.1286448831956285,-0.024946745004782223,0.1656496609300174,0.3205335102039381,0.6320330734825751,0.12212464818480237,-0.08021241361647101,-0.07035447148550306
rbf_nystroem_svm_regression,kernel_svm_approx,regression,bbob_validation,dimension,dimension=40,,40.0,,21600,367,0.01699074074074074,-0.17723740317137815,-0.16708161511555475,90.26154048980496,0.08859322390574693,0.1322200806113925,-0.5456601292875165,0.16829597160819973,0.2695864406376991,0.6582844733873331,0.026833921437507673,-0.10175190948074395,-0.09837930363832378
rbf_nystroem_svm_regression,kernel_svm_approx,regression,bbob_validation,FE_ratio,FE_ratio=0.2,,,0.2,6480,296,0.04567901234567901,-0.07854640971495502,-0.05432046807708305,38.557426800468264,0.057187822883113866,0.10448636458691511,-0.05054778664448567,0.09994598404993194,0.20193552893295402,0.5831674373273662,0.055247145319935076,-0.05712838715812292,-0.048353444249894836
rbf_nystroem_svm_regression,kernel_svm_approx,regression,bbob_validation,FE_ratio,FE_ratio=0.25,,,0.25,6480,292,0.04506172839506173,-0.08209066348445634,-0.05811985784400571,35.463735190300596,0.054205764406346744,0.09611071436351763,0.030902957117737384,0.2343335716200605,0.36310117786559326,0.6790650928443032,0.07240648356028659,-0.06916805386715297,-0.06171374304616083
rbf_nystroem_svm_regression,kernel_svm_approx,regression,bbob_validation,FE_ratio,FE_ratio=0.28,,,0.28,6480,274,0.042283950617283954,-0.08549062609263769,-0.060059978976886724,32.16164278161452,0.054030675508200864,0.09677915419157125,0.0267758424932919,0.24780687918673786,0.38091862006729915,0.7056968650540683,0.08716985666596758,-0.0694113709343351,-0.061494453971228734
rbf_nystroem_svm_regression,kernel_svm_approx,regression,bbob_validation,FE_ratio,FE_ratio=0.3,,,0.3,6480,284,0.043827160493827164,-0.08706332924379373,-0.061481761258876125,31.652929735382077,0.0548070008671435,0.0963974080368446,0.006982581976694657,0.242773776435932,0.3734955786860834,0.6641086025513963,0.06969323907285281,-0.06800954802866489,-0.056116486412836855
rbf_nystroem_svm_regression,kernel_svm_approx,regression,bbob_validation,FE_ratio,FE_ratio=0.35,,,0.35,6480,256,0.03950617283950617,-0.09341559547051581,-0.06664570006608084,26.439322897806413,0.054659594611402046,0.09619519834746536,0.02152920704227268,0.2575075070647246,0.39618925285985257,0.6569259368974935,0.07745045676269813,-0.07522691296431094,-0.06411569138705123
rbf_nystroem_svm_regression,kernel_svm_approx,regression,bbob_validation,FE_ratio,FE_ratio=0.4,,,0.4,6480,800,0.12345679012345678,-0.07290554260108724,-0.07056462486829276,174.15917724891835,0.08243178600663022,0.1698728468090228,0.06156069097989758,0.25414480275535295,0.4025207042750675,0.606097051056338,0.15527150331155287,-0.0795853386253683,-0.06727833042746699
rbf_nystroem_svm_regression,kernel_svm_approx,regression,bbob_validation,FE_ratio,FE_ratio=0.45,,,0.45,6480,243,0.0375,-0.10186903427734409,-0.07939845101548082,50.56190594132994,0.06091290425683936,0.11713448162906653,0.04184095261097276,0.2583261751273051,0.40820254637970704,0.6431101794613454,0.052525200881128574,-0.08620848064661439,-0.07373153997016924
rbf_nystroem_svm_regression,kernel_svm_approx,regression,bbob_validation,FE_ratio,FE_ratio=0.5,,,0.5,6480,477,0.07361111111111111,-0.08578559846269349,-0.08202974076197492,151.15391573733473,0.07851420503386226,0.1720267569270925,0.08083650708169188,0.2885496061676437,0.4613504733412559,0.7008277831734028,0.11147978631812311,-0.09267742629793378,-0.0791604059126547
rbf_nystroem_svm_regression,kernel_svm_approx,regression,bbob_validation,FE_ratio,FE_ratio=0.55,,,0.55,6480,376,0.05802469135802469,-0.11228594071878435,-0.09215825578698267,79.68497550744864,0.07672498515449792,0.1326723356506613,0.08271467365527829,0.30531861894238077,0.40900898572059113,0.654472738490282,0.08161131882238404,-0.10037617244983386,-0.08570298001832888
rbf_nystroem_svm_regression,kernel_svm_approx,regression,bbob_validation,FE_ratio,FE_ratio=0.6,,,0.6,6480,447,0.06898148148148148,-0.11584131580446465,-0.10228898920926656,123.20350275094972,0.09154306617798767,0.16839249302580364,0.0906463590506893,0.30808028149799416,0.40331162454866015,0.7109332674763076,0.11033433979618737,-0.10433767526439465,-0.0898389377477733
hist_gradient_boosting_regression,hist_gradient_boosting,regression,bbob_train,all,all,,,,194400,11921,0.06132201646090535,-0.08855738467265091,-0.06544428361600368,2511.1122661377594,0.05677386732049035,0.13247142468886774,0.3539459640050352,0.6074813440875562,0.6801135689524902,0.7775174637134576,0.46316649294457646,-0.0886504545127731,-0.07591268043194341
hist_gradient_boosting_regression,hist_gradient_boosting,regression,bbob_train,label_source,label_source=changed_algorithm,changed_algorithm,,,74400,8470,0.11384408602150538,-0.05859081542569486,-0.06280283172738645,1678.8603444230114,0.05307702367979028,0.10438520759169465,0.4453691804615246,0.6757871886776061,0.6689595717181513,0.857214084882342,0.6277086213073026,-0.06941744238853832,-0.07083671925735305
hist_gradient_boosting_regression,hist_gradient_boosting,regression,bbob_train,label_source,label_source=same_algorithm,same_algorithm,,,120000,3451,0.028758333333333334,-0.10713665760576366,-0.06743423570665175,832.2519217147483,0.05906591037772441,0.14721810544930744,0.2990878732497493,0.5665713278972241,0.685916132964864,0.5600734467467379,0.05808970822991677,-0.10057492202979866,-0.08055402284685338
hist_gradient_boosting_regression,hist_gradient_boosting,regression,bbob_train,dimension,dimension=10,,10.0,,64800,2405,0.037114197530864194,-0.04022633237538057,-0.03715828153278458,308.0180086184804,0.033109362931931945,0.07519961946808328,-0.009922746560434792,0.2619518272191167,0.412508980912314,0.7739352348952478,0.29940466425500134,-0.05753378126927587,-0.05568086031212404
hist_gradient_boosting_regression,hist_gradient_boosting,regression,bbob_train,dimension,dimension=20,,20.0,,64800,3858,0.059537037037037034,-0.07228172978918257,-0.06716881295115272,823.0687800379324,0.0518730951233683,0.12660333063418386,0.18396074849096877,0.4358247311836323,0.46532675324674094,0.7370423711816413,0.42594678021097065,-0.08252501546741525,-0.07880697722951865
hist_gradient_boosting_regression,hist_gradient_boosting,regression,bbob_train,dimension,dimension=40,,40.0,,64800,5658,0.08731481481481482,-0.1531640918533896,-0.14272675969545875,1380.025477481347,0.08533914390617081,0.17596206688227456,0.37414617043143006,0.638729398796331,0.6634147051757462,0.8732618939344468,0.6381040810876516,-0.1258925668016282,-0.11888016085189958
hist_gradient_boosting_regression,hist_gradient_boosting,regression,bbob_train,FE_ratio,FE_ratio=0.2,,,0.2,19440,1637,0.08420781893004116,-0.06196176210011554,-0.05049860667501493,304.44205064313394,0.06004696933324027,0.13544241586627973,0.1952017827228676,0.46006848774206194,0.4534976924655362,0.7400277543772952,0.44825921241816524,-0.06355381396062279,-0.06599788932008024
hist_gradient_boosting_regression,hist_gradient_boosting,regression,bbob_train,FE_ratio,FE_ratio=0.25,,,0.25,19440,1530,0.0787037037037037,-0.06684412289960417,-0.05379598025536793,289.0381601639173,0.05396022891231271,0.1327518048880397,0.2957762538645332,0.5688158921218884,0.6450242179235635,0.7699940880874963,0.5047956633936372,-0.06702392815689899,-0.062184222934612635
hist_gradient_boosting_regression,hist_gradient_boosting,regression,bbob_train,FE_ratio,FE_ratio=0.28,,,0.28,19440,1516,0.07798353909465021,-0.06678863875638497,-0.05595944523593056,294.83506110374555,0.05223062208490579,0.1283475231448998,0.2805189187024668,0.5452792376980702,0.6512822291030621,0.7584723376154611,0.48258869395747495,-0.06778660885081444,-0.06409177049255757
hist_gradient_boosting_regression,hist_gradient_boosting,regression,bbob_train,FE_ratio,FE_ratio=0.3,,,0.3,19440,1403,0.07217078189300412,-0.07045501341769796,-0.05769358257385397,275.8794546370344,0.052380613381984596,0.12691106498321753,0.3000538175903412,0.5663946786347828,0.6453657620127767,0.7556887203151864,0.45601201739325903,-0.07069283496649971,-0.06544471838518391
hist_gradient_boosting_regression,hist_gradient_boosting,regression,bbob_train,FE_ratio,FE_ratio=0.35,,,0.35,19440,1388,0.07139917695473251,-0.07482964941049443,-0.062069321341436653,257.6511044439708,0.0514848680126521,0.1198213612347954,0.3068298109550006,0.5622823862554795,0.6547199513158828,0.7491168644409265,0.45042120547645703,-0.07559011296207119,-0.06774541741234219
hist_gradient_boosting_regression,hist_gradient_boosting,regression,bbob_train,FE_ratio,FE_ratio=0.4,,,0.4,19440,1376,0.07078189300411522,-0.08176159053440116,-0.06731035034538017,252.55187921031478,0.05312475438932865,0.12653976818965126,0.3346649473129265,0.5874484487931442,0.6535194010770706,0.7296048561831832,0.41754221781730216,-0.08110883852335028,-0.07153368584188988
hist_gradient_boosting_regression,hist_gradient_boosting,regression,bbob_train,FE_ratio,FE_ratio=0.45,,,0.45,19440,911,0.04686213991769547,-0.09574364894010993,-0.0740343803226563,214.80823720368133,0.05405280582958046,0.12712797360458972,0.3725246110316087,0.6203003538427947,0.6714626059336821,0.7649501161705812,0.474702951170946,-0.09591134661362927,-0.08723381420289204
hist_gradient_boosting_regression,hist_gradient_boosting,regression,bbob_train,FE_ratio,FE_ratio=0.5,,,0.5,19440,752,0.03868312757201646,-0.10761678906395437,-0.08153801385084204,216.74610973067038,0.058332423023687935,0.13375936315397038,0.3999877105362385,0.64678539692018,0.670692952207033,0.8008832895383999,0.5219791706712773,-0.10752013146972265,-0.09734611474021734
hist_gradient_boosting_regression,hist_gradient_boosting,regression,bbob_train,FE_ratio,FE_ratio=0.55,,,0.55,19440,784,0.040329218106995884,-0.12055088341199817,-0.09047622006570433,212.50845114181092,0.06367174577316204,0.14317202733311282,0.39626924569497146,0.6440231100098539,0.6775334572641627,0.7825648913081528,0.48815908210877845,-0.1199917964878958,-0.10832832336522198
hist_gradient_boosting_regression,hist_gradient_boosting,regression,bbob_train,FE_ratio,FE_ratio=0.6,,,0.6,19440,624,0.03209876543209877,-0.13902174819174842,-0.10198680721304745,192.65175785948037,0.06845364246404899,0.1483873273064904,0.4112047738535688,0.6568089607740563,0.6917528327067355,0.7671854048109628,0.44269680261844907,-0.13732513313622585,-0.1216663193290601
hist_gradient_boosting_regression,hist_gradient_boosting,regression,bbob_validation,all,all,,,,64800,3745,0.05779320987654321,-0.09152940558707323,-0.07597107961327272,743.0385345915533,0.08129813016637577,0.14400054966169526,-0.16609252962737542,0.12896203008381238,0.3256592262311813,0.5729861374962429,0.06546123334828223,-0.11395640439504556,-0.09194684186495028
hist_gradient_boosting_regression,hist_gradient_boosting,regression,bbob_validation,label_source,label_source=changed_algorithm,changed_algorithm,,,16560,2549,0.15392512077294687,-0.05116247729341551,-0.06176568779918107,607.1864253523988,0.1261901129451074,0.2265917534448431,-0.23507619128071222,0.01366806839019236,0.055231516917177315,0.4733193436900262,0.13578775059657536,-0.11505131909987817,-0.08595157358329795
hist_gradient_boosting_regression,hist_gradient_boosting,regression,bbob_validation,label_source,label_source=same_algorithm,same_algorithm,,,48240,1196,0.024792703150912105,-0.10538670932967216,-0.08462815497687234,135.85210923915443,0.06588744951099029,0.1011387641767588,-0.1538818712535841,0.24861549997268045,0.42109506315567075,0.7219878782092279,0.04424394349434663,-0.1135805381530881,-0.09411296466472702
hist_gradient_boosting_regression,hist_gradient_boosting,regression,bbob_validation,dimension,dimension=10,,10.0,,21600,1470,0.06805555555555555,-0.040708791525251226,-0.036659214049790265,260.3480860696287,0.07445915142883867,0.14374124196105817,-0.4012667129968259,-0.03223754301167414,0.016953825383083567,0.5123537482553876,0.06794321666648873,-0.08655438084041688,-0.06722282692624945
hist_gradient_boosting_regression,hist_gradient_boosting,regression,bbob_validation,dimension,dimension=20,,20.0,,21600,1908,0.08833333333333333,-0.05664202206459035,-0.0679457754312032,392.4289080321196,0.07976993172470617,0.1531022610827632,-0.45170868751152393,-0.017318879536343028,0.11299571215690124,0.5078577493824179,0.08509792129440859,-0.1127011319714498,-0.09373041013471489
hist_gradient_boosting_regression,hist_gradient_boosting,regression,bbob_validation,dimension,dimension=40,,40.0,,21600,367,0.01699074074074074,-0.17723740317137815,-0.16708161511555475,90.26154048980496,0.08966530734558248,0.13456087068479097,-0.6008725073386609,0.007751409205955581,0.13440158905172322,0.642958604742425,0.02222756671360251,-0.14261370037327004,-0.13002313230547213
hist_gradient_boosting_regression,hist_gradient_boosting,regression,bbob_validation,FE_ratio,FE_ratio=0.2,,,0.2,6480,296,0.04567901234567901,-0.07854640971495502,-0.05432046807708305,38.557426800468264,0.06728746059357477,0.10988902794501318,-0.16199761761083664,-0.012063900791051282,0.08489189495723035,0.6621318419810497,0.07866137472754511,-0.0829163007517111,-0.07192070508619942
hist_gradient_boosting_regression,hist_gradient_boosting,regression,bbob_validation,FE_ratio,FE_ratio=0.25,,,0.25,6480,292,0.04506172839506173,-0.08209066348445634,-0.05811985784400571,35.463735190300596,0.06505074615934194,0.10740388996489264,-0.21021819990984247,0.08643349819993724,0.275965491947932,0.5869167345547281,0.04877482307695051,-0.09043847209801764,-0.07382273118779424
hist_gradient_boosting_regression,hist_gradient_boosting,regression,bbob_validation,FE_ratio,FE_ratio=0.28,,,0.28,6480,274,0.042283950617283954,-0.08549062609263769,-0.060059978976886724,32.16164278161452,0.06676427048695337,0.11080467045790503,-0.2757493887830591,0.0699145416020305,0.28666446595186834,0.6243175311859726,0.05499864454895724,-0.09184556674919472,-0.07212259868447163
hist_gradient_boosting_regression,hist_gradient_boosting,regression,bbob_validation,FE_ratio,FE_ratio=0.3,,,0.3,6480,284,0.043827160493827164,-0.08706332924379373,-0.061481761258876125,31.652929735382077,0.06608427314917974,0.10883461458650061,-0.26578586135969884,0.07899436818003744,0.2895871006103017,0.6152254066685457,0.05288822765528067,-0.09334375736137213,-0.07546480440054623
hist_gradient_boosting_regression,hist_gradient_boosting,regression,bbob_validation,FE_ratio,FE_ratio=0.35,,,0.35,6480,256,0.03950617283950617,-0.09341559547051581,-0.06664570006608084,26.439322897806413,0.06754797988226685,0.10963983974815292,-0.27109456546549016,0.11027789562903342,0.2991304742905844,0.6115138978149101,0.04719972153392579,-0.10044234616437553,-0.08087198272458122
hist_gradient_boosting_regression,hist_gradient_boosting,regression,bbob_validation,FE_ratio,FE_ratio=0.4,,,0.4,6480,800,0.12345679012345678,-0.07290554260108724,-0.07056462486829276,174.15917724891835,0.1006421499539465,0.1842592425749936,-0.10412139216918992,0.13433541650063097,0.2637281089395689,0.6117885123239436,0.1527422960295109,-0.10961367707386406,-0.08650420435217408
hist_gradient_boosting_regression,hist_gradient_boosting,regression,bbob_validation,FE_ratio,FE_ratio=0.45,,,0.45,6480,243,0.0375,-0.10186903427734409,-0.07939845101548082,50.56190594132994,0.0769542807023052,0.13392280182983246,-0.2524982804886322,0.10706904042170963,0.2929335632775365,0.6264110832012066,0.04909207810628205,-0.1229797405835006,-0.10600017427538724
hist_gradient_boosting_regression,hist_gradient_boosting,regression,bbob_validation,FE_ratio,FE_ratio=0.5,,,0.5,6480,477,0.07361111111111111,-0.08578559846269349,-0.08202974076197492,151.15391573733473,0.10010057173746689,0.19240711036210612,-0.14985478617902692,0.13444296289649194,0.33145131623708196,0.6244596080715756,0.099028977136737,-0.13655956867978164,-0.11738129863321381
hist_gradient_boosting_regression,hist_gradient_boosting,regression,bbob_validation,FE_ratio,FE_ratio=0.55,,,0.55,6480,376,0.05802469135802469,-0.11228594071878435,-0.09215825578698267,79.68497550744864,0.09487025261749027,0.15404495038355215,-0.23662673072846596,0.11186673731698032,0.2704407155955676,0.5235152742533671,0.05512513023576781,-0.14930789394668384,-0.1332627170462704
hist_gradient_boosting_regression,hist_gradient_boosting,regression,bbob_validation,FE_ratio,FE_ratio=0.6,,,0.6,6480,447,0.06898148148148148,-0.11584131580446465,-0.10228898920926656,123.20350275094972,0.10767931638123225,0.1870019198246522,-0.12144889421835203,0.13358976459069147,0.25517874563158477,0.5269885873779225,0.07143206569938598,-0.16211672054195436,-0.147441955467782
random_forest_regression,random_forest,regression,bbob_train,all,all,,,,194400,11921,0.06132201646090535,-0.08855738467265091,-0.06544428361600368,2511.1122661377594,0.026591110791085976,0.08086893880457216,0.7592380133997398,0.9051878445301204,0.943887224268083,0.9657487328122565,0.8778979619148732,-0.08888476716033669,-0.07145350015663374
random_forest_regression,random_forest,regression,bbob_train,label_source,label_source=changed_algorithm,changed_algorithm,,,74400,8470,0.11384408602150538,-0.05859081542569486,-0.06280283172738645,1678.8603444230114,0.0238466785599073,0.0592578703318739,0.8212614794813191,0.920966825800652,0.9411169003709617,0.9852840075275715,0.9346625992980444,-0.06347873421428628,-0.06736457041842799
random_forest_regression,random_forest,regression,bbob_train,label_source,label_source=same_algorithm,same_algorithm,,,120000,3451,0.028758333333333334,-0.10713665760576366,-0.06743423570665175,832.2519217147483,0.02829265877441675,0.09174598141054942,0.7277830107385119,0.9021449240710121,0.945342468403607,0.9151998030762982,0.7134428046166371,-0.10463650758688794,-0.07486852283388937
random_forest_regression,random_forest,regression,bbob_train,dimension,dimension=10,,10.0,,64800,2405,0.037114197530864194,-0.04022633237538057,-0.03715828153278458,308.0180086184804,0.013679743228536679,0.04631330850553519,0.6169385201782419,0.8533918915031393,0.8282258269445459,0.971034228147779,0.7684406769331051,-0.0446942530235086,-0.042922735162815306
random_forest_regression,random_forest,regression,bbob_train,dimension,dimension=20,,20.0,,64800,3858,0.059537037037037034,-0.07228172978918257,-0.06716881295115272,823.0687800379324,0.02518181411272592,0.07840527419054119,0.6870237789308027,0.8893139128093266,0.8663522078099465,0.9781085225311495,0.9014699867098236,-0.07596363845903484,-0.07301203830376182
random_forest_regression,random_forest,regression,bbob_train,dimension,dimension=40,,40.0,,64800,5658,0.08731481481481482,-0.1531640918533896,-0.14272675969545875,1380.025477481347,0.04091177503199531,0.10642859683614216,0.7710442907662831,0.9110627828821,0.9114624391045509,0.9798298865720418,0.9396924047618943,-0.1459964099984666,-0.14061297389881483
random_forest_regression,random_forest,regression,bbob_train,FE_ratio,FE_ratio=0.2,,,0.2,19440,1637,0.08420781893004116,-0.06196176210011554,-0.05049860667501493,304.44205064313394,0.029723326167492063,0.08495394388802047,0.683375357057297,0.8655225333737433,0.8813518264586775,0.9441672624825471,0.8331621056928129,-0.062109420604238505,-0.054535078166837406
random_forest_regression,random_forest,regression,bbob_train,FE_ratio,FE_ratio=0.25,,,0.25,19440,1530,0.0787037037037037,-0.06684412289960417,-0.05379598025536793,289.0381601639173,0.02458473055413514,0.08071760777049564,0.7396447372711992,0.9079400134133027,0.9271322571113685,0.9665952857971777,0.8901786370443459,-0.0662145325494907,-0.05597936522628309
random_forest_regression,random_forest,regression,bbob_train,FE_ratio,FE_ratio=0.28,,,0.28,19440,1516,0.07798353909465021,-0.06678863875638497,-0.05595944523593056,294.83506110374555,0.023873541013559204,0.07778024819253786,0.7357694408398128,0.90140416645357,0.929594352729286,0.9746735925181608,0.9045502161623562,-0.0674602224702848,-0.05834345375425684
random_forest_regression,random_forest,regression,bbob_train,FE_ratio,FE_ratio=0.3,,,0.3,19440,1403,0.07217078189300412,-0.07045501341769796,-0.05769358257385397,275.8794546370344,0.024164524724720585,0.07663671813386035,0.7447654463137217,0.9085118087270976,0.9305134267142566,0.9741825931498772,0.9118451764253701,-0.0705709229100692,-0.05973185950164944
random_forest_regression,random_forest,regression,bbob_train,FE_ratio,FE_ratio=0.35,,,0.35,19440,1388,0.07139917695473251,-0.07482964941049443,-0.062069321341436653,257.6511044439708,0.023239114528956273,0.06944486286465248,0.7671631967715333,0.9125659874277119,0.9310375566104979,0.9772832853664503,0.9120684935244687,-0.07558462221397401,-0.0641784496604587
random_forest_regression,random_forest,regression,bbob_train,FE_ratio,FE_ratio=0.4,,,0.4,19440,1376,0.07078189300411522,-0.08176159053440116,-0.06731035034538017,252.55187921031478,0.02470018295332021,0.07660732271363835,0.7561476725482966,0.9069642222459172,0.9304578539457882,0.9751818308803841,0.9048382091365608,-0.08193182083955138,-0.06932334536075307
random_forest_regression,random_forest,regression,bbob_train,FE_ratio,FE_ratio=0.45,,,0.45,19440,911,0.04686213991769547,-0.09574364894010993,-0.0740343803226563,214.80823720368133,0.02554777202186255,0.07809653605445237,0.7632020217356976,0.9091950152923999,0.929232910355598,0.9604198930101502,0.8558482697692054,-0.09634268518350254,-0.07839033077381174
random_forest_regression,random_forest,regression,bbob_train,FE_ratio,FE_ratio=0.5,,,0.5,19440,752,0.03868312757201646,-0.10761678906395437,-0.08153801385084204,216.74610973067038,0.027469863005041666,0.08113975634406087,0.7792101220471713,0.9151190989696404,0.9232795552509998,0.9556160740308947,0.8595058310871408,-0.10848571436360037,-0.08596659434230938
random_forest_regression,random_forest,regression,bbob_train,FE_ratio,FE_ratio=0.55,,,0.55,19440,784,0.040329218106995884,-0.12055088341199817,-0.09047622006570433,212.50845114181092,0.029756092082794637,0.08690899932261958,0.7775376866156455,0.9134102283589146,0.9247420420279259,0.9594306258095006,0.8630190099967846,-0.12134836087757733,-0.09504988793855784
random_forest_regression,random_forest,regression,bbob_train,FE_ratio,FE_ratio=0.6,,,0.6,19440,624,0.03209876543209877,-0.13902174819174842,-0.10198680721304745,192.65175785948037,0.03285196085897739,0.09388940426936017,0.764275989185584,0.9040153477790869,0.9236643551567687,0.9504085788963019,0.8295799586779697,-0.13879936959107816,-0.10705201282265903
random_forest_regression,random_forest,regression,bbob_validation,all,all,,,,64800,3745,0.05779320987654321,-0.09152940558707323,-0.07597107961327272,743.0385345915533,0.08167533341917431,0.15126919019341592,-0.2867840744998478,0.11446070653872828,0.35971060351908984,0.5763846666300023,0.07241995200807827,-0.11726917157343882,-0.09574934806519156
random_forest_regression,random_forest,regression,bbob_validation,label_source,label_source=changed_algorithm,changed_algorithm,,,16560,2549,0.15392512077294687,-0.05116247729341551,-0.06176568779918107,607.1864253523988,0.13066517237122835,0.23683002462141686,-0.34920850384068447,-0.01331409703481965,0.07528434878180425,0.4840947561265753,0.14757697375299839,-0.11910572211691492,-0.08758789751487521
random_forest_regression,random_forest,regression,bbob_validation,label_source,label_source=same_algorithm,same_algorithm,,,48240,1196,0.024792703150912105,-0.10538670932967216,-0.08462815497687234,135.85210923915443,0.0648579260177229,0.10715998071159315,-0.29536249425698924,0.24861853762438066,0.4567103605840325,0.7084850686996504,0.05096334217284281,-0.11663871392418583,-0.09847697847545392
random_forest_regression,random_forest,regression,bbob_validation,dimension,dimension=10,,10.0,,21600,1470,0.06805555555555555,-0.040708791525251226,-0.036659214049790265,260.3480860696287,0.07783923485344832,0.15729043308453813,-0.6778867172677374,-0.03852580451543061,0.005451689894562653,0.5273074674479827,0.08188537447785041,-0.08789066371528861,-0.06237773959897544
random_forest_regression,random_forest,regression,bbob_validation,dimension,dimension=20,,20.0,,21600,1908,0.08833333333333333,-0.05664202206459035,-0.0679457754312032,392.4289080321196,0.08200929538152793,0.15980038732486784,-0.5815099253868783,-0.05357790525907696,0.09901203343683253,0.4997189687646783,0.089600413624667,-0.1144822559375334,-0.09722703251698356
random_forest_regression,random_forest,regression,bbob_validation,dimension,dimension=40,,40.0,,21600,367,0.01699074074074074,-0.17723740317137815,-0.16708161511555475,90.26154048980496,0.08517747002254665,0.13553840627739486,-0.6242165017182839,0.040128907364561546,0.18999736740155349,0.6778300345036408,0.03391885158234001,-0.14943459506749446,-0.1357971301966588
random_forest_regression,random_forest,regression,bbob_validation,FE_ratio,FE_ratio=0.2,,,0.2,6480,296,0.04567901234567901,-0.07854640971495502,-0.05432046807708305,38.557426800468264,0.06610275432174403,0.11063444424974969,-0.17781557073203147,0.05879273345889276,0.13762960152395717,0.5088114270480053,0.05406304624945027,-0.08131706684220619,-0.06640448234431182
random_forest_regression,random_forest,regression,bbob_validation,FE_ratio,FE_ratio=0.25,,,0.25,6480,292,0.04506172839506173,-0.08209066348445634,-0.05811985784400571,35.463735190300596,0.06391007824134318,0.10868364970665151,-0.2392304776742371,0.09175517502036547,0.26562765800967547,0.5633545040777111,0.04772615439458394,-0.0909917839600439,-0.07634372750546617
random_forest_regression,random_forest,regression,bbob_validation,FE_ratio,FE_ratio=0.28,,,0.28,6480,274,0.042283950617283954,-0.08549062609263769,-0.060059978976886724,32.16164278161452,0.06655296746520986,0.11903602819817638,-0.47233315265230424,0.05287401421412097,0.28526329453659643,0.6310716495221248,0.0640352540531077,-0.09362176195258544,-0.07416536834430407
random_forest_regression,random_forest,regression,bbob_validation,FE_ratio,FE_ratio=0.3,,,0.3,6480,284,0.043827160493827164,-0.08706332924379373,-0.061481761258876125,31.652929735382077,0.06577442439909793,0.11549002846626766,-0.4253290275526891,0.06017336711330966,0.295169042471239,0.6586552887369407,0.07004793540054467,-0.094541676395363,-0.0773427431661908
random_forest_regression,random_forest,regression,bbob_validation,FE_ratio,FE_ratio=0.35,,,0.35,6480,256,0.03950617283950617,-0.09341559547051581,-0.06664570006608084,26.439322897806413,0.0673022480881467,0.11450710220186303,-0.38645547218142595,0.09383697286609882,0.32028255118053234,0.6649286029884318,0.06053879841454841,-0.10199344153150518,-0.08509344261002821
random_forest_regression,random_forest,regression,bbob_validation,FE_ratio,FE_ratio=0.4,,,0.4,6480,800,0.12345679012345678,-0.07290554260108724,-0.07056462486829276,174.15917724891835,0.09763172251968348,0.1859016669776931,-0.12389264563781532,0.1328507954815222,0.34235620339998546,0.6984344190140844,0.2386799365324036,-0.1103217126689193,-0.09055480703749505
random_forest_regression,random_forest,regression,bbob_validation,FE_ratio,FE_ratio=0.45,,,0.45,6480,243,0.0375,-0.10186903427734409,-0.07939845101548082,50.56190594132994,0.08180274834321222,0.1462684821430589,-0.494065351276604,0.07439106829530644,0.2914623162916343,0.6468321598637099,0.05729020530622472,-0.1300867700920604,-0.10706601999908114
random_forest_regression,random_forest,regression,bbob_validation,FE_ratio,FE_ratio=0.5,,,0.5,6480,477,0.07361111111111111,-0.08578559846269349,-0.08202974076197492,151.15391573733473,0.10246546799666596,0.2051801535765275,-0.30758961844591237,0.08015104974073202,0.35635763442763313,0.571892949402308,0.1095308556404499,-0.14465347845362783,-0.12278669140209375
random_forest_regression,random_forest,regression,bbob_validation,FE_ratio,FE_ratio=0.55,,,0.55,6480,376,0.05802469135802469,-0.11228594071878435,-0.09215825578698267,79.68497550744864,0.09730491809978221,0.16703051198803273,-0.45390262703642903,0.09707422654660378,0.3320359840485889,0.4849536230166476,0.05677747582483697,-0.15665691164058337,-0.13424995654840344
random_forest_regression,random_forest,regression,bbob_validation,FE_ratio,FE_ratio=0.6,,,0.6,6480,447,0.06898148148148148,-0.11584131580446465,-0.10228898920926656,123.20350275094972,0.10790600471685742,0.19544865796549687,-0.22504697473669166,0.13271010926406068,0.3458096034242512,0.5471109494350794,0.08942508496286192,-0.1685071121974936,-0.14749354680837395
extra_trees_regression,extra_trees,regression,bbob_train,all,all,,,,194400,11921,0.06132201646090535,-0.08855738467265091,-0.06544428361600368,2511.1122661377594,0.026204811271807054,0.07654005990244016,0.784323898169406,0.9244553408007787,0.9466370638379952,0.9730520510362206,0.8938876117962451,-0.08855738467265092,-0.07105712566656658
extra_trees_regression,extra_trees,regression,bbob_train,label_source,label_source=changed_algorithm,changed_algorithm,,,74400,8470,0.11384408602150538,-0.05859081542569486,-0.06280283172738645,1678.8603444230114,0.024472603955875496,0.059559024292493185,0.8194401318013419,0.9296901709617519,0.9453488263687592,0.9856910705085768,0.9394472352120714,-0.06407762874475303,-0.06752345140343519
extra_trees_regression,extra_trees,regression,bbob_train,label_source,label_source=same_algorithm,same_algorithm,,,120000,3451,0.028758333333333334,-0.10713665760576366,-0.06743423570665175,832.2519217147483,0.02727877980768462,0.08538890369884272,0.7641998916050865,0.9228370847024489,0.946791750342027,0.9398029513389328,0.7631151860673993,-0.10373483334794761,-0.07401068157710475
extra_trees_regression,extra_trees,regression,bbob_train,dimension,dimension=10,,10.0,,64800,2405,0.037114197530864194,-0.04022633237538057,-0.03715828153278458,308.0180086184804,0.013689959915270875,0.04431779487351526,0.6492375021684684,0.8729486592602272,0.814351949135574,0.971317761448381,0.7728933835806806,-0.04466501294124506,-0.04310158641915908
extra_trees_regression,extra_trees,regression,bbob_train,dimension,dimension=20,,20.0,,64800,3858,0.059537037037037034,-0.07228172978918257,-0.06716881295115272,823.0687800379324,0.02450443576194083,0.07471235627530332,0.7158120538054498,0.9181783816756001,0.8762844411575352,0.98305999216483,0.9166666968396286,-0.07577173623227186,-0.07281109962001225
extra_trees_regression,extra_trees,regression,bbob_train,dimension,dimension=40,,40.0,,64800,5658,0.08731481481481482,-0.1531640918533896,-0.14272675969545875,1380.025477481347,0.040420038138209456,0.10014558995257132,0.7972791290828528,0.9306117262596179,0.9184545549692952,0.985367762060981,0.9515718544073263,-0.1452354048444358,-0.1398889842204072
extra_trees_regression,extra_trees,regression,bbob_train,FE_ratio,FE_ratio=0.2,,,0.2,19440,1637,0.08420781893004116,-0.06196176210011554,-0.05049860667501493,304.44205064313394,0.039486570095122256,0.09486890189473494,0.605156157398147,0.8502926287388791,0.8163562588580852,0.9252432556942093,0.7368948769798233,-0.06197208938947747,-0.056931898103584705
extra_trees_regression,extra_trees,regression,bbob_train,FE_ratio,FE_ratio=0.25,,,0.25,19440,1530,0.0787037037037037,-0.06684412289960417,-0.05379598025536793,289.0381601639173,0.023572929253193507,0.07451025751668712,0.7781487269991115,0.9324274931692165,0.9363191424677803,0.975647409159085,0.9140676687841588,-0.06642955782427205,-0.05589051614917172
extra_trees_regression,extra_trees,regression,bbob_train,FE_ratio,FE_ratio=0.28,,,0.28,19440,1516,0.07798353909465021,-0.06678863875638497,-0.05595944523593056,294.83506110374555,0.022721656650619936,0.07227285418135233,0.7718634830194115,0.9322074625104112,0.9443281343688726,0.9834552469853661,0.9350101120504721,-0.06689839834004943,-0.05796397270340675
extra_trees_regression,extra_trees,regression,bbob_train,FE_ratio,FE_ratio=0.3,,,0.3,19440,1403,0.07217078189300412,-0.07045501341769796,-0.05769358257385397,275.8794546370344,0.022692366223903,0.0712342177510753,0.7794825350905515,0.935720793163947,0.9424321728870514,0.9825782600752845,0.9439141712728519,-0.07031612726109822,-0.059620412375901016
extra_trees_regression,extra_trees,regression,bbob_train,FE_ratio,FE_ratio=0.35,,,0.35,19440,1388,0.07139917695473251,-0.07482964941049443,-0.062069321341436653,257.6511044439708,0.02191538079694032,0.06462607738872145,0.7983552258109964,0.9383749731062112,0.9459174512724638,0.9880757941674738,0.9439083223572883,-0.07521367959700156,-0.06392383448204372
extra_trees_regression,extra_trees,regression,bbob_train,FE_ratio,FE_ratio=0.4,,,0.4,19440,1376,0.07078189300411522,-0.08176159053440116,-0.06731035034538017,252.55187921031478,0.023485131295024185,0.07115546286967064,0.7896207843183943,0.9307437850270607,0.9425545688187126,0.985966603562012,0.9357687520116723,-0.08175382828477779,-0.06932537005483727
extra_trees_regression,extra_trees,regression,bbob_train,FE_ratio,FE_ratio=0.45,,,0.45,19440,911,0.04686213991769547,-0.09574364894010993,-0.0740343803226563,214.80823720368133,0.024013909833817296,0.07205047093816672,0.7984475437498769,0.9318970140954971,0.9394811785396783,0.9731621342495778,0.8956484708083123,-0.09572129380859468,-0.07818046988013158
extra_trees_regression,extra_trees,regression,bbob_train,FE_ratio,FE_ratio=0.5,,,0.5,19440,752,0.03868312757201646,-0.10761678906395437,-0.08153801385084204,216.74610973067038,0.02566920299905218,0.07466847157995468,0.8130238193204474,0.935721272991676,0.9353438718079338,0.9726838590243368,0.8962093905008468,-0.10759618782416902,-0.08642545780841578
extra_trees_regression,extra_trees,regression,bbob_train,FE_ratio,FE_ratio=0.55,,,0.55,19440,784,0.040329218106995884,-0.12055088341199817,-0.09047622006570433,212.50845114181092,0.02777991518111771,0.0797844474009227,0.8125163357119395,0.9344702480256145,0.9341124141659287,0.9701096736400392,0.8955510695891921,-0.12053541925858162,-0.09511922084235047
extra_trees_regression,extra_trees,regression,bbob_train,FE_ratio,FE_ratio=0.6,,,0.6,19440,624,0.03209876543209877,-0.13902174819174842,-0.10198680721304745,192.65175785948037,0.030711050389280126,0.08580444402377997,0.8031251599645584,0.9284509736297963,0.9350251891508522,0.9676979766265482,0.8703240239502318,-0.13913726513848726,-0.10845445617904514
extra_trees_regression,extra_trees,regression,bbob_validation,all,all,,,,64800,3745,0.05779320987654321,-0.09152940558707323,-0.07597107961327272,743.0385345915533,0.0693860186925363,0.12970557539540242,0.05393276316775153,0.2768222470254885,0.4130055687483008,0.688625320753607,0.11217658864985752,-0.09747976902881113,-0.08738798236725762
extra_trees_regression,extra_trees,regression,bbob_validation,label_source,label_source=changed_algorithm,changed_algorithm,,,16560,2549,0.15392512077294687,-0.05116247729341551,-0.06176568779918107,607.1864253523988,0.10334958209127929,0.2034371007538171,0.004443607243472925,0.2057678997540869,0.25198243789974234,0.6418869341549411,0.2784990325080573,-0.08997672957248735,-0.07882671489998835
extra_trees_regression,extra_trees,regression,bbob_validation,label_source,label_source=same_algorithm,same_algorithm,,,48240,1196,0.024792703150912105,-0.10538670932967216,-0.08462815497687234,135.85210923915443,0.0577268849884902,0.09160470111339504,0.05341070447066176,0.35284056141344605,0.4601700978408531,0.7458441915474278,0.06134860860683099,-0.10005543928993718,-0.09073284862187453
extra_trees_regression,extra_trees,regression,bbob_validation,dimension,dimension=10,,10.0,,21600,1470,0.06805555555555555,-0.040708791525251226,-0.036659214049790265,260.3480860696287,0.06107776951871847,0.12855870894881724,-0.12088491478434227,0.05390909846827902,0.08040755489438399,0.650808891862756,0.14370675000398767,-0.06686787119676521,-0.05729720718983621
extra_trees_regression,extra_trees,regression,bbob_validation,dimension,dimension=20,,20.0,,21600,1908,0.08833333333333333,-0.05664202206459035,-0.0679457754312032,392.4289080321196,0.06741124729717686,0.13423322465573465,-0.11592835574925653,0.15178134756278044,0.2309289173762841,0.6642816140045165,0.14321478962601092,-0.09530691942179197,-0.08875344885577019
extra_trees_regression,extra_trees,regression,bbob_validation,dimension,dimension=40,,40.0,,21600,367,0.01699074074074074,-0.17723740317137815,-0.16708161511555475,90.26154048980496,0.07966903926171359,0.12619314013801877,-0.40796112490838143,0.0949642501467103,0.19447322120919566,0.7456092137694769,0.030894288776229635,-0.13026451646787618,-0.12872670693009203
extra_trees_regression,extra_trees,regression,bbob_validation,FE_ratio,FE_ratio=0.2,,,0.2,6480,296,0.04567901234567901,-0.07854640971495502,-0.05432046807708305,38.557426800468264,0.07229284913936848,0.11631010548375331,-0.3017616510219543,0.05044925350701423,0.13446025767377873,0.5771471058704241,0.06828687119605344,-0.08322878211383246,-0.06797088226857922
extra_trees_regression,extra_trees,regression,bbob_validation,FE_ratio,FE_ratio=0.25,,,0.25,6480,292,0.04506172839506173,-0.08209066348445634,-0.05811985784400571,35.463735190300596,0.06071034320719679,0.10252251115749733,-0.10271206960067358,0.16811190958207084,0.3065653164022278,0.6174057610399271,0.05683877420815335,-0.07975490090873402,-0.06815358047665429
extra_trees_regression,extra_trees,regression,bbob_validation,FE_ratio,FE_ratio=0.28,,,0.28,6480,274,0.042283950617283954,-0.08549062609263769,-0.060059978976886724,32.16164278161452,0.061035172040339654,0.10283442629841104,-0.09881934095767875,0.18496225063555904,0.31743817904174554,0.6677550098680111,0.07180252775969143,-0.07767736790210093,-0.06719460138762347
extra_trees_regression,extra_trees,regression,bbob_validation,FE_ratio,FE_ratio=0.3,,,0.3,6480,284,0.043827160493827164,-0.08706332924379373,-0.061481761258876125,31.652929735382077,0.05766037912852909,0.09798666681790255,-0.026030149145908954,0.2146367058280442,0.33405880309930747,0.6979985951863538,0.09787795683227504,-0.08003074133643306,-0.07120631962642693
extra_trees_regression,extra_trees,regression,bbob_validation,FE_ratio,FE_ratio=0.35,,,0.35,6480,256,0.03950617283950617,-0.09341559547051581,-0.06664570006608084,26.439322897806413,0.059046271598690865,0.09838153816406284,-0.023453921475670603,0.22115091606899842,0.3413635233708196,0.6864261578165168,0.06736766959222985,-0.0876602328931535,-0.07799427161951408
extra_trees_regression,extra_trees,regression,bbob_validation,FE_ratio,FE_ratio=0.4,,,0.4,6480,800,0.12345679012345678,-0.07290554260108724,-0.07056462486829276,174.15917724891835,0.08559900851174541,0.16780071294263801,0.08431549639824443,0.3161168282977486,0.4002095182006767,0.7600426936619717,0.34467302907944664,-0.0942591122231069,-0.0826086726464928
extra_trees_regression,extra_trees,regression,bbob_validation,FE_ratio,FE_ratio=0.45,,,0.45,6480,243,0.0375,-0.10186903427734409,-0.07939845101548082,50.56190594132994,0.06285750160930789,0.11681243613365028,0.04710236861529482,0.2717328048368095,0.38708903068254147,0.7671509002098851,0.1358262739673683,-0.10160962480815496,-0.09008953027544656
extra_trees_regression,extra_trees,regression,bbob_validation,FE_ratio,FE_ratio=0.5,,,0.5,6480,477,0.07361111111111111,-0.08578559846269349,-0.08202974076197492,151.15391573733473,0.07689682238049975,0.169834115935431,0.10411836791689089,0.35443838633181957,0.5102211201452663,0.7920770572086423,0.30679406287130584,-0.10963059050167055,-0.10281041361227503
extra_trees_regression,extra_trees,regression,bbob_validation,FE_ratio,FE_ratio=0.55,,,0.55,6480,376,0.05802469135802469,-0.11228594071878435,-0.09215825578698267,79.68497550744864,0.07213667411815568,0.12913691483938822,0.13095050834007516,0.368588408913783,0.48644784383948525,0.6915743251721925,0.12484992758826283,-0.12185181297647478,-0.11706465502220455
extra_trees_regression,extra_trees,regression,bbob_validation,FE_ratio,FE_ratio=0.6,,,0.6,6480,447,0.06898148148148148,-0.11584131580446465,-0.10228898920926656,123.20350275094972,0.08562516519152943,0.16437466224381966,0.13352287146355502,0.3941491875884022,0.510817479399084,0.7498152406358614,0.2644499667974035,-0.13909452462445002,-0.13736369471552584
mlp_regression,mlp,regression,bbob_train,all,all,,,,194400,11921,0.06132201646090535,-0.08855738467265091,-0.06544428361600368,2511.1122661377594,0.06659390652498763,0.15045747960593922,0.16660288111457733,0.40851291486486196,0.5817154037520904,0.700995300736507,0.22074307057577675,-0.09130072605533876,-0.08067191819675104
mlp_regression,mlp,regression,bbob_train,label_source,label_source=changed_algorithm,changed_algorithm,,,74400,8470,0.11384408602150538,-0.05859081542569486,-0.06280283172738645,1678.8603444230114,0.06491489465693648,0.12954680559236031,0.14576079935041952,0.41139559860567165,0.5518676362398662,0.7589535321620314,0.3648841972082338,-0.07899746192061084,-0.07458266656741065
mlp_regression,mlp,regression,bbob_train,label_source,label_source=same_algorithm,same_algorithm,,,120000,3451,0.028758333333333334,-0.10713665760576366,-0.06743423570665175,832.2519217147483,0.06763489388317934,0.1620728284879592,0.15050358991854895,0.3908033132389574,0.5959950198044649,0.5251549400367741,0.03473304564595182,-0.09892874981887004,-0.08515528077576698
mlp_regression,mlp,regression,bbob_train,dimension,dimension=10,,10.0,,64800,2405,0.037114197530864194,-0.04022633237538057,-0.03715828153278458,308.0180086184804,0.03974815425213843,0.08168488916881153,-0.1916269489244844,0.1396803245705269,0.3596906637900978,0.6702563558337258,0.12534044223956517,-0.05973906510366406,-0.05934502231387176
mlp_regression,mlp,regression,bbob_train,dimension,dimension=20,,20.0,,64800,3858,0.059537037037037034,-0.07228172978918257,-0.06716881295115272,823.0687800379324,0.06294523553378659,0.13902222884983012,0.016013181606865934,0.22688186549444544,0.40279011878694265,0.7318768056222678,0.24591374063485602,-0.08800976740495503,-0.08309491877339098
mlp_regression,mlp,regression,bbob_train,dimension,dimension=40,,40.0,,64800,5658,0.08731481481481482,-0.1531640918533896,-0.14272675969545875,1380.025477481347,0.09708832978903782,0.2047260566591837,0.15280955805764618,0.41091554125253366,0.5887080301598488,0.7865862623784523,0.3412064755206351,-0.12615334565739716,-0.12299091511051748
mlp_regression,mlp,regression,bbob_train,FE_ratio,FE_ratio=0.2,,,0.2,19440,1637,0.08420781893004116,-0.06196176210011554,-0.05049860667501493,304.44205064313394,0.06667582158280058,0.14739673930380084,0.04686728827325504,0.21690879465175036,0.34090464179105057,0.6633261860590511,0.15672516589521793,-0.06384158218213952,-0.06579475956652894
mlp_regression,mlp,regression,bbob_train,FE_ratio,FE_ratio=0.25,,,0.25,19440,1530,0.0787037037037037,-0.06684412289960417,-0.05379598025536793,289.0381601639173,0.06380660325502997,0.14852111827385242,0.11853267646275267,0.34532199351845844,0.5260120346097064,0.718110852008773,0.2708289769286851,-0.06911593043834505,-0.06771025865998781
mlp_regression,mlp,regression,bbob_train,FE_ratio,FE_ratio=0.28,,,0.28,19440,1516,0.07798353909465021,-0.06678863875638497,-0.05595944523593056,294.83506110374555,0.0630812263647741,0.14305397234205902,0.10619199835759052,0.32926041085374436,0.5237211486628197,0.6914745283368829,0.253256651226432,-0.0718783133771226,-0.06910969918288663
mlp_regression,mlp,regression,bbob_train,FE_ratio,FE_ratio=0.3,,,0.3,19440,1403,0.07217078189300412,-0.07045501341769796,-0.05769358257385397,275.8794546370344,0.06266877646810999,0.14295240876980297,0.11192707969292848,0.3378971201472974,0.5290389638361966,0.6674412551281004,0.23685045125749116,-0.06973505946834699,-0.06474495363589233
mlp_regression,mlp,regression,bbob_train,FE_ratio,FE_ratio=0.35,,,0.35,19440,1388,0.07139917695473251,-0.07482964941049443,-0.062069321341436653,257.6511044439708,0.06104268142419988,0.13406713269579568,0.13220724286274876,0.36742783697618986,0.5482487901394952,0.6814535466225973,0.2436412623367448,-0.08036896404228194,-0.07388400575932519
mlp_regression,mlp,regression,bbob_train,FE_ratio,FE_ratio=0.4,,,0.4,19440,1376,0.07078189300411522,-0.08176159053440116,-0.06731035034538017,252.55187921031478,0.06248785770422796,0.14185266221065226,0.16389404413038877,0.4065925559140376,0.5709152007278367,0.6688830942823449,0.22570926885370612,-0.08752804439505243,-0.07854135895111053
mlp_regression,mlp,regression,bbob_train,FE_ratio,FE_ratio=0.45,,,0.45,19440,911,0.04686213991769547,-0.09574364894010993,-0.0740343803226563,214.80823720368133,0.06357398531355367,0.14639534982704536,0.16791247467309978,0.41004622716830036,0.5742969418736057,0.6774511773427347,0.21063103187826043,-0.09793810303048361,-0.08771003575647573
mlp_regression,mlp,regression,bbob_train,FE_ratio,FE_ratio=0.5,,,0.5,19440,752,0.03868312757201646,-0.10761678906395437,-0.08153801385084204,216.74610973067038,0.06835749425677314,0.15732106424453443,0.16998581934145685,0.41257981403723276,0.5853628994653476,0.6949673160385093,0.18959647319548792,-0.10966605319046989,-0.09956491743002918
mlp_regression,mlp,regression,bbob_train,FE_ratio,FE_ratio=0.55,,,0.55,19440,784,0.040329218106995884,-0.12055088341199817,-0.09047622006570433,212.50845114181092,0.07448820953663772,0.16616105780347856,0.18682232525791542,0.43329329831915037,0.5872553818205571,0.6873010433804739,0.1900196677780917,-0.12435366685372379,-0.11690094065197283
mlp_regression,mlp,regression,bbob_train,FE_ratio,FE_ratio=0.6,,,0.6,19440,624,0.03209876543209877,-0.13902174819174842,-0.10198680721304745,192.65175785948037,0.07975640934376921,0.17263601450788907,0.20304562772285428,0.45281084800423793,0.5942708618928674,0.6737912462661346,0.16823409773619513,-0.1385815435754217,-0.13212362903630406
mlp_regression,mlp,regression,bbob_validation,all,all,,,,64800,3745,0.05779320987654321,-0.09152940558707323,-0.07597107961327272,743.0385345915533,0.09291613370634912,4.573650736162517,-1175.3341558372124,0.004233616778827053,0.35366608217222084,0.6357419993507573,0.08557506506511071,-0.11104296097816513,-0.0857360121010545
mlp_regression,mlp,regression,bbob_validation,label_source,label_source=changed_algorithm,changed_algorithm,,,16560,2549,0.15392512077294687,-0.05116247729341551,-0.06176568779918107,607.1864253523988,0.10444079584917185,0.20969646772405068,-0.05776155794022264,0.08185434142109006,0.2447845378703163,0.5630765257326397,0.19705713307234346,-0.0850111740809926,-0.07675242055880857
mlp_regression,mlp,regression,bbob_validation,label_source,label_source=same_algorithm,same_algorithm,,,48240,1196,0.024792703150912105,-0.10538670932967216,-0.08462815497687234,135.85210923915443,0.08895990640358907,5.299442275750455,-3167.0089276188223,0.0053371111766140214,0.38378422402362194,0.723889046161581,0.04606760931341345,-0.11997924603241839,-0.08954653947798025
mlp_regression,mlp,regression,bbob_validation,dimension,dimension=10,,10.0,,21600,1470,0.06805555555555555,-0.040708791525251226,-0.036659214049790265,260.3480860696287,0.06721700174181532,0.13327594269727547,-0.20465183295814326,0.021620873415987268,0.15618117812296162,0.5805262393084407,0.09332480859305718,-0.06845333565126024,-0.06413175242399097
mlp_regression,mlp,regression,bbob_validation,dimension,dimension=20,,20.0,,21600,1908,0.08833333333333333,-0.05664202206459035,-0.0679457754312032,392.4289080321196,0.07385534947277174,0.14055553061948772,-0.2235230195443536,0.07528490666730425,0.28038810872318015,0.6142572024268068,0.12193278795306818,-0.09354432566010848,-0.08991860827635942
mlp_regression,mlp,regression,bbob_validation,dimension,dimension=40,,40.0,,21600,367,0.01699074074074074,-0.17723740317137815,-0.16708161511555475,90.26154048980496,0.13767604990446028,7.919427052199561,-5544.065680314222,-0.0010292782892312898,0.23601657153079608,0.6873441692927992,0.028649726511710535,-0.17113122162312663,-0.12387955230724144
mlp_regression,mlp,regression,bbob_validation,FE_ratio,FE_ratio=0.2,,,0.2,6480,296,0.04567901234567901,-0.07854640971495502,-0.05432046807708305,38.557426800468264,0.058831487684801,0.10231273342330285,-0.007293309532287129,0.13466311761508393,0.24645285423326835,0.6651723278906332,0.06572576944188875,-0.07127670919534927,-0.07054869822109461
mlp_regression,mlp,regression,bbob_validation,FE_ratio,FE_ratio=0.25,,,0.25,6480,292,0.04506172839506173,-0.08209066348445634,-0.05811985784400571,35.463735190300596,0.06343545247780748,0.10238875308707515,-0.09983659533149059,0.12875984559389447,0.23204310749263826,0.6744007402750352,0.06768711309191731,-0.07696456316616922,-0.07321649446569709
mlp_regression,mlp,regression,bbob_validation,FE_ratio,FE_ratio=0.28,,,0.28,6480,274,0.042283950617283954,-0.08549062609263769,-0.060059978976886724,32.16164278161452,0.06394855832379662,0.10356998598440952,-0.11459494988426733,0.15992176833261543,0.275349991849765,0.7051352470295994,0.07660921546209405,-0.07607241223569322,-0.07451394041989749
mlp_regression,mlp,regression,bbob_validation,FE_ratio,FE_ratio=0.3,,,0.3,6480,284,0.043827160493827164,-0.08706332924379373,-0.061481761258876125,31.652929735382077,0.06641895853419272,0.1051953547995881,-0.1825493631398798,0.1791521451412308,0.2825885019191203,0.7332462333718255,0.08523342754521937,-0.07067808745822991,-0.0662073542567819
mlp_regression,mlp,regression,bbob_validation,FE_ratio,FE_ratio=0.35,,,0.35,6480,256,0.03950617283950617,-0.09341559547051581,-0.06664570006608084,26.439322897806413,0.0644348772322135,0.10411859416362575,-0.14629835391058177,0.1742247618736949,0.3192645676863763,0.6793103058724294,0.06272547582007529,-0.08217126185844828,-0.07849697426382259
mlp_regression,mlp,regression,bbob_validation,FE_ratio,FE_ratio=0.4,,,0.4,6480,800,0.12345679012345678,-0.07290554260108724,-0.07056462486829276,174.15917724891835,0.08896697804515376,0.1762160016722542,-0.009831577449222806,0.1712348662261866,0.36450900238753586,0.6315644806338029,0.16953336756270856,-0.0876523176612219,-0.08542162355228552
mlp_regression,mlp,regression,bbob_validation,FE_ratio,FE_ratio=0.45,,,0.45,6480,243,0.0375,-0.10186903427734409,-0.07939845101548082,50.56190594132994,0.25034898546629575,14.457361591264128,-14595.413950872078,0.005372261980349737,0.3502908645062161,0.6488458957594759,0.05498348824705951,-0.27740592877790665,-0.09612681263075548
mlp_regression,mlp,regression,bbob_validation,FE_ratio,FE_ratio=0.5,,,0.5,6480,477,0.07361111111111111,-0.08578559846269349,-0.08202974076197492,151.15391573733473,0.08804676229430311,0.18012239557217435,-0.0077114457733789,0.18947346193561515,0.375088843058799,0.6615116620585584,0.11755976130210755,-0.10890401402988686,-0.11030439017949444
mlp_regression,mlp,regression,bbob_validation,FE_ratio,FE_ratio=0.55,,,0.55,6480,376,0.05802469135802469,-0.11228594071878435,-0.09215825578698267,79.68497550744864,0.0851540462511268,0.1404726234173289,-0.02831715983258465,0.20996419381915932,0.3517896803339743,0.6346357289255737,0.09309667094645988,-0.12364696543176662,-0.12828371056660012
mlp_regression,mlp,regression,bbob_validation,FE_ratio,FE_ratio=0.6,,,0.6,6480,447,0.06898148148148148,-0.11584131580446465,-0.10228898920926656,123.20350275094972,0.09957523075380052,0.17519369389419157,0.015707227819558023,0.22733799469578417,0.3553478542848705,0.667819164616978,0.11514778261407924,-0.1356573499669793,-0.14345699421577432
softmax_logistic_classifier,softmax_logistic,classification,bbob_train,all,all,,,,194400,11921,0.06132201646090535,-0.08855738467265091,-0.06544428361600368,2511.1122661377594,,,,0.10816361419495658,0.16339045772821087,0.8043442362403836,0.1954332122639792,0.37736294972862344,0.36328155924246697
softmax_logistic_classifier,softmax_logistic,classification,bbob_train,label_source,label_source=changed_algorithm,changed_algorithm,,,74400,8470,0.11384408602150538,-0.05859081542569486,-0.06280283172738645,1678.8603444230114,,,,0.26300237751772193,0.27124680164709775,0.8443048125708799,0.3421170622704097,0.37446543973608915,0.34353241200939894
softmax_logistic_classifier,softmax_logistic,classification,bbob_train,label_source,label_source=same_algorithm,same_algorithm,,,120000,3451,0.028758333333333334,-0.10713665760576366,-0.06743423570665175,832.2519217147483,,,,0.02649148695707967,0.09630271948681964,0.7098140369990598,0.056057484563239536,0.37915940592399466,0.3711946577452937
softmax_logistic_classifier,softmax_logistic,classification,bbob_train,dimension,dimension=10,,10.0,,64800,2405,0.037114197530864194,-0.04022633237538057,-0.03715828153278458,308.0180086184804,,,,0.08506734983728297,0.39425712433141635,0.8110082918513081,0.14156201336432164,0.35154222313902006,0.32335260425104134
softmax_logistic_classifier,softmax_logistic,classification,bbob_train,dimension,dimension=20,,20.0,,64800,3858,0.059537037037037034,-0.07228172978918257,-0.06716881295115272,823.0687800379324,,,,0.11362191593591399,0.35705319547506303,0.8099976515245977,0.2123512931535156,0.3778716583002677,0.36161459968988563
softmax_logistic_classifier,softmax_logistic,classification,bbob_train,dimension,dimension=40,,40.0,,64800,5658,0.08731481481481482,-0.1531640918533896,-0.14272675969545875,1380.025477481347,,,,0.192034216405612,0.39518925598571664,0.7859058807472126,0.22538255354638795,0.4026749677465825,0.40431787783515016
softmax_logistic_classifier,softmax_logistic,classification,bbob_train,FE_ratio,FE_ratio=0.2,,,0.2,19440,1637,0.08420781893004116,-0.06196176210011554,-0.05049860667501493,304.44205064313394,,,,0.08412154262931394,0.014462434325293597,0.663135097209118,0.16338019419259742,0.47258116621769464,0.4667110748255665
softmax_logistic_classifier,softmax_logistic,classification,bbob_train,FE_ratio,FE_ratio=0.25,,,0.25,19440,1530,0.0787037037037037,-0.06684412289960417,-0.05379598025536793,289.0381601639173,,,,0.07988126548908385,0.06557547383590392,0.7721841962171059,0.20639898308826699,0.5267094482695928,0.5535590442463606
softmax_logistic_classifier,softmax_logistic,classification,bbob_train,FE_ratio,FE_ratio=0.28,,,0.28,19440,1516,0.07798353909465021,-0.06678863875638497,-0.05595944523593056,294.83506110374555,,,,0.0916974743715898,0.08316222789933606,0.7721262201178944,0.20427097204459768,0.4937265129987143,0.5008258116889813
softmax_logistic_classifier,softmax_logistic,classification,bbob_train,FE_ratio,FE_ratio=0.3,,,0.3,19440,1403,0.07217078189300412,-0.07045501341769796,-0.05769358257385397,275.8794546370344,,,,0.11141025673824388,0.15097358619192847,0.8107796632968479,0.23207935294947285,0.47487188956276194,0.4583194398768582
softmax_logistic_classifier,softmax_logistic,classification,bbob_train,FE_ratio,FE_ratio=0.35,,,0.35,19440,1388,0.07139917695473251,-0.07482964941049443,-0.062069321341436653,257.6511044439708,,,,0.12437794705491807,0.1289250988439703,0.8322673819021706,0.24471026214088093,0.38300097415860423,0.334274948898592
softmax_logistic_classifier,softmax_logistic,classification,bbob_train,FE_ratio,FE_ratio=0.4,,,0.4,19440,1376,0.07078189300411522,-0.08176159053440116,-0.06731035034538017,252.55187921031478,,,,0.11127747372639571,0.12736970173386766,0.8335752997739305,0.23180731039573924,0.3376756216333341,0.2688324093682226
softmax_logistic_classifier,softmax_logistic,classification,bbob_train,FE_ratio,FE_ratio=0.45,,,0.45,19440,911,0.04686213991769547,-0.09574364894010993,-0.0740343803226563,214.80823720368133,,,,0.06185371979517241,0.02179712626474683,0.8495502259222926,0.2098942896385787,0.3028474568659046,0.2188139324483511
softmax_logistic_classifier,softmax_logistic,classification,bbob_train,FE_ratio,FE_ratio=0.5,,,0.5,19440,752,0.03868312757201646,-0.10761678906395437,-0.08153801385084204,216.74610973067038,,,,0.03195571567104681,-0.024594071292725027,0.8547917596455115,0.1843306323115849,0.2795632225482177,0.19567565612237983
softmax_logistic_classifier,softmax_logistic,classification,bbob_train,FE_ratio,FE_ratio=0.55,,,0.55,19440,784,0.040329218106995884,-0.12055088341199817,-0.09047622006570433,212.50845114181092,,,,-0.002111030636961017,-0.05728321714373242,0.8354243833575453,0.16655376525328697,0.25984679849638537,0.1772336934783789
softmax_logistic_classifier,softmax_logistic,classification,bbob_train,FE_ratio,FE_ratio=0.6,,,0.6,19440,624,0.03209876543209877,-0.13902174819174842,-0.10198680721304745,192.65175785948037,,,,-0.03697683997468123,-0.09955425118509988,0.819894484236002,0.11119361487269915,0.24280640653502483,0.160130922244559
softmax_logistic_classifier,softmax_logistic,classification,bbob_validation,all,all,,,,64800,3745,0.05779320987654321,-0.09152940558707323,-0.07597107961327272,743.0385345915533,,,,0.16060799161486036,0.09123984657986212,0.8117948108465314,0.1761930310399025,0.3902027820469274,0.3536216491577153
softmax_logistic_classifier,softmax_logistic,classification,bbob_validation,label_source,label_source=changed_algorithm,changed_algorithm,,,16560,2549,0.15392512077294687,-0.05116247729341551,-0.06176568779918107,607.1864253523988,,,,0.3948780748446725,0.32522731079762024,0.8620522030566187,0.5928747079277082,0.3896697161246958,0.373712773713178
softmax_logistic_classifier,softmax_logistic,classification,bbob_validation,label_source,label_source=same_algorithm,same_algorithm,,,48240,1196,0.024792703150912105,-0.10538670932967216,-0.08462815497687234,135.85210923915443,,,,0.008828219649690761,0.01952512485875227,0.7725503150967471,0.050709946366334524,0.39038577482620085,0.3467643343636241
softmax_logistic_classifier,softmax_logistic,classification,bbob_validation,dimension,dimension=10,,10.0,,21600,1470,0.06805555555555555,-0.040708791525251226,-0.036659214049790265,260.3480860696287,,,,0.17710072602793436,0.14642267579006193,0.8164021614607095,0.20418594338779633,0.38409188501225006,0.3557150294658884
softmax_logistic_classifier,softmax_logistic,classification,bbob_validation,dimension,dimension=20,,20.0,,21600,1908,0.08833333333333333,-0.05664202206459035,-0.0679457754312032,392.4289080321196,,,,0.32083516624633385,0.3108441157042756,0.824158125276001,0.28167709417864395,0.3864657946751529,0.34898970474474306
softmax_logistic_classifier,softmax_logistic,classification,bbob_validation,dimension,dimension=40,,40.0,,21600,367,0.01699074074074074,-0.17723740317137815,-0.16708161511555475,90.26154048980496,,,,0.06329091724075442,0.0826463561371973,0.8181274302981414,0.07400564997667511,0.40005066645337894,0.3558093202018422
softmax_logistic_classifier,softmax_logistic,classification,bbob_validation,FE_ratio,FE_ratio=0.2,,,0.2,6480,296,0.04567901234567901,-0.07854640971495502,-0.05432046807708305,38.557426800468264,,,,-0.0110497661705009,-0.11191907505472086,0.7018728584664873,0.07089182156140644,0.45943244400441025,0.46393215212697536
softmax_logistic_classifier,softmax_logistic,classification,bbob_validation,FE_ratio,FE_ratio=0.25,,,0.25,6480,292,0.04506172839506173,-0.08209066348445634,-0.05811985784400571,35.463735190300596,,,,-0.06368587603553068,-0.11926548087072374,0.7148408098750565,0.0775143164663155,0.48458485566210385,0.5077374237937871
softmax_logistic_classifier,softmax_logistic,classification,bbob_validation,FE_ratio,FE_ratio=0.28,,,0.28,6480,274,0.042283950617283954,-0.08549062609263769,-0.060059978976886724,32.16164278161452,,,,-0.06180863232864398,-0.10415830122816314,0.7389275977332979,0.0783790732929167,0.459478590041575,0.44087495444754876
softmax_logistic_classifier,softmax_logistic,classification,bbob_validation,FE_ratio,FE_ratio=0.3,,,0.3,6480,284,0.043827160493827164,-0.08706332924379373,-0.061481761258876125,31.652929735382077,,,,0.01092402501381256,-0.04309569630205589,0.7756543294628975,0.08384685110919898,0.46105337194559676,0.3765701979016992
softmax_logistic_classifier,softmax_logistic,classification,bbob_validation,FE_ratio,FE_ratio=0.35,,,0.35,6480,256,0.03950617283950617,-0.09341559547051581,-0.06664570006608084,26.439322897806413,,,,0.016271270064018722,-0.04007692200520605,0.7870905466741644,0.08034037108823973,0.3991759115263926,0.2868438591045288
softmax_logistic_classifier,softmax_logistic,classification,bbob_validation,FE_ratio,FE_ratio=0.4,,,0.4,6480,800,0.12345679012345678,-0.07290554260108724,-0.07056462486829276,174.15917724891835,,,,0.31775275352705323,0.1408247686674615,0.863106073943662,0.4358239161768008,0.37242362534171203,0.24432769481835778
softmax_logistic_classifier,softmax_logistic,classification,bbob_validation,FE_ratio,FE_ratio=0.45,,,0.45,6480,243,0.0375,-0.10186903427734409,-0.07939845101548082,50.56190594132994,,,,0.09543644106017887,-0.04053118907874281,0.8064952879767695,0.09650095062593658,0.3476279738309805,0.1994127962948719
softmax_logistic_classifier,softmax_logistic,classification,bbob_validation,FE_ratio,FE_ratio=0.5,,,0.5,6480,477,0.07361111111111111,-0.08578559846269349,-0.08202974076197492,151.15391573733473,,,,0.2937861304402931,0.052200593837598196,0.8934718524734837,0.5137307123985047,0.3265651947202925,0.18677113095979983
softmax_logistic_classifier,softmax_logistic,classification,bbob_validation,FE_ratio,FE_ratio=0.55,,,0.55,6480,376,0.05802469135802469,-0.11228594071878435,-0.09215825578698267,79.68497550744864,,,,0.17449840952004586,0.03088437991014525,0.8294896440422743,0.20473690266457986,0.3070140928250182,0.1736885582829027
softmax_logistic_classifier,softmax_logistic,classification,bbob_validation,FE_ratio,FE_ratio=0.6,,,0.6,6480,447,0.06898148148148148,-0.11584131580446465,-0.10228898920926656,123.20350275094972,,,,0.26929328124708973,0.06455740932855746,0.8711453152330341,0.3511517640079673,0.284671760571192,0.1616928259755665
lda_classifier,lda,classification,bbob_train,all,all,,,,194400,11921,0.06132201646090535,-0.08855738467265091,-0.06544428361600368,2511.1122661377594,,,,0.12182226866275325,0.13266617378121037,0.800112169904256,0.19669029682443476,0.06438436113729425,0.030736770539125713
lda_classifier,lda,classification,bbob_train,label_source,label_source=changed_algorithm,changed_algorithm,,,74400,8470,0.11384408602150538,-0.05859081542569486,-0.06280283172738645,1678.8603444230114,,,,0.23288601283002816,0.2557636119593741,0.8423252506907349,0.33348172354157185,0.07966229608282689,0.030452790686594733
lda_classifier,lda,classification,bbob_train,label_source,label_source=same_algorithm,same_algorithm,,,120000,3451,0.028758333333333334,-0.10713665760576366,-0.06743423570665175,832.2519217147483,,,,0.014367777362859447,0.05117435902826905,0.6845162874487055,0.051693720409896844,0.054912041471064,0.03084641455636762
lda_classifier,lda,classification,bbob_train,dimension,dimension=10,,10.0,,64800,2405,0.037114197530864194,-0.04022633237538057,-0.03715828153278458,308.0180086184804,,,,0.08271992801277817,0.3543913771593875,0.8103835616392714,0.15098198280293854,0.059377445479768906,0.02678112261845877
lda_classifier,lda,classification,bbob_train,dimension,dimension=20,,20.0,,64800,3858,0.059537037037037034,-0.07228172978918257,-0.06716881295115272,823.0687800379324,,,,0.1448200608926604,0.31505518286659073,0.8116739132716744,0.22345930996397567,0.06471331757421749,0.030718481165080042
lda_classifier,lda,classification,bbob_train,dimension,dimension=40,,40.0,,64800,5658,0.08731481481481482,-0.1531640918533896,-0.14272675969545875,1380.025477481347,,,,0.17593040818388486,0.3433366988542274,0.7734737833856719,0.21811969940012266,0.06906232035789635,0.03611072291757757
lda_classifier,lda,classification,bbob_train,FE_ratio,FE_ratio=0.2,,,0.2,19440,1637,0.08420781893004116,-0.06196176210011554,-0.05049860667501493,304.44205064313394,,,,0.09118977336436453,-0.02131577259551604,0.6573446486938379,0.16290191151775252,0.04904152355153532,0.0454240036577056
lda_classifier,lda,classification,bbob_train,FE_ratio,FE_ratio=0.25,,,0.25,19440,1530,0.0787037037037037,-0.06684412289960417,-0.05379598025536793,289.0381601639173,,,,0.1425674043399944,0.09635288128254463,0.7826981311787696,0.2211543983420122,0.09499622244824008,0.05423142530465862
lda_classifier,lda,classification,bbob_train,FE_ratio,FE_ratio=0.28,,,0.28,19440,1516,0.07798353909465021,-0.06678863875638497,-0.05595944523593056,294.83506110374555,,,,0.14280143827537112,0.10219605098377049,0.7977401211447455,0.23321007964673243,0.0808353578000197,0.043972462039942595
lda_classifier,lda,classification,bbob_train,FE_ratio,FE_ratio=0.3,,,0.3,19440,1403,0.07217078189300412,-0.07045501341769796,-0.05769358257385397,275.8794546370344,,,,0.14822116179154704,0.13867113883435822,0.802991048217944,0.22885400901849248,0.07843668564631684,0.03675096589052154
lda_classifier,lda,classification,bbob_train,FE_ratio,FE_ratio=0.35,,,0.35,19440,1388,0.07139917695473251,-0.07482964941049443,-0.062069321341436653,257.6511044439708,,,,0.15607504742987727,0.11297793742564807,0.8207961981109966,0.237828086235125,0.06649899511101832,0.02746232567187541
lda_classifier,lda,classification,bbob_train,FE_ratio,FE_ratio=0.4,,,0.4,19440,1376,0.07078189300411522,-0.08176159053440116,-0.06731035034538017,252.55187921031478,,,,0.1400981747297041,0.1177773076294884,0.8256911472387585,0.2311632439693296,0.060290642976700955,0.02309466458602567
lda_classifier,lda,classification,bbob_train,FE_ratio,FE_ratio=0.45,,,0.45,19440,911,0.04686213991769547,-0.09574364894010993,-0.0740343803226563,214.80823720368133,,,,0.10889828263191854,0.00788529319924993,0.8409353741567125,0.20261377609688805,0.05627579156819193,0.01973609880556297
lda_classifier,lda,classification,bbob_train,FE_ratio,FE_ratio=0.5,,,0.5,19440,752,0.03868312757201646,-0.10761678906395437,-0.08153801385084204,216.74610973067038,,,,0.09922862449058917,-0.037378858804727494,0.8396549697382324,0.17817861603398005,0.05436279420245641,0.01812244768768346
lda_classifier,lda,classification,bbob_train,FE_ratio,FE_ratio=0.55,,,0.55,19440,784,0.040329218106995884,-0.12055088341199817,-0.09047622006570433,212.50845114181092,,,,0.07327710850691611,-0.06851033601753616,0.8232349060979453,0.16622303300700927,0.052167078264111474,0.017078416927638312
lda_classifier,lda,classification,bbob_train,FE_ratio,FE_ratio=0.6,,,0.6,19440,624,0.03209876543209877,-0.13902174819174842,-0.10198680721304745,192.65175785948037,,,,0.048122452557405035,-0.09683754641317718,0.8052514124640241,0.11019601180622025,0.05093851980435145,0.01615959188457714
lda_classifier,lda,classification,bbob_validation,all,all,,,,64800,3745,0.05779320987654321,-0.09152940558707323,-0.07597107961327272,743.0385345915533,,,,0.29213689053056086,0.08869290427226452,0.815528571439505,0.17429424829841753,0.08997262348680879,0.02786665622656401
lda_classifier,lda,classification,bbob_validation,label_source,label_source=changed_algorithm,changed_algorithm,,,16560,2549,0.15392512077294687,-0.05116247729341551,-0.06176568779918107,607.1864253523988,,,,0.6458251327202714,0.3636662186027659,0.8808069286142628,0.6195813632597614,0.09334247700684983,0.028592853745501568
lda_classifier,lda,classification,bbob_validation,label_source,label_source=same_algorithm,same_algorithm,,,48240,1196,0.024792703150912105,-0.10538670932967216,-0.08462815497687234,135.85210923915443,,,,0.028770298305067367,0.004256557937585445,0.7672567402209958,0.04727920042346843,0.088815808099332,0.02763115873530462
lda_classifier,lda,classification,bbob_validation,dimension,dimension=10,,10.0,,21600,1470,0.06805555555555555,-0.040708791525251226,-0.036659214049790265,260.3480860696287,,,,0.3427547920104154,0.1439152966500741,0.8256754226777647,0.2018736018344531,0.08655230861203812,0.028133085450514028
lda_classifier,lda,classification,bbob_validation,dimension,dimension=20,,20.0,,21600,1908,0.08833333333333333,-0.05664202206459035,-0.0679457754312032,392.4289080321196,,,,0.49110147287622374,0.2896340463094735,0.8244437875781798,0.27890923497231657,0.08967533226146,0.02714663917713951
lda_classifier,lda,classification,bbob_validation,dimension,dimension=40,,40.0,,21600,367,0.01699074074074074,-0.17723740317137815,-0.16708161511555475,90.26154048980496,,,,0.14908289933293048,0.05721937731839589,0.8067295638081229,0.06967503911915102,0.09369022958692824,0.028387612039939242
lda_classifier,lda,classification,bbob_validation,FE_ratio,FE_ratio=0.2,,,0.2,6480,296,0.04567901234567901,-0.07854640971495502,-0.05432046807708305,38.557426800468264,,,,-0.005178910802475514,-0.13250278219256834,0.6633339961889445,0.06166274763151236,0.04503048411754795,0.04519089515549204
lda_classifier,lda,classification,bbob_validation,FE_ratio,FE_ratio=0.25,,,0.25,6480,292,0.04506172839506173,-0.08209066348445634,-0.05811985784400571,35.463735190300596,,,,0.037092687694652945,-0.07657545222446425,0.7803653336993386,0.0892008849660964,0.09879387515656897,0.04198810648978938
lda_classifier,lda,classification,bbob_validation,FE_ratio,FE_ratio=0.28,,,0.28,6480,274,0.042283950617283954,-0.08549062609263769,-0.060059978976886724,32.16164278161452,,,,0.04184965374385138,-0.08482970559155675,0.7723835657040162,0.0810617271277663,0.09857854702417554,0.03467943838698008
lda_classifier,lda,classification,bbob_validation,FE_ratio,FE_ratio=0.3,,,0.3,6480,284,0.043827160493827164,-0.08706332924379373,-0.061481761258876125,31.652929735382077,,,,0.05620393565168409,-0.02690631554047517,0.7659450895170896,0.08066894146390981,0.10967946296638285,0.029187641579943923
lda_classifier,lda,classification,bbob_validation,FE_ratio,FE_ratio=0.35,,,0.35,6480,256,0.03950617283950617,-0.09341559547051581,-0.06664570006608084,26.439322897806413,,,,0.05617370865597026,-0.011736694156004816,0.7782788901831619,0.07763477080793015,0.09837572975007045,0.023286472364266633
lda_classifier,lda,classification,bbob_validation,FE_ratio,FE_ratio=0.4,,,0.4,6480,800,0.12345679012345678,-0.07290554260108724,-0.07056462486829276,174.15917724891835,,,,0.5068509832553725,0.1547846206376678,0.8519447623239437,0.4269228151628276,0.09528085144528338,0.0215020721305474
lda_classifier,lda,classification,bbob_validation,FE_ratio,FE_ratio=0.45,,,0.45,6480,243,0.0375,-0.10186903427734409,-0.07939845101548082,50.56190594132994,,,,0.23186373023566567,-0.017471117590964518,0.8059766784046619,0.09720572119837771,0.09224499302360045,0.01976616375109627
lda_classifier,lda,classification,bbob_validation,FE_ratio,FE_ratio=0.5,,,0.5,6480,477,0.07361111111111111,-0.08578559846269349,-0.08202974076197492,151.15391573733473,,,,0.59447175705865,0.07131045278209198,0.8922163656117434,0.5222493230336215,0.08971137688772533,0.018568298617715296
lda_classifier,lda,classification,bbob_validation,FE_ratio,FE_ratio=0.55,,,0.55,6480,376,0.05802469135802469,-0.11228594071878435,-0.09215825578698267,79.68497550744864,,,,0.3191928673318831,0.04816082950851422,0.8232328469646691,0.20239181867605957,0.08741495696737944,0.017252412326659784
lda_classifier,lda,classification,bbob_validation,FE_ratio,FE_ratio=0.6,,,0.6,6480,447,0.06898148148148148,-0.11584131580446465,-0.10228898920926656,123.20350275094972,,,,0.4846946367885261,0.08051910675737584,0.8674260248721516,0.35764001004745477,0.08461595752935344,0.01602825645416044
linear_svm_classifier,linear_svm,classification,bbob_train,all,all,,,,194400,11921,0.06132201646090535,-0.08855738467265091,-0.06544428361600368,2511.1122661377594,,,,0.06887586196979371,0.16491291988984702,0.8016944735472924,0.1931358984610754,-0.25421725657186417,-0.20811449986921854
linear_svm_classifier,linear_svm,classification,bbob_train,label_source,label_source=changed_algorithm,changed_algorithm,,,74400,8470,0.11384408602150538,-0.05859081542569486,-0.06280283172738645,1678.8603444230114,,,,0.12923200304222027,0.27046006189517446,0.8432365012371356,0.34171858745125927,-0.27329960659984276,-0.23461910930907792
linear_svm_classifier,linear_svm,classification,bbob_train,label_source,label_source=same_algorithm,same_algorithm,,,120000,3451,0.028758333333333334,-0.10713665760576366,-0.06743423570665175,832.2519217147483,,,,0.028697001665284414,0.09973766686774566,0.7038650838736351,0.054812658483390425,-0.2423861995545174,-0.19610196023308027
linear_svm_classifier,linear_svm,classification,bbob_train,dimension,dimension=10,,10.0,,64800,2405,0.037114197530864194,-0.04022633237538057,-0.03715828153278458,308.0180086184804,,,,0.09266814282324395,0.3942909824910672,0.8079567852786862,0.14139250139744305,-0.3119058975741978,-0.2639598793269309
linear_svm_classifier,linear_svm,classification,bbob_train,dimension,dimension=20,,20.0,,64800,3858,0.059537037037037034,-0.07228172978918257,-0.06716881295115272,823.0687800379324,,,,0.11707687402672316,0.354224431785458,0.8094087463083265,0.2124377532971109,-0.24998591803777004,-0.2108623074257563
linear_svm_classifier,linear_svm,classification,bbob_train,dimension,dimension=40,,40.0,,64800,5658,0.08731481481481482,-0.1531640918533896,-0.14272675969545875,1380.025477481347,,,,0.08098161530725512,0.38907988295905166,0.7826944602023618,0.21980075060120546,-0.2007599541036246,-0.143528804107469
linear_svm_classifier,linear_svm,classification,bbob_train,FE_ratio,FE_ratio=0.2,,,0.2,19440,1637,0.08420781893004116,-0.06196176210011554,-0.05049860667501493,304.44205064313394,,,,0.07746349563270183,0.014773818371127045,0.6775206666073967,0.1704083548697843,-0.04976390783436612,-0.05413024750359337
linear_svm_classifier,linear_svm,classification,bbob_train,FE_ratio,FE_ratio=0.25,,,0.25,19440,1530,0.0787037037037037,-0.06684412289960417,-0.05379598025536793,289.0381601639173,,,,0.08426501626631272,0.0818312625477218,0.7657623265200366,0.20240777115082204,0.06265794130352491,0.09339110989424398
linear_svm_classifier,linear_svm,classification,bbob_train,FE_ratio,FE_ratio=0.28,,,0.28,19440,1516,0.07798353909465021,-0.06678863875638497,-0.05595944523593056,294.83506110374555,,,,0.08533517911177177,0.10072650734691568,0.7689671768634382,0.19996163386166124,0.010255731996890852,0.028673666787668584
linear_svm_classifier,linear_svm,classification,bbob_train,FE_ratio,FE_ratio=0.3,,,0.3,19440,1403,0.07217078189300412,-0.07045501341769796,-0.05769358257385397,275.8794546370344,,,,0.12131037315603442,0.15852611892943141,0.8076520540991392,0.2278996866302005,-0.022657198204527513,-0.04797107030690986
linear_svm_classifier,linear_svm,classification,bbob_train,FE_ratio,FE_ratio=0.35,,,0.35,19440,1388,0.07139917695473251,-0.07482964941049443,-0.062069321341436653,257.6511044439708,,,,0.12768151266768615,0.13165201468493645,0.8287276558082926,0.2424930627300632,-0.21456489711083787,-0.2522536449355708
linear_svm_classifier,linear_svm,classification,bbob_train,FE_ratio,FE_ratio=0.4,,,0.4,19440,1376,0.07078189300411522,-0.08176159053440116,-0.06731035034538017,252.55187921031478,,,,0.110699935682831,0.12939228514106427,0.8313938602668549,0.22979802885799935,-0.3184679698266104,-0.3711290831906394
linear_svm_classifier,linear_svm,classification,bbob_train,FE_ratio,FE_ratio=0.45,,,0.45,19440,911,0.04686213991769547,-0.09574364894010993,-0.0740343803226563,214.80823720368133,,,,0.05830950180168611,0.022223803906832245,0.8480123630925006,0.207809111914629,-0.40632185793624503,-0.4742699219312008
linear_svm_classifier,linear_svm,classification,bbob_train,FE_ratio,FE_ratio=0.5,,,0.5,19440,752,0.03868312757201646,-0.10761678906395437,-0.08153801385084204,216.74610973067038,,,,0.010151451642065438,-0.025406388698758473,0.8518202316653306,0.18095235775801563,-0.4880017776811388,-0.5269140310274452
linear_svm_classifier,linear_svm,classification,bbob_train,FE_ratio,FE_ratio=0.55,,,0.55,19440,784,0.040329218106995884,-0.12055088341199817,-0.09047622006570433,212.50845114181092,,,,-0.01671059337848866,-0.058417035966303696,0.8341276784620366,0.16391320027785716,-0.5316125354503893,-0.571672117869222
linear_svm_classifier,linear_svm,classification,bbob_train,FE_ratio,FE_ratio=0.6,,,0.6,19440,624,0.03209876543209877,-0.13902174819174842,-0.10198680721304745,192.65175785948037,,,,-0.05153125053056229,-0.09872501997604438,0.8177009235184459,0.10950191161532724,-0.5836960949749423,-0.6128651503622173
linear_svm_classifier,linear_svm,classification,bbob_validation,all,all,,,,64800,3745,0.05779320987654321,-0.09152940558707323,-0.07597107961327272,743.0385345915533,,,,0.002101639982646935,0.0902687489984449,0.8128307303303649,0.1745385852494857,-1.0836431395236452,-0.23259592085227235
linear_svm_classifier,linear_svm,classification,bbob_validation,label_source,label_source=changed_algorithm,changed_algorithm,,,16560,2549,0.15392512077294687,-0.05116247729341551,-0.06176568779918107,607.1864253523988,,,,0.33359292109776406,0.33078992237945143,0.864793813995667,0.5933639192552226,-0.23595058550338022,-0.20957762840676064
linear_svm_classifier,linear_svm,classification,bbob_validation,label_source,label_source=same_algorithm,same_algorithm,,,48240,1196,0.024792703150912105,-0.10538670932967216,-0.08462815497687234,135.85210923915443,,,,0.001992041719078844,0.016929227468460505,0.7740974328736294,0.05084125264806472,-1.3746420759783629,-0.24382730466941918
linear_svm_classifier,linear_svm,classification,bbob_validation,dimension,dimension=10,,10.0,,21600,1470,0.06805555555555555,-0.040708791525251226,-0.036659214049790265,260.3480860696287,,,,0.18745605419836875,0.145945363491487,0.8180111925545182,0.20323375800865132,-0.24478895293821645,-0.2372140183329627
linear_svm_classifier,linear_svm,classification,bbob_validation,dimension,dimension=20,,20.0,,21600,1908,0.08833333333333333,-0.05664202206459035,-0.0679457754312032,392.4289080321196,,,,0.36141293557609544,0.3082498140591072,0.8251038210666485,0.2780989648292338,-0.2274356431081105,-0.23915456407948946
linear_svm_classifier,linear_svm,classification,bbob_validation,dimension,dimension=40,,40.0,,21600,367,0.01699074074074074,-0.17723740317137815,-0.16708161511555475,90.26154048980496,,,,-0.0018303544359331242,0.0775899963685026,0.8165275608850602,0.0710576225924302,-2.778704822524609,-0.22073235053602336
linear_svm_classifier,linear_svm,classification,bbob_validation,FE_ratio,FE_ratio=0.2,,,0.2,6480,296,0.04567901234567901,-0.07854640971495502,-0.05432046807708305,38.557426800468264,,,,-0.020396856164973998,-0.10536830972385122,0.7133322479983218,0.07277725484192543,-0.07248085774852105,-0.05993511691114292
linear_svm_classifier,linear_svm,classification,bbob_validation,FE_ratio,FE_ratio=0.25,,,0.25,6480,292,0.04506172839506173,-0.08209066348445634,-0.05811985784400571,35.463735190300596,,,,-0.05734273537587607,-0.10558279045108897,0.724893961799683,0.07983336811375415,-0.01809111251094848,0.01965118313026845
linear_svm_classifier,linear_svm,classification,bbob_validation,FE_ratio,FE_ratio=0.28,,,0.28,6480,274,0.042283950617283954,-0.08549062609263769,-0.060059978976886724,32.16164278161452,,,,-0.05492640490970444,-0.09193141146914996,0.7493166490634211,0.08054832791317841,-0.0570384457686581,-0.07553485532699529
linear_svm_classifier,linear_svm,classification,bbob_validation,FE_ratio,FE_ratio=0.3,,,0.3,6480,284,0.043827160493827164,-0.08706332924379373,-0.061481761258876125,31.652929735382077,,,,0.00524751962666455,-0.04046831053843313,0.7732794442575401,0.08292054462856166,-0.04696767056433173,-0.18719061923448232
linear_svm_classifier,linear_svm,classification,bbob_validation,FE_ratio,FE_ratio=0.35,,,0.35,6480,256,0.03950617283950617,-0.09341559547051581,-0.06664570006608084,26.439322897806413,,,,0.006679764657817729,-0.04187588994133868,0.7850972545790489,0.07941390995827131,-0.1827479160335515,-0.3532314493137948
linear_svm_classifier,linear_svm,classification,bbob_validation,FE_ratio,FE_ratio=0.4,,,0.4,6480,800,0.12345679012345678,-0.07290554260108724,-0.07056462486829276,174.15917724891835,,,,0.2135655491207498,0.13898169770063057,0.8617011443661972,0.429355369150636,-0.2592414858077958,-0.42961699191754066
linear_svm_classifier,linear_svm,classification,bbob_validation,FE_ratio,FE_ratio=0.45,,,0.45,6480,243,0.0375,-0.10186903427734409,-0.07939845101548082,50.56190594132994,,,,0.004702563746434301,-0.04173971237948737,0.8045171817462627,0.09494773128250991,-8.961046264805145,-0.5220791081455307
linear_svm_classifier,linear_svm,classification,bbob_validation,FE_ratio,FE_ratio=0.5,,,0.5,6480,477,0.07361111111111111,-0.08578559846269349,-0.08202974076197492,151.15391573733473,,,,0.3369953597865273,0.05056479856620837,0.8924119351924317,0.5057086195945759,-0.3621729407445922,-0.5480918343109935
linear_svm_classifier,linear_svm,classification,bbob_validation,FE_ratio,FE_ratio=0.55,,,0.55,6480,376,0.05802469135802469,-0.11228594071878435,-0.09215825578698267,79.68497550744864,,,,0.18609940277215217,0.0302022585542014,0.8277720748166533,0.20382741037641738,-0.4088487670056366,-0.5807693080357357
linear_svm_classifier,linear_svm,classification,bbob_validation,FE_ratio,FE_ratio=0.6,,,0.6,6480,447,0.06898148148148148,-0.11584131580446465,-0.10228898920926656,123.20350275094972,,,,0.26861164211875366,0.06306822788662322,0.8692912323013879,0.34541042240530206,-0.4677959342472724,-0.6154475819529773
mlp_classifier,mlp_classifier,classification,bbob_train,all,all,,,,194400,11921,0.06132201646090535,-0.08855738467265091,-0.06544428361600368,2511.1122661377594,,,,0.17010050406217778,0.20197457629052878,0.8983085442447136,0.383907687676109,0.05743792254725337,0.01341972402134046
mlp_classifier,mlp_classifier,classification,bbob_train,label_source,label_source=changed_algorithm,changed_algorithm,,,74400,8470,0.11384408602150538,-0.05859081542569486,-0.06280283172738645,1678.8603444230114,,,,0.3672269166064323,0.34531038210391546,0.9139483810868061,0.5199407760973846,0.07928377483417057,0.011551361385700228
mlp_classifier,mlp_classifier,classification,bbob_train,label_source,label_source=same_algorithm,same_algorithm,,,120000,3451,0.028758333333333334,-0.10713665760576366,-0.06743423570665175,832.2519217147483,,,,-0.0327786056963398,0.09929762734943039,0.8279611771245242,0.09874056430536735,0.04389349412936472,0.014447528933482256
mlp_classifier,mlp_classifier,classification,bbob_train,dimension,dimension=10,,10.0,,64800,2405,0.037114197530864194,-0.04022633237538057,-0.03715828153278458,308.0180086184804,,,,0.07920173296296543,0.28117454984377127,0.8782587961913229,0.214335948906763,0.04625229591911155,0.013569133158584296
mlp_classifier,mlp_classifier,classification,bbob_train,dimension,dimension=20,,20.0,,64800,3858,0.059537037037037034,-0.07228172978918257,-0.06716881295115272,823.0687800379324,,,,0.11706656681391026,0.2523283492095183,0.886231869855809,0.31726910662132307,0.05505699163235653,0.013181686473818496
mlp_classifier,mlp_classifier,classification,bbob_train,dimension,dimension=40,,40.0,,64800,5658,0.08731481481481482,-0.1531640918533896,-0.14272675969545875,1380.025477481347,,,,0.28505325780080376,0.3848040413764743,0.9106952347758764,0.49454066125487706,0.07100448009029205,0.013489687638458165
mlp_classifier,mlp_classifier,classification,bbob_train,FE_ratio,FE_ratio=0.2,,,0.2,19440,1637,0.08420781893004116,-0.06196176210011554,-0.05049860667501493,304.44205064313394,,,,0.12267616815823602,0.19990358273484884,0.7709767021550697,0.2087847600215566,0.06864634777129684,0.046790177240927475
mlp_classifier,mlp_classifier,classification,bbob_train,FE_ratio,FE_ratio=0.25,,,0.25,19440,1530,0.0787037037037037,-0.06684412289960417,-0.05379598025536793,289.0381601639173,,,,0.14668399526045245,0.12948593715529913,0.904523488904216,0.43686422487310805,0.07618002657200358,0.017814391453610943
mlp_classifier,mlp_classifier,classification,bbob_train,FE_ratio,FE_ratio=0.28,,,0.28,19440,1516,0.07798353909465021,-0.06678863875638497,-0.05595944523593056,294.83506110374555,,,,0.16867974803452288,0.18540699297039556,0.902011770306642,0.43920230752030787,0.07820619850250483,0.020411310786693018
mlp_classifier,mlp_classifier,classification,bbob_train,FE_ratio,FE_ratio=0.3,,,0.3,19440,1403,0.07217078189300412,-0.07045501341769796,-0.05769358257385397,275.8794546370344,,,,0.17731397241508354,0.19905970946647614,0.897690029811612,0.41475080711805495,0.07122039758378793,0.02332864219444477
mlp_classifier,mlp_classifier,classification,bbob_train,FE_ratio,FE_ratio=0.35,,,0.35,19440,1388,0.07139917695473251,-0.07482964941049443,-0.062069321341436653,257.6511044439708,,,,0.17025203155537214,0.17130198004450337,0.9039179801419019,0.4394652061242165,0.06359743992960123,0.01247774770329441
mlp_classifier,mlp_classifier,classification,bbob_train,FE_ratio,FE_ratio=0.4,,,0.4,19440,1376,0.07078189300411522,-0.08176159053440116,-0.06731035034538017,252.55187921031478,,,,0.18173069334165023,0.18612872856393,0.9086744385595402,0.44891512839924597,0.05768607646540272,0.009791424972160678
mlp_classifier,mlp_classifier,classification,bbob_train,FE_ratio,FE_ratio=0.45,,,0.45,19440,911,0.04686213991769547,-0.09574364894010993,-0.0740343803226563,214.80823720368133,,,,0.1379748680487573,0.0844160214374592,0.9035450347836386,0.337816831881613,0.04851987994837243,0.0071419785847790275
mlp_classifier,mlp_classifier,classification,bbob_train,FE_ratio,FE_ratio=0.5,,,0.5,19440,752,0.03868312757201646,-0.10761678906395437,-0.08153801385084204,216.74610973067038,,,,0.14451229266642046,0.0810998794276333,0.9216118603814486,0.3403017014181195,0.04100562110661774,0.00515666143727191
mlp_classifier,mlp_classifier,classification,bbob_train,FE_ratio,FE_ratio=0.55,,,0.55,19440,784,0.040329218106995884,-0.12055088341199817,-0.09047622006570433,212.50845114181092,,,,0.16080599714243612,0.09354073078669857,0.9201484530883537,0.3551702077252223,0.036915037035415835,0.0038662517206200157
mlp_classifier,mlp_classifier,classification,bbob_train,FE_ratio,FE_ratio=0.6,,,0.6,19440,624,0.03209876543209877,-0.13902174819174842,-0.10198680721304745,192.65175785948037,,,,0.1464390691928654,0.06880619679962717,0.9136450804280044,0.3145278665875936,0.032402200557530556,0.00268414419855322
mlp_classifier,mlp_classifier,classification,bbob_validation,all,all,,,,64800,3745,0.05779320987654321,-0.09152940558707323,-0.07597107961327272,743.0385345915533,,,,0.1726120969092031,0.15278650862218005,0.8160066231950248,0.14472862790159083,0.0676329878407804,0.009683498190328349
mlp_classifier,mlp_classifier,classification,bbob_validation,label_source,label_source=changed_algorithm,changed_algorithm,,,16560,2549,0.15392512077294687,-0.05116247729341551,-0.06176568779918107,607.1864253523988,,,,0.4304328549054528,0.38686929915266455,0.8816985667736992,0.4664150502786359,0.06316454601983915,0.009897702908019232
mlp_classifier,mlp_classifier,classification,bbob_validation,label_source,label_source=same_algorithm,same_algorithm,,,48240,1196,0.024792703150912105,-0.10538670932967216,-0.08462815497687234,135.85210923915443,,,,0.027542029365923572,0.08536497531873405,0.773329419210195,0.0495342365284989,0.06916693055543187,0.009621967275545215
mlp_classifier,mlp_classifier,classification,bbob_validation,dimension,dimension=10,,10.0,,21600,1470,0.06805555555555555,-0.040708791525251226,-0.036659214049790265,260.3480860696287,,,,0.17566043850513197,0.15331092239496322,0.8202773131110369,0.17442463042567735,0.06832326434648402,0.017774625250303308
mlp_classifier,mlp_classifier,classification,bbob_validation,dimension,dimension=20,,20.0,,21600,1908,0.08833333333333333,-0.05664202206459035,-0.0679457754312032,392.4289080321196,,,,0.2888724076303179,0.2990524565353137,0.8238245287703166,0.21637342105558008,0.06919215344444202,0.007975780874539302
mlp_classifier,mlp_classifier,classification,bbob_validation,dimension,dimension=40,,40.0,,21600,367,0.01699074074074074,-0.17723740317137815,-0.16708161511555475,90.26154048980496,,,,0.07857393509048853,0.04827875510783169,0.7887410104393822,0.0428284851004227,0.06538354573141515,0.006723766701365033
mlp_classifier,mlp_classifier,classification,bbob_validation,FE_ratio,FE_ratio=0.2,,,0.2,6480,296,0.04567901234567901,-0.07854640971495502,-0.05432046807708305,38.557426800468264,,,,0.06354044822065888,0.18606766262600105,0.7599215280934234,0.08353693804801725,0.06150502741907488,0.03180756942511206
mlp_classifier,mlp_classifier,classification,bbob_validation,FE_ratio,FE_ratio=0.25,,,0.25,6480,292,0.04506172839506173,-0.08209066348445634,-0.05811985784400571,35.463735190300596,,,,0.02144704140593257,-0.036099505503025126,0.7815076241244655,0.08985618520339382,0.06757518545114224,0.011827515852822398
mlp_classifier,mlp_classifier,classification,bbob_validation,FE_ratio,FE_ratio=0.28,,,0.28,6480,274,0.042283950617283954,-0.08549062609263769,-0.060059978976886724,32.16164278161452,,,,0.02859616231950786,-0.0025990742038098638,0.7758802994982488,0.08355900700375693,0.08094136241300284,0.011643441487889369
mlp_classifier,mlp_classifier,classification,bbob_validation,FE_ratio,FE_ratio=0.3,,,0.3,6480,284,0.043827160493827164,-0.08706332924379373,-0.061481761258876125,31.652929735382077,,,,0.05541707357800097,0.040652780816578915,0.7919551687140272,0.09143182325916663,0.09267776129538771,0.012933627836258628
mlp_classifier,mlp_classifier,classification,bbob_validation,FE_ratio,FE_ratio=0.35,,,0.35,6480,256,0.03950617283950617,-0.09341559547051581,-0.06664570006608084,26.439322897806413,,,,0.022421349865982473,0.02827518890615168,0.7813460244617609,0.07901359447780132,0.07061299206647356,0.009421482429400673
mlp_classifier,mlp_classifier,classification,bbob_validation,FE_ratio,FE_ratio=0.4,,,0.4,6480,800,0.12345679012345678,-0.07290554260108724,-0.07056462486829276,174.15917724891835,,,,0.2889390734245077,0.21091034561884364,0.8503430897887325,0.3161528763831285,0.0699690179451767,0.008629124578725396
mlp_classifier,mlp_classifier,classification,bbob_validation,FE_ratio,FE_ratio=0.45,,,0.45,6480,243,0.0375,-0.10186903427734409,-0.07939845101548082,50.56190594132994,,,,0.14637000396957844,0.051497740607796286,0.8053393032816901,0.08959551234765065,0.06532963997664822,0.006999870369555921
mlp_classifier,mlp_classifier,classification,bbob_validation,FE_ratio,FE_ratio=0.5,,,0.5,6480,477,0.07361111111111111,-0.08578559846269349,-0.08202974076197492,151.15391573733473,,,,0.33400757513464535,0.1413929424775917,0.8855607137032462,0.3004106001572588,0.061092833783761014,0.006808719560605688
mlp_classifier,mlp_classifier,classification,bbob_validation,FE_ratio,FE_ratio=0.55,,,0.55,6480,376,0.05802469135802469,-0.11228594071878435,-0.09215825578698267,79.68497550744864,,,,0.21687350236924366,0.11373956759028829,0.8254048618276122,0.16555025396686396,0.0563430103014751,0.0039841439072248325
mlp_classifier,mlp_classifier,classification,bbob_validation,FE_ratio,FE_ratio=0.6,,,0.6,6480,447,0.06898148148148148,-0.11584131580446465,-0.10228898920926656,123.20350275094972,,,,0.30013596838224194,0.15431090469981487,0.8621923195727006,0.24774452095788535,0.05028304775566168,0.0019620247222996317
lightgbm_regression,lightgbm,regression,bbob_train,all,all,,,,194400,11921,0.06132201646090535,-0.08855738467265091,-0.06544428361600368,2511.1122661377594,0.0561223067544443,0.12835936783027202,0.39343189679375346,0.6464823837020599,0.6808475621321597,0.7806575071646334,0.47351015533655183,-0.08855738467256108,-0.07587131338173275
lightgbm_regression,lightgbm,regression,bbob_train,label_source,label_source=changed_algorithm,changed_algorithm,,,74400,8470,0.11384408602150538,-0.05859081542569486,-0.06280283172738645,1678.8603444230114,0.05292534434649186,0.10287370011260714,0.4613151006340924,0.6887747480882982,0.6660469257606683,0.8546837304278392,0.628665146296138,-0.06930524415622069,-0.07069580004517778
lightgbm_regression,lightgbm,regression,bbob_train,label_source,label_source=same_algorithm,same_algorithm,,,120000,3451,0.028758333333333334,-0.10713665760576366,-0.06743423570665175,832.2519217147483,0.058104423447374806,0.14187976379118591,0.34899842618809274,0.6218899811420916,0.6888786385281436,0.5758384688912686,0.09432920305051759,-0.1004937117926921,-0.08038396143058943
lightgbm_regression,lightgbm,regression,bbob_train,dimension,dimension=10,,10.0,,64800,2405,0.037114197530864194,-0.04022633237538057,-0.03715828153278458,308.0180086184804,0.03313397663526105,0.07463009879279378,0.005316529129023917,0.2808849990962604,0.4168294653934972,0.7732450075378194,0.31035043005827045,-0.05763416407459356,-0.05588352790555403
lightgbm_regression,lightgbm,regression,bbob_train,dimension,dimension=20,,20.0,,64800,3858,0.059537037037037034,-0.07228172978918257,-0.06716881295115272,823.0687800379324,0.05137526789765394,0.1240748425897852,0.21623069253282,0.47437565772053164,0.47380544932128066,0.7440356589041253,0.43765592095336936,-0.08245013505109475,-0.0788173443734734
lightgbm_regression,lightgbm,regression,bbob_train,dimension,dimension=40,,40.0,,64800,5658,0.08731481481481482,-0.1531640918533896,-0.14272675969545875,1380.025477481347,0.0838576757304179,0.1687132588739222,0.4246485215074822,0.686689749732804,0.6707131464510802,0.8763750957055159,0.6430905328317367,-0.12558785489199492,-0.11886581431481388
lightgbm_regression,lightgbm,regression,bbob_train,FE_ratio,FE_ratio=0.2,,,0.2,19440,1637,0.08420781893004116,-0.06196176210011554,-0.05049860667501493,304.44205064313394,0.059944497993681026,0.134678979703736,0.2042488815643393,0.4743529829952825,0.4452403463930376,0.7378320683461921,0.456350675542886,-0.06356819205601932,-0.06562072428894228
lightgbm_regression,lightgbm,regression,bbob_train,FE_ratio,FE_ratio=0.25,,,0.25,19440,1530,0.0787037037037037,-0.06684412289960417,-0.05379598025536793,289.0381601639173,0.05283533999173988,0.12626766031863662,0.3628905265204986,0.6446348766435754,0.645782814011494,0.7663874017874412,0.5210325864215968,-0.06725953515506566,-0.06184273589361215
lightgbm_regression,lightgbm,regression,bbob_train,FE_ratio,FE_ratio=0.28,,,0.28,19440,1516,0.07798353909465021,-0.06678863875638497,-0.05595944523593056,294.83506110374555,0.05156746404718908,0.12259447896946613,0.3435733280747868,0.614497508844685,0.6567067911720105,0.7730891873280265,0.4980918360911329,-0.06778532144383753,-0.06361018004714022
lightgbm_regression,lightgbm,regression,bbob_train,FE_ratio,FE_ratio=0.3,,,0.3,19440,1403,0.07217078189300412,-0.07045501341769796,-0.05769358257385397,275.8794546370344,0.051858631585635605,0.12248819004660286,0.34799022505051014,0.622166176157746,0.6456625451024048,0.7533084068777448,0.4669431525309806,-0.0702894758527015,-0.0650915259476206
lightgbm_regression,lightgbm,regression,bbob_train,FE_ratio,FE_ratio=0.35,,,0.35,19440,1388,0.07139917695473251,-0.07482964941049443,-0.062069321341436653,257.6511044439708,0.05098853926887171,0.11708655568649512,0.33811057879958173,0.5962983421872677,0.6549537174665514,0.7453633786735853,0.45059984250304574,-0.07510751573721788,-0.06685682997898626
lightgbm_regression,lightgbm,regression,bbob_train,FE_ratio,FE_ratio=0.4,,,0.4,19440,1376,0.07078189300411522,-0.08176159053440116,-0.06731035034538017,252.55187921031478,0.05259247696774594,0.12323035636641873,0.36901106391800953,0.6207879092091108,0.6493329844578923,0.7235641572213525,0.4195031501921098,-0.08112481340866853,-0.07150336701172455
lightgbm_regression,lightgbm,regression,bbob_train,FE_ratio,FE_ratio=0.45,,,0.45,19440,911,0.04686213991769547,-0.09574364894010993,-0.0740343803226563,214.80823720368133,0.053649260569910255,0.12442922501943252,0.3988826821158168,0.6453736390405974,0.6692651728207706,0.7676221669073175,0.4786232967244556,-0.09573144624787192,-0.086156555940611
lightgbm_regression,lightgbm,regression,bbob_train,FE_ratio,FE_ratio=0.5,,,0.5,19440,752,0.03868312757201646,-0.10761678906395437,-0.08153801385084204,216.74610973067038,0.058004747505058456,0.13085066482719043,0.4257994183789249,0.6725544364647987,0.6730765465209851,0.805763896162744,0.5225020153084947,-0.10769390375008499,-0.09806853453607647
lightgbm_regression,lightgbm,regression,bbob_train,FE_ratio,FE_ratio=0.55,,,0.55,19440,784,0.040329218106995884,-0.12055088341199817,-0.09047622006570433,212.50845114181092,0.0627350093867222,0.13850179494661977,0.43501391233613773,0.6795209178885636,0.680262791455871,0.7955964815171351,0.5115638423920859,-0.12000771760141672,-0.10824124694967252
lightgbm_regression,lightgbm,regression,bbob_train,FE_ratio,FE_ratio=0.6,,,0.6,19440,624,0.03209876543209877,-0.13902174819174842,-0.10198680721304745,192.65175785948037,0.06704710022788885,0.1412950902402137,0.4661431774151156,0.7064869131427018,0.6954517611863708,0.779566524125676,0.47159691456729086,-0.1370059254727267,-0.12268365407160145
lightgbm_regression,lightgbm,regression,bbob_validation,all,all,,,,64800,3745,0.05779320987654321,-0.09152940558707323,-0.07597107961327272,743.0385345915533,0.07816248982520008,0.13969768057020102,-0.09744585982097553,0.14714299740328438,0.3259509526622855,0.583107106803284,0.06817085832763056,-0.11016037155949228,-0.0916971986874873
lightgbm_regression,lightgbm,regression,bbob_validation,label_source,label_source=changed_algorithm,changed_algorithm,,,16560,2549,0.15392512077294687,-0.05116247729341551,-0.06176568779918107,607.1864253523988,0.12064264943889352,0.22133582037161123,-0.17844402507952317,0.01483967363864021,0.06551637669174015,0.4839987294632232,0.141393062095275,-0.1089636020902963,-0.0847294911906745
lightgbm_regression,lightgbm,regression,bbob_validation,label_source,label_source=same_algorithm,same_algorithm,,,48240,1196,0.024792703150912105,-0.10538670932967216,-0.08462815497687234,135.85210923915443,0.06357974846527546,0.09694052895878823,-0.06007559210568236,0.2725901445163307,0.4159525773564453,0.7267769442483079,0.04579546513326836,-0.11057120286981328,-0.09377050550463295
lightgbm_regression,lightgbm,regression,bbob_validation,dimension,dimension=10,,10.0,,21600,1470,0.06805555555555555,-0.040708791525251226,-0.036659214049790265,260.3480860696287,0.07344592596302418,0.14240219336948698,-0.375280790223796,-0.03681373834743368,0.01801045896970274,0.5327730128315609,0.07272001350541389,-0.08519689283425677,-0.06609104111920774
lightgbm_regression,lightgbm,regression,bbob_validation,dimension,dimension=20,,20.0,,21600,1908,0.08833333333333333,-0.05664202206459035,-0.0679457754312032,392.4289080321196,0.07559215591941514,0.14751110644635354,-0.34761460081306894,-0.004572582054776419,0.1234015269237461,0.5188158383338211,0.08689642282624363,-0.10781203202816168,-0.09286558044878146
lightgbm_regression,lightgbm,regression,bbob_validation,dimension,dimension=40,,40.0,,21600,367,0.01699074074074074,-0.17723740317137815,-0.16708161511555475,90.26154048980496,0.08544938759316092,0.12848507566489406,-0.4595686894489335,0.03239424388117155,0.1358428641071705,0.6314796347416128,0.025997397646075827,-0.1374721898160584,-0.12957689542842693
lightgbm_regression,lightgbm,regression,bbob_validation,FE_ratio,FE_ratio=0.2,,,0.2,6480,296,0.04567901234567901,-0.07854640971495502,-0.05432046807708305,38.557426800468264,0.06882520824672449,0.11171999425410337,-0.20104252209943452,-0.007659905150277305,0.09122125932000326,0.6679475805041782,0.08709691245963512,-0.08433783419664724,-0.07110532114906434
lightgbm_regression,lightgbm,regression,bbob_validation,FE_ratio,FE_ratio=0.25,,,0.25,6480,292,0.04506172839506173,-0.08209066348445634,-0.05811985784400571,35.463735190300596,0.06412660497258794,0.10566955846552964,-0.1714491547929775,0.09649383244936588,0.26768890724639954,0.5917263638859126,0.04907687219078484,-0.088901759882222,-0.07284985583601092
lightgbm_regression,lightgbm,regression,bbob_validation,FE_ratio,FE_ratio=0.28,,,0.28,6480,274,0.042283950617283954,-0.08549062609263769,-0.060059978976886724,32.16164278161452,0.06568515976011718,0.10914370438082018,-0.23778899087740468,0.07631696615418483,0.26977611074470736,0.6390428029385267,0.05546114197809985,-0.08946250492961548,-0.07138610429741696
lightgbm_regression,lightgbm,regression,bbob_validation,FE_ratio,FE_ratio=0.3,,,0.3,6480,284,0.043827160493827164,-0.08706332924379373,-0.061481761258876125,31.652929735382077,0.0631146585589403,0.10409851722801831,-0.15801781343267884,0.10148813335461886,0.28772007930897836,0.625913810818429,0.05613855400916276,-0.08927669397131584,-0.07395256609000889
lightgbm_regression,lightgbm,regression,bbob_validation,FE_ratio,FE_ratio=0.35,,,0.35,6480,256,0.03950617283950617,-0.09341559547051581,-0.06664570006608084,26.439322897806413,0.06614598845522257,0.10683076530263905,-0.20679570774389244,0.11223197059429871,0.28650851205955086,0.6117216370099614,0.046905785499868756,-0.09783491449435114,-0.07960704180896161
lightgbm_regression,lightgbm,regression,bbob_validation,FE_ratio,FE_ratio=0.4,,,0.4,6480,800,0.12345679012345678,-0.07290554260108724,-0.07056462486829276,174.15917724891835,0.0969183586991256,0.17987019595263826,-0.05214761899264997,0.15077114470981148,0.2579851002555962,0.6154008582746479,0.1648555493338236,-0.10538308309137802,-0.08545250806993779
lightgbm_regression,lightgbm,regression,bbob_validation,FE_ratio,FE_ratio=0.45,,,0.45,6480,243,0.0375,-0.10186903427734409,-0.07939845101548082,50.56190594132994,0.07165156870083624,0.12685778376575538,-0.12383440824672554,0.13696314516103053,0.2984985461804567,0.6403686746622275,0.055240895093722514,-0.11765749919649436,-0.10357513070656005
lightgbm_regression,lightgbm,regression,bbob_validation,FE_ratio,FE_ratio=0.5,,,0.5,6480,477,0.07361111111111111,-0.08578559846269349,-0.08202974076197492,151.15391573733473,0.0935405788179452,0.18525000297228192,-0.06590183532961791,0.1701976933244489,0.34648295049259376,0.6458776202394959,0.10602082991294204,-0.1300039510743888,-0.11569323770356055
lightgbm_regression,lightgbm,regression,bbob_validation,FE_ratio,FE_ratio=0.55,,,0.55,6480,376,0.05802469135802469,-0.11228594071878435,-0.09215825578698267,79.68497550744864,0.08928262195791083,0.14684334849232242,-0.12370484936209558,0.15088495725334058,0.2884493393847686,0.5254907838599036,0.06209896292228795,-0.14335045353088932,-0.13321909410594296
lightgbm_regression,lightgbm,regression,bbob_validation,FE_ratio,FE_ratio=0.6,,,0.6,6480,447,0.06898148148148148,-0.11584131580446465,-0.10228898920926656,123.20350275094972,0.10233415008259045,0.1817102849666115,-0.058879098244699835,0.15904007725510994,0.28790576863967304,0.5528400656938665,0.07822489698688938,-0.15539502122762047,-0.14475627358732757
xgboost_regression,xgboost,regression,bbob_train,all,all,,,,194400,11921,0.06132201646090535,-0.08855738467265091,-0.06544428361600368,2511.1122661377594,0.06312989824382405,0.14528863888115506,0.22288061909051238,0.4781670228455946,0.6091576700664655,0.7271740961284616,0.33732625054224596,-0.08857972118400882,-0.07756493985652924
xgboost_regression,xgboost,regression,bbob_train,label_source,label_source=changed_algorithm,changed_algorithm,,,74400,8470,0.11384408602150538,-0.05859081542569486,-0.06280283172738645,1678.8603444230114,0.060338262589923905,0.12030976915900073,0.26323689894222957,0.5272676512876994,0.5790732545500438,0.7956407201584594,0.4839081412928147,-0.07382958390924506,-0.07199742645025253
xgboost_regression,xgboost,regression,bbob_train,label_source,label_source=same_algorithm,same_algorithm,,,120000,3451,0.028758333333333334,-0.10713665760576366,-0.06743423570665175,832.2519217147483,0.06486071234924215,0.15881462265264998,0.1843157078995603,0.4384063010899918,0.623877191369169,0.5265671492162741,0.03712701652036967,-0.09772480629436235,-0.08228291943669319
xgboost_regression,xgboost,regression,bbob_train,dimension,dimension=10,,10.0,,64800,2405,0.037114197530864194,-0.04022633237538057,-0.03715828153278458,308.0180086184804,0.03681062061556474,0.07947404974723672,-0.1279959901279606,0.16256784670839566,0.4197254702086898,0.7690374931756453,0.2496946663667341,-0.05943129357144078,-0.05915548652410507
xgboost_regression,xgboost,regression,bbob_train,dimension,dimension=20,,20.0,,64800,3858,0.059537037037037034,-0.07228172978918257,-0.06716881295115272,823.0687800379324,0.05562185862082759,0.13361038947398235,0.09113109216846793,0.3174262044494655,0.44332990786828486,0.7373773934301452,0.3720650174050455,-0.08459182731913893,-0.08016036823391914
xgboost_regression,xgboost,regression,bbob_train,dimension,dimension=40,,40.0,,64800,5658,0.08731481481481482,-0.1531640918533896,-0.14272675969545875,1380.025477481347,0.09695721549507985,0.19788508029965407,0.20848179584563165,0.4882463394854178,0.6067147345570837,0.8128838956522122,0.44395561476557793,-0.12171604266144674,-0.1129596047103405
xgboost_regression,xgboost,regression,bbob_train,FE_ratio,FE_ratio=0.2,,,0.2,19440,1637,0.08420781893004116,-0.06196176210011554,-0.05049860667501493,304.44205064313394,0.06348715514382532,0.14161398837080108,0.12018789891543114,0.3704496565446905,0.36299670074373436,0.7070268575395737,0.3606313086580403,-0.06484713702037816,-0.06676890701055527
xgboost_regression,xgboost,regression,bbob_train,FE_ratio,FE_ratio=0.25,,,0.25,19440,1530,0.0787037037037037,-0.06684412289960417,-0.05379598025536793,289.0381601639173,0.05985431636405676,0.14464815451161075,0.1639050688792878,0.41218387199210654,0.5452443509750097,0.6929928692117084,0.37245070907921723,-0.06826871622594992,-0.06270135566592216
xgboost_regression,xgboost,regression,bbob_train,FE_ratio,FE_ratio=0.28,,,0.28,19440,1516,0.07798353909465021,-0.06678863875638497,-0.05595944523593056,294.83506110374555,0.0585942669362421,0.1390392758892944,0.1556560629361381,0.3960597343116738,0.5476040070866063,0.6886268076175044,0.3595328977376525,-0.06740106765796386,-0.06381036713719368
xgboost_regression,xgboost,regression,bbob_train,FE_ratio,FE_ratio=0.3,,,0.3,19440,1403,0.07217078189300412,-0.07045501341769796,-0.05769358257385397,275.8794546370344,0.05823623247667777,0.13898920320276362,0.160486271486467,0.40331845882069145,0.550155070575054,0.6619744296105364,0.32498772962338957,-0.06931889215469496,-0.06607917323708534
xgboost_regression,xgboost,regression,bbob_train,FE_ratio,FE_ratio=0.35,,,0.35,19440,1388,0.07139917695473251,-0.07482964941049443,-0.062069321341436653,257.6511044439708,0.057257657057733564,0.13012683242237602,0.18246737088091847,0.42764404291509805,0.5689586322591023,0.6655625942282654,0.3206165370740107,-0.07531240234564415,-0.0688372254371643
xgboost_regression,xgboost,regression,bbob_train,FE_ratio,FE_ratio=0.4,,,0.4,19440,1376,0.07078189300411522,-0.08176159053440116,-0.06731035034538017,252.55187921031478,0.058622382947164285,0.137244604707537,0.21733322703188063,0.47114630869628116,0.5826656003634826,0.6682622799812552,0.3136166668491932,-0.0806999700938813,-0.073127381503582
xgboost_regression,xgboost,regression,bbob_train,FE_ratio,FE_ratio=0.45,,,0.45,19440,911,0.04686213991769547,-0.09574364894010993,-0.0740343803226563,214.80823720368133,0.06060635423527608,0.14136605032443034,0.2241018863314248,0.47979809702245413,0.6097392233695725,0.7363460985802124,0.3215899138616663,-0.09581724319071892,-0.088002048432827
xgboost_regression,xgboost,regression,bbob_train,FE_ratio,FE_ratio=0.5,,,0.5,19440,752,0.03868312757201646,-0.10761678906395437,-0.08153801385084204,216.74610973067038,0.06595945823352478,0.15002654802226575,0.24517201298946423,0.5073208484863492,0.6094546928282594,0.7661477569517815,0.3584349783585391,-0.10799746077270353,-0.10005339980125427
xgboost_regression,xgboost,regression,bbob_train,FE_ratio,FE_ratio=0.55,,,0.55,19440,784,0.040329218106995884,-0.12055088341199817,-0.09047622006570433,212.50845114181092,0.07162451996160145,0.15963223033845167,0.2494699017341968,0.5133423991905549,0.617339679414201,0.752633440409826,0.3710657516765279,-0.12016495674015534,-0.11275497451424599
xgboost_regression,xgboost,regression,bbob_train,FE_ratio,FE_ratio=0.6,,,0.6,19440,624,0.03209876543209877,-0.13902174819174842,-0.10198680721304745,192.65175785948037,0.07705663908213846,0.16648275715666147,0.25884477533925443,0.5178870429324859,0.6288594039881276,0.718014724920417,0.3012025337126184,-0.13596936563799805,-0.12702427059412003
xgboost_regression,xgboost,regression,bbob_validation,all,all,,,,64800,3745,0.05779320987654321,-0.09152940558707323,-0.07597107961327272,743.0385345915533,0.08891154260541291,0.1555008748487132,-0.3597854408054211,0.0811660276392086,0.2913378739298228,0.606825431205793,0.07349865067932539,-0.11680530737700133,-0.09174740687012672
xgboost_regression,xgboost,regression,bbob_validation,label_source,label_source=changed_algorithm,changed_algorithm,,,16560,2549,0.15392512077294687,-0.05116247729341551,-0.06176568779918107,607.1864253523988,0.13586632788246739,0.23732416561925893,-0.35484456932356,0.03085871013906919,0.06535899595681093,0.5116643765775134,0.1453693057832095,-0.12302151095902691,-0.08526060357689857
xgboost_regression,xgboost,regression,bbob_validation,label_source,label_source=same_algorithm,same_algorithm,,,48240,1196,0.024792703150912105,-0.10538670932967216,-0.08462815497687234,135.85210923915443,0.07279273571925989,0.11465870944040867,-0.4829966270324628,0.1528576921808522,0.37268352271137883,0.76384737770575,0.05741226999287037,-0.11467138674436568,-0.09388865530490875
xgboost_regression,xgboost,regression,bbob_validation,dimension,dimension=10,,10.0,,21600,1470,0.06805555555555555,-0.040708791525251226,-0.036659214049790265,260.3480860696287,0.08559104719495574,0.16326356587511737,-0.8077425281485862,-0.01948847684356238,0.05709783395694594,0.6046329639655166,0.09381815815966042,-0.09602453852450143,-0.06789049878716469
xgboost_regression,xgboost,regression,bbob_validation,dimension,dimension=20,,20.0,,21600,1908,0.08833333333333333,-0.05664202206459035,-0.0679457754312032,392.4289080321196,0.08457292772562496,0.16143479741065062,-0.6140261719087632,0.005300222043489322,0.14075147880242858,0.533267654691473,0.08826648217774508,-0.11488155581968958,-0.09318123012781143
xgboost_regression,xgboost,regression,bbob_validation,dimension,dimension=40,,40.0,,21600,367,0.01699074074074074,-0.17723740317137815,-0.16708161511555475,90.26154048980496,0.09657065289565808,0.14080262951688408,-0.7528336417660013,-0.007481207094128182,0.116062272547083,0.6430606257726168,0.02243912113919817,-0.13950982778681295,-0.12400013953447342
xgboost_regression,xgboost,regression,bbob_validation,FE_ratio,FE_ratio=0.2,,,0.2,6480,296,0.04567901234567901,-0.07854640971495502,-0.05432046807708305,38.557426800468264,0.06710616159718756,0.11260868604044712,-0.2202262295069055,-0.02847979414744991,0.10488585087883488,0.7150102378413342,0.11391609308312284,-0.08218085523321075,-0.07141928374767303
xgboost_regression,xgboost,regression,bbob_validation,FE_ratio,FE_ratio=0.25,,,0.25,6480,292,0.04506172839506173,-0.08209066348445634,-0.05811985784400571,35.463735190300596,0.06801457151467984,0.11478488696895568,-0.3822706277076333,0.04043253174260317,0.2360406392523724,0.6228687207232735,0.05673266785490393,-0.08938077517219584,-0.06907713413238525
xgboost_regression,xgboost,regression,bbob_validation,FE_ratio,FE_ratio=0.28,,,0.28,6480,274,0.042283950617283954,-0.08549062609263769,-0.060059978976886724,32.16164278161452,0.0738381205057435,0.12401740842094176,-0.5981389614982289,0.01822411476592761,0.235727146481696,0.6789362072494007,0.06242442044807042,-0.0908537794188847,-0.06796609610319138
xgboost_regression,xgboost,regression,bbob_validation,FE_ratio,FE_ratio=0.3,,,0.3,6480,284,0.043827160493827164,-0.08706332924379373,-0.061481761258876125,31.652929735382077,0.07216901785393634,0.11902769483440256,-0.5139871837900964,0.030280152656998304,0.22948265597046485,0.6669886978423154,0.06251810364158461,-0.09232959451837815,-0.07216658443212509
xgboost_regression,xgboost,regression,bbob_validation,FE_ratio,FE_ratio=0.35,,,0.35,6480,256,0.03950617283950617,-0.09341559547051581,-0.06664570006608084,26.439322897806413,0.07497478533613015,0.12158845294317804,-0.5632403017906342,0.046403511551598664,0.23361854327960424,0.6370739777474292,0.051931597304809285,-0.1024615589570394,-0.07719845324754715
xgboost_regression,xgboost,regression,bbob_validation,FE_ratio,FE_ratio=0.4,,,0.4,6480,800,0.12345679012345678,-0.07290554260108724,-0.07056462486829276,174.15917724891835,0.1060489530654217,0.19011730355318332,-0.17544294374428082,0.11169679865120458,0.23789181255923605,0.6361104753521126,0.16493799516410446,-0.11065890872394694,-0.08255035802721977
xgboost_regression,xgboost,regression,bbob_validation,FE_ratio,FE_ratio=0.45,,,0.45,6480,243,0.0375,-0.10186903427734409,-0.07939845101548082,50.56190594132994,0.08807698613654807,0.1527172591949378,-0.6287121166652456,0.036933359073931846,0.24249374273544724,0.68058994807966,0.06292726890871128,-0.13057491228582316,-0.10029945522546768
xgboost_regression,xgboost,regression,bbob_validation,FE_ratio,FE_ratio=0.5,,,0.5,6480,477,0.07361111111111111,-0.08578559846269349,-0.08202974076197492,151.15391573733473,0.11175191192413997,0.20647292999449354,-0.3241189601239747,0.07975399632453045,0.27138060871932146,0.6379291137100911,0.10487817498419655,-0.14422904294081906,-0.11400790140032768
xgboost_regression,xgboost,regression,bbob_validation,FE_ratio,FE_ratio=0.55,,,0.55,6480,376,0.05802469135802469,-0.11228594071878435,-0.09215825578698267,79.68497550744864,0.10909353511606297,0.17498663064932857,-0.5957080445084031,0.03869857518169149,0.24139650287125022,0.5633396133682831,0.06604126627640364,-0.15818123051599903,-0.1285475790500641
xgboost_regression,xgboost,regression,bbob_validation,FE_ratio,FE_ratio=0.6,,,0.6,6480,447,0.06898148148148148,-0.11584131580446465,-0.10228898920926656,123.20350275094972,0.11804138300427912,0.19722761122090227,-0.2474489621727547,0.09212734331051645,0.25142484441156415,0.6014137011537216,0.08543781281446493,-0.16720241600371621,-0.14357631653547287
