model_name,model_family,objective,eval_split,layer,group,label_source,dimension,FE_ratio,rows,u_gt_zero_rows,u_gt_zero_rate,mean_observed_utility,median_observed_utility,positive_utility_sum,top_k_fraction,top_k_rows,top_k_row_share,top_k_u_gt_zero_rate,lift_vs_base_rate,positive_rows_captured,positive_row_capture_rate,utility_capture_rate,top_k_mean_observed_utility,top_k_positive_utility_sum
dummy_mean_regression,dummy,regression,bbob_train,all,all,,,,194400,11921,0.06132201646090535,-0.08855738467265091,-0.06544428361600368,2511.1122661377594,0.05,9720,0.05,0.0032921810699588477,0.05368677124402315,32,0.0026843385622011577,0.0009879121786825354,-0.07806702593972405,2.480758389756593
dummy_mean_regression,dummy,regression,bbob_train,all,all,,,,194400,11921,0.06132201646090535,-0.08855738467265091,-0.06544428361600368,2511.1122661377594,0.1,19440,0.1,0.004629629629629629,0.07549702206190756,90,0.007549702206190756,0.0025158979007199925,-0.0745740570750116,6.317702078848213
dummy_mean_regression,dummy,regression,bbob_train,all,all,,,,194400,11921,0.06132201646090535,-0.08855738467265091,-0.06544428361600368,2511.1122661377594,0.2,38880,0.2,0.010751028806584363,0.17532086234376312,418,0.035064172468752625,0.04010020553378145,-0.08900996158241929,100.69611799052387
dummy_mean_regression,dummy,regression,bbob_train,label_source,label_source=changed_algorithm,changed_algorithm,,,74400,8470,0.11384408602150538,-0.05859081542569486,-0.06280283172738645,1678.8603444230114,0.05,3720,0.05,0.0024193548387096775,0.021251475796930343,9,0.0010625737898465172,0.003960950401161522,-0.10367637180469942,6.649882554736499
dummy_mean_regression,dummy,regression,bbob_train,label_source,label_source=changed_algorithm,changed_algorithm,,,74400,8470,0.11384408602150538,-0.05859081542569486,-0.06280283172738645,1678.8603444230114,0.1,7440,0.1,0.00228494623655914,0.020070838252656435,17,0.0020070838252656434,0.004176328326905642,-0.08046226029585983,7.011472013332387
dummy_mean_regression,dummy,regression,bbob_train,label_source,label_source=changed_algorithm,changed_algorithm,,,74400,8470,0.11384408602150538,-0.05859081542569486,-0.06280283172738645,1678.8603444230114,0.2,14880,0.2,0.002620967741935484,0.023022432113341207,39,0.004604486422668241,0.015898761275084328,-0.09489120855363622,26.691799830187314
dummy_mean_regression,dummy,regression,bbob_train,label_source,label_source=same_algorithm,same_algorithm,,,120000,3451,0.028758333333333334,-0.10713665760576366,-0.06743423570665175,832.2519217147483,0.05,6000,0.05,0.076,2.64271225731672,456,0.132135612865836,0.03493508730075126,-0.08363603693229721,29.074793541322734
dummy_mean_regression,dummy,regression,bbob_train,label_source,label_source=same_algorithm,same_algorithm,,,120000,3451,0.028758333333333334,-0.10713665760576366,-0.06743423570665175,832.2519217147483,0.1,12000,0.1,0.08383333333333333,2.9150970733120833,1006,0.29150970733120835,0.2235049050704991,-0.10323339037223837,186.01238675759527
dummy_mean_regression,dummy,regression,bbob_train,label_source,label_source=same_algorithm,same_algorithm,,,120000,3451,0.028758333333333334,-0.10713665760576366,-0.06743423570665175,832.2519217147483,0.2,24000,0.2,0.07316666666666667,2.5441900898290353,1756,0.508838017965807,0.4740006445558707,-0.10395562900637603,394.4879473256527
dummy_mean_regression,dummy,regression,bbob_train,dimension,dimension=10,,10.0,,64800,2405,0.037114197530864194,-0.04022633237538057,-0.03715828153278458,308.0180086184804,0.05,3240,0.05,0.005864197530864198,0.15800415800415804,19,0.0079002079002079,0.0015816594413250403,-0.03982931612089665,0.48717959142955714
dummy_mean_regression,dummy,regression,bbob_train,dimension,dimension=10,,10.0,,64800,2405,0.037114197530864194,-0.04022633237538057,-0.03715828153278458,308.0180086184804,0.1,6480,0.1,0.006327160493827161,0.1704781704781705,41,0.01704781704781705,0.004644339055960243,-0.03811776496056875,1.4305400673659072
dummy_mean_regression,dummy,regression,bbob_train,dimension,dimension=10,,10.0,,64800,2405,0.037114197530864194,-0.04022633237538057,-0.03715828153278458,308.0180086184804,0.2,12960,0.2,0.016435185185185185,0.44282744282744285,213,0.08856548856548857,0.049587675407383874,-0.03771679833003103,15.273897031001974
dummy_mean_regression,dummy,regression,bbob_train,dimension,dimension=20,,20.0,,64800,3858,0.059537037037037034,-0.07228172978918257,-0.06716881295115272,823.0687800379324,0.05,3240,0.05,0.008641975308641974,0.14515292897874546,28,0.007257646448937273,0.0031587573036847305,-0.07488644446363259,2.5998745203796996
dummy_mean_regression,dummy,regression,bbob_train,dimension,dimension=20,,20.0,,64800,3858,0.059537037037037034,-0.07228172978918257,-0.06716881295115272,823.0687800379324,0.1,6480,0.1,0.008024691358024692,0.1347848626231208,52,0.01347848626231208,0.004697563085643612,-0.07241866258574645,3.866417518051913
dummy_mean_regression,dummy,regression,bbob_train,dimension,dimension=20,,20.0,,64800,3858,0.059537037037037034,-0.07228172978918257,-0.06716881295115272,823.0687800379324,0.2,12960,0.2,0.019984567901234568,0.3356661482633489,259,0.06713322965266978,0.058660720031878694,-0.07330911049713303,48.281807272785095
dummy_mean_regression,dummy,regression,bbob_train,dimension,dimension=40,,40.0,,64800,5658,0.08731481481481482,-0.1531640918533896,-0.14272675969545875,1380.025477481347,0.05,3240,0.05,0.0015432098765432098,0.017674089784376103,5,0.0008837044892188052,0.00016456986368159398,-0.14703005873891015,0.2271106047062319
dummy_mean_regression,dummy,regression,bbob_train,dimension,dimension=40,,40.0,,64800,5658,0.08731481481481482,-0.1531640918533896,-0.14272675969545875,1380.025477481347,0.1,6480,0.1,0.004320987654320987,0.04948745139625309,28,0.00494874513962531,0.0011946517530338687,-0.14953844039416053,1.6486498559044926
dummy_mean_regression,dummy,regression,bbob_train,dimension,dimension=40,,40.0,,64800,5658,0.08731481481481482,-0.1531640918533896,-0.14272675969545875,1380.025477481347,0.2,12960,0.2,0.017901234567901235,0.2050194414987628,232,0.041003888299752565,0.05371056667219892,-0.15607508870205802,74.12195041759503
dummy_mean_regression,dummy,regression,bbob_train,FE_ratio,FE_ratio=0.2,,,0.2,19440,1637,0.08420781893004116,-0.06196176210011554,-0.05049860667501493,304.44205064313394,0.05,972,0.05,0.0030864197530864196,0.036652412950519235,3,0.0018326206475259622,0.0011652459074059324,-0.054648964416224834,0.3547498535541814
dummy_mean_regression,dummy,regression,bbob_train,FE_ratio,FE_ratio=0.2,,,0.2,19440,1637,0.08420781893004116,-0.06196176210011554,-0.05049860667501493,304.44205064313394,0.1,1944,0.1,0.006172839506172839,0.07330482590103847,12,0.007330482590103849,0.0031716574487817666,-0.0524820712661612,0.9655858976446916
dummy_mean_regression,dummy,regression,bbob_train,FE_ratio,FE_ratio=0.2,,,0.2,19440,1637,0.08420781893004116,-0.06196176210011554,-0.05049860667501493,304.44205064313394,0.2,3888,0.2,0.017746913580246913,0.2107513744654856,69,0.042150274893097125,0.04787491259050311,-0.0624466412969847,14.575136563413558
dummy_mean_regression,dummy,regression,bbob_train,FE_ratio,FE_ratio=0.25,,,0.25,19440,1530,0.0787037037037037,-0.06684412289960417,-0.05379598025536793,289.0381601639173,0.05,972,0.05,0.009259259259259259,0.1176470588235294,9,0.0058823529411764705,0.0032032145734797145,-0.05660668946985796,0.9258512469288236
dummy_mean_regression,dummy,regression,bbob_train,FE_ratio,FE_ratio=0.25,,,0.25,19440,1530,0.0787037037037037,-0.06684412289960417,-0.05379598025536793,289.0381601639173,0.1,1944,0.1,0.009259259259259259,0.1176470588235294,18,0.011764705882352941,0.0054615406714814225,-0.05500076368852165,1.5785936673453957
dummy_mean_regression,dummy,regression,bbob_train,FE_ratio,FE_ratio=0.25,,,0.25,19440,1530,0.0787037037037037,-0.06684412289960417,-0.05379598025536793,289.0381601639173,0.2,3888,0.2,0.014146090534979424,0.17973856209150327,55,0.03594771241830065,0.04041323615170373,-0.06854438852839413,11.680967423558355
dummy_mean_regression,dummy,regression,bbob_train,FE_ratio,FE_ratio=0.28,,,0.28,19440,1516,0.07798353909465021,-0.06678863875638497,-0.05595944523593056,294.83506110374555,0.05,972,0.05,0.00205761316872428,0.026385224274406333,2,0.0013192612137203166,2.6202832710320478e-05,-0.06031380835316041,0.007725513783238561
dummy_mean_regression,dummy,regression,bbob_train,FE_ratio,FE_ratio=0.28,,,0.28,19440,1516,0.07798353909465021,-0.06678863875638497,-0.05595944523593056,294.83506110374555,0.1,1944,0.1,0.00360082304526749,0.04617414248021108,7,0.004617414248021108,0.0008996184659944956,-0.0582836313286908,0.26523906539154496
dummy_mean_regression,dummy,regression,bbob_train,FE_ratio,FE_ratio=0.28,,,0.28,19440,1516,0.07798353909465021,-0.06678863875638497,-0.05595944523593056,294.83506110374555,0.2,3888,0.2,0.01440329218106996,0.18469656992084432,56,0.036939313984168866,0.059480573429624116,-0.0672827112837243,17.53695850160905
dummy_mean_regression,dummy,regression,bbob_train,FE_ratio,FE_ratio=0.3,,,0.3,19440,1403,0.07217078189300412,-0.07045501341769796,-0.05769358257385397,275.8794546370344,0.05,972,0.05,0.00823045267489712,0.11404133998574484,8,0.005702066999287242,0.002393941106909405,-0.06169810636394739,0.6604391670073452
dummy_mean_regression,dummy,regression,bbob_train,FE_ratio,FE_ratio=0.3,,,0.3,19440,1403,0.07217078189300412,-0.07045501341769796,-0.05769358257385397,275.8794546370344,0.1,1944,0.1,0.00720164609053498,0.09978617248752672,14,0.009978617248752673,0.0032802283546061904,-0.05933040665465748,0.9049476095536926
dummy_mean_regression,dummy,regression,bbob_train,FE_ratio,FE_ratio=0.3,,,0.3,19440,1403,0.07217078189300412,-0.07045501341769796,-0.05769358257385397,275.8794546370344,0.2,3888,0.2,0.012088477366255145,0.16749821810406273,47,0.03349964362081254,0.04196844504228752,-0.07118471664727483,11.578231730230632
dummy_mean_regression,dummy,regression,bbob_train,FE_ratio,FE_ratio=0.35,,,0.35,19440,1388,0.07139917695473251,-0.07482964941049443,-0.062069321341436653,257.6511044439708,0.05,972,0.05,0.0030864197530864196,0.04322766570605187,3,0.002161383285302594,0.0006962724689757997,-0.0673011218073234,0.17939537062554517
dummy_mean_regression,dummy,regression,bbob_train,FE_ratio,FE_ratio=0.35,,,0.35,19440,1388,0.07139917695473251,-0.07482964941049443,-0.062069321341436653,257.6511044439708,0.1,1944,0.1,0.006687242798353909,0.0936599423631124,13,0.009365994236311239,0.004022151325113423,-0.06415683810926123,1.036311731156254
dummy_mean_regression,dummy,regression,bbob_train,FE_ratio,FE_ratio=0.35,,,0.35,19440,1388,0.07139917695473251,-0.07482964941049443,-0.062069321341436653,257.6511044439708,0.2,3888,0.2,0.012602880658436214,0.1765129682997118,49,0.035302593659942365,0.03443759827472086,-0.07895222467769131,8.87288522987961
dummy_mean_regression,dummy,regression,bbob_train,FE_ratio,FE_ratio=0.4,,,0.4,19440,1376,0.07078189300411522,-0.08176159053440116,-0.06731035034538017,252.55187921031478,0.05,972,0.05,0.00411522633744856,0.05813953488372094,4,0.0029069767441860465,0.0012296320897468326,-0.07187876166660753,0.310545895002869
dummy_mean_regression,dummy,regression,bbob_train,FE_ratio,FE_ratio=0.4,,,0.4,19440,1376,0.07078189300411522,-0.08176159053440116,-0.06731035034538017,252.55187921031478,0.1,1944,0.1,0.0051440329218107,0.07267441860465117,10,0.007267441860465116,0.0033974820001003224,-0.06952646566236899,0.8580404637085552
dummy_mean_regression,dummy,regression,bbob_train,FE_ratio,FE_ratio=0.4,,,0.4,19440,1376,0.07078189300411522,-0.08176159053440116,-0.06731035034538017,252.55187921031478,0.2,3888,0.2,0.012088477366255145,0.17078488372093026,47,0.034156976744186045,0.03357692951837921,-0.08457253874239433,8.47991664797896
dummy_mean_regression,dummy,regression,bbob_train,FE_ratio,FE_ratio=0.45,,,0.45,19440,911,0.04686213991769547,-0.09574364894010993,-0.0740343803226563,214.80823720368133,0.05,972,0.05,0.00102880658436214,0.021953896816684963,1,0.0010976948408342481,0.00015403015783333233,-0.08964723093783535,0.03308694668038292
dummy_mean_regression,dummy,regression,bbob_train,FE_ratio,FE_ratio=0.45,,,0.45,19440,911,0.04686213991769547,-0.09574364894010993,-0.0740343803226563,214.80823720368133,0.1,1944,0.1,0.00205761316872428,0.043907793633369926,4,0.0043907793633369925,0.000798463738806215,-0.08454172689997347,0.17151658820402368
dummy_mean_regression,dummy,regression,bbob_train,FE_ratio,FE_ratio=0.45,,,0.45,19440,911,0.04686213991769547,-0.09574364894010993,-0.0740343803226563,214.80823720368133,0.2,3888,0.2,0.00720164609053498,0.15367727771679474,28,0.030735455543358946,0.037722474134342716,-0.09701966312661078,8.103098171759624
dummy_mean_regression,dummy,regression,bbob_train,FE_ratio,FE_ratio=0.5,,,0.5,19440,752,0.03868312757201646,-0.10761678906395437,-0.08153801385084204,216.74610973067038,0.05,972,0.05,0.0,0.0,0,0.0,0.0,-0.09685794246000529,0.0
dummy_mean_regression,dummy,regression,bbob_train,FE_ratio,FE_ratio=0.5,,,0.5,19440,752,0.03868312757201646,-0.10761678906395437,-0.08153801385084204,216.74610973067038,0.1,1944,0.1,0.0015432098765432098,0.0398936170212766,3,0.003989361702127659,0.00036902642135317544,-0.0919905493959825,0.07998504121613195
dummy_mean_regression,dummy,regression,bbob_train,FE_ratio,FE_ratio=0.5,,,0.5,19440,752,0.03868312757201646,-0.10761678906395437,-0.08153801385084204,216.74610973067038,0.2,3888,0.2,0.00565843621399177,0.14627659574468085,22,0.02925531914893617,0.024021376552599345,-0.10704416685452353,5.206539918151449
dummy_mean_regression,dummy,regression,bbob_train,FE_ratio,FE_ratio=0.55,,,0.55,19440,784,0.040329218106995884,-0.12055088341199817,-0.09047622006570433,212.50845114181092,0.05,972,0.05,0.00102880658436214,0.025510204081632657,1,0.0012755102040816326,6.140458389545407e-06,-0.10588452991558893,0.001304899301663033
dummy_mean_regression,dummy,regression,bbob_train,FE_ratio,FE_ratio=0.55,,,0.55,19440,784,0.040329218106995884,-0.12055088341199817,-0.09047622006570433,212.50845114181092,0.1,1944,0.1,0.0030864197530864196,0.07653061224489796,6,0.007653061224489796,0.0019766594493743853,-0.10015147022099667,0.42005683802137544
dummy_mean_regression,dummy,regression,bbob_train,FE_ratio,FE_ratio=0.55,,,0.55,19440,784,0.040329218106995884,-0.12055088341199817,-0.09047622006570433,212.50845114181092,0.2,3888,0.2,0.00565843621399177,0.1403061224489796,22,0.02806122448979592,0.028400604869881586,-0.11881132376264197,6.035368552389109
dummy_mean_regression,dummy,regression,bbob_train,FE_ratio,FE_ratio=0.6,,,0.6,19440,624,0.03209876543209877,-0.13902174819174842,-0.10198680721304745,192.65175785948037,0.05,972,0.05,0.00102880658436214,0.03205128205128205,1,0.0016025641025641025,3.975825062614148e-05,-0.11674354278021472,0.007659496872543942
dummy_mean_regression,dummy,regression,bbob_train,FE_ratio,FE_ratio=0.6,,,0.6,19440,624,0.03209876543209877,-0.13902174819174842,-0.10198680721304745,192.65175785948037,0.1,1944,0.1,0.0015432098765432098,0.04807692307692307,3,0.004807692307692308,0.00019426335384827457,-0.11088961130966725,0.037425176606548344
dummy_mean_regression,dummy,regression,bbob_train,FE_ratio,FE_ratio=0.6,,,0.6,19440,624,0.03209876543209877,-0.13902174819174842,-0.10198680721304745,192.65175785948037,0.2,3888,0.2,0.006430041152263375,0.2003205128205128,25,0.04006410256410257,0.04964344712232929,-0.13257331897894128,9.5638973543209
dummy_mean_regression,dummy,regression,bbob_validation,all,all,,,,64800,3745,0.05779320987654321,-0.09152940558707323,-0.07597107961327272,743.0385345915533,0.05,3240,0.05,0.0,0.0,0,0.0,0.0,-0.1239732217680467,0.0
dummy_mean_regression,dummy,regression,bbob_validation,all,all,,,,64800,3745,0.05779320987654321,-0.09152940558707323,-0.07597107961327272,743.0385345915533,0.1,6480,0.1,0.00015432098765432098,0.0026702269692923898,1,0.000267022696929239,4.134670417681299e-06,-0.10840840769895665,0.003072219448172958
dummy_mean_regression,dummy,regression,bbob_validation,all,all,,,,64800,3745,0.05779320987654321,-0.09152940558707323,-0.07597107961327272,743.0385345915533,0.2,12960,0.2,0.0002314814814814815,0.004005340453938585,3,0.0008010680907877169,9.098839040239828e-06,-0.07624251277386003,0.006760788026944218
dummy_mean_regression,dummy,regression,bbob_validation,label_source,label_source=changed_algorithm,changed_algorithm,,,16560,2549,0.15392512077294687,-0.05116247729341551,-0.06176568779918107,607.1864253523988,0.05,828,0.05,0.0,0.0,0,0.0,0.0,-0.2284642995278712,0.0
dummy_mean_regression,dummy,regression,bbob_validation,label_source,label_source=changed_algorithm,changed_algorithm,,,16560,2549,0.15392512077294687,-0.05116247729341551,-0.06176568779918107,607.1864253523988,0.1,1656,0.1,0.0,0.0,0,0.0,0.0,-0.17581926442455,0.0
dummy_mean_regression,dummy,regression,bbob_validation,label_source,label_source=changed_algorithm,changed_algorithm,,,16560,2549,0.15392512077294687,-0.05116247729341551,-0.06176568779918107,607.1864253523988,0.2,3312,0.2,0.0006038647342995169,0.003923107100823852,2,0.0007846214201647705,0.0011637191053636782,-0.14888338466805565,0.7065944437000635
dummy_mean_regression,dummy,regression,bbob_validation,label_source,label_source=same_algorithm,same_algorithm,,,48240,1196,0.024792703150912105,-0.10538670932967216,-0.08462815497687234,135.85210923915443,0.05,2412,0.05,0.0012437810945273632,0.05016722408026756,3,0.002508361204013378,4.9765793588397716e-05,-0.0976658689048697,0.006760788026944218
dummy_mean_regression,dummy,regression,bbob_validation,label_source,label_source=same_algorithm,same_algorithm,,,48240,1196,0.024792703150912105,-0.10538670932967216,-0.08462815497687234,135.85210923915443,0.1,4824,0.1,0.0006218905472636816,0.02508361204013378,3,0.002508361204013378,4.9765793588397716e-05,-0.09576767620708525,0.006760788026944218
dummy_mean_regression,dummy,regression,bbob_validation,label_source,label_source=same_algorithm,same_algorithm,,,48240,1196,0.024792703150912105,-0.10538670932967216,-0.08462815497687234,135.85210923915443,0.2,9648,0.2,0.0003109452736318408,0.01254180602006689,3,0.002508361204013378,4.9765793588397716e-05,-0.08479927346615168,0.006760788026944218
dummy_mean_regression,dummy,regression,bbob_validation,dimension,dimension=10,,10.0,,21600,1470,0.06805555555555555,-0.040708791525251226,-0.036659214049790265,260.3480860696287,0.05,1080,0.05,0.0,0.0,0,0.0,0.0,-0.038099739360467844,0.0
dummy_mean_regression,dummy,regression,bbob_validation,dimension,dimension=10,,10.0,,21600,1470,0.06805555555555555,-0.040708791525251226,-0.036659214049790265,260.3480860696287,0.1,2160,0.1,0.000925925925925926,0.01360544217687075,2,0.0013605442176870747,1.4167834434491566e-05,-0.03856608606728237,0.00368856857877126
dummy_mean_regression,dummy,regression,bbob_validation,dimension,dimension=10,,10.0,,21600,1470,0.06805555555555555,-0.040708791525251226,-0.036659214049790265,260.3480860696287,0.2,4320,0.2,0.000462962962962963,0.006802721088435375,2,0.0013605442176870747,1.4167834434491566e-05,-0.038043478820935374,0.00368856857877126
dummy_mean_regression,dummy,regression,bbob_validation,dimension,dimension=20,,20.0,,21600,1908,0.08833333333333333,-0.05664202206459035,-0.0679457754312032,392.4289080321196,0.05,1080,0.05,0.0,0.0,0,0.0,0.0,-0.0695200523005943,0.0
dummy_mean_regression,dummy,regression,bbob_validation,dimension,dimension=20,,20.0,,21600,1908,0.08833333333333333,-0.05664202206459035,-0.0679457754312032,392.4289080321196,0.1,2160,0.1,0.0,0.0,0,0.0,0.0,-0.07032407618784721,0.0
dummy_mean_regression,dummy,regression,bbob_validation,dimension,dimension=20,,20.0,,21600,1908,0.08833333333333333,-0.05664202206459035,-0.0679457754312032,392.4289080321196,0.2,4320,0.2,0.0,0.0,0,0.0,0.0,-0.0704162280403543,0.0
dummy_mean_regression,dummy,regression,bbob_validation,dimension,dimension=40,,40.0,,21600,367,0.01699074074074074,-0.17723740317137815,-0.16708161511555475,90.26154048980496,0.05,1080,0.05,0.0,0.0,0,0.0,0.0,-0.19670816145589928,0.0
dummy_mean_regression,dummy,regression,bbob_validation,dimension,dimension=40,,40.0,,21600,367,0.01699074074074074,-0.17723740317137815,-0.16708161511555475,90.26154048980496,0.1,2160,0.1,0.0,0.0,0,0.0,0.0,-0.18794681801862714,0.0
dummy_mean_regression,dummy,regression,bbob_validation,dimension,dimension=40,,40.0,,21600,367,0.01699074074074074,-0.17723740317137815,-0.16708161511555475,90.26154048980496,0.2,4320,0.2,0.0,0.0,0,0.0,0.0,-0.17450573335484693,0.0
dummy_mean_regression,dummy,regression,bbob_validation,FE_ratio,FE_ratio=0.2,,,0.2,6480,296,0.04567901234567901,-0.07854640971495502,-0.05432046807708305,38.557426800468264,0.05,324,0.05,0.0,0.0,0,0.0,0.0,-0.0901413365539839,0.0
dummy_mean_regression,dummy,regression,bbob_validation,FE_ratio,FE_ratio=0.2,,,0.2,6480,296,0.04567901234567901,-0.07854640971495502,-0.05432046807708305,38.557426800468264,0.1,648,0.1,0.0015432098765432098,0.033783783783783786,1,0.0033783783783783786,7.967905804688313e-05,-0.07849157218725508,0.003072219448172958
dummy_mean_regression,dummy,regression,bbob_validation,FE_ratio,FE_ratio=0.2,,,0.2,6480,296,0.04567901234567901,-0.07854640971495502,-0.05432046807708305,38.557426800468264,0.2,1296,0.2,0.0015432098765432098,0.033783783783783786,2,0.006756756756756757,0.00015281671208480118,-0.055185626450004535,0.005892219190097955
dummy_mean_regression,dummy,regression,bbob_validation,FE_ratio,FE_ratio=0.25,,,0.25,6480,292,0.04506172839506173,-0.08209066348445634,-0.05811985784400571,35.463735190300596,0.05,324,0.05,0.0,0.0,0,0.0,0.0,-0.0959534918077885,0.0
dummy_mean_regression,dummy,regression,bbob_validation,FE_ratio,FE_ratio=0.25,,,0.25,6480,292,0.04506172839506173,-0.08209066348445634,-0.05811985784400571,35.463735190300596,0.1,648,0.1,0.0,0.0,0,0.0,0.0,-0.08280313826404695,0.0
dummy_mean_regression,dummy,regression,bbob_validation,FE_ratio,FE_ratio=0.25,,,0.25,6480,292,0.04506172839506173,-0.08209066348445634,-0.05811985784400571,35.463735190300596,0.2,1296,0.2,0.0007716049382716049,0.017123287671232876,1,0.003424657534246575,2.449174719429491e-05,-0.058385102775642274,0.0008685688368462625
dummy_mean_regression,dummy,regression,bbob_validation,FE_ratio,FE_ratio=0.28,,,0.28,6480,274,0.042283950617283954,-0.08549062609263769,-0.060059978976886724,32.16164278161452,0.05,324,0.05,0.0,0.0,0,0.0,0.0,-0.10072923346477436,0.0
dummy_mean_regression,dummy,regression,bbob_validation,FE_ratio,FE_ratio=0.28,,,0.28,6480,274,0.042283950617283954,-0.08549062609263769,-0.060059978976886724,32.16164278161452,0.1,648,0.1,0.0,0.0,0,0.0,0.0,-0.0875310288531582,0.0
dummy_mean_regression,dummy,regression,bbob_validation,FE_ratio,FE_ratio=0.28,,,0.28,6480,274,0.042283950617283954,-0.08549062609263769,-0.060059978976886724,32.16164278161452,0.2,1296,0.2,0.0,0.0,0,0.0,0.0,-0.061588205486302755,0.0
dummy_mean_regression,dummy,regression,bbob_validation,FE_ratio,FE_ratio=0.3,,,0.3,6480,284,0.043827160493827164,-0.08706332924379373,-0.061481761258876125,31.652929735382077,0.05,324,0.05,0.0,0.0,0,0.0,0.0,-0.10371029682213977,0.0
dummy_mean_regression,dummy,regression,bbob_validation,FE_ratio,FE_ratio=0.3,,,0.3,6480,284,0.043827160493827164,-0.08706332924379373,-0.061481761258876125,31.652929735382077,0.1,648,0.1,0.0,0.0,0,0.0,0.0,-0.09020756963675855,0.0
dummy_mean_regression,dummy,regression,bbob_validation,FE_ratio,FE_ratio=0.3,,,0.3,6480,284,0.043827160493827164,-0.08706332924379373,-0.061481761258876125,31.652929735382077,0.2,1296,0.2,0.0,0.0,0,0.0,0.0,-0.06345819034900121,0.0
dummy_mean_regression,dummy,regression,bbob_validation,FE_ratio,FE_ratio=0.35,,,0.35,6480,256,0.03950617283950617,-0.09341559547051581,-0.06664570006608084,26.439322897806413,0.05,324,0.05,0.0,0.0,0,0.0,0.0,-0.11102816884667639,0.0
dummy_mean_regression,dummy,regression,bbob_validation,FE_ratio,FE_ratio=0.35,,,0.35,6480,256,0.03950617283950617,-0.09341559547051581,-0.06664570006608084,26.439322897806413,0.1,648,0.1,0.0,0.0,0,0.0,0.0,-0.0965412394408581,0.0
dummy_mean_regression,dummy,regression,bbob_validation,FE_ratio,FE_ratio=0.35,,,0.35,6480,256,0.03950617283950617,-0.09341559547051581,-0.06664570006608084,26.439322897806413,0.2,1296,0.2,0.0,0.0,0,0.0,0.0,-0.06843706617280547,0.0
dummy_mean_regression,dummy,regression,bbob_validation,FE_ratio,FE_ratio=0.4,,,0.4,6480,800,0.12345679012345678,-0.07290554260108724,-0.07056462486829276,174.15917724891835,0.05,324,0.05,0.0,0.0,0,0.0,0.0,-0.11961049102638296,0.0
dummy_mean_regression,dummy,regression,bbob_validation,FE_ratio,FE_ratio=0.4,,,0.4,6480,800,0.12345679012345678,-0.07290554260108724,-0.07056462486829276,174.15917724891835,0.1,648,0.1,0.0,0.0,0,0.0,0.0,-0.10583337459537309,0.0
dummy_mean_regression,dummy,regression,bbob_validation,FE_ratio,FE_ratio=0.4,,,0.4,6480,800,0.12345679012345678,-0.07290554260108724,-0.07056462486829276,174.15917724891835,0.2,1296,0.2,0.0,0.0,0,0.0,0.0,-0.07507827425112383,0.0
dummy_mean_regression,dummy,regression,bbob_validation,FE_ratio,FE_ratio=0.45,,,0.45,6480,243,0.0375,-0.10186903427734409,-0.07939845101548082,50.56190594132994,0.05,324,0.05,0.0,0.0,0,0.0,0.0,-0.1315605493312299,0.0
dummy_mean_regression,dummy,regression,bbob_validation,FE_ratio,FE_ratio=0.45,,,0.45,6480,243,0.0375,-0.10186903427734409,-0.07939845101548082,50.56190594132994,0.1,648,0.1,0.0,0.0,0,0.0,0.0,-0.1158748030304237,0.0
dummy_mean_regression,dummy,regression,bbob_validation,FE_ratio,FE_ratio=0.45,,,0.45,6480,243,0.0375,-0.10186903427734409,-0.07939845101548082,50.56190594132994,0.2,1296,0.2,0.0,0.0,0,0.0,0.0,-0.08212945956834457,0.0
dummy_mean_regression,dummy,regression,bbob_validation,FE_ratio,FE_ratio=0.5,,,0.5,6480,477,0.07361111111111111,-0.08578559846269349,-0.08202974076197492,151.15391573733473,0.05,324,0.05,0.0,0.0,0,0.0,0.0,-0.1440358713272901,0.0
dummy_mean_regression,dummy,regression,bbob_validation,FE_ratio,FE_ratio=0.5,,,0.5,6480,477,0.07361111111111111,-0.08578559846269349,-0.08202974076197492,151.15391573733473,0.1,648,0.1,0.0,0.0,0,0.0,0.0,-0.12567238942284617,0.0
dummy_mean_regression,dummy,regression,bbob_validation,FE_ratio,FE_ratio=0.5,,,0.5,6480,477,0.07361111111111111,-0.08578559846269349,-0.08202974076197492,151.15391573733473,0.2,1296,0.2,0.0,0.0,0,0.0,0.0,-0.0888304530951105,0.0
dummy_mean_regression,dummy,regression,bbob_validation,FE_ratio,FE_ratio=0.55,,,0.55,6480,376,0.05802469135802469,-0.11228594071878435,-0.09215825578698267,79.68497550744864,0.05,324,0.05,0.0,0.0,0,0.0,0.0,-0.15983705415111363,0.0
dummy_mean_regression,dummy,regression,bbob_validation,FE_ratio,FE_ratio=0.55,,,0.55,6480,376,0.05802469135802469,-0.11228594071878435,-0.09215825578698267,79.68497550744864,0.1,648,0.1,0.0,0.0,0,0.0,0.0,-0.14025492191122393,0.0
dummy_mean_regression,dummy,regression,bbob_validation,FE_ratio,FE_ratio=0.55,,,0.55,6480,376,0.05802469135802469,-0.11228594071878435,-0.09215825578698267,79.68497550744864,0.2,1296,0.2,0.0,0.0,0,0.0,0.0,-0.09945667031341547,0.0
dummy_mean_regression,dummy,regression,bbob_validation,FE_ratio,FE_ratio=0.6,,,0.6,6480,447,0.06898148148148148,-0.11584131580446465,-0.10228898920926656,123.20350275094972,0.05,324,0.05,0.0,0.0,0,0.0,0.0,-0.1797009180035832,0.0
dummy_mean_regression,dummy,regression,bbob_validation,FE_ratio,FE_ratio=0.6,,,0.6,6480,447,0.06898148148148148,-0.11584131580446465,-0.10228898920926656,123.20350275094972,0.1,648,0.1,0.0,0.0,0,0.0,0.0,-0.15679673229445984,0.0
dummy_mean_regression,dummy,regression,bbob_validation,FE_ratio,FE_ratio=0.6,,,0.6,6480,447,0.06898148148148148,-0.11584131580446465,-0.10228898920926656,123.20350275094972,0.2,1296,0.2,0.0,0.0,0,0.0,0.0,-0.11086483033342938,0.0
linear_regression,linear,regression,bbob_train,all,all,,,,194400,11921,0.06132201646090535,-0.08855738467265091,-0.06544428361600368,2511.1122661377594,0.05,9720,0.05,0.15967078189300413,2.603808405335123,1552,0.13019042026675615,0.13660633408099662,-0.019215440758996866,343.03384114290327
linear_regression,linear,regression,bbob_train,all,all,,,,194400,11921,0.06132201646090535,-0.08855738467265091,-0.06544428361600368,2511.1122661377594,0.1,19440,0.1,0.1353909465020576,2.207868467410452,2632,0.2207868467410452,0.2249412820120622,-0.027684695525985497,564.8528124212423
linear_regression,linear,regression,bbob_train,all,all,,,,194400,11921,0.06132201646090535,-0.08855738467265091,-0.06544428361600368,2511.1122661377594,0.2,38880,0.2,0.11062242798353909,1.8039593993792467,4301,0.3607918798758493,0.34229904316901044,-0.03696327076839553,859.5513259889206
linear_regression,linear,regression,bbob_train,label_source,label_source=changed_algorithm,changed_algorithm,,,74400,8470,0.11384408602150538,-0.05859081542569486,-0.06280283172738645,1678.8603444230114,0.05,3720,0.05,0.2916666666666667,2.5619834710743805,1085,0.128099173553719,0.13862149279230523,0.01679788412477909,232.72612713372158
linear_regression,linear,regression,bbob_train,label_source,label_source=changed_algorithm,changed_algorithm,,,74400,8470,0.11384408602150538,-0.05859081542569486,-0.06280283172738645,1678.8603444230114,0.1,7440,0.1,0.2631720430107527,2.311688311688312,1958,0.23116883116883116,0.24772542923081992,0.006815135716190818,415.8963994407927
linear_regression,linear,regression,bbob_train,label_source,label_source=changed_algorithm,changed_algorithm,,,74400,8470,0.11384408602150538,-0.05859081542569486,-0.06280283172738645,1678.8603444230114,0.2,14880,0.2,0.20678763440860215,1.8164108618654073,3077,0.36328217237308147,0.3679591051301903,-0.013662709340411623,617.7519499724544
linear_regression,linear,regression,bbob_train,label_source,label_source=same_algorithm,same_algorithm,,,120000,3451,0.028758333333333334,-0.10713665760576366,-0.06743423570665175,832.2519217147483,0.05,6000,0.05,0.044833333333333336,1.5589684149521879,269,0.0779484207476094,0.08854418058534105,-0.049685115279872794,73.6910644488078
linear_regression,linear,regression,bbob_train,label_source,label_source=same_algorithm,same_algorithm,,,120000,3451,0.028758333333333334,-0.10713665760576366,-0.06743423570665175,832.2519217147483,0.1,12000,0.1,0.042666666666666665,1.4836279339321936,512,0.14836279339321937,0.1469801950755182,-0.051079514197991435,122.32454980560861
linear_regression,linear,regression,bbob_train,label_source,label_source=same_algorithm,same_algorithm,,,120000,3451,0.028758333333333334,-0.10713665760576366,-0.06743423570665175,832.2519217147483,0.2,24000,0.2,0.03975,1.3822080556360474,954,0.2764416111272095,0.22678588239688638,-0.05301888675294288,188.7429864425836
linear_regression,linear,regression,bbob_train,dimension,dimension=10,,10.0,,64800,2405,0.037114197530864194,-0.04022633237538057,-0.03715828153278458,308.0180086184804,0.05,3240,0.05,0.12314814814814815,3.3180873180873185,399,0.1659043659043659,0.18912096406178364,-0.02190237927052562,58.252662738317795
linear_regression,linear,regression,bbob_train,dimension,dimension=10,,10.0,,64800,2405,0.037114197530864194,-0.04022633237538057,-0.03715828153278458,308.0180086184804,0.1,6480,0.1,0.09799382716049383,2.6403326403326406,635,0.26403326403326405,0.2766850375471767,-0.02728413087490969,85.22397427981085
linear_regression,linear,regression,bbob_train,dimension,dimension=10,,10.0,,64800,2405,0.037114197530864194,-0.04022633237538057,-0.03715828153278458,308.0180086184804,0.2,12960,0.2,0.07654320987654321,2.0623700623700625,992,0.4124740124740125,0.4321725081278495,-0.030666556637939567,133.11691533319424
linear_regression,linear,regression,bbob_train,dimension,dimension=20,,20.0,,64800,3858,0.059537037037037034,-0.07228172978918257,-0.06716881295115272,823.0687800379324,0.05,3240,0.05,0.25,4.199066874027994,810,0.2099533437013997,0.27340287150167825,0.00121764352833147,225.0293679057539
linear_regression,linear,regression,bbob_train,dimension,dimension=20,,20.0,,64800,3858,0.059537037037037034,-0.07228172978918257,-0.06716881295115272,823.0687800379324,0.1,6480,0.1,0.19675925925925927,3.304821150855366,1275,0.33048211508553654,0.39619144922713706,-0.02360946783620745,326.0928127768401
linear_regression,linear,regression,bbob_train,dimension,dimension=20,,20.0,,64800,3858,0.059537037037037034,-0.07228172978918257,-0.06716881295115272,823.0687800379324,0.2,12960,0.2,0.14645061728395062,2.4598237428719547,1898,0.4919647485743909,0.5394330632623527,-0.04254587449116738,443.9905132914695
linear_regression,linear,regression,bbob_train,dimension,dimension=40,,40.0,,64800,5658,0.08731481481481482,-0.1531640918533896,-0.14272675969545875,1380.025477481347,0.05,3240,0.05,0.21358024691358024,2.446094026157653,692,0.12230470130788264,0.12162679112368668,-0.04537939800903092,167.84807049498977
linear_regression,linear,regression,bbob_train,dimension,dimension=40,,40.0,,64800,5658,0.08731481481481482,-0.1531640918533896,-0.14272675969545875,1380.025477481347,0.1,6480,0.1,0.2154320987654321,2.467302933898904,1396,0.24673029338989041,0.22497624147288556,-0.052100085123308944,310.47294506057773
linear_regression,linear,regression,bbob_train,dimension,dimension=40,,40.0,,64800,5658,0.08731481481481482,-0.1531640918533896,-0.14272675969545875,1380.025477481347,0.2,12960,0.2,0.1599537037037037,1.8319194061505832,2073,0.36638388123011667,0.30691205410226735,-0.08100122244338029,423.5464540072625
linear_regression,linear,regression,bbob_train,FE_ratio,FE_ratio=0.2,,,0.2,19440,1637,0.08420781893004116,-0.06196176210011554,-0.05049860667501493,304.44205064313394,0.05,972,0.05,0.23353909465020575,2.773365913255956,227,0.1386682956627978,0.1794590674326658,-8.922429087651652e-05,54.63488649570523
linear_regression,linear,regression,bbob_train,FE_ratio,FE_ratio=0.2,,,0.2,19440,1637,0.08420781893004116,-0.06196176210011554,-0.05049860667501493,304.44205064313394,0.1,1944,0.1,0.17849794238683128,2.119731215638363,347,0.2119731215638363,0.28073907543771354,-0.01343394913751676,85.46877982191498
linear_regression,linear,regression,bbob_train,FE_ratio,FE_ratio=0.2,,,0.2,19440,1637,0.08420781893004116,-0.06196176210011554,-0.05049860667501493,304.44205064313394,0.2,3888,0.2,0.14686213991769548,1.7440439828955405,571,0.3488087965791081,0.4137414447771066,-0.022624722800046577,125.96029388399529
linear_regression,linear,regression,bbob_train,FE_ratio,FE_ratio=0.25,,,0.25,19440,1530,0.0787037037037037,-0.06684412289960417,-0.05379598025536793,289.0381601639173,0.05,972,0.05,0.1522633744855967,1.934640522875817,148,0.09673202614379085,0.12321918575147046,-0.006603217988454452,35.615046746500994
linear_regression,linear,regression,bbob_train,FE_ratio,FE_ratio=0.25,,,0.25,19440,1530,0.0787037037037037,-0.06684412289960417,-0.05379598025536793,289.0381601639173,0.1,1944,0.1,0.1383744855967078,1.7581699346405228,269,0.1758169934640523,0.21657964772991786,-0.015955728866698674,62.599782908804784
linear_regression,linear,regression,bbob_train,FE_ratio,FE_ratio=0.25,,,0.25,19440,1530,0.0787037037037037,-0.06684412289960417,-0.05379598025536793,289.0381601639173,0.2,3888,0.2,0.11522633744855967,1.4640522875816993,448,0.2928104575163399,0.3428559426951383,-0.025742123097598508,99.09845087786823
linear_regression,linear,regression,bbob_train,FE_ratio,FE_ratio=0.28,,,0.28,19440,1516,0.07798353909465021,-0.06678863875638497,-0.05595944523593056,294.83506110374555,0.05,972,0.05,0.20781893004115226,2.6649076517150396,202,0.13324538258575197,0.14939731281747928,-0.007707954285163087,44.04756585327689
linear_regression,linear,regression,bbob_train,FE_ratio,FE_ratio=0.28,,,0.28,19440,1516,0.07798353909465021,-0.06678863875638497,-0.05595944523593056,294.83506110374555,0.1,1944,0.1,0.17026748971193414,2.183377308707124,331,0.2183377308707124,0.2457285300341497,-0.019137475033731016,72.4493861675521
linear_regression,linear,regression,bbob_train,FE_ratio,FE_ratio=0.28,,,0.28,19440,1516,0.07798353909465021,-0.06678863875638497,-0.05595944523593056,294.83506110374555,0.2,3888,0.2,0.13271604938271606,1.7018469656992086,516,0.3403693931398417,0.37715332127185397,-0.02548823375718586,111.19802252266764
linear_regression,linear,regression,bbob_train,FE_ratio,FE_ratio=0.3,,,0.3,19440,1403,0.07217078189300412,-0.07045501341769796,-0.05769358257385397,275.8794546370344,0.05,972,0.05,0.19855967078189302,2.751247327156094,193,0.1375623663578047,0.1471384352493746,-0.014325046713437328,40.59247127274406
linear_regression,linear,regression,bbob_train,FE_ratio,FE_ratio=0.3,,,0.3,19440,1403,0.07217078189300412,-0.07045501341769796,-0.05769358257385397,275.8794546370344,0.1,1944,0.1,0.15895061728395063,2.202423378474697,309,0.22024233784746972,0.22537037990668624,-0.02393831478971363,62.17505749999786
linear_regression,linear,regression,bbob_train,FE_ratio,FE_ratio=0.3,,,0.3,19440,1403,0.07217078189300412,-0.07045501341769796,-0.05769358257385397,275.8794546370344,0.2,3888,0.2,0.1206275720164609,1.6714183891660725,469,0.33428367783321455,0.33152067664724366,-0.030350081960929358,91.45974347434222
linear_regression,linear,regression,bbob_train,FE_ratio,FE_ratio=0.35,,,0.35,19440,1388,0.07139917695473251,-0.07482964941049443,-0.062069321341436653,257.6511044439708,0.05,972,0.05,0.18724279835390947,2.6224783861671472,182,0.13112391930835735,0.15509740999140614,-0.015250401996812366,39.96101898068514
linear_regression,linear,regression,bbob_train,FE_ratio,FE_ratio=0.35,,,0.35,19440,1388,0.07139917695473251,-0.07482964941049443,-0.062069321341436653,257.6511044439708,0.1,1944,0.1,0.14094650205761317,1.9740634005763689,274,0.19740634005763688,0.22470025117714412,-0.025366263548921568,57.89426788462883
linear_regression,linear,regression,bbob_train,FE_ratio,FE_ratio=0.35,,,0.35,19440,1388,0.07139917695473251,-0.07482964941049443,-0.062069321341436653,257.6511044439708,0.2,3888,0.2,0.10365226337448559,1.451729106628242,403,0.2903458213256484,0.3117193388627351,-0.03316045500032572,80.31483193452809
linear_regression,linear,regression,bbob_train,FE_ratio,FE_ratio=0.4,,,0.4,19440,1376,0.07078189300411522,-0.08176159053440116,-0.06731035034538017,252.55187921031478,0.05,972,0.05,0.18415637860082304,2.6017441860465116,179,0.1300872093023256,0.1559595338135018,-0.014889057364372574,39.38787334536451
linear_regression,linear,regression,bbob_train,FE_ratio,FE_ratio=0.4,,,0.4,19440,1376,0.07078189300411522,-0.08176159053440116,-0.06731035034538017,252.55187921031478,0.1,1944,0.1,0.13991769547325103,1.9767441860465118,272,0.19767441860465115,0.22314165247362827,-0.02809651644705644,56.354843662309804
linear_regression,linear,regression,bbob_train,FE_ratio,FE_ratio=0.4,,,0.4,19440,1376,0.07078189300411522,-0.08176159053440116,-0.06731035034538017,252.55187921031478,0.2,3888,0.2,0.10776748971193416,1.522529069767442,419,0.30450581395348836,0.3130575527799104,-0.03662914332754249,79.06327325554867
linear_regression,linear,regression,bbob_train,FE_ratio,FE_ratio=0.45,,,0.45,19440,911,0.04686213991769547,-0.09574364894010993,-0.0740343803226563,214.80823720368133,0.05,972,0.05,0.16358024691358025,3.490669593852909,159,0.17453347969264543,0.1539491149756668,-0.03454959135193716,33.069538006989845
linear_regression,linear,regression,bbob_train,FE_ratio,FE_ratio=0.45,,,0.45,19440,911,0.04686213991769547,-0.09574364894010993,-0.0740343803226563,214.80823720368133,0.1,1944,0.1,0.12551440329218108,2.6783754116355656,244,0.2678375411635565,0.22889142133501075,-0.04200422566534048,49.16776272801876
linear_regression,linear,regression,bbob_train,FE_ratio,FE_ratio=0.45,,,0.45,19440,911,0.04686213991769547,-0.09574364894010993,-0.0740343803226563,214.80823720368133,0.2,3888,0.2,0.0823045267489712,1.756311745334797,320,0.3512623490669594,0.3022059599489344,-0.04943315924803221,64.91632952907692
linear_regression,linear,regression,bbob_train,FE_ratio,FE_ratio=0.5,,,0.5,19440,752,0.03868312757201646,-0.10761678906395437,-0.08153801385084204,216.74610973067038,0.05,972,0.05,0.13580246913580246,3.5106382978723403,132,0.17553191489361702,0.1428876787999167,-0.04504289516979488,30.97034850832753
linear_regression,linear,regression,bbob_train,FE_ratio,FE_ratio=0.5,,,0.5,19440,752,0.03868312757201646,-0.10761678906395437,-0.08153801385084204,216.74610973067038,0.1,1944,0.1,0.1147119341563786,2.9654255319148937,223,0.29654255319148937,0.2560015439416143,-0.04681674344524846,55.487338734390164
linear_regression,linear,regression,bbob_train,FE_ratio,FE_ratio=0.5,,,0.5,19440,752,0.03868312757201646,-0.10761678906395437,-0.08153801385084204,216.74610973067038,0.2,3888,0.2,0.0779320987654321,2.0146276595744683,303,0.4029255319148936,0.3457766107796923,-0.05405058660703362,74.94573522235449
linear_regression,linear,regression,bbob_train,FE_ratio,FE_ratio=0.55,,,0.55,19440,784,0.040329218106995884,-0.12055088341199817,-0.09047622006570433,212.50845114181092,0.05,972,0.05,0.12757201646090535,3.163265306122449,124,0.15816326530612246,0.1125104865031772,-0.06112116874672997,23.90942922400181
linear_regression,linear,regression,bbob_train,FE_ratio,FE_ratio=0.55,,,0.55,19440,784,0.040329218106995884,-0.12055088341199817,-0.09047622006570433,212.50845114181092,0.1,1944,0.1,0.11265432098765432,2.7933673469387754,219,0.27933673469387754,0.20909924771487454,-0.06660566164237569,44.43535726680584
linear_regression,linear,regression,bbob_train,FE_ratio,FE_ratio=0.55,,,0.55,19440,784,0.040329218106995884,-0.12055088341199817,-0.09047622006570433,212.50845114181092,0.2,3888,0.2,0.07716049382716049,1.913265306122449,300,0.3826530612244898,0.28832075910386107,-0.07145557894371306,61.27059794919269
linear_regression,linear,regression,bbob_train,FE_ratio,FE_ratio=0.6,,,0.6,19440,624,0.03209876543209877,-0.13902174819174842,-0.10198680721304745,192.65175785948037,0.05,972,0.05,0.09362139917695474,2.9166666666666665,91,0.14583333333333334,0.0986936191959611,-0.07459967017101359,19.013499227616062
linear_regression,linear,regression,bbob_train,FE_ratio,FE_ratio=0.6,,,0.6,19440,624,0.03209876543209877,-0.13902174819174842,-0.10198680721304745,192.65175785948037,0.1,1944,0.1,0.07613168724279835,2.371794871794872,148,0.23717948717948717,0.16073172550641784,-0.08037504100464235,30.965249462598877
linear_regression,linear,regression,bbob_train,FE_ratio,FE_ratio=0.6,,,0.6,19440,624,0.03209876543209877,-0.13902174819174842,-0.10198680721304745,192.65175785948037,0.2,3888,0.2,0.0573559670781893,1.7868589743589742,223,0.3573717948717949,0.2646276693703548,-0.08243927388542567,50.98098568245623
linear_regression,linear,regression,bbob_validation,all,all,,,,64800,3745,0.05779320987654321,-0.09152940558707323,-0.07597107961327272,743.0385345915533,0.05,3240,0.05,0.25833333333333336,4.469959946595461,837,0.22349799732977302,0.5685820810004051,0.07515674379474538,422.47839626155684
linear_regression,linear,regression,bbob_validation,all,all,,,,64800,3745,0.05779320987654321,-0.09152940558707323,-0.07597107961327272,743.0385345915533,0.1,6480,0.1,0.1743827160493827,3.0173564753004003,1130,0.30173564753004006,0.6052817300320514,0.010360880931843116,449.74764969805574
linear_regression,linear,regression,bbob_validation,all,all,,,,64800,3745,0.05779320987654321,-0.09152940558707323,-0.07597107961327272,743.0385345915533,0.2,12960,0.2,0.1297067901234568,2.2443257676902535,1681,0.44886515353805073,0.681235074864828,-0.02683128729055422,506.183911739929
linear_regression,linear,regression,bbob_validation,label_source,label_source=changed_algorithm,changed_algorithm,,,16560,2549,0.15392512077294687,-0.05116247729341551,-0.06176568779918107,607.1864253523988,0.05,828,0.05,0.9009661835748792,5.853275794429187,746,0.2926637897214594,0.6817949777041307,0.4941983731618374,413.97665533538964
linear_regression,linear,regression,bbob_validation,label_source,label_source=changed_algorithm,changed_algorithm,,,16560,2549,0.15392512077294687,-0.05116247729341551,-0.06176568779918107,607.1864253523988,0.1,1656,0.1,0.5096618357487923,3.3111023930953314,844,0.33111023930953315,0.6987257387545271,0.2180573758668528,424.2567836160755
linear_regression,linear,regression,bbob_validation,label_source,label_source=changed_algorithm,changed_algorithm,,,16560,2549,0.15392512077294687,-0.05116247729341551,-0.06176568779918107,607.1864253523988,0.2,3312,0.2,0.32518115942028986,2.1125931737936443,1077,0.4225186347587289,0.7413722766106159,0.07862224153094378,450.1511824905698
linear_regression,linear,regression,bbob_validation,label_source,label_source=same_algorithm,same_algorithm,,,48240,1196,0.024792703150912105,-0.10538670932967216,-0.08462815497687234,135.85210923915443,0.05,2412,0.05,0.03731343283582089,1.5050167224080266,90,0.07525083612040134,0.06306048812579204,-0.0684742115745209,8.566900321539501
linear_regression,linear,regression,bbob_validation,label_source,label_source=same_algorithm,same_algorithm,,,48240,1196,0.024792703150912105,-0.10538670932967216,-0.08462815497687234,135.85210923915443,0.1,4824,0.1,0.059286898839137646,2.391304347826087,286,0.2391304347826087,0.1888686469973543,-0.06105585862007966,25.658204063735873
linear_regression,linear,regression,bbob_validation,label_source,label_source=same_algorithm,same_algorithm,,,48240,1196,0.024792703150912105,-0.10538670932967216,-0.08462815497687234,135.85210923915443,0.2,9648,0.2,0.062085406301824214,2.5041806020066892,599,0.5008361204013378,0.4067646420944566,-0.0629614481127474,55.25983459244168
linear_regression,linear,regression,bbob_validation,dimension,dimension=10,,10.0,,21600,1470,0.06805555555555555,-0.040708791525251226,-0.036659214049790265,260.3480860696287,0.05,1080,0.05,0.27685185185185185,4.068027210884354,299,0.20340136054421767,0.6076701010951712,0.12057490713186449,158.2057477818656
linear_regression,linear,regression,bbob_validation,dimension,dimension=10,,10.0,,21600,1470,0.06805555555555555,-0.040708791525251226,-0.036659214049790265,260.3480860696287,0.1,2160,0.1,0.19212962962962962,2.8231292517006805,415,0.282312925170068,0.6503082577008602,0.04032405400420779,169.30651024769384
linear_regression,linear,regression,bbob_validation,dimension,dimension=10,,10.0,,21600,1470,0.06805555555555555,-0.040708791525251226,-0.036659214049790265,260.3480860696287,0.2,4320,0.2,0.1412037037037037,2.074829931972789,610,0.41496598639455784,0.7133894175608789,-0.003918640218770175,185.729569484302
linear_regression,linear,regression,bbob_validation,dimension,dimension=20,,20.0,,21600,1908,0.08833333333333333,-0.05664202206459035,-0.0679457754312032,392.4289080321196,0.05,1080,0.05,0.39351851851851855,4.454926624737946,425,0.22274633123689727,0.5930411656411544,0.18076643120892352,232.7264970506536
linear_regression,linear,regression,bbob_validation,dimension,dimension=20,,20.0,,21600,1908,0.08833333333333333,-0.05664202206459035,-0.0679457754312032,392.4289080321196,0.1,2160,0.1,0.25462962962962965,2.8825995807127884,550,0.2882599580712788,0.6249639934711524,0.06513245405683814,245.25393751727708
linear_regression,linear,regression,bbob_validation,dimension,dimension=20,,20.0,,21600,1908,0.08833333333333333,-0.05664202206459035,-0.0679457754312032,392.4289080321196,0.2,4320,0.2,0.1787037037037037,2.0230607966457024,772,0.40461215932914046,0.6834403854520077,0.00573231358803507,268.20176416798233
linear_regression,linear,regression,bbob_validation,dimension,dimension=40,,40.0,,21600,367,0.01699074074074074,-0.17723740317137815,-0.16708161511555475,90.26154048980496,0.05,1080,0.05,0.08611111111111111,5.068119891008174,93,0.25340599455040874,0.3346897946004189,-0.09867109136141189,30.209616446850216
linear_regression,linear,regression,bbob_validation,dimension,dimension=40,,40.0,,21600,367,0.01699074074074074,-0.17723740317137815,-0.16708161511555475,90.26154048980496,0.1,2160,0.1,0.04814814814814815,2.8337874659400546,104,0.28337874659400547,0.3687942788922438,-0.12573443187828817,33.28793973664069
linear_regression,linear,regression,bbob_validation,dimension,dimension=40,,40.0,,21600,367,0.01699074074074074,-0.17723740317137815,-0.16708161511555475,90.26154048980496,0.2,4320,0.2,0.03148148148148148,1.8528610354223432,136,0.37057220708446864,0.4725982413419059,-0.13885884079823357,42.657445296293055
linear_regression,linear,regression,bbob_validation,FE_ratio,FE_ratio=0.2,,,0.2,6480,296,0.04567901234567901,-0.07854640971495502,-0.05432046807708305,38.557426800468264,0.05,324,0.05,0.040123456790123455,0.8783783783783784,13,0.04391891891891892,0.03220960551914565,-0.05404090672376146,1.241919507076417
linear_regression,linear,regression,bbob_validation,FE_ratio,FE_ratio=0.2,,,0.2,6480,296,0.04567901234567901,-0.07854640971495502,-0.05432046807708305,38.557426800468264,0.1,648,0.1,0.07098765432098765,1.554054054054054,46,0.1554054054054054,0.1246790689519498,-0.05055801941271874,4.80730407466534
linear_regression,linear,regression,bbob_validation,FE_ratio,FE_ratio=0.2,,,0.2,6480,296,0.04567901234567901,-0.07854640971495502,-0.05432046807708305,38.557426800468264,0.2,1296,0.2,0.10262345679012345,2.2466216216216215,133,0.44932432432432434,0.3442151547020888,-0.061493794050706374,13.272050631037647
linear_regression,linear,regression,bbob_validation,FE_ratio,FE_ratio=0.25,,,0.25,6480,292,0.04506172839506173,-0.08209066348445634,-0.05811985784400571,35.463735190300596,0.05,324,0.05,0.006172839506172839,0.136986301369863,2,0.00684931506849315,0.00947487966465087,-0.055731249624979315,0.3360146233871426
linear_regression,linear,regression,bbob_validation,FE_ratio,FE_ratio=0.25,,,0.25,6480,292,0.04506172839506173,-0.08209066348445634,-0.05811985784400571,35.463735190300596,0.1,648,0.1,0.06790123456790123,1.506849315068493,44,0.1506849315068493,0.1326567185162274,-0.04766258479762454,4.704502736673735
linear_regression,linear,regression,bbob_validation,FE_ratio,FE_ratio=0.25,,,0.25,6480,292,0.04506172839506173,-0.08209066348445634,-0.05811985784400571,35.463735190300596,0.2,1296,0.2,0.08101851851851852,1.797945205479452,105,0.3595890410958904,0.30177156225703916,-0.05045228138224244,10.701946771846949
linear_regression,linear,regression,bbob_validation,FE_ratio,FE_ratio=0.28,,,0.28,6480,274,0.042283950617283954,-0.08549062609263769,-0.060059978976886724,32.16164278161452,0.05,324,0.05,0.037037037037037035,0.875912408759124,12,0.043795620437956206,0.0260568974926466,-0.06075222772145024,0.8380326291556469
linear_regression,linear,regression,bbob_validation,FE_ratio,FE_ratio=0.28,,,0.28,6480,274,0.042283950617283954,-0.08549062609263769,-0.060059978976886724,32.16164278161452,0.1,648,0.1,0.06790123456790123,1.605839416058394,44,0.16058394160583941,0.11375802131707523,-0.05579820022924828,3.658644845143063
linear_regression,linear,regression,bbob_validation,FE_ratio,FE_ratio=0.28,,,0.28,6480,274,0.042283950617283954,-0.08549062609263769,-0.060059978976886724,32.16164278161452,0.2,1296,0.2,0.07947530864197531,1.8795620437956204,103,0.3759124087591241,0.26592321324259766,-0.05520134338039293,8.552527391647528
linear_regression,linear,regression,bbob_validation,FE_ratio,FE_ratio=0.3,,,0.3,6480,284,0.043827160493827164,-0.08706332924379373,-0.061481761258876125,31.652929735382077,0.05,324,0.05,0.024691358024691357,0.5633802816901408,8,0.028169014084507043,0.01909761990004817,-0.059619769381997645,0.6044956208092592
linear_regression,linear,regression,bbob_validation,FE_ratio,FE_ratio=0.3,,,0.3,6480,284,0.043827160493827164,-0.08706332924379373,-0.061481761258876125,31.652929735382077,0.1,648,0.1,0.05401234567901234,1.232394366197183,35,0.12323943661971831,0.08213345997413286,-0.055527067155626796,2.5997646374850434
linear_regression,linear,regression,bbob_validation,FE_ratio,FE_ratio=0.3,,,0.3,6480,284,0.043827160493827164,-0.08706332924379373,-0.061481761258876125,31.652929735382077,0.2,1296,0.2,0.0779320987654321,1.778169014084507,101,0.35563380281690143,0.262903098282979,-0.058496253602259886,8.321653297165382
linear_regression,linear,regression,bbob_validation,FE_ratio,FE_ratio=0.35,,,0.35,6480,256,0.03950617283950617,-0.09341559547051581,-0.06664570006608084,26.439322897806413,0.05,324,0.05,0.018518518518518517,0.46875,6,0.0234375,0.02441388139883243,-0.0615049148977173,0.6454864934924803
linear_regression,linear,regression,bbob_validation,FE_ratio,FE_ratio=0.35,,,0.35,6480,256,0.03950617283950617,-0.09341559547051581,-0.06664570006608084,26.439322897806413,0.1,648,0.1,0.05246913580246913,1.328125,34,0.1328125,0.11471467613022322,-0.05630965232287642,3.0329783633242577
linear_regression,linear,regression,bbob_validation,FE_ratio,FE_ratio=0.35,,,0.35,6480,256,0.03950617283950617,-0.09341559547051581,-0.06664570006608084,26.439322897806413,0.2,1296,0.2,0.06867283950617284,1.73828125,89,0.34765625,0.31113174010921313,-0.058991243171693755,8.226112540503873
linear_regression,linear,regression,bbob_validation,FE_ratio,FE_ratio=0.4,,,0.4,6480,800,0.12345679012345678,-0.07290554260108724,-0.07056462486829276,174.15917724891835,0.05,324,0.05,0.6666666666666666,5.4,216,0.27,0.6006197096866411,0.28642219979136924,104.60343447850963
linear_regression,linear,regression,bbob_validation,FE_ratio,FE_ratio=0.4,,,0.4,6480,800,0.12345679012345678,-0.07290554260108724,-0.07056462486829276,174.15917724891835,0.1,648,0.1,0.4166666666666667,3.3750000000000004,270,0.3375,0.633991056836839,0.11893363241154727,110.41536084187612
linear_regression,linear,regression,bbob_validation,FE_ratio,FE_ratio=0.4,,,0.4,6480,800,0.12345679012345678,-0.07290554260108724,-0.07056462486829276,174.15917724891835,0.2,1296,0.2,0.2708333333333333,2.19375,351,0.43875,0.6771098815306139,0.029612925288283652,117.92489987448432
linear_regression,linear,regression,bbob_validation,FE_ratio,FE_ratio=0.45,,,0.45,6480,243,0.0375,-0.10186903427734409,-0.07939845101548082,50.56190594132994,0.05,324,0.05,0.12037037037037036,3.2098765432098766,39,0.16049382716049382,0.6289518021861796,0.026045949602947524,31.80100186376757
linear_regression,linear,regression,bbob_validation,FE_ratio,FE_ratio=0.45,,,0.45,6480,243,0.0375,-0.10186903427734409,-0.07939845101548082,50.56190594132994,0.1,648,0.1,0.1095679012345679,2.9218106995884776,71,0.29218106995884774,0.6933139985052318,-0.018432221286267397,35.0552771802289
linear_regression,linear,regression,bbob_validation,FE_ratio,FE_ratio=0.45,,,0.45,6480,243,0.0375,-0.10186903427734409,-0.07939845101548082,50.56190594132994,0.2,1296,0.2,0.08564814814814815,2.283950617283951,111,0.4567901234567901,0.7525226710531778,-0.04864533537684773,38.048980512509154
linear_regression,linear,regression,bbob_validation,FE_ratio,FE_ratio=0.5,,,0.5,6480,477,0.07361111111111111,-0.08578559846269349,-0.08202974076197492,151.15391573733473,0.05,324,0.05,0.7098765432098766,9.643605870020965,230,0.48218029350104824,0.8576738876439224,0.3739538795228615,129.64076654304174
linear_regression,linear,regression,bbob_validation,FE_ratio,FE_ratio=0.5,,,0.5,6480,477,0.07361111111111111,-0.08578559846269349,-0.08202974076197492,151.15391573733473,0.1,648,0.1,0.4074074074074074,5.534591194968553,264,0.5534591194968553,0.8775454007849383,0.15736479094785788,132.6444235659322
linear_regression,linear,regression,bbob_validation,FE_ratio,FE_ratio=0.5,,,0.5,6480,477,0.07361111111111111,-0.08578559846269349,-0.08202974076197492,151.15391573733473,0.2,1296,0.2,0.25848765432098764,3.5115303983228507,335,0.7023060796645703,0.9207578718683065,0.04635976475454885,139.17615777886965
linear_regression,linear,regression,bbob_validation,FE_ratio,FE_ratio=0.55,,,0.55,6480,376,0.05802469135802469,-0.11228594071878435,-0.09215825578698267,79.68497550744864,0.05,324,0.05,0.3055555555555556,5.265957446808511,99,0.2632978723404255,0.6388897914872863,0.08152216350821405,50.90991738662338
linear_regression,linear,regression,bbob_validation,FE_ratio,FE_ratio=0.55,,,0.55,6480,376,0.05802469135802469,-0.11228594071878435,-0.09215825578698267,79.68497550744864,0.1,648,0.1,0.19598765432098766,3.3776595744680855,127,0.3377659574468085,0.6670495360261197,0.0028401744266458324,53.15382594049633
linear_regression,linear,regression,bbob_validation,FE_ratio,FE_ratio=0.55,,,0.55,6480,376,0.05802469135802469,-0.11228594071878435,-0.09215825578698267,79.68497550744864,0.2,1296,0.2,0.1404320987654321,2.420212765957447,182,0.48404255319148937,0.7315886631747215,-0.03957790585672613,58.296624706604774
linear_regression,linear,regression,bbob_validation,FE_ratio,FE_ratio=0.6,,,0.6,6480,447,0.06898148148148148,-0.11584131580446465,-0.10228898920926656,123.20350275094972,0.05,324,0.05,0.558641975308642,8.098434004474274,181,0.40492170022371365,0.8088858934855218,0.2572911949848817,99.6575754032479
linear_regression,linear,regression,bbob_validation,FE_ratio,FE_ratio=0.6,,,0.6,6480,447,0.06898148148148148,-0.11584131580446465,-0.10228898920926656,123.20350275094972,0.1,648,0.1,0.32098765432098764,4.6532438478747205,208,0.465324384787472,0.8236980741906006,0.08264849405552477,101.48248794949365
linear_regression,linear,regression,bbob_validation,FE_ratio,FE_ratio=0.6,,,0.6,6480,447,0.06898148148148148,-0.11584131580446465,-0.10228898920926656,123.20350275094972,0.2,1296,0.2,0.20756172839506173,3.0089485458612977,269,0.6017897091722595,0.8710094927856507,-0.002689055342884436,107.31142044052024
ridge_regression,ridge,regression,bbob_train,all,all,,,,194400,11921,0.06132201646090535,-0.08855738467265091,-0.06544428361600368,2511.1122661377594,0.05,9720,0.05,0.15967078189300413,2.603808405335123,1552,0.13019042026675615,0.13660633408099662,-0.019215440758996866,343.03384114290327
ridge_regression,ridge,regression,bbob_train,all,all,,,,194400,11921,0.06132201646090535,-0.08855738467265091,-0.06544428361600368,2511.1122661377594,0.1,19440,0.1,0.1354423868312757,2.20870732321114,2633,0.220870732321114,0.22511384136459495,-0.02765216628081577,565.2861283280241
ridge_regression,ridge,regression,bbob_train,all,all,,,,194400,11921,0.06132201646090535,-0.08855738467265091,-0.06544428361600368,2511.1122661377594,0.2,38880,0.2,0.11062242798353909,1.8039593993792467,4301,0.3607918798758493,0.3422990431690104,-0.03696327076839553,859.5513259889204
ridge_regression,ridge,regression,bbob_train,label_source,label_source=changed_algorithm,changed_algorithm,,,74400,8470,0.11384408602150538,-0.05859081542569486,-0.06280283172738645,1678.8603444230114,0.05,3720,0.05,0.2916666666666667,2.5619834710743805,1085,0.128099173553719,0.1386214927923052,0.01679788412477909,232.72612713372155
ridge_regression,ridge,regression,bbob_train,label_source,label_source=changed_algorithm,changed_algorithm,,,74400,8470,0.11384408602150538,-0.05859081542569486,-0.06280283172738645,1678.8603444230114,0.1,7440,0.1,0.2631720430107527,2.311688311688312,1958,0.23116883116883116,0.24772542923081994,0.006815135716190818,415.8963994407928
ridge_regression,ridge,regression,bbob_train,label_source,label_source=changed_algorithm,changed_algorithm,,,74400,8470,0.11384408602150538,-0.05859081542569486,-0.06280283172738645,1678.8603444230114,0.2,14880,0.2,0.20678763440860215,1.8164108618654073,3077,0.36328217237308147,0.3679591051301903,-0.013662709340411623,617.7519499724544
ridge_regression,ridge,regression,bbob_train,label_source,label_source=same_algorithm,same_algorithm,,,120000,3451,0.028758333333333334,-0.10713665760576366,-0.06743423570665175,832.2519217147483,0.05,6000,0.05,0.044833333333333336,1.5589684149521879,269,0.0779484207476094,0.08854418058534105,-0.049685115279872794,73.6910644488078
ridge_regression,ridge,regression,bbob_train,label_source,label_source=same_algorithm,same_algorithm,,,120000,3451,0.028758333333333334,-0.10713665760576366,-0.06743423570665175,832.2519217147483,0.1,12000,0.1,0.042666666666666665,1.4836279339321936,512,0.14836279339321937,0.1469801950755182,-0.051079514197991435,122.32454980560861
ridge_regression,ridge,regression,bbob_train,label_source,label_source=same_algorithm,same_algorithm,,,120000,3451,0.028758333333333334,-0.10713665760576366,-0.06743423570665175,832.2519217147483,0.2,24000,0.2,0.03975,1.3822080556360474,954,0.2764416111272095,0.22678588239688638,-0.05301888675294288,188.7429864425836
ridge_regression,ridge,regression,bbob_train,dimension,dimension=10,,10.0,,64800,2405,0.037114197530864194,-0.04022633237538057,-0.03715828153278458,308.0180086184804,0.05,3240,0.05,0.12314814814814815,3.3180873180873185,399,0.1659043659043659,0.1891209640617836,-0.02190237927052562,58.25266273831779
ridge_regression,ridge,regression,bbob_train,dimension,dimension=10,,10.0,,64800,2405,0.037114197530864194,-0.04022633237538057,-0.03715828153278458,308.0180086184804,0.1,6480,0.1,0.09799382716049383,2.6403326403326406,635,0.26403326403326405,0.2766850375471767,-0.027284130874909683,85.22397427981085
ridge_regression,ridge,regression,bbob_train,dimension,dimension=10,,10.0,,64800,2405,0.037114197530864194,-0.04022633237538057,-0.03715828153278458,308.0180086184804,0.2,12960,0.2,0.07654320987654321,2.0623700623700625,992,0.4124740124740125,0.4321725081278495,-0.030666556637939563,133.11691533319424
ridge_regression,ridge,regression,bbob_train,dimension,dimension=20,,20.0,,64800,3858,0.059537037037037034,-0.07228172978918257,-0.06716881295115272,823.0687800379324,0.05,3240,0.05,0.25,4.199066874027994,810,0.2099533437013997,0.27340287150167825,0.0012176435283314689,225.0293679057539
ridge_regression,ridge,regression,bbob_train,dimension,dimension=20,,20.0,,64800,3858,0.059537037037037034,-0.07228172978918257,-0.06716881295115272,823.0687800379324,0.1,6480,0.1,0.19675925925925927,3.304821150855366,1275,0.33048211508553654,0.39619144922713706,-0.02360946783620745,326.0928127768401
ridge_regression,ridge,regression,bbob_train,dimension,dimension=20,,20.0,,64800,3858,0.059537037037037034,-0.07228172978918257,-0.06716881295115272,823.0687800379324,0.2,12960,0.2,0.14645061728395062,2.4598237428719547,1898,0.4919647485743909,0.5394330632623527,-0.04254587449116738,443.9905132914695
ridge_regression,ridge,regression,bbob_train,dimension,dimension=40,,40.0,,64800,5658,0.08731481481481482,-0.1531640918533896,-0.14272675969545875,1380.025477481347,0.05,3240,0.05,0.21358024691358024,2.446094026157653,692,0.12230470130788264,0.1216267911236867,-0.045379398009030916,167.84807049498977
ridge_regression,ridge,regression,bbob_train,dimension,dimension=40,,40.0,,64800,5658,0.08731481481481482,-0.1531640918533896,-0.14272675969545875,1380.025477481347,0.1,6480,0.1,0.2154320987654321,2.467302933898904,1396,0.24673029338989041,0.22497624147288556,-0.05210008512330894,310.4729450605777
ridge_regression,ridge,regression,bbob_train,dimension,dimension=40,,40.0,,64800,5658,0.08731481481481482,-0.1531640918533896,-0.14272675969545875,1380.025477481347,0.2,12960,0.2,0.1599537037037037,1.8319194061505832,2073,0.36638388123011667,0.30691205410226746,-0.08100122244338026,423.5464540072626
ridge_regression,ridge,regression,bbob_train,FE_ratio,FE_ratio=0.2,,,0.2,19440,1637,0.08420781893004116,-0.06196176210011554,-0.05049860667501493,304.44205064313394,0.05,972,0.05,0.23353909465020575,2.773365913255956,227,0.1386682956627978,0.1794590674326658,-8.922429087651652e-05,54.63488649570523
ridge_regression,ridge,regression,bbob_train,FE_ratio,FE_ratio=0.2,,,0.2,19440,1637,0.08420781893004116,-0.06196176210011554,-0.05049860667501493,304.44205064313394,0.1,1944,0.1,0.17849794238683128,2.119731215638363,347,0.2119731215638363,0.28073907543771354,-0.01343394913751676,85.46877982191498
ridge_regression,ridge,regression,bbob_train,FE_ratio,FE_ratio=0.2,,,0.2,19440,1637,0.08420781893004116,-0.06196176210011554,-0.05049860667501493,304.44205064313394,0.2,3888,0.2,0.14686213991769548,1.7440439828955405,571,0.3488087965791081,0.4137414447771066,-0.022624722800046577,125.96029388399529
ridge_regression,ridge,regression,bbob_train,FE_ratio,FE_ratio=0.25,,,0.25,19440,1530,0.0787037037037037,-0.06684412289960417,-0.05379598025536793,289.0381601639173,0.05,972,0.05,0.1522633744855967,1.934640522875817,148,0.09673202614379085,0.12321918575147046,-0.006603217988454453,35.615046746500994
ridge_regression,ridge,regression,bbob_train,FE_ratio,FE_ratio=0.25,,,0.25,19440,1530,0.0787037037037037,-0.06684412289960417,-0.05379598025536793,289.0381601639173,0.1,1944,0.1,0.1383744855967078,1.7581699346405228,269,0.1758169934640523,0.21657964772991786,-0.015955728866698674,62.599782908804784
ridge_regression,ridge,regression,bbob_train,FE_ratio,FE_ratio=0.25,,,0.25,19440,1530,0.0787037037037037,-0.06684412289960417,-0.05379598025536793,289.0381601639173,0.2,3888,0.2,0.11522633744855967,1.4640522875816993,448,0.2928104575163399,0.3428559426951383,-0.025742123097598504,99.09845087786823
ridge_regression,ridge,regression,bbob_train,FE_ratio,FE_ratio=0.28,,,0.28,19440,1516,0.07798353909465021,-0.06678863875638497,-0.05595944523593056,294.83506110374555,0.05,972,0.05,0.20781893004115226,2.6649076517150396,202,0.13324538258575197,0.1493973128174793,-0.007707954285163086,44.0475658532769
ridge_regression,ridge,regression,bbob_train,FE_ratio,FE_ratio=0.28,,,0.28,19440,1516,0.07798353909465021,-0.06678863875638497,-0.05595944523593056,294.83506110374555,0.1,1944,0.1,0.17026748971193414,2.183377308707124,331,0.2183377308707124,0.24572853003414977,-0.019137475033731016,72.44938616755212
ridge_regression,ridge,regression,bbob_train,FE_ratio,FE_ratio=0.28,,,0.28,19440,1516,0.07798353909465021,-0.06678863875638497,-0.05595944523593056,294.83506110374555,0.2,3888,0.2,0.13271604938271606,1.7018469656992086,516,0.3403693931398417,0.377153321271854,-0.02548823375718586,111.19802252266766
ridge_regression,ridge,regression,bbob_train,FE_ratio,FE_ratio=0.3,,,0.3,19440,1403,0.07217078189300412,-0.07045501341769796,-0.05769358257385397,275.8794546370344,0.05,972,0.05,0.19855967078189302,2.751247327156094,193,0.1375623663578047,0.1471384352493746,-0.014325046713437328,40.59247127274406
ridge_regression,ridge,regression,bbob_train,FE_ratio,FE_ratio=0.3,,,0.3,19440,1403,0.07217078189300412,-0.07045501341769796,-0.05769358257385397,275.8794546370344,0.1,1944,0.1,0.15895061728395063,2.202423378474697,309,0.22024233784746972,0.22537037990668624,-0.02393831478971363,62.17505749999786
ridge_regression,ridge,regression,bbob_train,FE_ratio,FE_ratio=0.3,,,0.3,19440,1403,0.07217078189300412,-0.07045501341769796,-0.05769358257385397,275.8794546370344,0.2,3888,0.2,0.1206275720164609,1.6714183891660725,469,0.33428367783321455,0.33152067664724366,-0.030350081960929358,91.45974347434222
ridge_regression,ridge,regression,bbob_train,FE_ratio,FE_ratio=0.35,,,0.35,19440,1388,0.07139917695473251,-0.07482964941049443,-0.062069321341436653,257.6511044439708,0.05,972,0.05,0.18724279835390947,2.6224783861671472,182,0.13112391930835735,0.15509740999140614,-0.015250401996812367,39.96101898068514
ridge_regression,ridge,regression,bbob_train,FE_ratio,FE_ratio=0.35,,,0.35,19440,1388,0.07139917695473251,-0.07482964941049443,-0.062069321341436653,257.6511044439708,0.1,1944,0.1,0.14094650205761317,1.9740634005763689,274,0.19740634005763688,0.22470025117714412,-0.025366263548921568,57.89426788462883
ridge_regression,ridge,regression,bbob_train,FE_ratio,FE_ratio=0.35,,,0.35,19440,1388,0.07139917695473251,-0.07482964941049443,-0.062069321341436653,257.6511044439708,0.2,3888,0.2,0.10365226337448559,1.451729106628242,403,0.2903458213256484,0.3117193388627351,-0.03316045500032572,80.31483193452809
ridge_regression,ridge,regression,bbob_train,FE_ratio,FE_ratio=0.4,,,0.4,19440,1376,0.07078189300411522,-0.08176159053440116,-0.06731035034538017,252.55187921031478,0.05,972,0.05,0.18415637860082304,2.6017441860465116,179,0.1300872093023256,0.1559595338135018,-0.014889057364372574,39.38787334536451
ridge_regression,ridge,regression,bbob_train,FE_ratio,FE_ratio=0.4,,,0.4,19440,1376,0.07078189300411522,-0.08176159053440116,-0.06731035034538017,252.55187921031478,0.1,1944,0.1,0.13991769547325103,1.9767441860465118,272,0.19767441860465115,0.22314165247362827,-0.02809651644705644,56.354843662309804
ridge_regression,ridge,regression,bbob_train,FE_ratio,FE_ratio=0.4,,,0.4,19440,1376,0.07078189300411522,-0.08176159053440116,-0.06731035034538017,252.55187921031478,0.2,3888,0.2,0.10776748971193416,1.522529069767442,419,0.30450581395348836,0.3130575527799104,-0.03662914332754249,79.06327325554867
ridge_regression,ridge,regression,bbob_train,FE_ratio,FE_ratio=0.45,,,0.45,19440,911,0.04686213991769547,-0.09574364894010993,-0.0740343803226563,214.80823720368133,0.05,972,0.05,0.16358024691358025,3.490669593852909,159,0.17453347969264543,0.1539491149756668,-0.03454959135193716,33.069538006989845
ridge_regression,ridge,regression,bbob_train,FE_ratio,FE_ratio=0.45,,,0.45,19440,911,0.04686213991769547,-0.09574364894010993,-0.0740343803226563,214.80823720368133,0.1,1944,0.1,0.12551440329218108,2.6783754116355656,244,0.2678375411635565,0.22889142133501075,-0.04200422566534048,49.16776272801876
ridge_regression,ridge,regression,bbob_train,FE_ratio,FE_ratio=0.45,,,0.45,19440,911,0.04686213991769547,-0.09574364894010993,-0.0740343803226563,214.80823720368133,0.2,3888,0.2,0.0823045267489712,1.756311745334797,320,0.3512623490669594,0.3022059599489344,-0.04943315924803221,64.91632952907692
ridge_regression,ridge,regression,bbob_train,FE_ratio,FE_ratio=0.5,,,0.5,19440,752,0.03868312757201646,-0.10761678906395437,-0.08153801385084204,216.74610973067038,0.05,972,0.05,0.13580246913580246,3.5106382978723403,132,0.17553191489361702,0.1428876787999167,-0.04504289516979488,30.97034850832753
ridge_regression,ridge,regression,bbob_train,FE_ratio,FE_ratio=0.5,,,0.5,19440,752,0.03868312757201646,-0.10761678906395437,-0.08153801385084204,216.74610973067038,0.1,1944,0.1,0.1147119341563786,2.9654255319148937,223,0.29654255319148937,0.2560015439416143,-0.04681674344524846,55.487338734390164
ridge_regression,ridge,regression,bbob_train,FE_ratio,FE_ratio=0.5,,,0.5,19440,752,0.03868312757201646,-0.10761678906395437,-0.08153801385084204,216.74610973067038,0.2,3888,0.2,0.0779320987654321,2.0146276595744683,303,0.4029255319148936,0.3457766107796923,-0.05405058660703362,74.94573522235449
ridge_regression,ridge,regression,bbob_train,FE_ratio,FE_ratio=0.55,,,0.55,19440,784,0.040329218106995884,-0.12055088341199817,-0.09047622006570433,212.50845114181092,0.05,972,0.05,0.12757201646090535,3.163265306122449,124,0.15816326530612246,0.1125104865031772,-0.06112116874672997,23.90942922400181
ridge_regression,ridge,regression,bbob_train,FE_ratio,FE_ratio=0.55,,,0.55,19440,784,0.040329218106995884,-0.12055088341199817,-0.09047622006570433,212.50845114181092,0.1,1944,0.1,0.11265432098765432,2.7933673469387754,219,0.27933673469387754,0.20909924771487454,-0.06660566164237569,44.43535726680584
ridge_regression,ridge,regression,bbob_train,FE_ratio,FE_ratio=0.55,,,0.55,19440,784,0.040329218106995884,-0.12055088341199817,-0.09047622006570433,212.50845114181092,0.2,3888,0.2,0.07716049382716049,1.913265306122449,300,0.3826530612244898,0.28832075910386107,-0.07145557894371306,61.27059794919269
ridge_regression,ridge,regression,bbob_train,FE_ratio,FE_ratio=0.6,,,0.6,19440,624,0.03209876543209877,-0.13902174819174842,-0.10198680721304745,192.65175785948037,0.05,972,0.05,0.09362139917695474,2.9166666666666665,91,0.14583333333333334,0.0986936191959611,-0.07459967017101359,19.013499227616062
ridge_regression,ridge,regression,bbob_train,FE_ratio,FE_ratio=0.6,,,0.6,19440,624,0.03209876543209877,-0.13902174819174842,-0.10198680721304745,192.65175785948037,0.1,1944,0.1,0.07613168724279835,2.371794871794872,148,0.23717948717948717,0.16073172550641784,-0.08037504100464235,30.965249462598877
ridge_regression,ridge,regression,bbob_train,FE_ratio,FE_ratio=0.6,,,0.6,19440,624,0.03209876543209877,-0.13902174819174842,-0.10198680721304745,192.65175785948037,0.2,3888,0.2,0.0573559670781893,1.7868589743589742,223,0.3573717948717949,0.2646276693703548,-0.08243927388542567,50.98098568245623
ridge_regression,ridge,regression,bbob_validation,all,all,,,,64800,3745,0.05779320987654321,-0.09152940558707323,-0.07597107961327272,743.0385345915533,0.05,3240,0.05,0.25833333333333336,4.469959946595461,837,0.22349799732977302,0.5685820810004051,0.07515674379474538,422.47839626155684
ridge_regression,ridge,regression,bbob_validation,all,all,,,,64800,3745,0.05779320987654321,-0.09152940558707323,-0.07597107961327272,743.0385345915533,0.1,6480,0.1,0.1743827160493827,3.0173564753004003,1130,0.30173564753004006,0.6052817300320514,0.010360880931843116,449.74764969805574
ridge_regression,ridge,regression,bbob_validation,all,all,,,,64800,3745,0.05779320987654321,-0.09152940558707323,-0.07597107961327272,743.0385345915533,0.2,12960,0.2,0.1297067901234568,2.2443257676902535,1681,0.44886515353805073,0.681235074864828,-0.02683128729055422,506.183911739929
ridge_regression,ridge,regression,bbob_validation,label_source,label_source=changed_algorithm,changed_algorithm,,,16560,2549,0.15392512077294687,-0.05116247729341551,-0.06176568779918107,607.1864253523988,0.05,828,0.05,0.9009661835748792,5.853275794429187,746,0.2926637897214594,0.6817949777041307,0.4941983731618374,413.97665533538964
ridge_regression,ridge,regression,bbob_validation,label_source,label_source=changed_algorithm,changed_algorithm,,,16560,2549,0.15392512077294687,-0.05116247729341551,-0.06176568779918107,607.1864253523988,0.1,1656,0.1,0.5096618357487923,3.3111023930953314,844,0.33111023930953315,0.6987257387545271,0.2180573758668528,424.2567836160755
ridge_regression,ridge,regression,bbob_validation,label_source,label_source=changed_algorithm,changed_algorithm,,,16560,2549,0.15392512077294687,-0.05116247729341551,-0.06176568779918107,607.1864253523988,0.2,3312,0.2,0.32518115942028986,2.1125931737936443,1077,0.4225186347587289,0.7413722766106159,0.07862224153094378,450.1511824905698
ridge_regression,ridge,regression,bbob_validation,label_source,label_source=same_algorithm,same_algorithm,,,48240,1196,0.024792703150912105,-0.10538670932967216,-0.08462815497687234,135.85210923915443,0.05,2412,0.05,0.03731343283582089,1.5050167224080266,90,0.07525083612040134,0.06306048812579204,-0.0684742115745209,8.566900321539501
ridge_regression,ridge,regression,bbob_validation,label_source,label_source=same_algorithm,same_algorithm,,,48240,1196,0.024792703150912105,-0.10538670932967216,-0.08462815497687234,135.85210923915443,0.1,4824,0.1,0.059286898839137646,2.391304347826087,286,0.2391304347826087,0.1888686469973543,-0.06105585862007966,25.658204063735873
ridge_regression,ridge,regression,bbob_validation,label_source,label_source=same_algorithm,same_algorithm,,,48240,1196,0.024792703150912105,-0.10538670932967216,-0.08462815497687234,135.85210923915443,0.2,9648,0.2,0.062085406301824214,2.5041806020066892,599,0.5008361204013378,0.4067646420944566,-0.0629614481127474,55.25983459244168
ridge_regression,ridge,regression,bbob_validation,dimension,dimension=10,,10.0,,21600,1470,0.06805555555555555,-0.040708791525251226,-0.036659214049790265,260.3480860696287,0.05,1080,0.05,0.27685185185185185,4.068027210884354,299,0.20340136054421767,0.6076701010951712,0.12057490713186449,158.2057477818656
ridge_regression,ridge,regression,bbob_validation,dimension,dimension=10,,10.0,,21600,1470,0.06805555555555555,-0.040708791525251226,-0.036659214049790265,260.3480860696287,0.1,2160,0.1,0.19212962962962962,2.8231292517006805,415,0.282312925170068,0.6503082577008602,0.04032405400420779,169.30651024769384
ridge_regression,ridge,regression,bbob_validation,dimension,dimension=10,,10.0,,21600,1470,0.06805555555555555,-0.040708791525251226,-0.036659214049790265,260.3480860696287,0.2,4320,0.2,0.1412037037037037,2.074829931972789,610,0.41496598639455784,0.7133894175608789,-0.003918640218770178,185.729569484302
ridge_regression,ridge,regression,bbob_validation,dimension,dimension=20,,20.0,,21600,1908,0.08833333333333333,-0.05664202206459035,-0.0679457754312032,392.4289080321196,0.05,1080,0.05,0.39351851851851855,4.454926624737946,425,0.22274633123689727,0.5930411656411544,0.18076643120892352,232.7264970506536
ridge_regression,ridge,regression,bbob_validation,dimension,dimension=20,,20.0,,21600,1908,0.08833333333333333,-0.05664202206459035,-0.0679457754312032,392.4289080321196,0.1,2160,0.1,0.25462962962962965,2.8825995807127884,550,0.2882599580712788,0.6249639934711524,0.06513245405683814,245.25393751727708
ridge_regression,ridge,regression,bbob_validation,dimension,dimension=20,,20.0,,21600,1908,0.08833333333333333,-0.05664202206459035,-0.0679457754312032,392.4289080321196,0.2,4320,0.2,0.1787037037037037,2.0230607966457024,772,0.40461215932914046,0.6834403854520077,0.00573231358803507,268.20176416798233
ridge_regression,ridge,regression,bbob_validation,dimension,dimension=40,,40.0,,21600,367,0.01699074074074074,-0.17723740317137815,-0.16708161511555475,90.26154048980496,0.05,1080,0.05,0.08611111111111111,5.068119891008174,93,0.25340599455040874,0.3346897946004189,-0.09867109136141189,30.209616446850216
ridge_regression,ridge,regression,bbob_validation,dimension,dimension=40,,40.0,,21600,367,0.01699074074074074,-0.17723740317137815,-0.16708161511555475,90.26154048980496,0.1,2160,0.1,0.04814814814814815,2.8337874659400546,104,0.28337874659400547,0.3687942788922438,-0.12573443187828817,33.28793973664069
ridge_regression,ridge,regression,bbob_validation,dimension,dimension=40,,40.0,,21600,367,0.01699074074074074,-0.17723740317137815,-0.16708161511555475,90.26154048980496,0.2,4320,0.2,0.03148148148148148,1.8528610354223432,136,0.37057220708446864,0.4725982413419059,-0.13885884079823357,42.657445296293055
ridge_regression,ridge,regression,bbob_validation,FE_ratio,FE_ratio=0.2,,,0.2,6480,296,0.04567901234567901,-0.07854640971495502,-0.05432046807708305,38.557426800468264,0.05,324,0.05,0.040123456790123455,0.8783783783783784,13,0.04391891891891892,0.03220960551914565,-0.05404090672376146,1.241919507076417
ridge_regression,ridge,regression,bbob_validation,FE_ratio,FE_ratio=0.2,,,0.2,6480,296,0.04567901234567901,-0.07854640971495502,-0.05432046807708305,38.557426800468264,0.1,648,0.1,0.07098765432098765,1.554054054054054,46,0.1554054054054054,0.1246790689519498,-0.05055801941271874,4.80730407466534
ridge_regression,ridge,regression,bbob_validation,FE_ratio,FE_ratio=0.2,,,0.2,6480,296,0.04567901234567901,-0.07854640971495502,-0.05432046807708305,38.557426800468264,0.2,1296,0.2,0.10262345679012345,2.2466216216216215,133,0.44932432432432434,0.3442151547020888,-0.061493794050706374,13.272050631037647
ridge_regression,ridge,regression,bbob_validation,FE_ratio,FE_ratio=0.25,,,0.25,6480,292,0.04506172839506173,-0.08209066348445634,-0.05811985784400571,35.463735190300596,0.05,324,0.05,0.006172839506172839,0.136986301369863,2,0.00684931506849315,0.00947487966465087,-0.055731249624979315,0.3360146233871426
ridge_regression,ridge,regression,bbob_validation,FE_ratio,FE_ratio=0.25,,,0.25,6480,292,0.04506172839506173,-0.08209066348445634,-0.05811985784400571,35.463735190300596,0.1,648,0.1,0.06790123456790123,1.506849315068493,44,0.1506849315068493,0.1326567185162274,-0.04766258479762454,4.704502736673735
ridge_regression,ridge,regression,bbob_validation,FE_ratio,FE_ratio=0.25,,,0.25,6480,292,0.04506172839506173,-0.08209066348445634,-0.05811985784400571,35.463735190300596,0.2,1296,0.2,0.08101851851851852,1.797945205479452,105,0.3595890410958904,0.3017715622570392,-0.05045228138224244,10.70194677184695
ridge_regression,ridge,regression,bbob_validation,FE_ratio,FE_ratio=0.28,,,0.28,6480,274,0.042283950617283954,-0.08549062609263769,-0.060059978976886724,32.16164278161452,0.05,324,0.05,0.037037037037037035,0.875912408759124,12,0.043795620437956206,0.0260568974926466,-0.06075222772145024,0.8380326291556469
ridge_regression,ridge,regression,bbob_validation,FE_ratio,FE_ratio=0.28,,,0.28,6480,274,0.042283950617283954,-0.08549062609263769,-0.060059978976886724,32.16164278161452,0.1,648,0.1,0.06790123456790123,1.605839416058394,44,0.16058394160583941,0.11375802131707523,-0.05579820022924828,3.658644845143063
ridge_regression,ridge,regression,bbob_validation,FE_ratio,FE_ratio=0.28,,,0.28,6480,274,0.042283950617283954,-0.08549062609263769,-0.060059978976886724,32.16164278161452,0.2,1296,0.2,0.07947530864197531,1.8795620437956204,103,0.3759124087591241,0.26592321324259766,-0.05520134338039293,8.552527391647528
ridge_regression,ridge,regression,bbob_validation,FE_ratio,FE_ratio=0.3,,,0.3,6480,284,0.043827160493827164,-0.08706332924379373,-0.061481761258876125,31.652929735382077,0.05,324,0.05,0.024691358024691357,0.5633802816901408,8,0.028169014084507043,0.01909761990004817,-0.059619769381997645,0.6044956208092592
ridge_regression,ridge,regression,bbob_validation,FE_ratio,FE_ratio=0.3,,,0.3,6480,284,0.043827160493827164,-0.08706332924379373,-0.061481761258876125,31.652929735382077,0.1,648,0.1,0.05401234567901234,1.232394366197183,35,0.12323943661971831,0.08213345997413286,-0.055527067155626796,2.5997646374850434
ridge_regression,ridge,regression,bbob_validation,FE_ratio,FE_ratio=0.3,,,0.3,6480,284,0.043827160493827164,-0.08706332924379373,-0.061481761258876125,31.652929735382077,0.2,1296,0.2,0.0779320987654321,1.778169014084507,101,0.35563380281690143,0.262903098282979,-0.058496253602259886,8.321653297165382
ridge_regression,ridge,regression,bbob_validation,FE_ratio,FE_ratio=0.35,,,0.35,6480,256,0.03950617283950617,-0.09341559547051581,-0.06664570006608084,26.439322897806413,0.05,324,0.05,0.018518518518518517,0.46875,6,0.0234375,0.02441388139883243,-0.0615049148977173,0.6454864934924803
ridge_regression,ridge,regression,bbob_validation,FE_ratio,FE_ratio=0.35,,,0.35,6480,256,0.03950617283950617,-0.09341559547051581,-0.06664570006608084,26.439322897806413,0.1,648,0.1,0.05246913580246913,1.328125,34,0.1328125,0.11471467613022322,-0.05630965232287642,3.0329783633242577
ridge_regression,ridge,regression,bbob_validation,FE_ratio,FE_ratio=0.35,,,0.35,6480,256,0.03950617283950617,-0.09341559547051581,-0.06664570006608084,26.439322897806413,0.2,1296,0.2,0.06867283950617284,1.73828125,89,0.34765625,0.31113174010921313,-0.058991243171693755,8.226112540503873
ridge_regression,ridge,regression,bbob_validation,FE_ratio,FE_ratio=0.4,,,0.4,6480,800,0.12345679012345678,-0.07290554260108724,-0.07056462486829276,174.15917724891835,0.05,324,0.05,0.6666666666666666,5.4,216,0.27,0.6006197096866411,0.28642219979136924,104.60343447850963
ridge_regression,ridge,regression,bbob_validation,FE_ratio,FE_ratio=0.4,,,0.4,6480,800,0.12345679012345678,-0.07290554260108724,-0.07056462486829276,174.15917724891835,0.1,648,0.1,0.4166666666666667,3.3750000000000004,270,0.3375,0.633991056836839,0.11893363241154727,110.41536084187612
ridge_regression,ridge,regression,bbob_validation,FE_ratio,FE_ratio=0.4,,,0.4,6480,800,0.12345679012345678,-0.07290554260108724,-0.07056462486829276,174.15917724891835,0.2,1296,0.2,0.2708333333333333,2.19375,351,0.43875,0.6771098815306139,0.029612925288283652,117.92489987448432
ridge_regression,ridge,regression,bbob_validation,FE_ratio,FE_ratio=0.45,,,0.45,6480,243,0.0375,-0.10186903427734409,-0.07939845101548082,50.56190594132994,0.05,324,0.05,0.12037037037037036,3.2098765432098766,39,0.16049382716049382,0.6289518021861796,0.026045949602947524,31.80100186376757
ridge_regression,ridge,regression,bbob_validation,FE_ratio,FE_ratio=0.45,,,0.45,6480,243,0.0375,-0.10186903427734409,-0.07939845101548082,50.56190594132994,0.1,648,0.1,0.1095679012345679,2.9218106995884776,71,0.29218106995884774,0.6933139985052318,-0.018432221286267397,35.0552771802289
ridge_regression,ridge,regression,bbob_validation,FE_ratio,FE_ratio=0.45,,,0.45,6480,243,0.0375,-0.10186903427734409,-0.07939845101548082,50.56190594132994,0.2,1296,0.2,0.08564814814814815,2.283950617283951,111,0.4567901234567901,0.7525226710531778,-0.04864533537684773,38.048980512509154
ridge_regression,ridge,regression,bbob_validation,FE_ratio,FE_ratio=0.5,,,0.5,6480,477,0.07361111111111111,-0.08578559846269349,-0.08202974076197492,151.15391573733473,0.05,324,0.05,0.7098765432098766,9.643605870020965,230,0.48218029350104824,0.8576738876439224,0.3739538795228615,129.64076654304174
ridge_regression,ridge,regression,bbob_validation,FE_ratio,FE_ratio=0.5,,,0.5,6480,477,0.07361111111111111,-0.08578559846269349,-0.08202974076197492,151.15391573733473,0.1,648,0.1,0.4074074074074074,5.534591194968553,264,0.5534591194968553,0.8775454007849383,0.15736479094785788,132.6444235659322
ridge_regression,ridge,regression,bbob_validation,FE_ratio,FE_ratio=0.5,,,0.5,6480,477,0.07361111111111111,-0.08578559846269349,-0.08202974076197492,151.15391573733473,0.2,1296,0.2,0.25848765432098764,3.5115303983228507,335,0.7023060796645703,0.9207578718683065,0.04635976475454885,139.17615777886965
ridge_regression,ridge,regression,bbob_validation,FE_ratio,FE_ratio=0.55,,,0.55,6480,376,0.05802469135802469,-0.11228594071878435,-0.09215825578698267,79.68497550744864,0.05,324,0.05,0.3055555555555556,5.265957446808511,99,0.2632978723404255,0.6388897914872863,0.08152216350821405,50.90991738662338
ridge_regression,ridge,regression,bbob_validation,FE_ratio,FE_ratio=0.55,,,0.55,6480,376,0.05802469135802469,-0.11228594071878435,-0.09215825578698267,79.68497550744864,0.1,648,0.1,0.19598765432098766,3.3776595744680855,127,0.3377659574468085,0.6670495360261197,0.0028401744266458324,53.15382594049633
ridge_regression,ridge,regression,bbob_validation,FE_ratio,FE_ratio=0.55,,,0.55,6480,376,0.05802469135802469,-0.11228594071878435,-0.09215825578698267,79.68497550744864,0.2,1296,0.2,0.1404320987654321,2.420212765957447,182,0.48404255319148937,0.7315886631747215,-0.03957790585672613,58.296624706604774
ridge_regression,ridge,regression,bbob_validation,FE_ratio,FE_ratio=0.6,,,0.6,6480,447,0.06898148148148148,-0.11584131580446465,-0.10228898920926656,123.20350275094972,0.05,324,0.05,0.558641975308642,8.098434004474274,181,0.40492170022371365,0.8088858934855218,0.2572911949848817,99.6575754032479
ridge_regression,ridge,regression,bbob_validation,FE_ratio,FE_ratio=0.6,,,0.6,6480,447,0.06898148148148148,-0.11584131580446465,-0.10228898920926656,123.20350275094972,0.1,648,0.1,0.32098765432098764,4.6532438478747205,208,0.465324384787472,0.8236980741906006,0.08264849405552477,101.48248794949365
ridge_regression,ridge,regression,bbob_validation,FE_ratio,FE_ratio=0.6,,,0.6,6480,447,0.06898148148148148,-0.11584131580446465,-0.10228898920926656,123.20350275094972,0.2,1296,0.2,0.20756172839506173,3.0089485458612977,269,0.6017897091722595,0.8710094927856507,-0.002689055342884436,107.31142044052024
elastic_net_regression,elastic_net,regression,bbob_train,all,all,,,,194400,11921,0.06132201646090535,-0.08855738467265091,-0.06544428361600368,2511.1122661377594,0.05,9720,0.05,0.15895061728395063,2.592064424125493,1545,0.12960322120627465,0.13585065645415018,-0.0192505587479685,341.13624978488326
elastic_net_regression,elastic_net,regression,bbob_train,all,all,,,,194400,11921,0.06132201646090535,-0.08855738467265091,-0.06544428361600368,2511.1122661377594,0.1,19440,0.1,0.1352880658436214,2.2061907558090765,2630,0.22061907558090765,0.22529238359152007,-0.02775975537948563,565.7344679040793
elastic_net_regression,elastic_net,regression,bbob_train,all,all,,,,194400,11921,0.06132201646090535,-0.08855738467265091,-0.06544428361600368,2511.1122661377594,0.2,38880,0.2,0.11098251028806584,1.8098313899840617,4315,0.36196627799681236,0.3428826509083133,-0.036968739320554056,861.016830541697
elastic_net_regression,elastic_net,regression,bbob_train,label_source,label_source=changed_algorithm,changed_algorithm,,,74400,8470,0.11384408602150538,-0.05859081542569486,-0.06280283172738645,1678.8603444230114,0.05,3720,0.05,0.29301075268817206,2.573789846517119,1090,0.12868949232585597,0.13845647707705722,0.016792502863812744,232.44908879318507
elastic_net_regression,elastic_net,regression,bbob_train,label_source,label_source=changed_algorithm,changed_algorithm,,,74400,8470,0.11384408602150538,-0.05859081542569486,-0.06280283172738645,1678.8603444230114,0.1,7440,0.1,0.2638440860215054,2.3175914994096813,1963,0.23175914994096813,0.24724965791126355,0.006549645669446782,415.09764583937573
elastic_net_regression,elastic_net,regression,bbob_train,label_source,label_source=changed_algorithm,changed_algorithm,,,74400,8470,0.11384408602150538,-0.05859081542569486,-0.06280283172738645,1678.8603444230114,0.2,14880,0.2,0.20826612903225805,1.8293978748524202,3099,0.36587957497048407,0.3717811554056791,-0.013208502576781762,624.1686386143635
elastic_net_regression,elastic_net,regression,bbob_train,label_source,label_source=same_algorithm,same_algorithm,,,120000,3451,0.028758333333333334,-0.10713665760576366,-0.06743423570665175,832.2519217147483,0.05,6000,0.05,0.044,1.5299913068675746,264,0.07649956534337873,0.0867945901371148,-0.049385960230408234,72.23496443605772
elastic_net_regression,elastic_net,regression,bbob_train,label_source,label_source=same_algorithm,same_algorithm,,,120000,3451,0.028758333333333334,-0.10713665760576366,-0.06743423570665175,832.2519217147483,0.1,12000,0.1,0.043333333333333335,1.5068096203998842,520,0.1506809620399884,0.1478845356763143,-0.05090651028648881,123.07718900850583
elastic_net_regression,elastic_net,regression,bbob_train,label_source,label_source=same_algorithm,same_algorithm,,,120000,3451,0.028758333333333334,-0.10713665760576366,-0.06743423570665175,832.2519217147483,0.2,24000,0.2,0.03975,1.3822080556360474,954,0.2764416111272095,0.22550222549541935,-0.053842626772446465,187.67466051951524
elastic_net_regression,elastic_net,regression,bbob_train,dimension,dimension=10,,10.0,,64800,2405,0.037114197530864194,-0.04022633237538057,-0.03715828153278458,308.0180086184804,0.05,3240,0.05,0.12283950617283951,3.30977130977131,398,0.1654885654885655,0.1889402623875828,-0.02212321700440086,58.197003368476416
elastic_net_regression,elastic_net,regression,bbob_train,dimension,dimension=10,,10.0,,64800,2405,0.037114197530864194,-0.04022633237538057,-0.03715828153278458,308.0180086184804,0.1,6480,0.1,0.09768518518518518,2.632016632016632,633,0.2632016632016632,0.2740147265525873,-0.02749286003654088,84.40147040486536
elastic_net_regression,elastic_net,regression,bbob_train,dimension,dimension=10,,10.0,,64800,2405,0.037114197530864194,-0.04022633237538057,-0.03715828153278458,308.0180086184804,0.2,12960,0.2,0.07669753086419753,2.066528066528067,994,0.41330561330561333,0.4367978837025865,-0.030453208971643934,134.54161430683726
elastic_net_regression,elastic_net,regression,bbob_train,dimension,dimension=20,,20.0,,64800,3858,0.059537037037037034,-0.07228172978918257,-0.06716881295115272,823.0687800379324,0.05,3240,0.05,0.24814814814814815,4.16796267496112,804,0.208398133748056,0.272737501015214,0.0009203265543115835,224.4817222311865
elastic_net_regression,elastic_net,regression,bbob_train,dimension,dimension=20,,20.0,,64800,3858,0.059537037037037034,-0.07228172978918257,-0.06716881295115272,823.0687800379324,0.1,6480,0.1,0.19753086419753085,3.3177812337998964,1280,0.33177812337998963,0.39802131832846205,-0.023388091036784808,327.5989209056968
elastic_net_regression,elastic_net,regression,bbob_train,dimension,dimension=20,,20.0,,64800,3858,0.059537037037037034,-0.07228172978918257,-0.06716881295115272,823.0687800379324,0.2,12960,0.2,0.14598765432098765,2.4520476931052357,1892,0.4904095386210472,0.5378244314967751,-0.04222685954119786,442.66649870664514
elastic_net_regression,elastic_net,regression,bbob_train,dimension,dimension=40,,40.0,,64800,5658,0.08731481481481482,-0.1531640918533896,-0.14272675969545875,1380.025477481347,0.05,3240,0.05,0.21666666666666667,2.481442205726405,702,0.12407211028632026,0.12330244257901327,-0.04363033418765595,170.16051219471916
elastic_net_regression,elastic_net,regression,bbob_train,dimension,dimension=40,,40.0,,64800,5658,0.08731481481481482,-0.1531640918533896,-0.14272675969545875,1380.025477481347,0.1,6480,0.1,0.2095679012345679,2.400141392718275,1358,0.2400141392718275,0.21932974272573438,-0.054290749289644696,302.6806329309426
elastic_net_regression,elastic_net,regression,bbob_train,dimension,dimension=40,,40.0,,64800,5658,0.08731481481481482,-0.1531640918533896,-0.14272675969545875,1380.025477481347,0.2,12960,0.2,0.16064814814814815,1.8398727465535525,2082,0.3679745493107105,0.3078353636041729,-0.08087076771066544,424.82064464349276
elastic_net_regression,elastic_net,regression,bbob_train,FE_ratio,FE_ratio=0.2,,,0.2,19440,1637,0.08420781893004116,-0.06196176210011554,-0.05049860667501493,304.44205064313394,0.05,972,0.05,0.2345679012345679,2.785583384239462,228,0.13927916921197311,0.18020278187629313,0.00021320681295685647,54.86130444601605
elastic_net_regression,elastic_net,regression,bbob_train,FE_ratio,FE_ratio=0.2,,,0.2,19440,1637,0.08420781893004116,-0.06196176210011554,-0.05049860667501493,304.44205064313394,0.1,1944,0.1,0.17849794238683128,2.119731215638363,347,0.2119731215638363,0.28073907543771354,-0.013482111807033246,85.46877982191498
elastic_net_regression,elastic_net,regression,bbob_train,FE_ratio,FE_ratio=0.2,,,0.2,19440,1637,0.08420781893004116,-0.06196176210011554,-0.05049860667501493,304.44205064313394,0.2,3888,0.2,0.14531893004115226,1.725717776420281,565,0.3451435552840562,0.40887860711104207,-0.023147310688467804,124.47984161299394
elastic_net_regression,elastic_net,regression,bbob_train,FE_ratio,FE_ratio=0.25,,,0.25,19440,1530,0.0787037037037037,-0.06684412289960417,-0.05379598025536793,289.0381601639173,0.05,972,0.05,0.15432098765432098,1.9607843137254901,150,0.09803921568627451,0.1258249500068824,-0.006286729304926818,36.36821205270617
elastic_net_regression,elastic_net,regression,bbob_train,FE_ratio,FE_ratio=0.25,,,0.25,19440,1530,0.0787037037037037,-0.06684412289960417,-0.05379598025536793,289.0381601639173,0.1,1944,0.1,0.13991769547325103,1.7777777777777777,272,0.17777777777777778,0.21986093572374985,-0.01539580045947825,63.54820035350994
elastic_net_regression,elastic_net,regression,bbob_train,FE_ratio,FE_ratio=0.25,,,0.25,19440,1530,0.0787037037037037,-0.06684412289960417,-0.05379598025536793,289.0381601639173,0.2,3888,0.2,0.1154835390946502,1.4673202614379084,449,0.2934640522875817,0.34843007322652714,-0.02519984227329162,100.70958731117439
elastic_net_regression,elastic_net,regression,bbob_train,FE_ratio,FE_ratio=0.28,,,0.28,19440,1516,0.07798353909465021,-0.06678863875638497,-0.05595944523593056,294.83506110374555,0.05,972,0.05,0.20781893004115226,2.6649076517150396,202,0.13324538258575197,0.14853038949607755,-0.007522702231130091,43.79196646283914
elastic_net_regression,elastic_net,regression,bbob_train,FE_ratio,FE_ratio=0.28,,,0.28,19440,1516,0.07798353909465021,-0.06678863875638497,-0.05595944523593056,294.83506110374555,0.1,1944,0.1,0.17026748971193414,2.183377308707124,331,0.2183377308707124,0.24718459928696956,-0.01868485109280243,72.87868643467851
elastic_net_regression,elastic_net,regression,bbob_train,FE_ratio,FE_ratio=0.28,,,0.28,19440,1516,0.07798353909465021,-0.06678863875638497,-0.05595944523593056,294.83506110374555,0.2,3888,0.2,0.1345164609053498,1.724934036939314,523,0.3449868073878628,0.3791455817717921,-0.025157191269920456,111.78541076890146
elastic_net_regression,elastic_net,regression,bbob_train,FE_ratio,FE_ratio=0.3,,,0.3,19440,1403,0.07217078189300412,-0.07045501341769796,-0.05769358257385397,275.8794546370344,0.05,972,0.05,0.19958847736625515,2.7655024946543123,194,0.1382751247327156,0.14768463881406094,-0.012983572592028673,40.74315761429054
elastic_net_regression,elastic_net,regression,bbob_train,FE_ratio,FE_ratio=0.3,,,0.3,19440,1403,0.07217078189300412,-0.07045501341769796,-0.05769358257385397,275.8794546370344,0.1,1944,0.1,0.15946502057613168,2.209550962223806,310,0.2209550962223806,0.22811589486822903,-0.023436185283324442,62.932488670286105
elastic_net_regression,elastic_net,regression,bbob_train,FE_ratio,FE_ratio=0.3,,,0.3,19440,1403,0.07217078189300412,-0.07045501341769796,-0.05769358257385397,275.8794546370344,0.2,3888,0.2,0.12165637860082304,1.6856735566642906,473,0.33713471133285816,0.33500478567880493,-0.030116983138751108,92.4209375738653
elastic_net_regression,elastic_net,regression,bbob_train,FE_ratio,FE_ratio=0.35,,,0.35,19440,1388,0.07139917695473251,-0.07482964941049443,-0.062069321341436653,257.6511044439708,0.05,972,0.05,0.19135802469135801,2.680115273775216,186,0.1340057636887608,0.16052635098666537,-0.012463385254069636,41.35979162407483
elastic_net_regression,elastic_net,regression,bbob_train,FE_ratio,FE_ratio=0.35,,,0.35,19440,1388,0.07139917695473251,-0.07482964941049443,-0.062069321341436653,257.6511044439708,0.1,1944,0.1,0.14351851851851852,2.010086455331412,279,0.2010086455331412,0.23055509600249455,-0.02438621845067662,59.40277512022843
elastic_net_regression,elastic_net,regression,bbob_train,FE_ratio,FE_ratio=0.35,,,0.35,19440,1388,0.07139917695473251,-0.07482964941049443,-0.062069321341436653,257.6511044439708,0.2,3888,0.2,0.10468106995884774,1.4661383285302594,407,0.29322766570605185,0.3125303503142261,-0.03319907741830504,80.52378993072145
elastic_net_regression,elastic_net,regression,bbob_train,FE_ratio,FE_ratio=0.4,,,0.4,19440,1376,0.07078189300411522,-0.08176159053440116,-0.06731035034538017,252.55187921031478,0.05,972,0.05,0.18621399176954734,2.6308139534883725,181,0.13154069767441862,0.1574855584906542,-0.014078682518654491,39.77327374530066
elastic_net_regression,elastic_net,regression,bbob_train,FE_ratio,FE_ratio=0.4,,,0.4,19440,1376,0.07078189300411522,-0.08176159053440116,-0.06731035034538017,252.55187921031478,0.1,1944,0.1,0.1419753086419753,2.005813953488372,276,0.2005813953488372,0.22889468372513683,-0.027759208379997333,57.80778251603396
elastic_net_regression,elastic_net,regression,bbob_train,FE_ratio,FE_ratio=0.4,,,0.4,19440,1376,0.07078189300411522,-0.08176159053440116,-0.06731035034538017,252.55187921031478,0.2,3888,0.2,0.10931069958847736,1.5443313953488373,425,0.30886627906976744,0.31678753618745087,-0.03657544447974151,80.00528757454632
elastic_net_regression,elastic_net,regression,bbob_train,FE_ratio,FE_ratio=0.45,,,0.45,19440,911,0.04686213991769547,-0.09574364894010993,-0.0740343803226563,214.80823720368133,0.05,972,0.05,0.16152263374485595,3.4467618002195386,157,0.17233809001097694,0.150455740914628,-0.03558524253159431,32.31913248304503
elastic_net_regression,elastic_net,regression,bbob_train,FE_ratio,FE_ratio=0.45,,,0.45,19440,911,0.04686213991769547,-0.09574364894010993,-0.0740343803226563,214.80823720368133,0.1,1944,0.1,0.12551440329218108,2.6783754116355656,244,0.2678375411635565,0.22886370842316753,-0.042401056827163865,49.16180976627793
elastic_net_regression,elastic_net,regression,bbob_train,FE_ratio,FE_ratio=0.45,,,0.45,19440,911,0.04686213991769547,-0.09574364894010993,-0.0740343803226563,214.80823720368133,0.2,3888,0.2,0.08384773662551441,1.7892425905598246,326,0.3578485181119649,0.304789265650965,-0.04932217295663077,65.47124487308832
elastic_net_regression,elastic_net,regression,bbob_train,FE_ratio,FE_ratio=0.5,,,0.5,19440,752,0.03868312757201646,-0.10761678906395437,-0.08153801385084204,216.74610973067038,0.05,972,0.05,0.1388888888888889,3.590425531914894,135,0.17952127659574468,0.14576710267535442,-0.043976303492212286,31.59445243159426
elastic_net_regression,elastic_net,regression,bbob_train,FE_ratio,FE_ratio=0.5,,,0.5,19440,752,0.03868312757201646,-0.10761678906395437,-0.08153801385084204,216.74610973067038,0.1,1944,0.1,0.11522633744855967,2.9787234042553195,224,0.2978723404255319,0.2594726948757855,-0.0466278138309947,56.23969719565976
elastic_net_regression,elastic_net,regression,bbob_train,FE_ratio,FE_ratio=0.5,,,0.5,19440,752,0.03868312757201646,-0.10761678906395437,-0.08153801385084204,216.74610973067038,0.2,3888,0.2,0.07844650205761317,2.0279255319148937,305,0.40558510638297873,0.348212102112435,-0.05412729608131403,75.47361849400922
elastic_net_regression,elastic_net,regression,bbob_train,FE_ratio,FE_ratio=0.55,,,0.55,19440,784,0.040329218106995884,-0.12055088341199817,-0.09047622006570433,212.50845114181092,0.05,972,0.05,0.13168724279835392,3.26530612244898,128,0.16326530612244897,0.1154897886059744,-0.060032790194114144,24.54255609935078
elastic_net_regression,elastic_net,regression,bbob_train,FE_ratio,FE_ratio=0.55,,,0.55,19440,784,0.040329218106995884,-0.12055088341199817,-0.09047622006570433,212.50845114181092,0.1,1944,0.1,0.11368312757201646,2.818877551020408,221,0.28188775510204084,0.21460942672592592,-0.06580586209536823,45.60631687395848
elastic_net_regression,elastic_net,regression,bbob_train,FE_ratio,FE_ratio=0.55,,,0.55,19440,784,0.040329218106995884,-0.12055088341199817,-0.09047622006570433,212.50845114181092,0.2,3888,0.2,0.0779320987654321,1.9323979591836735,303,0.3864795918367347,0.28991360186969645,-0.07163960245810369,61.6090904982728
elastic_net_regression,elastic_net,regression,bbob_train,FE_ratio,FE_ratio=0.6,,,0.6,19440,624,0.03209876543209877,-0.13902174819174842,-0.10198680721304745,192.65175785948037,0.05,972,0.05,0.09362139917695474,2.9166666666666665,91,0.14583333333333334,0.0986936191959611,-0.07649090522322759,19.013499227616062
elastic_net_regression,elastic_net,regression,bbob_train,FE_ratio,FE_ratio=0.6,,,0.6,19440,624,0.03209876543209877,-0.13902174819174842,-0.10198680721304745,192.65175785948037,0.1,1944,0.1,0.07664609053497942,2.3878205128205128,149,0.2387820512820513,0.16086134970787508,-0.0806456717959214,30.990221792870745
elastic_net_regression,elastic_net,regression,bbob_train,FE_ratio,FE_ratio=0.6,,,0.6,19440,624,0.03209876543209877,-0.13902174819174842,-0.10198680721304745,192.65175785948037,0.2,3888,0.2,0.05761316872427984,1.7948717948717947,224,0.358974358974359,0.26177717982681487,-0.08357709154979057,50.431833861133185
elastic_net_regression,elastic_net,regression,bbob_validation,all,all,,,,64800,3745,0.05779320987654321,-0.09152940558707323,-0.07597107961327272,743.0385345915533,0.05,3240,0.05,0.25895061728395063,4.480640854472631,839,0.2240320427236315,0.5689785484246568,0.0751535953384555,422.7729868354861
elastic_net_regression,elastic_net,regression,bbob_validation,all,all,,,,64800,3745,0.05779320987654321,-0.09152940558707323,-0.07597107961327272,743.0385345915533,0.1,6480,0.1,0.17453703703703705,3.020026702269693,1131,0.3020026702269693,0.6055778300488811,0.010196937881382585,449.96766342065337
elastic_net_regression,elastic_net,regression,bbob_validation,all,all,,,,64800,3745,0.05779320987654321,-0.09152940558707323,-0.07597107961327272,743.0385345915533,0.2,12960,0.2,0.12932098765432098,2.2376502002670224,1676,0.4475300400534045,0.6796014183100029,-0.02745156012643936,504.9700419674058
elastic_net_regression,elastic_net,regression,bbob_validation,label_source,label_source=changed_algorithm,changed_algorithm,,,16560,2549,0.15392512077294687,-0.05116247729341551,-0.06176568779918107,607.1864253523988,0.05,828,0.05,0.9009661835748792,5.853275794429187,746,0.2926637897214594,0.681794977704131,0.4941193140973062,413.97665533538975
elastic_net_regression,elastic_net,regression,bbob_validation,label_source,label_source=changed_algorithm,changed_algorithm,,,16560,2549,0.15392512077294687,-0.05116247729341551,-0.06176568779918107,607.1864253523988,0.1,1656,0.1,0.5096618357487923,3.3111023930953314,844,0.33111023930953315,0.6987257387545271,0.21787478817815417,424.25678361607544
elastic_net_regression,elastic_net,regression,bbob_validation,label_source,label_source=changed_algorithm,changed_algorithm,,,16560,2549,0.15392512077294687,-0.05116247729341551,-0.06176568779918107,607.1864253523988,0.2,3312,0.2,0.3248792270531401,2.1106316202432325,1076,0.42212632404864653,0.741004828606968,0.0781025955974697,449.9280730507319
elastic_net_regression,elastic_net,regression,bbob_validation,label_source,label_source=same_algorithm,same_algorithm,,,48240,1196,0.024792703150912105,-0.10538670932967216,-0.08462815497687234,135.85210923915443,0.05,2412,0.05,0.037728026533996685,1.5217391304347827,91,0.07608695652173914,0.06379816446238992,-0.06835902332456914,8.667115207802137
elastic_net_regression,elastic_net,regression,bbob_validation,label_source,label_source=same_algorithm,same_algorithm,,,48240,1196,0.024792703150912105,-0.10538670932967216,-0.08462815497687234,135.85210923915443,0.1,4824,0.1,0.059286898839137646,2.391304347826087,286,0.2391304347826087,0.18846110637605823,-0.061366539205974215,25.602838810732173
elastic_net_regression,elastic_net,regression,bbob_validation,label_source,label_source=same_algorithm,same_algorithm,,,48240,1196,0.024792703150912105,-0.10538670932967216,-0.08462815497687234,135.85210923915443,0.2,9648,0.2,0.06198175787728027,2.5,598,0.5,0.4061877022623172,-0.06366389205691118,55.18145609934146
elastic_net_regression,elastic_net,regression,bbob_validation,dimension,dimension=10,,10.0,,21600,1470,0.06805555555555555,-0.040708791525251226,-0.036659214049790265,260.3480860696287,0.05,1080,0.05,0.275,4.040816326530613,297,0.20204081632653062,0.6071914641400086,0.1203790562945773,158.08113556666683
elastic_net_regression,elastic_net,regression,bbob_validation,dimension,dimension=10,,10.0,,21600,1470,0.06805555555555555,-0.040708791525251226,-0.036659214049790265,260.3480860696287,0.1,2160,0.1,0.19074074074074074,2.802721088435374,412,0.2802721088435374,0.6504874672298216,0.04003134778352339,169.3531671055644
elastic_net_regression,elastic_net,regression,bbob_validation,dimension,dimension=10,,10.0,,21600,1470,0.06805555555555555,-0.040708791525251226,-0.036659214049790265,260.3480860696287,0.2,4320,0.2,0.1412037037037037,2.074829931972789,610,0.41496598639455784,0.7145205382716335,-0.003951893462444313,186.0240545964607
elastic_net_regression,elastic_net,regression,bbob_validation,dimension,dimension=20,,20.0,,21600,1908,0.08833333333333333,-0.05664202206459035,-0.0679457754312032,392.4289080321196,0.05,1080,0.05,0.39166666666666666,4.433962264150943,423,0.22169811320754718,0.5928862394547598,0.18056642735918893,232.66569953650122
elastic_net_regression,elastic_net,regression,bbob_validation,dimension,dimension=20,,20.0,,21600,1908,0.08833333333333333,-0.05664202206459035,-0.0679457754312032,392.4289080321196,0.1,2160,0.1,0.25555555555555554,2.893081761006289,552,0.2893081761006289,0.6258511071090862,0.06532795985262496,245.60206655351183
elastic_net_regression,elastic_net,regression,bbob_validation,dimension,dimension=20,,20.0,,21600,1908,0.08833333333333333,-0.05664202206459035,-0.0679457754312032,392.4289080321196,0.2,4320,0.2,0.1763888888888889,1.9968553459119498,762,0.39937106918238996,0.6811586680147201,0.005468420694359453,267.3063522856297
elastic_net_regression,elastic_net,regression,bbob_validation,dimension,dimension=40,,40.0,,21600,367,0.01699074074074074,-0.17723740317137815,-0.16708161511555475,90.26154048980496,0.05,1080,0.05,0.08611111111111111,5.068119891008174,93,0.25340599455040874,0.33468979460041887,-0.09883195002214712,30.209616446850212
elastic_net_regression,elastic_net,regression,bbob_validation,dimension,dimension=40,,40.0,,21600,367,0.01699074074074074,-0.17723740317137815,-0.16708161511555475,90.26154048980496,0.1,2160,0.1,0.047685185185185185,2.8065395095367847,103,0.28065395095367845,0.36480188894414467,-0.1253446240393998,32.92758046968925
elastic_net_regression,elastic_net,regression,bbob_validation,dimension,dimension=40,,40.0,,21600,367,0.01699074074074074,-0.17723740317137815,-0.16708161511555475,90.26154048980496,0.2,4320,0.2,0.03148148148148148,1.8528610354223432,136,0.37057220708446864,0.4725982413419058,-0.13880933336954146,42.65744529629305
elastic_net_regression,elastic_net,regression,bbob_validation,FE_ratio,FE_ratio=0.2,,,0.2,6480,296,0.04567901234567901,-0.07854640971495502,-0.05432046807708305,38.557426800468264,0.05,324,0.05,0.040123456790123455,0.8783783783783784,13,0.04391891891891892,0.03220960551914565,-0.05399736510063993,1.241919507076417
elastic_net_regression,elastic_net,regression,bbob_validation,FE_ratio,FE_ratio=0.2,,,0.2,6480,296,0.04567901234567901,-0.07854640971495502,-0.05432046807708305,38.557426800468264,0.1,648,0.1,0.07098765432098765,1.554054054054054,46,0.1554054054054054,0.1246790689519498,-0.050679429026175477,4.80730407466534
elastic_net_regression,elastic_net,regression,bbob_validation,FE_ratio,FE_ratio=0.2,,,0.2,6480,296,0.04567901234567901,-0.07854640971495502,-0.05432046807708305,38.557426800468264,0.2,1296,0.2,0.10262345679012345,2.2466216216216215,133,0.44932432432432434,0.3418697156549377,-0.06166169702284948,13.181616536662158
elastic_net_regression,elastic_net,regression,bbob_validation,FE_ratio,FE_ratio=0.25,,,0.25,6480,292,0.04506172839506173,-0.08209066348445634,-0.05811985784400571,35.463735190300596,0.05,324,0.05,0.006172839506172839,0.136986301369863,2,0.00684931506849315,0.00947487966465087,-0.05574316639739116,0.3360146233871426
elastic_net_regression,elastic_net,regression,bbob_validation,FE_ratio,FE_ratio=0.25,,,0.25,6480,292,0.04506172839506173,-0.08209066348445634,-0.05811985784400571,35.463735190300596,0.1,648,0.1,0.07098765432098765,1.5753424657534245,46,0.15753424657534246,0.1392438898124494,-0.047206756570561496,4.938108435176101
elastic_net_regression,elastic_net,regression,bbob_validation,FE_ratio,FE_ratio=0.25,,,0.25,6480,292,0.04506172839506173,-0.08209066348445634,-0.05811985784400571,35.463735190300596,0.2,1296,0.2,0.08024691358024691,1.780821917808219,104,0.3561643835616438,0.2967858411569153,-0.05193048061089194,10.525134479019462
elastic_net_regression,elastic_net,regression,bbob_validation,FE_ratio,FE_ratio=0.28,,,0.28,6480,274,0.042283950617283954,-0.08549062609263769,-0.060059978976886724,32.16164278161452,0.05,324,0.05,0.037037037037037035,0.875912408759124,12,0.043795620437956206,0.0260568974926466,-0.061140476950079646,0.8380326291556469
elastic_net_regression,elastic_net,regression,bbob_validation,FE_ratio,FE_ratio=0.28,,,0.28,6480,274,0.042283950617283954,-0.08549062609263769,-0.060059978976886724,32.16164278161452,0.1,648,0.1,0.06481481481481481,1.532846715328467,42,0.15328467153284672,0.11072579323774062,-0.056320278164964495,3.5611234088231223
elastic_net_regression,elastic_net,regression,bbob_validation,FE_ratio,FE_ratio=0.28,,,0.28,6480,274,0.042283950617283954,-0.08549062609263769,-0.060059978976886724,32.16164278161452,0.2,1296,0.2,0.0779320987654321,1.8430656934306568,101,0.3686131386861314,0.2463301978317035,-0.05583075040833792,7.922383828987684
elastic_net_regression,elastic_net,regression,bbob_validation,FE_ratio,FE_ratio=0.3,,,0.3,6480,284,0.043827160493827164,-0.08706332924379373,-0.061481761258876125,31.652929735382077,0.05,324,0.05,0.024691358024691357,0.5633802816901408,8,0.028169014084507043,0.01909761990004817,-0.05961976938199764,0.6044956208092592
elastic_net_regression,elastic_net,regression,bbob_validation,FE_ratio,FE_ratio=0.3,,,0.3,6480,284,0.043827160493827164,-0.08706332924379373,-0.061481761258876125,31.652929735382077,0.1,648,0.1,0.05401234567901234,1.232394366197183,35,0.12323943661971831,0.08213345997413285,-0.0553472682876403,2.5997646374850434
elastic_net_regression,elastic_net,regression,bbob_validation,FE_ratio,FE_ratio=0.3,,,0.3,6480,284,0.043827160493827164,-0.08706332924379373,-0.061481761258876125,31.652929735382077,0.2,1296,0.2,0.0779320987654321,1.778169014084507,101,0.35563380281690143,0.2661455761317841,-0.05833552997169402,8.424287220682142
elastic_net_regression,elastic_net,regression,bbob_validation,FE_ratio,FE_ratio=0.35,,,0.35,6480,256,0.03950617283950617,-0.09341559547051581,-0.06664570006608084,26.439322897806413,0.05,324,0.05,0.018518518518518517,0.46875,6,0.0234375,0.024413881398832427,-0.06167883538769519,0.6454864934924803
elastic_net_regression,elastic_net,regression,bbob_validation,FE_ratio,FE_ratio=0.35,,,0.35,6480,256,0.03950617283950617,-0.09341559547051581,-0.06664570006608084,26.439322897806413,0.1,648,0.1,0.05246913580246913,1.328125,34,0.1328125,0.1147146761302232,-0.0565263086593483,3.0329783633242573
elastic_net_regression,elastic_net,regression,bbob_validation,FE_ratio,FE_ratio=0.35,,,0.35,6480,256,0.03950617283950617,-0.09341559547051581,-0.06664570006608084,26.439322897806413,0.2,1296,0.2,0.06867283950617284,1.73828125,89,0.34765625,0.3111317401092132,-0.0593171728617434,8.226112540503875
elastic_net_regression,elastic_net,regression,bbob_validation,FE_ratio,FE_ratio=0.4,,,0.4,6480,800,0.12345679012345678,-0.07290554260108724,-0.07056462486829276,174.15917724891835,0.05,324,0.05,0.6666666666666666,5.4,216,0.27,0.6006197096866411,0.2859756802258283,104.60343447850963
elastic_net_regression,elastic_net,regression,bbob_validation,FE_ratio,FE_ratio=0.4,,,0.4,6480,800,0.12345679012345678,-0.07290554260108724,-0.07056462486829276,174.15917724891835,0.1,648,0.1,0.41512345679012347,3.3625000000000003,269,0.33625,0.6325714502598714,0.11846762758165275,110.1681233284143
elastic_net_regression,elastic_net,regression,bbob_validation,FE_ratio,FE_ratio=0.4,,,0.4,6480,800,0.12345679012345678,-0.07290554260108724,-0.07056462486829276,174.15917724891835,0.2,1296,0.2,0.2770061728395062,2.2437500000000004,359,0.44875,0.6837970346176251,0.03037603590942223,119.08952895425575
elastic_net_regression,elastic_net,regression,bbob_validation,FE_ratio,FE_ratio=0.45,,,0.45,6480,243,0.0375,-0.10186903427734409,-0.07939845101548082,50.56190594132994,0.05,324,0.05,0.12037037037037036,3.2098765432098766,39,0.16049382716049382,0.6289518021861795,0.025566601371379904,31.80100186376757
elastic_net_regression,elastic_net,regression,bbob_validation,FE_ratio,FE_ratio=0.45,,,0.45,6480,243,0.0375,-0.10186903427734409,-0.07939845101548082,50.56190594132994,0.1,648,0.1,0.1095679012345679,2.9218106995884776,71,0.29218106995884774,0.6933139985052317,-0.02054945007608073,35.0552771802289
elastic_net_regression,elastic_net,regression,bbob_validation,FE_ratio,FE_ratio=0.45,,,0.45,6480,243,0.0375,-0.10186903427734409,-0.07939845101548082,50.56190594132994,0.2,1296,0.2,0.08719135802469136,2.325102880658436,113,0.46502057613168724,0.7540048444206398,-0.04895819508552225,38.123922022903514
elastic_net_regression,elastic_net,regression,bbob_validation,FE_ratio,FE_ratio=0.5,,,0.5,6480,477,0.07361111111111111,-0.08578559846269349,-0.08202974076197492,151.15391573733473,0.05,324,0.05,0.7098765432098766,9.643605870020965,230,0.48218029350104824,0.8576738876439224,0.37401993538617606,129.64076654304176
elastic_net_regression,elastic_net,regression,bbob_validation,FE_ratio,FE_ratio=0.5,,,0.5,6480,477,0.07361111111111111,-0.08578559846269349,-0.08202974076197492,151.15391573733473,0.1,648,0.1,0.4089506172839506,5.555555555555555,265,0.5555555555555556,0.8795918939369485,0.1572696175100765,132.9537590193882
elastic_net_regression,elastic_net,regression,bbob_validation,FE_ratio,FE_ratio=0.5,,,0.5,6480,477,0.07361111111111111,-0.08578559846269349,-0.08202974076197492,151.15391573733473,0.2,1296,0.2,0.25848765432098764,3.5115303983228507,335,0.7023060796645703,0.9208736695248688,0.04594280911406699,139.19366104809228
elastic_net_regression,elastic_net,regression,bbob_validation,FE_ratio,FE_ratio=0.55,,,0.55,6480,376,0.05802469135802469,-0.11228594071878435,-0.09215825578698267,79.68497550744864,0.05,324,0.05,0.3055555555555556,5.265957446808511,99,0.2632978723404255,0.6388897914872861,0.08152216350821406,50.90991738662337
elastic_net_regression,elastic_net,regression,bbob_validation,FE_ratio,FE_ratio=0.55,,,0.55,6480,376,0.05802469135802469,-0.11228594071878435,-0.09215825578698267,79.68497550744864,0.1,648,0.1,0.19444444444444445,3.3510638297872344,126,0.3351063829787234,0.6661369683195684,0.002360910415970623,53.0811080051509
elastic_net_regression,elastic_net,regression,bbob_validation,FE_ratio,FE_ratio=0.55,,,0.55,6480,376,0.05802469135802469,-0.11228594071878435,-0.09215825578698267,79.68497550744864,0.2,1296,0.2,0.1419753086419753,2.4468085106382977,184,0.48936170212765956,0.7336217909188498,-0.03985236976416894,58.458634441099164
elastic_net_regression,elastic_net,regression,bbob_validation,FE_ratio,FE_ratio=0.6,,,0.6,6480,447,0.06898148148148148,-0.11584131580446465,-0.10228898920926656,123.20350275094972,0.05,324,0.05,0.558641975308642,8.098434004474274,181,0.40492170022371365,0.8088858934855215,0.2572911949848817,99.6575754032479
elastic_net_regression,elastic_net,regression,bbob_validation,FE_ratio,FE_ratio=0.6,,,0.6,6480,447,0.06898148148148148,-0.11584131580446465,-0.10228898920926656,123.20350275094972,0.1,648,0.1,0.32253086419753085,4.675615212527965,209,0.46756152125279643,0.8238634306013656,0.08271206937557862,101.50286043850224
elastic_net_regression,elastic_net,regression,bbob_validation,FE_ratio,FE_ratio=0.6,,,0.6,6480,447,0.06898148148148148,-0.11584131580446465,-0.10228898920926656,123.20350275094972,0.2,1296,0.2,0.20910493827160495,3.031319910514542,271,0.6062639821029083,0.8727021177667941,-0.002688330902715809,107.51995776704089
bayesian_ridge_regression,bayesian_ridge,regression,bbob_train,all,all,,,,194400,11921,0.06132201646090535,-0.08855738467265091,-0.06544428361600368,2511.1122661377594,0.05,9720,0.05,0.15936213991769546,2.5987752705309957,1549,0.1299387635265498,0.1363352212297475,-0.01922827097649086,342.35304633662406
bayesian_ridge_regression,bayesian_ridge,regression,bbob_train,all,all,,,,194400,11921,0.06132201646090535,-0.08855738467265091,-0.06544428361600368,2511.1122661377594,0.1,19440,0.1,0.1353909465020576,2.207868467410452,2632,0.2207868467410452,0.22509068826859088,-0.02769949616439965,565.2279883046492
bayesian_ridge_regression,bayesian_ridge,regression,bbob_train,all,all,,,,194400,11921,0.06132201646090535,-0.08855738467265091,-0.06544428361600368,2511.1122661377594,0.2,38880,0.2,0.1106738683127572,1.8047982551799346,4303,0.36095965103598693,0.3427261781170891,-0.03695852774709521,860.623909796337
bayesian_ridge_regression,bayesian_ridge,regression,bbob_train,label_source,label_source=changed_algorithm,changed_algorithm,,,74400,8470,0.11384408602150538,-0.05859081542569486,-0.06280283172738645,1678.8603444230114,0.05,3720,0.05,0.29193548387096774,2.564344746162928,1086,0.1282172373081464,0.13888310367287257,0.01723341131463455,233.16533526677568
bayesian_ridge_regression,bayesian_ridge,regression,bbob_train,label_source,label_source=changed_algorithm,changed_algorithm,,,74400,8470,0.11384408602150538,-0.05859081542569486,-0.06280283172738645,1678.8603444230114,0.1,7440,0.1,0.2633064516129032,2.3128689492325853,1959,0.23128689492325855,0.24771118586162005,0.006794148928123639,415.8724868130721
bayesian_ridge_regression,bayesian_ridge,regression,bbob_train,label_source,label_source=changed_algorithm,changed_algorithm,,,74400,8470,0.11384408602150538,-0.05859081542569486,-0.06280283172738645,1678.8603444230114,0.2,14880,0.2,0.20719086021505376,1.819952774498229,3083,0.3639905548996458,0.3688227890463859,-0.013558202072960459,619.2019546494712
bayesian_ridge_regression,bayesian_ridge,regression,bbob_train,label_source,label_source=same_algorithm,same_algorithm,,,120000,3451,0.028758333333333334,-0.10713665760576366,-0.06743423570665175,832.2519217147483,0.05,6000,0.05,0.044833333333333336,1.5589684149521879,269,0.0779484207476094,0.08854418058534107,-0.04970951694698209,73.6910644488078
bayesian_ridge_regression,bayesian_ridge,regression,bbob_train,label_source,label_source=same_algorithm,same_algorithm,,,120000,3451,0.028758333333333334,-0.10713665760576366,-0.06743423570665175,832.2519217147483,0.1,12000,0.1,0.04275,1.486525644740655,513,0.1486525644740655,0.14699760243128251,-0.05107046299298409,122.3390371108954
bayesian_ridge_regression,bayesian_ridge,regression,bbob_train,label_source,label_source=same_algorithm,same_algorithm,,,120000,3451,0.028758333333333334,-0.10713665760576366,-0.06743423570665175,832.2519217147483,0.2,24000,0.2,0.03975,1.3822080556360474,954,0.2764416111272095,0.2268179313496938,-0.0530318572968291,188.7696592451465
bayesian_ridge_regression,bayesian_ridge,regression,bbob_train,dimension,dimension=10,,10.0,,64800,2405,0.037114197530864194,-0.04022633237538057,-0.03715828153278458,308.0180086184804,0.05,3240,0.05,0.12314814814814815,3.3180873180873185,399,0.1659043659043659,0.1891209640617836,-0.021892960768152846,58.25266273831778
bayesian_ridge_regression,bayesian_ridge,regression,bbob_train,dimension,dimension=10,,10.0,,64800,2405,0.037114197530864194,-0.04022633237538057,-0.03715828153278458,308.0180086184804,0.1,6480,0.1,0.09799382716049383,2.6403326403326406,635,0.26403326403326405,0.2759638836546676,-0.027328133869145687,85.00184589393274
bayesian_ridge_regression,bayesian_ridge,regression,bbob_train,dimension,dimension=10,,10.0,,64800,2405,0.037114197530864194,-0.04022633237538057,-0.03715828153278458,308.0180086184804,0.2,12960,0.2,0.07662037037037037,2.0644490644490645,993,0.4128898128898129,0.4322968153812226,-0.030669377004650344,133.15520420583505
bayesian_ridge_regression,bayesian_ridge,regression,bbob_train,dimension,dimension=20,,20.0,,64800,3858,0.059537037037037034,-0.07228172978918257,-0.06716881295115272,823.0687800379324,0.05,3240,0.05,0.2506172839506173,4.209434940383619,812,0.21047174701918092,0.27438279976806584,0.0014963896115690724,225.8359162684942
bayesian_ridge_regression,bayesian_ridge,regression,bbob_train,dimension,dimension=20,,20.0,,64800,3858,0.059537037037037034,-0.07228172978918257,-0.06716881295115272,823.0687800379324,0.1,6480,0.1,0.19675925925925927,3.304821150855366,1275,0.33048211508553654,0.39607929043201406,-0.023635578305195165,326.0004983741677
bayesian_ridge_regression,bayesian_ridge,regression,bbob_train,dimension,dimension=20,,20.0,,64800,3858,0.059537037037037034,-0.07228172978918257,-0.06716881295115272,823.0687800379324,0.2,12960,0.2,0.14629629629629629,2.457231726283048,1896,0.49144634525660963,0.5392682904851591,-0.042528862991589894,443.85489396276125
bayesian_ridge_regression,bayesian_ridge,regression,bbob_train,dimension,dimension=40,,40.0,,64800,5658,0.08731481481481482,-0.1531640918533896,-0.14272675969545875,1380.025477481347,0.05,3240,0.05,0.21358024691358024,2.446094026157653,692,0.12230470130788264,0.12162679112368668,-0.04529577989918123,167.84807049498977
bayesian_ridge_regression,bayesian_ridge,regression,bbob_train,dimension,dimension=40,,40.0,,64800,5658,0.08731481481481482,-0.1531640918533896,-0.14272675969545875,1380.025477481347,0.1,6480,0.1,0.2154320987654321,2.467302933898904,1396,0.24673029338989041,0.2246298027854305,-0.05214181623930628,309.9948508455045
bayesian_ridge_regression,bayesian_ridge,regression,bbob_train,dimension,dimension=40,,40.0,,64800,5658,0.08731481481481482,-0.1531640918533896,-0.14272675969545875,1380.025477481347,0.2,12960,0.2,0.16003086419753088,1.8328031106398022,2074,0.3665606221279604,0.3068641370871891,-0.08091760679000332,423.4803273056497
bayesian_ridge_regression,bayesian_ridge,regression,bbob_train,FE_ratio,FE_ratio=0.2,,,0.2,19440,1637,0.08420781893004116,-0.06196176210011554,-0.05049860667501493,304.44205064313394,0.05,972,0.05,0.23353909465020575,2.773365913255956,227,0.1386682956627978,0.1794590674326658,-8.766066450641118e-05,54.63488649570523
bayesian_ridge_regression,bayesian_ridge,regression,bbob_train,FE_ratio,FE_ratio=0.2,,,0.2,19440,1637,0.08420781893004116,-0.06196176210011554,-0.05049860667501493,304.44205064313394,0.1,1944,0.1,0.17849794238683128,2.119731215638363,347,0.2119731215638363,0.28073907543771354,-0.013433949137516757,85.46877982191498
bayesian_ridge_regression,bayesian_ridge,regression,bbob_train,FE_ratio,FE_ratio=0.2,,,0.2,19440,1637,0.08420781893004116,-0.06196176210011554,-0.05049860667501493,304.44205064313394,0.2,3888,0.2,0.14660493827160495,1.740989615149664,570,0.3481979230299328,0.4128197711574556,-0.022724847524518147,125.67969767720506
bayesian_ridge_regression,bayesian_ridge,regression,bbob_train,FE_ratio,FE_ratio=0.25,,,0.25,19440,1530,0.0787037037037037,-0.06684412289960417,-0.05379598025536793,289.0381601639173,0.05,972,0.05,0.1522633744855967,1.934640522875817,148,0.09673202614379085,0.12321918575147045,-0.006596234361207593,35.615046746500994
bayesian_ridge_regression,bayesian_ridge,regression,bbob_train,FE_ratio,FE_ratio=0.25,,,0.25,19440,1530,0.0787037037037037,-0.06684412289960417,-0.05379598025536793,289.0381601639173,0.1,1944,0.1,0.1388888888888889,1.7647058823529411,270,0.17647058823529413,0.21719386721832806,-0.015856137789994,62.7773157796717
bayesian_ridge_regression,bayesian_ridge,regression,bbob_train,FE_ratio,FE_ratio=0.25,,,0.25,19440,1530,0.0787037037037037,-0.06684412289960417,-0.05379598025536793,289.0381601639173,0.2,3888,0.2,0.11522633744855967,1.4640522875816993,448,0.2928104575163399,0.34285594269513825,-0.02572037597013974,99.09845087786823
bayesian_ridge_regression,bayesian_ridge,regression,bbob_train,FE_ratio,FE_ratio=0.28,,,0.28,19440,1516,0.07798353909465021,-0.06678863875638497,-0.05595944523593056,294.83506110374555,0.05,972,0.05,0.2088477366255144,2.6781002638522424,203,0.13390501319261214,0.14962399469710994,-0.008039120777997854,44.11439961910891
bayesian_ridge_regression,bayesian_ridge,regression,bbob_train,FE_ratio,FE_ratio=0.28,,,0.28,19440,1516,0.07798353909465021,-0.06678863875638497,-0.05595944523593056,294.83506110374555,0.1,1944,0.1,0.17181069958847736,2.2031662269129284,334,0.22031662269129287,0.24902454966906712,-0.018534913606356913,73.42116831801212
bayesian_ridge_regression,bayesian_ridge,regression,bbob_train,FE_ratio,FE_ratio=0.28,,,0.28,19440,1516,0.07798353909465021,-0.06678863875638497,-0.05595944523593056,294.83506110374555,0.2,3888,0.2,0.1332304526748971,1.7084432717678097,518,0.341688654353562,0.37786878434904136,-0.025469853783597566,111.40896612274766
bayesian_ridge_regression,bayesian_ridge,regression,bbob_train,FE_ratio,FE_ratio=0.3,,,0.3,19440,1403,0.07217078189300412,-0.07045501341769796,-0.05769358257385397,275.8794546370344,0.05,972,0.05,0.19855967078189302,2.751247327156094,193,0.1375623663578047,0.1471384352493746,-0.014377915608048117,40.59247127274406
bayesian_ridge_regression,bayesian_ridge,regression,bbob_train,FE_ratio,FE_ratio=0.3,,,0.3,19440,1403,0.07217078189300412,-0.07045501341769796,-0.05769358257385397,275.8794546370344,0.1,1944,0.1,0.15895061728395063,2.202423378474697,309,0.22024233784746972,0.2253703799066862,-0.023924362482999374,62.175057499997855
bayesian_ridge_regression,bayesian_ridge,regression,bbob_train,FE_ratio,FE_ratio=0.3,,,0.3,19440,1403,0.07217078189300412,-0.07045501341769796,-0.05769358257385397,275.8794546370344,0.2,3888,0.2,0.12088477366255145,1.6749821810406271,470,0.33499643620812547,0.3317581636062717,-0.03034773540469081,91.52526124708228
bayesian_ridge_regression,bayesian_ridge,regression,bbob_train,FE_ratio,FE_ratio=0.35,,,0.35,19440,1388,0.07139917695473251,-0.07482964941049443,-0.062069321341436653,257.6511044439708,0.05,972,0.05,0.18724279835390947,2.6224783861671472,182,0.13112391930835735,0.15509740999140614,-0.01525441290067362,39.96101898068514
bayesian_ridge_regression,bayesian_ridge,regression,bbob_train,FE_ratio,FE_ratio=0.35,,,0.35,19440,1388,0.07139917695473251,-0.07482964941049443,-0.062069321341436653,257.6511044439708,0.1,1944,0.1,0.14146090534979425,1.9812680115273777,275,0.19812680115273776,0.22569739515783122,-0.025246923621815288,58.15118313254251
bayesian_ridge_regression,bayesian_ridge,regression,bbob_train,FE_ratio,FE_ratio=0.35,,,0.35,19440,1388,0.07139917695473251,-0.07482964941049443,-0.062069321341436653,257.6511044439708,0.2,3888,0.2,0.10390946502057613,1.4553314121037464,404,0.2910662824207493,0.311734544433787,-0.03323577732502155,80.31874966670331
bayesian_ridge_regression,bayesian_ridge,regression,bbob_train,FE_ratio,FE_ratio=0.4,,,0.4,19440,1376,0.07078189300411522,-0.08176159053440116,-0.06731035034538017,252.55187921031478,0.05,972,0.05,0.18415637860082304,2.6017441860465116,179,0.1300872093023256,0.15595953381350183,-0.014993126987310205,39.38787334536451
bayesian_ridge_regression,bayesian_ridge,regression,bbob_train,FE_ratio,FE_ratio=0.4,,,0.4,19440,1376,0.07078189300411522,-0.08176159053440116,-0.06731035034538017,252.55187921031478,0.1,1944,0.1,0.14094650205761317,1.991279069767442,274,0.19912790697674418,0.22544598863196724,-0.027745208884382516,56.936808089430585
bayesian_ridge_regression,bayesian_ridge,regression,bbob_train,FE_ratio,FE_ratio=0.4,,,0.4,19440,1376,0.07078189300411522,-0.08176159053440116,-0.06731035034538017,252.55187921031478,0.2,3888,0.2,0.10776748971193416,1.522529069767442,419,0.30450581395348836,0.3130575527799104,-0.036616744820579056,79.06327325554867
bayesian_ridge_regression,bayesian_ridge,regression,bbob_train,FE_ratio,FE_ratio=0.45,,,0.45,19440,911,0.04686213991769547,-0.09574364894010993,-0.0740343803226563,214.80823720368133,0.05,972,0.05,0.16358024691358025,3.490669593852909,159,0.17453347969264543,0.15394911497566682,-0.0346847295680481,33.069538006989845
bayesian_ridge_regression,bayesian_ridge,regression,bbob_train,FE_ratio,FE_ratio=0.45,,,0.45,19440,911,0.04686213991769547,-0.09574364894010993,-0.0740343803226563,214.80823720368133,0.1,1944,0.1,0.12602880658436214,2.6893523600439075,245,0.2689352360043908,0.22934704726468239,-0.041982160200334545,49.2656349307958
bayesian_ridge_regression,bayesian_ridge,regression,bbob_train,FE_ratio,FE_ratio=0.45,,,0.45,19440,911,0.04686213991769547,-0.09574364894010993,-0.0740343803226563,214.80823720368133,0.2,3888,0.2,0.08281893004115226,1.7672886937431393,322,0.3534577387486279,0.30305187217514284,-0.049391172520076944,65.09803844321779
bayesian_ridge_regression,bayesian_ridge,regression,bbob_train,FE_ratio,FE_ratio=0.5,,,0.5,19440,752,0.03868312757201646,-0.10761678906395437,-0.08153801385084204,216.74610973067038,0.05,972,0.05,0.13580246913580246,3.5106382978723403,132,0.17553191489361702,0.1428876787999167,-0.04510141801033918,30.970348508327525
bayesian_ridge_regression,bayesian_ridge,regression,bbob_train,FE_ratio,FE_ratio=0.5,,,0.5,19440,752,0.03868312757201646,-0.10761678906395437,-0.08153801385084204,216.74610973067038,0.1,1944,0.1,0.11522633744855967,2.9787234042553195,224,0.2978723404255319,0.2594569966736347,-0.04644111992037782,56.2362946714138
bayesian_ridge_regression,bayesian_ridge,regression,bbob_train,FE_ratio,FE_ratio=0.5,,,0.5,19440,752,0.03868312757201646,-0.10761678906395437,-0.08153801385084204,216.74610973067038,0.2,3888,0.2,0.0779320987654321,2.0146276595744683,303,0.4029255319148936,0.3457766107796923,-0.05407569529121383,74.94573522235449
bayesian_ridge_regression,bayesian_ridge,regression,bbob_train,FE_ratio,FE_ratio=0.55,,,0.55,19440,784,0.040329218106995884,-0.12055088341199817,-0.09047622006570433,212.50845114181092,0.05,972,0.05,0.1286008230452675,3.188775510204082,125,0.15943877551020408,0.113539664247767,-0.060683517618059686,24.12813819245421
bayesian_ridge_regression,bayesian_ridge,regression,bbob_train,FE_ratio,FE_ratio=0.55,,,0.55,19440,784,0.040329218106995884,-0.12055088341199817,-0.09047622006570433,212.50845114181092,0.1,1944,0.1,0.11316872427983539,2.806122448979592,220,0.28061224489795916,0.2104021247486479,-0.06605206845457362,44.71222964728125
bayesian_ridge_regression,bayesian_ridge,regression,bbob_train,FE_ratio,FE_ratio=0.55,,,0.55,19440,784,0.040329218106995884,-0.12055088341199817,-0.09047622006570433,212.50845114181092,0.2,3888,0.2,0.07741769547325103,1.9196428571428572,301,0.38392857142857145,0.28937316364795856,-0.0713401029349963,61.49424280883346
bayesian_ridge_regression,bayesian_ridge,regression,bbob_train,FE_ratio,FE_ratio=0.6,,,0.6,19440,624,0.03209876543209877,-0.13902174819174842,-0.10198680721304745,192.65175785948037,0.05,972,0.05,0.09259259259259259,2.884615384615384,90,0.14423076923076922,0.09865386094533496,-0.0746911728661177,19.005839730743517
bayesian_ridge_regression,bayesian_ridge,regression,bbob_train,FE_ratio,FE_ratio=0.6,,,0.6,19440,624,0.03209876543209877,-0.13902174819174842,-0.10198680721304745,192.65175785948037,0.1,1944,0.1,0.07664609053497942,2.3878205128205128,149,0.2387820512820513,0.1608613497078751,-0.08035409345266374,30.99022179287075
bayesian_ridge_regression,bayesian_ridge,regression,bbob_train,FE_ratio,FE_ratio=0.6,,,0.6,19440,624,0.03209876543209877,-0.13902174819174842,-0.10198680721304745,192.65175785948037,0.2,3888,0.2,0.0573559670781893,1.7868589743589742,223,0.3573717948717949,0.2646276693703548,-0.08261357395591125,50.98098568245623
bayesian_ridge_regression,bayesian_ridge,regression,bbob_validation,all,all,,,,64800,3745,0.05779320987654321,-0.09152940558707323,-0.07597107961327272,743.0385345915533,0.05,3240,0.05,0.25864197530864197,4.475300400534045,838,0.22376502002670226,0.5687171661663697,0.07520474821487515,422.5787697453202
bayesian_ridge_regression,bayesian_ridge,regression,bbob_validation,all,all,,,,64800,3745,0.05779320987654321,-0.09152940558707323,-0.07597107961327272,743.0385345915533,0.1,6480,0.1,0.17453703703703705,3.020026702269693,1131,0.3020026702269693,0.6054370185259518,0.010353814402070397,449.86303503300223
bayesian_ridge_regression,bayesian_ridge,regression,bbob_validation,all,all,,,,64800,3745,0.05779320987654321,-0.09152940558707323,-0.07597107961327272,743.0385345915533,0.2,12960,0.2,0.1297067901234568,2.2443257676902535,1681,0.44886515353805073,0.6809643445863063,-0.026823684780750767,505.98274871050654
bayesian_ridge_regression,bayesian_ridge,regression,bbob_validation,label_source,label_source=changed_algorithm,changed_algorithm,,,16560,2549,0.15392512077294687,-0.05116247729341551,-0.06176568779918107,607.1864253523988,0.05,828,0.05,0.9009661835748792,5.853275794429187,746,0.2926637897214594,0.6817949777041308,0.4941983731618375,413.9766553353897
bayesian_ridge_regression,bayesian_ridge,regression,bbob_validation,label_source,label_source=changed_algorithm,changed_algorithm,,,16560,2549,0.15392512077294687,-0.05116247729341551,-0.06176568779918107,607.1864253523988,0.1,1656,0.1,0.5096618357487923,3.3111023930953314,844,0.33111023930953315,0.6987257387545271,0.2179977750675771,424.2567836160755
bayesian_ridge_regression,bayesian_ridge,regression,bbob_validation,label_source,label_source=changed_algorithm,changed_algorithm,,,16560,2549,0.15392512077294687,-0.05116247729341551,-0.06176568779918107,607.1864253523988,0.2,3312,0.2,0.32518115942028986,2.1125931737936443,1077,0.4225186347587289,0.741372276610616,0.07867958745419991,450.15118249056985
bayesian_ridge_regression,bayesian_ridge,regression,bbob_validation,label_source,label_source=same_algorithm,same_algorithm,,,48240,1196,0.024792703150912105,-0.10538670932967216,-0.08462815497687234,135.85210923915443,0.05,2412,0.05,0.03731343283582089,1.5050167224080266,90,0.07525083612040134,0.06306048812579203,-0.06848693579701977,8.5669003215395
bayesian_ridge_regression,bayesian_ridge,regression,bbob_validation,label_source,label_source=same_algorithm,same_algorithm,,,48240,1196,0.024792703150912105,-0.10538670932967216,-0.08462815497687234,135.85210923915443,0.1,4824,0.1,0.059286898839137646,2.391304347826087,286,0.2391304347826087,0.1888686469973543,-0.061111481758852323,25.658204063735873
bayesian_ridge_regression,bayesian_ridge,regression,bbob_validation,label_source,label_source=same_algorithm,same_algorithm,,,48240,1196,0.024792703150912105,-0.10538670932967216,-0.08462815497687234,135.85210923915443,0.2,9648,0.2,0.06218905472636816,2.508361204013378,600,0.5016722408026756,0.41082924225063494,-0.06291068808123537,55.8120190968723
bayesian_ridge_regression,bayesian_ridge,regression,bbob_validation,dimension,dimension=10,,10.0,,21600,1470,0.06805555555555555,-0.040708791525251226,-0.036659214049790265,260.3480860696287,0.05,1080,0.05,0.27685185185185185,4.068027210884354,299,0.20340136054421767,0.6076701010951712,0.12057490713186449,158.2057477818656
bayesian_ridge_regression,bayesian_ridge,regression,bbob_validation,dimension,dimension=10,,10.0,,21600,1470,0.06805555555555555,-0.040708791525251226,-0.036659214049790265,260.3480860696287,0.1,2160,0.1,0.19212962962962962,2.8231292517006805,415,0.282312925170068,0.6503082577008602,0.040322112372649835,169.30651024769384
bayesian_ridge_regression,bayesian_ridge,regression,bbob_validation,dimension,dimension=10,,10.0,,21600,1470,0.06805555555555555,-0.040708791525251226,-0.036659214049790265,260.3480860696287,0.2,4320,0.2,0.1414351851851852,2.0782312925170072,611,0.41564625850340137,0.7142676936120943,-0.003853464418113684,185.95822697327674
bayesian_ridge_regression,bayesian_ridge,regression,bbob_validation,dimension,dimension=20,,20.0,,21600,1908,0.08833333333333333,-0.05664202206459035,-0.0679457754312032,392.4289080321196,0.05,1080,0.05,0.39351851851851855,4.454926624737946,425,0.22274633123689727,0.5930411656411544,0.18071023383455892,232.7264970506536
bayesian_ridge_regression,bayesian_ridge,regression,bbob_validation,dimension,dimension=20,,20.0,,21600,1908,0.08833333333333333,-0.05664202206459035,-0.0679457754312032,392.4289080321196,0.1,2160,0.1,0.2550925925925926,2.8878406708595388,551,0.2887840670859539,0.6251269473574881,0.06523164296051766,245.3178853329514
bayesian_ridge_regression,bayesian_ridge,regression,bbob_validation,dimension,dimension=20,,20.0,,21600,1908,0.08833333333333333,-0.05664202206459035,-0.0679457754312032,392.4289080321196,0.2,4320,0.2,0.17847222222222223,2.020440251572327,771,0.40408805031446543,0.6831541108449495,0.005703964856508856,268.08942173653713
bayesian_ridge_regression,bayesian_ridge,regression,bbob_validation,dimension,dimension=40,,40.0,,21600,367,0.01699074074074074,-0.17723740317137815,-0.16708161511555475,90.26154048980496,0.05,1080,0.05,0.08611111111111111,5.068119891008174,93,0.25340599455040874,0.33468979460041887,-0.09867503006150129,30.209616446850212
bayesian_ridge_regression,bayesian_ridge,regression,bbob_validation,dimension,dimension=40,,40.0,,21600,367,0.01699074074074074,-0.17723740317137815,-0.16708161511555475,90.26154048980496,0.1,2160,0.1,0.04814814814814815,2.8337874659400546,104,0.28337874659400547,0.36879427889224375,-0.12571653839343208,33.28793973664068
bayesian_ridge_regression,bayesian_ridge,regression,bbob_validation,dimension,dimension=40,,40.0,,21600,367,0.01699074074074074,-0.17723740317137815,-0.16708161511555475,90.26154048980496,0.2,4320,0.2,0.03148148148148148,1.8528610354223432,136,0.37057220708446864,0.4725982413419059,-0.1388123666919422,42.657445296293055
bayesian_ridge_regression,bayesian_ridge,regression,bbob_validation,FE_ratio,FE_ratio=0.2,,,0.2,6480,296,0.04567901234567901,-0.07854640971495502,-0.05432046807708305,38.557426800468264,0.05,324,0.05,0.040123456790123455,0.8783783783783784,13,0.04391891891891892,0.03220960551914565,-0.05404090672376146,1.241919507076417
bayesian_ridge_regression,bayesian_ridge,regression,bbob_validation,FE_ratio,FE_ratio=0.2,,,0.2,6480,296,0.04567901234567901,-0.07854640971495502,-0.05432046807708305,38.557426800468264,0.1,648,0.1,0.07098765432098765,1.554054054054054,46,0.1554054054054054,0.1246790689519498,-0.05055801941271874,4.80730407466534
bayesian_ridge_regression,bayesian_ridge,regression,bbob_validation,FE_ratio,FE_ratio=0.2,,,0.2,6480,296,0.04567901234567901,-0.07854640971495502,-0.05432046807708305,38.557426800468264,0.2,1296,0.2,0.10339506172839506,2.2635135135135136,134,0.4527027027027027,0.34533918200259617,-0.061442720571308014,13.31539023139869
bayesian_ridge_regression,bayesian_ridge,regression,bbob_validation,FE_ratio,FE_ratio=0.25,,,0.25,6480,292,0.04506172839506173,-0.08209066348445634,-0.05811985784400571,35.463735190300596,0.05,324,0.05,0.006172839506172839,0.136986301369863,2,0.00684931506849315,0.00947487966465087,-0.055731249624979315,0.3360146233871426
bayesian_ridge_regression,bayesian_ridge,regression,bbob_validation,FE_ratio,FE_ratio=0.25,,,0.25,6480,292,0.04506172839506173,-0.08209066348445634,-0.05811985784400571,35.463735190300596,0.1,648,0.1,0.06790123456790123,1.506849315068493,44,0.1506849315068493,0.1326567185162274,-0.047662584797624544,4.704502736673735
bayesian_ridge_regression,bayesian_ridge,regression,bbob_validation,FE_ratio,FE_ratio=0.25,,,0.25,6480,292,0.04506172839506173,-0.08209066348445634,-0.05811985784400571,35.463735190300596,0.2,1296,0.2,0.08101851851851852,1.797945205479452,105,0.3595890410958904,0.30177156225703916,-0.05084010257484356,10.701946771846949
bayesian_ridge_regression,bayesian_ridge,regression,bbob_validation,FE_ratio,FE_ratio=0.28,,,0.28,6480,274,0.042283950617283954,-0.08549062609263769,-0.060059978976886724,32.16164278161452,0.05,324,0.05,0.037037037037037035,0.875912408759124,12,0.043795620437956206,0.0260568974926466,-0.06075222772145024,0.8380326291556469
bayesian_ridge_regression,bayesian_ridge,regression,bbob_validation,FE_ratio,FE_ratio=0.28,,,0.28,6480,274,0.042283950617283954,-0.08549062609263769,-0.060059978976886724,32.16164278161452,0.1,648,0.1,0.06790123456790123,1.605839416058394,44,0.16058394160583941,0.11375802131707523,-0.05583929168159352,3.658644845143063
bayesian_ridge_regression,bayesian_ridge,regression,bbob_validation,FE_ratio,FE_ratio=0.28,,,0.28,6480,274,0.042283950617283954,-0.08549062609263769,-0.060059978976886724,32.16164278161452,0.2,1296,0.2,0.07947530864197531,1.8795620437956204,103,0.3759124087591241,0.26592321324259766,-0.05517757373331816,8.552527391647528
bayesian_ridge_regression,bayesian_ridge,regression,bbob_validation,FE_ratio,FE_ratio=0.3,,,0.3,6480,284,0.043827160493827164,-0.08706332924379373,-0.061481761258876125,31.652929735382077,0.05,324,0.05,0.024691358024691357,0.5633802816901408,8,0.028169014084507043,0.01909761990004817,-0.059619769381997645,0.6044956208092592
bayesian_ridge_regression,bayesian_ridge,regression,bbob_validation,FE_ratio,FE_ratio=0.3,,,0.3,6480,284,0.043827160493827164,-0.08706332924379373,-0.061481761258876125,31.652929735382077,0.1,648,0.1,0.05401234567901234,1.232394366197183,35,0.12323943661971831,0.08213345997413286,-0.055527067155626796,2.5997646374850434
bayesian_ridge_regression,bayesian_ridge,regression,bbob_validation,FE_ratio,FE_ratio=0.3,,,0.3,6480,284,0.043827160493827164,-0.08706332924379373,-0.061481761258876125,31.652929735382077,0.2,1296,0.2,0.0779320987654321,1.778169014084507,101,0.35563380281690143,0.2629030982829789,-0.058517358913023045,8.32165329716538
bayesian_ridge_regression,bayesian_ridge,regression,bbob_validation,FE_ratio,FE_ratio=0.35,,,0.35,6480,256,0.03950617283950617,-0.09341559547051581,-0.06664570006608084,26.439322897806413,0.05,324,0.05,0.018518518518518517,0.46875,6,0.0234375,0.02441388139883243,-0.061504914897717304,0.6454864934924803
bayesian_ridge_regression,bayesian_ridge,regression,bbob_validation,FE_ratio,FE_ratio=0.35,,,0.35,6480,256,0.03950617283950617,-0.09341559547051581,-0.06664570006608084,26.439322897806413,0.1,648,0.1,0.05246913580246913,1.328125,34,0.1328125,0.11471467613022322,-0.05630965232287642,3.0329783633242577
bayesian_ridge_regression,bayesian_ridge,regression,bbob_validation,FE_ratio,FE_ratio=0.35,,,0.35,6480,256,0.03950617283950617,-0.09341559547051581,-0.06664570006608084,26.439322897806413,0.2,1296,0.2,0.06867283950617284,1.73828125,89,0.34765625,0.31113174010921313,-0.05912612928852665,8.226112540503873
bayesian_ridge_regression,bayesian_ridge,regression,bbob_validation,FE_ratio,FE_ratio=0.4,,,0.4,6480,800,0.12345679012345678,-0.07290554260108724,-0.07056462486829276,174.15917724891835,0.05,324,0.05,0.6666666666666666,5.4,216,0.27,0.6006197096866411,0.2864221997913693,104.60343447850963
bayesian_ridge_regression,bayesian_ridge,regression,bbob_validation,FE_ratio,FE_ratio=0.4,,,0.4,6480,800,0.12345679012345678,-0.07290554260108724,-0.07056462486829276,174.15917724891835,0.1,648,0.1,0.4166666666666667,3.3750000000000004,270,0.3375,0.633991056836839,0.11893363241154727,110.41536084187614
bayesian_ridge_regression,bayesian_ridge,regression,bbob_validation,FE_ratio,FE_ratio=0.4,,,0.4,6480,800,0.12345679012345678,-0.07290554260108724,-0.07056462486829276,174.15917724891835,0.2,1296,0.2,0.2716049382716049,2.2,352,0.44,0.677449089696354,0.02968717715016131,117.98397608954572
bayesian_ridge_regression,bayesian_ridge,regression,bbob_validation,FE_ratio,FE_ratio=0.45,,,0.45,6480,243,0.0375,-0.10186903427734409,-0.07939845101548082,50.56190594132994,0.05,324,0.05,0.12037037037037036,3.2098765432098766,39,0.16049382716049382,0.6289518021861796,0.025608105795667784,31.80100186376757
bayesian_ridge_regression,bayesian_ridge,regression,bbob_validation,FE_ratio,FE_ratio=0.45,,,0.45,6480,243,0.0375,-0.10186903427734409,-0.07939845101548082,50.56190594132994,0.1,648,0.1,0.1095679012345679,2.9218106995884776,71,0.29218106995884774,0.6933139985052319,-0.018432221286267408,35.055277180228906
bayesian_ridge_regression,bayesian_ridge,regression,bbob_validation,FE_ratio,FE_ratio=0.45,,,0.45,6480,243,0.0375,-0.10186903427734409,-0.07939845101548082,50.56190594132994,0.2,1296,0.2,0.08564814814814815,2.283950617283951,111,0.4567901234567901,0.7525226710531779,-0.048551413523854565,38.04898051250916
bayesian_ridge_regression,bayesian_ridge,regression,bbob_validation,FE_ratio,FE_ratio=0.5,,,0.5,6480,477,0.07361111111111111,-0.08578559846269349,-0.08202974076197492,151.15391573733473,0.05,324,0.05,0.7098765432098766,9.643605870020965,230,0.48218029350104824,0.8576738876439224,0.3739538795228615,129.64076654304174
bayesian_ridge_regression,bayesian_ridge,regression,bbob_validation,FE_ratio,FE_ratio=0.5,,,0.5,6480,477,0.07361111111111111,-0.08578559846269349,-0.08202974076197492,151.15391573733473,0.1,648,0.1,0.4074074074074074,5.534591194968553,264,0.5534591194968553,0.8775454007849383,0.15701263994972653,132.6444235659322
bayesian_ridge_regression,bayesian_ridge,regression,bbob_validation,FE_ratio,FE_ratio=0.5,,,0.5,6480,477,0.07361111111111111,-0.08578559846269349,-0.08202974076197492,151.15391573733473,0.2,1296,0.2,0.25848765432098764,3.5115303983228507,335,0.7023060796645703,0.9207578718683065,0.046377645748411425,139.17615777886965
bayesian_ridge_regression,bayesian_ridge,regression,bbob_validation,FE_ratio,FE_ratio=0.55,,,0.55,6480,376,0.05802469135802469,-0.11228594071878435,-0.09215825578698267,79.68497550744864,0.05,324,0.05,0.3055555555555556,5.265957446808511,99,0.2632978723404255,0.6388897914872863,0.08152216350821405,50.90991738662338
bayesian_ridge_regression,bayesian_ridge,regression,bbob_validation,FE_ratio,FE_ratio=0.55,,,0.55,6480,376,0.05802469135802469,-0.11228594071878435,-0.09215825578698267,79.68497550744864,0.1,648,0.1,0.19598765432098766,3.3776595744680855,127,0.3377659574468085,0.6670495360261197,0.0028401744266458324,53.15382594049633
bayesian_ridge_regression,bayesian_ridge,regression,bbob_validation,FE_ratio,FE_ratio=0.55,,,0.55,6480,376,0.05802469135802469,-0.11228594071878435,-0.09215825578698267,79.68497550744864,0.2,1296,0.2,0.1412037037037037,2.4335106382978724,183,0.4867021276595745,0.7330630370621546,-0.03945104542563737,58.41411015371371
bayesian_ridge_regression,bayesian_ridge,regression,bbob_validation,FE_ratio,FE_ratio=0.6,,,0.6,6480,447,0.06898148148148148,-0.11584131580446465,-0.10228898920926656,123.20350275094972,0.05,324,0.05,0.558641975308642,8.098434004474274,181,0.40492170022371365,0.8088858934855218,0.25722035789059633,99.6575754032479
bayesian_ridge_regression,bayesian_ridge,regression,bbob_validation,FE_ratio,FE_ratio=0.6,,,0.6,6480,447,0.06898148148148148,-0.11584131580446465,-0.10228898920926656,123.20350275094972,0.1,648,0.1,0.32098765432098764,4.6532438478747205,208,0.465324384787472,0.8236980741906006,0.08264849405552471,101.48248794949365
bayesian_ridge_regression,bayesian_ridge,regression,bbob_validation,FE_ratio,FE_ratio=0.6,,,0.6,6480,447,0.06898148148148148,-0.11584131580446465,-0.10228898920926656,123.20350275094972,0.2,1296,0.2,0.20679012345679013,2.997762863534676,268,0.5995525727069351,0.8704586516536391,-0.002790429462472535,107.24355488359711
linear_svm_regression,linear_svm,regression,bbob_train,all,all,,,,194400,11921,0.06132201646090535,-0.08855738467265091,-0.06544428361600368,2511.1122661377594,0.05,9720,0.05,0.07211934156378601,1.176075832564382,701,0.05880379162821911,0.05335969072276586,-0.03264967226557127,133.99217389125457
linear_svm_regression,linear_svm,regression,bbob_train,all,all,,,,194400,11921,0.06132201646090535,-0.08855738467265091,-0.06544428361600368,2511.1122661377594,0.1,19440,0.1,0.0690843621399177,1.1265833403237984,1343,0.11265833403237983,0.10704275906505924,-0.03706235194752998,268.7963852894991
linear_svm_regression,linear_svm,regression,bbob_train,all,all,,,,194400,11921,0.06132201646090535,-0.08855738467265091,-0.06544428361600368,2511.1122661377594,0.2,38880,0.2,0.06993312757201646,1.1404244610351482,2719,0.2280848922070296,0.2121576799278343,-0.042805718384058104,532.7517524221134
linear_svm_regression,linear_svm,regression,bbob_train,label_source,label_source=changed_algorithm,changed_algorithm,,,74400,8470,0.11384408602150538,-0.05859081542569486,-0.06280283172738645,1678.8603444230114,0.05,3720,0.05,0.13252688172043012,1.1641086186540732,493,0.05820543093270366,0.05356632840884536,-0.024975261148362515,89.93038456195026
linear_svm_regression,linear_svm,regression,bbob_train,label_source,label_source=changed_algorithm,changed_algorithm,,,74400,8470,0.11384408602150538,-0.05859081542569486,-0.06280283172738645,1678.8603444230114,0.1,7440,0.1,0.1217741935483871,1.0696576151121606,906,0.10696576151121606,0.10030032089936343,-0.02880406890769557,168.39023129084387
linear_svm_regression,linear_svm,regression,bbob_train,label_source,label_source=changed_algorithm,changed_algorithm,,,74400,8470,0.11384408602150538,-0.05859081542569486,-0.06280283172738645,1678.8603444230114,0.2,14880,0.2,0.12278225806451613,1.078512396694215,1827,0.21570247933884298,0.2017020389566038,-0.03198974206133237,338.6295545935076
linear_svm_regression,linear_svm,regression,bbob_train,label_source,label_source=same_algorithm,same_algorithm,,,120000,3451,0.028758333333333334,-0.10713665760576366,-0.06743423570665175,832.2519217147483,0.05,6000,0.05,0.039,1.3561286583598957,234,0.06780643291799478,0.0582675095756684,-0.03718106118831077,48.49324681788252
linear_svm_regression,linear_svm,regression,bbob_train,label_source,label_source=same_algorithm,same_algorithm,,,120000,3451,0.028758333333333334,-0.10713665760576366,-0.06743423570665175,832.2519217147483,0.1,12000,0.1,0.03925,1.3648217907852795,471,0.13648217907852797,0.12983310703902468,-0.041459772191647676,108.0538528354249
linear_svm_regression,linear_svm,regression,bbob_train,label_source,label_source=same_algorithm,same_algorithm,,,120000,3451,0.028758333333333334,-0.10713665760576366,-0.06743423570665175,832.2519217147483,0.2,24000,0.2,0.038625,1.3430889597218196,927,0.26861779194436397,0.23996119104929692,-0.04910254890152784,199.70816238773722
linear_svm_regression,linear_svm,regression,bbob_train,dimension,dimension=10,,10.0,,64800,2405,0.037114197530864194,-0.04022633237538057,-0.03715828153278458,308.0180086184804,0.05,3240,0.05,0.06172839506172839,1.6632016632016633,200,0.08316008316008316,0.09050269387843513,-0.030247406024830403,27.876459543043524
linear_svm_regression,linear_svm,regression,bbob_train,dimension,dimension=10,,10.0,,64800,2405,0.037114197530864194,-0.04022633237538057,-0.03715828153278458,308.0180086184804,0.1,6480,0.1,0.053858024691358024,1.4511434511434513,349,0.14511434511434512,0.14387982240820854,-0.03279488466660274,44.31757637855701
linear_svm_regression,linear_svm,regression,bbob_train,dimension,dimension=10,,10.0,,64800,2405,0.037114197530864194,-0.04022633237538057,-0.03715828153278458,308.0180086184804,0.2,12960,0.2,0.047453703703703706,1.2785862785862787,615,0.25571725571725573,0.2601044763500752,-0.03357502902954396,80.1168628381028
linear_svm_regression,linear_svm,regression,bbob_train,dimension,dimension=20,,20.0,,64800,3858,0.059537037037037034,-0.07228172978918257,-0.06716881295115272,823.0687800379324,0.05,3240,0.05,0.1410493827160494,2.3691031622602385,457,0.11845515811301192,0.15298713835981184,-0.034075376016629674,125.91893733130469
linear_svm_regression,linear_svm,regression,bbob_train,dimension,dimension=20,,20.0,,64800,3858,0.059537037037037034,-0.07228172978918257,-0.06716881295115272,823.0687800379324,0.1,6480,0.1,0.12777777777777777,2.146189735614308,828,0.21461897356143078,0.2663367838985629,-0.04007296779330102,219.2134918026166
linear_svm_regression,linear_svm,regression,bbob_train,dimension,dimension=20,,20.0,,64800,3858,0.059537037037037034,-0.07228172978918257,-0.06716881295115272,823.0687800379324,0.2,12960,0.2,0.10069444444444445,1.6912908242612754,1305,0.33825816485225507,0.39086537656382275,-0.04663601915455394,321.70908864745263
linear_svm_regression,linear_svm,regression,bbob_train,dimension,dimension=40,,40.0,,64800,5658,0.08731481481481482,-0.1531640918533896,-0.14272675969545875,1380.025477481347,0.05,3240,0.05,0.13919753086419753,1.5942028985507246,451,0.07971014492753623,0.07765897674117209,-0.09741206042854851,107.17136645794884
linear_svm_regression,linear_svm,regression,bbob_train,dimension,dimension=40,,40.0,,64800,5658,0.08731481481481482,-0.1531640918533896,-0.14272675969545875,1380.025477481347,0.1,6480,0.1,0.11805555555555555,1.352067868504772,765,0.1352067868504772,0.1220992230787775,-0.10692935395389755,168.50003862939144
linear_svm_regression,linear_svm,regression,bbob_train,dimension,dimension=40,,40.0,,64800,5658,0.08731481481481482,-0.1531640918533896,-0.14272675969545875,1380.025477481347,0.2,12960,0.2,0.12530864197530864,1.4351360904913395,1624,0.2870272180982679,0.24077628344160115,-0.10489116170536072,332.27740552267977
linear_svm_regression,linear_svm,regression,bbob_train,FE_ratio,FE_ratio=0.2,,,0.2,19440,1637,0.08420781893004116,-0.06196176210011554,-0.05049860667501493,304.44205064313394,0.05,972,0.05,0.147119341563786,1.747098350641417,143,0.08735491753207086,0.14229684423044767,-0.030826700052298005,43.32114305756409
linear_svm_regression,linear_svm,regression,bbob_train,FE_ratio,FE_ratio=0.2,,,0.2,19440,1637,0.08420781893004116,-0.06196176210011554,-0.05049860667501493,304.44205064313394,0.1,1944,0.1,0.16152263374485595,1.9181429444105067,314,0.1918142944410507,0.28757872417807084,-0.02796198025850626,87.55105651010808
linear_svm_regression,linear_svm,regression,bbob_train,FE_ratio,FE_ratio=0.2,,,0.2,19440,1637,0.08420781893004116,-0.06196176210011554,-0.05049860667501493,304.44205064313394,0.2,3888,0.2,0.1095679012345679,1.301160659743433,426,0.2602321319486866,0.3743107472846004,-0.03716599642000131,113.95593148108762
linear_svm_regression,linear_svm,regression,bbob_train,FE_ratio,FE_ratio=0.25,,,0.25,19440,1530,0.0787037037037037,-0.06684412289960417,-0.05379598025536793,289.0381601639173,0.05,972,0.05,0.07818930041152264,0.9934640522875817,76,0.04967320261437908,0.054481772185035006,-0.024610588031109694,15.747311194832204
linear_svm_regression,linear_svm,regression,bbob_train,FE_ratio,FE_ratio=0.25,,,0.25,19440,1530,0.0787037037037037,-0.06684412289960417,-0.05379598025536793,289.0381601639173,0.1,1944,0.1,0.07613168724279835,0.9673202614379085,148,0.09673202614379085,0.09912171182794416,-0.027599169588512103,28.649957219046982
linear_svm_regression,linear_svm,regression,bbob_train,FE_ratio,FE_ratio=0.25,,,0.25,19440,1530,0.0787037037037037,-0.06684412289960417,-0.05379598025536793,289.0381601639173,0.2,3888,0.2,0.07175925925925926,0.9117647058823529,279,0.18235294117647058,0.1906577346545107,-0.03026882494783674,55.10736084556011
linear_svm_regression,linear_svm,regression,bbob_train,FE_ratio,FE_ratio=0.28,,,0.28,19440,1516,0.07798353909465021,-0.06678863875638497,-0.05595944523593056,294.83506110374555,0.05,972,0.05,0.09259259259259259,1.1873350923482848,90,0.059366754617414245,0.0694810594711939,-0.027869975558602027,20.485452414742433
linear_svm_regression,linear_svm,regression,bbob_train,FE_ratio,FE_ratio=0.28,,,0.28,19440,1516,0.07798353909465021,-0.06678863875638497,-0.05595944523593056,294.83506110374555,0.1,1944,0.1,0.09053497942386832,1.1609498680738786,176,0.11609498680738786,0.1308784973783244,-0.028449782082273688,38.58756977170468
linear_svm_regression,linear_svm,regression,bbob_train,FE_ratio,FE_ratio=0.28,,,0.28,19440,1516,0.07798353909465021,-0.06678863875638497,-0.05595944523593056,294.83506110374555,0.2,3888,0.2,0.07767489711934156,0.9960422163588389,302,0.19920844327176782,0.2080640352065314,-0.032283089268576155,61.34457253360955
linear_svm_regression,linear_svm,regression,bbob_train,FE_ratio,FE_ratio=0.3,,,0.3,19440,1403,0.07217078189300412,-0.07045501341769796,-0.05769358257385397,275.8794546370344,0.05,972,0.05,0.07304526748971193,1.0121168923734853,71,0.05060584461867427,0.03933963143958238,-0.032699293726966214,10.852996067173919
linear_svm_regression,linear_svm,regression,bbob_train,FE_ratio,FE_ratio=0.3,,,0.3,19440,1403,0.07217078189300412,-0.07045501341769796,-0.05769358257385397,275.8794546370344,0.1,1944,0.1,0.0684156378600823,0.9479686386315038,133,0.0947968638631504,0.07798462259785247,-0.03451371985751951,21.514355152370488
linear_svm_regression,linear_svm,regression,bbob_train,FE_ratio,FE_ratio=0.3,,,0.3,19440,1403,0.07217078189300412,-0.07045501341769796,-0.05769358257385397,275.8794546370344,0.2,3888,0.2,0.061213991769547324,0.8481824661439772,238,0.16963649322879543,0.1466497098456896,-0.0387496931636988,40.457641974908185
linear_svm_regression,linear_svm,regression,bbob_train,FE_ratio,FE_ratio=0.35,,,0.35,19440,1388,0.07139917695473251,-0.07482964941049443,-0.062069321341436653,257.6511044439708,0.05,972,0.05,0.056584362139917695,0.792507204610951,55,0.03962536023054755,0.02958597617391035,-0.04227296609554775,7.622859437261007
linear_svm_regression,linear_svm,regression,bbob_train,FE_ratio,FE_ratio=0.35,,,0.35,19440,1388,0.07139917695473251,-0.07482964941049443,-0.062069321341436653,257.6511044439708,0.1,1944,0.1,0.05761316872427984,0.8069164265129684,112,0.08069164265129683,0.07350241035298204,-0.0376989913096342,18.937977206739774
linear_svm_regression,linear_svm,regression,bbob_train,FE_ratio,FE_ratio=0.35,,,0.35,19440,1388,0.07139917695473251,-0.07482964941049443,-0.062069321341436653,257.6511044439708,0.2,3888,0.2,0.06095679012345679,0.8537463976945245,237,0.1707492795389049,0.1530501700778753,-0.039462140418552526,39.43354535590214
linear_svm_regression,linear_svm,regression,bbob_train,FE_ratio,FE_ratio=0.4,,,0.4,19440,1376,0.07078189300411522,-0.08176159053440116,-0.06731035034538017,252.55187921031478,0.05,972,0.05,0.07098765432098765,1.002906976744186,69,0.0501453488372093,0.053542995650235466,-0.033683728554723236,13.522384170016677
linear_svm_regression,linear_svm,regression,bbob_train,FE_ratio,FE_ratio=0.4,,,0.4,19440,1376,0.07078189300411522,-0.08176159053440116,-0.06731035034538017,252.55187921031478,0.1,1944,0.1,0.0668724279835391,0.9447674418604652,130,0.09447674418604651,0.09831822637545451,-0.03779821998011644,24.83045283174617
linear_svm_regression,linear_svm,regression,bbob_train,FE_ratio,FE_ratio=0.4,,,0.4,19440,1376,0.07078189300411522,-0.08176159053440116,-0.06731035034538017,252.55187921031478,0.2,3888,0.2,0.06430041152263374,0.9084302325581396,250,0.1816860465116279,0.186242091885095,-0.043578524456651994,47.03579029364086
linear_svm_regression,linear_svm,regression,bbob_train,FE_ratio,FE_ratio=0.45,,,0.45,19440,911,0.04686213991769547,-0.09574364894010993,-0.0740343803226563,214.80823720368133,0.05,972,0.05,0.04938271604938271,1.0537870472008781,48,0.052689352360043906,0.04530796940550862,-0.04643523881783526,9.732525039275632
linear_svm_regression,linear_svm,regression,bbob_train,FE_ratio,FE_ratio=0.45,,,0.45,19440,911,0.04686213991769547,-0.09574364894010993,-0.0740343803226563,214.80823720368133,0.1,1944,0.1,0.04218106995884774,0.9001097694840835,82,0.09001097694840834,0.08061317724722844,-0.04861720940321686,17.316374499865052
linear_svm_regression,linear_svm,regression,bbob_train,FE_ratio,FE_ratio=0.45,,,0.45,19440,911,0.04686213991769547,-0.09574364894010993,-0.0740343803226563,214.80823720368133,0.2,3888,0.2,0.0411522633744856,0.8781558726673985,160,0.1756311745334797,0.12908429690653478,-0.05496786784807572,27.728370269169353
linear_svm_regression,linear_svm,regression,bbob_train,FE_ratio,FE_ratio=0.5,,,0.5,19440,752,0.03868312757201646,-0.10761678906395437,-0.08153801385084204,216.74610973067038,0.05,972,0.05,0.053497942386831275,1.3829787234042554,52,0.06914893617021277,0.06341850943583381,-0.045126352388130286,13.74571520513479
linear_svm_regression,linear_svm,regression,bbob_train,FE_ratio,FE_ratio=0.5,,,0.5,19440,752,0.03868312757201646,-0.10761678906395437,-0.08153801385084204,216.74610973067038,0.1,1944,0.1,0.046296296296296294,1.1968085106382977,90,0.1196808510638298,0.11429944438630485,-0.05140139077747058,24.773959915108684
linear_svm_regression,linear_svm,regression,bbob_train,FE_ratio,FE_ratio=0.5,,,0.5,19440,752,0.03868312757201646,-0.10761678906395437,-0.08153801385084204,216.74610973067038,0.2,3888,0.2,0.038580246913580245,0.9973404255319148,150,0.19946808510638298,0.16625696731796347,-0.05995407497759183,36.035550881787785
linear_svm_regression,linear_svm,regression,bbob_train,FE_ratio,FE_ratio=0.55,,,0.55,19440,784,0.040329218106995884,-0.12055088341199817,-0.09047622006570433,212.50845114181092,0.05,972,0.05,0.05761316872427984,1.4285714285714286,56,0.07142857142857142,0.04810898665448357,-0.0629377731838682,10.223566239946356
linear_svm_regression,linear_svm,regression,bbob_train,FE_ratio,FE_ratio=0.55,,,0.55,19440,784,0.040329218106995884,-0.12055088341199817,-0.09047622006570433,212.50845114181092,0.1,1944,0.1,0.04526748971193416,1.1224489795918369,88,0.11224489795918367,0.07583275262383846,-0.0668774722531269,16.115100805912007
linear_svm_regression,linear_svm,regression,bbob_train,FE_ratio,FE_ratio=0.55,,,0.55,19440,784,0.040329218106995884,-0.12055088341199817,-0.09047622006570433,212.50845114181092,0.2,3888,0.2,0.04038065843621399,1.0012755102040816,157,0.2002551020408163,0.1418984820658079,-0.0715749013075712,30.154626643178872
linear_svm_regression,linear_svm,regression,bbob_train,FE_ratio,FE_ratio=0.6,,,0.6,19440,624,0.03209876543209877,-0.13902174819174842,-0.10198680721304745,192.65175785948037,0.05,972,0.05,0.0411522633744856,1.282051282051282,40,0.0641025641025641,0.04771707076724228,-0.06415324856036499,9.192777563214449
linear_svm_regression,linear_svm,regression,bbob_train,FE_ratio,FE_ratio=0.6,,,0.6,19440,624,0.03209876543209877,-0.13902174819174842,-0.10198680721304745,192.65175785948037,0.1,1944,0.1,0.03497942386831276,1.0897435897435896,68,0.10897435897435898,0.07989813369192741,-0.07336233507600314,15.39251590544159
linear_svm_regression,linear_svm,regression,bbob_train,FE_ratio,FE_ratio=0.6,,,0.6,19440,624,0.03209876543209877,-0.13902174819174842,-0.10198680721304745,192.65175785948037,0.2,3888,0.2,0.032407407407407406,1.0096153846153846,126,0.20192307692307693,0.1569658388868343,-0.08256548143720237,30.23974478543661
linear_svm_regression,linear_svm,regression,bbob_validation,all,all,,,,64800,3745,0.05779320987654321,-0.09152940558707323,-0.07597107961327272,743.0385345915533,0.05,3240,0.05,0.17376543209876544,3.006675567423231,563,0.15033377837116155,0.35166278610447754,0.028851230173625207,261.2990012574539
linear_svm_regression,linear_svm,regression,bbob_validation,all,all,,,,64800,3745,0.05779320987654321,-0.09152940558707323,-0.07597107961327272,743.0385345915533,0.1,6480,0.1,0.14336419753086418,2.4806408544726297,929,0.24806408544726302,0.4932240476611324,-0.001465762577192552,366.4844735994423
linear_svm_regression,linear_svm,regression,bbob_validation,all,all,,,,64800,3745,0.05779320987654321,-0.09152940558707323,-0.07597107961327272,743.0385345915533,0.2,12960,0.2,0.10725308641975309,1.855807743658211,1390,0.3711615487316422,0.60608839974982,-0.02693871432859158,450.34703638304586
linear_svm_regression,linear_svm,regression,bbob_validation,label_source,label_source=changed_algorithm,changed_algorithm,,,16560,2549,0.15392512077294687,-0.05116247729341551,-0.06176568779918107,607.1864253523988,0.05,828,0.05,0.4891304347826087,3.17771675166732,405,0.15888583758336602,0.3778637463966155,0.23396783952432335,229.43373744482633
linear_svm_regression,linear_svm,regression,bbob_validation,label_source,label_source=changed_algorithm,changed_algorithm,,,16560,2549,0.15392512077294687,-0.05116247729341551,-0.06176568779918107,607.1864253523988,0.1,1656,0.1,0.34842995169082125,2.2636327971753625,577,0.22636327971753628,0.5040032161766551,0.1255433763320648,306.0239111964155
linear_svm_regression,linear_svm,regression,bbob_validation,label_source,label_source=changed_algorithm,changed_algorithm,,,16560,2549,0.15392512077294687,-0.05116247729341551,-0.06176568779918107,607.1864253523988,0.2,3312,0.2,0.26268115942028986,1.7065515888583758,870,0.34131031777167514,0.6600078387043119,0.05037886153877142,400.74780028743373
linear_svm_regression,linear_svm,regression,bbob_validation,label_source,label_source=same_algorithm,same_algorithm,,,48240,1196,0.024792703150912105,-0.10538670932967216,-0.08462815497687234,135.85210923915443,0.05,2412,0.05,0.05306799336650083,2.1404682274247495,128,0.10702341137123746,0.07915076374871745,-0.0493521896682715,10.752798203153269
linear_svm_regression,linear_svm,regression,bbob_validation,label_source,label_source=same_algorithm,same_algorithm,,,48240,1196,0.024792703150912105,-0.10538670932967216,-0.08462815497687234,135.85210923915443,0.1,4824,0.1,0.059286898839137646,2.391304347826087,286,0.2391304347826087,0.18389062389182761,-0.05066926637598497,24.981929125008833
linear_svm_regression,linear_svm,regression,bbob_validation,label_source,label_source=same_algorithm,same_algorithm,,,48240,1196,0.024792703150912105,-0.10538670932967216,-0.08462815497687234,135.85210923915443,0.2,9648,0.2,0.05192786069651741,2.0944816053511706,501,0.4188963210702341,0.33674823901393797,-0.053450883139426066,45.7479585526144
linear_svm_regression,linear_svm,regression,bbob_validation,dimension,dimension=10,,10.0,,21600,1470,0.06805555555555555,-0.040708791525251226,-0.036659214049790265,260.3480860696287,0.05,1080,0.05,0.21666666666666667,3.1836734693877555,234,0.15918367346938775,0.4316284318445583,0.06952499602152122,112.37363612396594
linear_svm_regression,linear_svm,regression,bbob_validation,dimension,dimension=10,,10.0,,21600,1470,0.06805555555555555,-0.040708791525251226,-0.036659214049790265,260.3480860696287,0.1,2160,0.1,0.1537037037037037,2.2585034013605445,332,0.22585034013605443,0.5378749346145616,0.01793842555768978,140.0347097717278
linear_svm_regression,linear_svm,regression,bbob_validation,dimension,dimension=10,,10.0,,21600,1470,0.06805555555555555,-0.040708791525251226,-0.036659214049790265,260.3480860696287,0.2,4320,0.2,0.11550925925925926,1.6972789115646258,499,0.33945578231292517,0.6544163336365814,-0.012715457308898236,170.37603995498756
linear_svm_regression,linear_svm,regression,bbob_validation,dimension,dimension=20,,20.0,,21600,1908,0.08833333333333333,-0.05664202206459035,-0.0679457754312032,392.4289080321196,0.05,1080,0.05,0.2814814814814815,3.1865828092243187,304,0.15932914046121593,0.3904981516291688,0.09816602332223567,153.24276323239582
linear_svm_regression,linear_svm,regression,bbob_validation,dimension,dimension=20,,20.0,,21600,1908,0.08833333333333333,-0.05664202206459035,-0.0679457754312032,392.4289080321196,0.1,2160,0.1,0.22407407407407406,2.5366876310272537,484,0.25366876310272535,0.5502797795457893,0.049115632341604126,215.94569299930964
linear_svm_regression,linear_svm,regression,bbob_validation,dimension,dimension=20,,20.0,,21600,1908,0.08833333333333333,-0.05664202206459035,-0.0679457754312032,392.4289080321196,0.2,4320,0.2,0.15069444444444444,1.7059748427672956,651,0.3411949685534591,0.625001369568583,-0.00028878508065447985,245.2686049783783
linear_svm_regression,linear_svm,regression,bbob_validation,dimension,dimension=40,,40.0,,21600,367,0.01699074074074074,-0.17723740317137815,-0.16708161511555475,90.26154048980496,0.05,1080,0.05,0.046296296296296294,2.7247956403269753,50,0.1362397820163488,0.14239790862942653,-0.1255924644761502,12.853054595418529
linear_svm_regression,linear_svm,regression,bbob_validation,dimension,dimension=40,,40.0,,21600,367,0.01699074074074074,-0.17723740317137815,-0.16708161511555475,90.26154048980496,0.1,2160,0.1,0.033796296296296297,1.9891008174386922,73,0.1989100817438692,0.21567156848507013,-0.13421237553942883,19.4668480113149
linear_svm_regression,linear_svm,regression,bbob_validation,dimension,dimension=40,,40.0,,21600,367,0.01699074074074074,-0.17723740317137815,-0.16708161511555475,90.26154048980496,0.2,4320,0.2,0.02662037037037037,1.566757493188011,115,0.3133514986376022,0.37219680089080354,-0.14240823865317967,33.59505661378114
linear_svm_regression,linear_svm,regression,bbob_validation,FE_ratio,FE_ratio=0.2,,,0.2,6480,296,0.04567901234567901,-0.07854640971495502,-0.05432046807708305,38.557426800468264,0.05,324,0.05,0.024691358024691357,0.5405405405405406,8,0.02702702702702703,0.018838484171203988,-0.04959714079060844,0.7263634744629778
linear_svm_regression,linear_svm,regression,bbob_validation,FE_ratio,FE_ratio=0.2,,,0.2,6480,296,0.04567901234567901,-0.07854640971495502,-0.05432046807708305,38.557426800468264,0.1,648,0.1,0.021604938271604937,0.47297297297297297,14,0.0472972972972973,0.03303768684940111,-0.046477650852603705,1.2738481923525762
linear_svm_regression,linear_svm,regression,bbob_validation,FE_ratio,FE_ratio=0.2,,,0.2,6480,296,0.04567901234567901,-0.07854640971495502,-0.05432046807708305,38.557426800468264,0.2,1296,0.2,0.029320987654320986,0.6418918918918919,38,0.12837837837837837,0.11497855471053528,-0.05595834606969762,4.4332772068751
linear_svm_regression,linear_svm,regression,bbob_validation,FE_ratio,FE_ratio=0.25,,,0.25,6480,292,0.04506172839506173,-0.08209066348445634,-0.05811985784400571,35.463735190300596,0.05,324,0.05,0.037037037037037035,0.821917808219178,12,0.0410958904109589,0.029360038029825525,-0.04950354750837656,1.0412166138668872
linear_svm_regression,linear_svm,regression,bbob_validation,FE_ratio,FE_ratio=0.25,,,0.25,6480,292,0.04506172839506173,-0.08209066348445634,-0.05811985784400571,35.463735190300596,0.1,648,0.1,0.041666666666666664,0.9246575342465753,27,0.09246575342465753,0.054996054344356775,-0.054368040014206975,1.9503655077796493
linear_svm_regression,linear_svm,regression,bbob_validation,FE_ratio,FE_ratio=0.25,,,0.25,6480,292,0.04506172839506173,-0.08209066348445634,-0.05811985784400571,35.463735190300596,0.2,1296,0.2,0.05092592592592592,1.1301369863013697,66,0.22602739726027396,0.15872639306652536,-0.05756907025266485,5.62903077142282
linear_svm_regression,linear_svm,regression,bbob_validation,FE_ratio,FE_ratio=0.28,,,0.28,6480,274,0.042283950617283954,-0.08549062609263769,-0.060059978976886724,32.16164278161452,0.05,324,0.05,0.06481481481481481,1.532846715328467,21,0.07664233576642336,0.03868563288834655,-0.0484310707594553,1.2441935057356799
linear_svm_regression,linear_svm,regression,bbob_validation,FE_ratio,FE_ratio=0.28,,,0.28,6480,274,0.042283950617283954,-0.08549062609263769,-0.060059978976886724,32.16164278161452,0.1,648,0.1,0.06327160493827161,1.4963503649635037,41,0.14963503649635038,0.09499364081264511,-0.05654057741485633,3.0551515423412896
linear_svm_regression,linear_svm,regression,bbob_validation,FE_ratio,FE_ratio=0.28,,,0.28,6480,274,0.042283950617283954,-0.08549062609263769,-0.060059978976886724,32.16164278161452,0.2,1296,0.2,0.06481481481481481,1.532846715328467,84,0.30656934306569344,0.20746125313925587,-0.05870397700787583,6.67229471449085
linear_svm_regression,linear_svm,regression,bbob_validation,FE_ratio,FE_ratio=0.3,,,0.3,6480,284,0.043827160493827164,-0.08706332924379373,-0.061481761258876125,31.652929735382077,0.05,324,0.05,0.043209876543209874,0.9859154929577464,14,0.04929577464788732,0.04417792376500562,-0.04886657565291242,1.398360716788789
linear_svm_regression,linear_svm,regression,bbob_validation,FE_ratio,FE_ratio=0.3,,,0.3,6480,284,0.043827160493827164,-0.08706332924379373,-0.061481761258876125,31.652929735382077,0.1,648,0.1,0.05555555555555555,1.2676056338028168,36,0.1267605633802817,0.08902309739347979,-0.05457179013432072,2.817841846621891
linear_svm_regression,linear_svm,regression,bbob_validation,FE_ratio,FE_ratio=0.3,,,0.3,6480,284,0.043827160493827164,-0.08706332924379373,-0.061481761258876125,31.652929735382077,0.2,1296,0.2,0.05864197530864197,1.3380281690140843,76,0.2676056338028169,0.19678788777327197,-0.05922868366296688,6.228913184461631
linear_svm_regression,linear_svm,regression,bbob_validation,FE_ratio,FE_ratio=0.35,,,0.35,6480,256,0.03950617283950617,-0.09341559547051581,-0.06664570006608084,26.439322897806413,0.05,324,0.05,0.040123456790123455,1.015625,13,0.05078125,0.05520918038092508,-0.04704971608623908,1.459693347014517
linear_svm_regression,linear_svm,regression,bbob_validation,FE_ratio,FE_ratio=0.35,,,0.35,6480,256,0.03950617283950617,-0.09341559547051581,-0.06664570006608084,26.439322897806413,0.1,648,0.1,0.04938271604938271,1.25,32,0.125,0.11617401354229351,-0.05639512555463476,3.071562256378833
linear_svm_regression,linear_svm,regression,bbob_validation,FE_ratio,FE_ratio=0.35,,,0.35,6480,256,0.03950617283950617,-0.09341559547051581,-0.06664570006608084,26.439322897806413,0.2,1296,0.2,0.05632716049382716,1.42578125,73,0.28515625,0.24174137021552464,-0.060682428463871736,6.391478144886418
linear_svm_regression,linear_svm,regression,bbob_validation,FE_ratio,FE_ratio=0.4,,,0.4,6480,800,0.12345679012345678,-0.07290554260108724,-0.07056462486829276,174.15917724891835,0.05,324,0.05,0.6049382716049383,4.9,196,0.245,0.565715427263833,0.27087729158490675,98.52453336928946
linear_svm_regression,linear_svm,regression,bbob_validation,FE_ratio,FE_ratio=0.4,,,0.4,6480,800,0.12345679012345678,-0.07290554260108724,-0.07056462486829276,174.15917724891835,0.1,648,0.1,0.38117283950617287,3.0875000000000004,247,0.30875,0.6238292890132925,0.12109715846136976,108.64559571833271
linear_svm_regression,linear_svm,regression,bbob_validation,FE_ratio,FE_ratio=0.4,,,0.4,6480,800,0.12345679012345678,-0.07290554260108724,-0.07056462486829276,174.15917724891835,0.2,1296,0.2,0.26080246913580246,2.1125000000000003,338,0.4225,0.6638585191169383,0.03326789882319658,115.6170534990913
linear_svm_regression,linear_svm,regression,bbob_validation,FE_ratio,FE_ratio=0.45,,,0.45,6480,243,0.0375,-0.10186903427734409,-0.07939845101548082,50.56190594132994,0.05,324,0.05,0.12962962962962962,3.45679012345679,42,0.1728395061728395,0.5993924227529507,0.03184414364288653,30.306423301180562
linear_svm_regression,linear_svm,regression,bbob_validation,FE_ratio,FE_ratio=0.45,,,0.45,6480,243,0.0375,-0.10186903427734409,-0.07939845101548082,50.56190594132994,0.1,648,0.1,0.09876543209876543,2.633744855967078,64,0.26337448559670784,0.6758712155468132,-0.013770779181990073,34.1733368289303
linear_svm_regression,linear_svm,regression,bbob_validation,FE_ratio,FE_ratio=0.45,,,0.45,6480,243,0.0375,-0.10186903427734409,-0.07939845101548082,50.56190594132994,0.2,1296,0.2,0.0763888888888889,2.037037037037037,99,0.4074074074074074,0.7305894476869476,-0.04325532936367028,36.939994935675635
linear_svm_regression,linear_svm,regression,bbob_validation,FE_ratio,FE_ratio=0.5,,,0.5,6480,477,0.07361111111111111,-0.08578559846269349,-0.08202974076197492,151.15391573733473,0.05,324,0.05,0.5679012345679012,7.714884696016771,184,0.3857442348008386,0.7041579718522458,0.2979022091359754,106.4362347431269
linear_svm_regression,linear_svm,regression,bbob_validation,FE_ratio,FE_ratio=0.5,,,0.5,6480,477,0.07361111111111111,-0.08578559846269349,-0.08202974076197492,151.15391573733473,0.1,648,0.1,0.345679012345679,4.696016771488469,224,0.469601677148847,0.7808841827462515,0.13778891336224575,118.03370195944441
linear_svm_regression,linear_svm,regression,bbob_validation,FE_ratio,FE_ratio=0.5,,,0.5,6480,477,0.07361111111111111,-0.08578559846269349,-0.08202974076197492,151.15391573733473,0.2,1296,0.2,0.2322530864197531,3.1551362683438153,301,0.6310272536687631,0.8779857477663763,0.04716277697574541,132.7109837364597
linear_svm_regression,linear_svm,regression,bbob_validation,FE_ratio,FE_ratio=0.55,,,0.55,6480,376,0.05802469135802469,-0.11228594071878435,-0.09215825578698267,79.68497550744864,0.05,324,0.05,0.2993827160493827,5.159574468085107,97,0.2579787234042553,0.6114947501238602,0.09181322441810608,48.72694418655323
linear_svm_regression,linear_svm,regression,bbob_validation,FE_ratio,FE_ratio=0.55,,,0.55,6480,376,0.05802469135802469,-0.11228594071878435,-0.09215825578698267,79.68497550744864,0.1,648,0.1,0.19598765432098766,3.3776595744680855,127,0.3377659574468085,0.6690835063866156,0.014655789273247856,53.31590281885532
linear_svm_regression,linear_svm,regression,bbob_validation,FE_ratio,FE_ratio=0.55,,,0.55,6480,376,0.05802469135802469,-0.11228594071878435,-0.09215825578698267,79.68497550744864,0.2,1296,0.2,0.12808641975308643,2.2074468085106385,166,0.44148936170212766,0.705303470298516,-0.0386731459705696,56.20208975605578
linear_svm_regression,linear_svm,regression,bbob_validation,FE_ratio,FE_ratio=0.6,,,0.6,6480,447,0.06898148148148148,-0.11584131580446465,-0.10228898920926656,123.20350275094972,0.05,324,0.05,0.5524691358024691,8.008948545861298,179,0.4004474272930649,0.7921401314979165,0.2664746735508668,97.59443887014126
linear_svm_regression,linear_svm,regression,bbob_validation,FE_ratio,FE_ratio=0.6,,,0.6,6480,447,0.06898148148148148,-0.11584131580446465,-0.10228898920926656,123.20350275094972,0.1,648,0.1,0.31635802469135804,4.58612975391499,205,0.45861297539149887,0.8245855577607769,0.09522861763908763,101.59182903397331
linear_svm_regression,linear_svm,regression,bbob_validation,FE_ratio,FE_ratio=0.6,,,0.6,6480,447,0.06898148148148148,-0.11584131580446465,-0.10228898920926656,123.20350275094972,0.2,1296,0.2,0.1867283950617284,2.7069351230425056,242,0.5413870246085011,0.8496891082066962,-0.001910874588077577,104.68467438039573
rbf_nystroem_ridge_regression,kernel_ridge_approx,regression,bbob_train,all,all,,,,194400,11921,0.06132201646090535,-0.08855738467265091,-0.06544428361600368,2511.1122661377594,0.05,9720,0.05,0.20473251028806586,3.33864608673769,1990,0.1669323043368845,0.1708154786127333,-0.008838432345480844,428.9368435906268
rbf_nystroem_ridge_regression,kernel_ridge_approx,regression,bbob_train,all,all,,,,194400,11921,0.06132201646090535,-0.08855738467265091,-0.06544428361600368,2511.1122661377594,0.1,19440,0.1,0.14886831275720164,2.427648687190672,2894,0.2427648687190672,0.2355728461455873,-0.021513748491966554,591.5498635251676
rbf_nystroem_ridge_regression,kernel_ridge_approx,regression,bbob_train,all,all,,,,194400,11921,0.06132201646090535,-0.08855738467265091,-0.06544428361600368,2511.1122661377594,0.2,38880,0.2,0.11093106995884773,1.808992534183374,4313,0.36179850683667475,0.3283602084051806,-0.03249076069054653,824.5493470378002
rbf_nystroem_ridge_regression,kernel_ridge_approx,regression,bbob_train,label_source,label_source=changed_algorithm,changed_algorithm,,,74400,8470,0.11384408602150538,-0.05859081542569486,-0.06280283172738645,1678.8603444230114,0.05,3720,0.05,0.39946236559139786,3.5088547815820545,1486,0.1754427390791027,0.1992775734253526,0.04902851747748928,334.55921555666947
rbf_nystroem_ridge_regression,kernel_ridge_approx,regression,bbob_train,label_source,label_source=changed_algorithm,changed_algorithm,,,74400,8470,0.11384408602150538,-0.05859081542569486,-0.06280283172738645,1678.8603444230114,0.1,7440,0.1,0.3057795698924731,2.6859504132231407,2275,0.26859504132231404,0.2837016395906346,0.021760437071891018,476.29543235650596
rbf_nystroem_ridge_regression,kernel_ridge_approx,regression,bbob_train,label_source,label_source=changed_algorithm,changed_algorithm,,,74400,8470,0.11384408602150538,-0.05859081542569486,-0.06280283172738645,1678.8603444230114,0.2,14880,0.2,0.2245295698924731,1.972255017709563,3341,0.39445100354191265,0.38938702819679566,-0.0032799155263910345,653.7264402723252
rbf_nystroem_ridge_regression,kernel_ridge_approx,regression,bbob_train,label_source,label_source=same_algorithm,same_algorithm,,,120000,3451,0.028758333333333334,-0.10713665760576366,-0.06743423570665175,832.2519217147483,0.05,6000,0.05,0.042666666666666665,1.4836279339321936,256,0.07418139669660968,0.06154277323747293,-0.05526799383402596,51.219091294541826
rbf_nystroem_ridge_regression,kernel_ridge_approx,regression,bbob_train,label_source,label_source=same_algorithm,same_algorithm,,,120000,3451,0.028758333333333334,-0.10713665760576366,-0.06743423570665175,832.2519217147483,0.1,12000,0.1,0.035333333333333335,1.2286293827875978,424,0.12286293827875978,0.09957297387920452,-0.05170571131803688,82.8697988618204
rbf_nystroem_ridge_regression,kernel_ridge_approx,regression,bbob_train,label_source,label_source=same_algorithm,same_algorithm,,,120000,3451,0.028758333333333334,-0.10713665760576366,-0.06743423570665175,832.2519217147483,0.2,24000,0.2,0.033041666666666664,1.1489423355549115,793,0.22978846711098233,0.16999688361086482,-0.05202415179698344,141.48023307066063
rbf_nystroem_ridge_regression,kernel_ridge_approx,regression,bbob_train,dimension,dimension=10,,10.0,,64800,2405,0.037114197530864194,-0.04022633237538057,-0.03715828153278458,308.0180086184804,0.05,3240,0.05,0.11358024691358025,3.0602910602910605,368,0.15301455301455302,0.15014021666359675,-0.02292683181173039,46.24589055026826
rbf_nystroem_ridge_regression,kernel_ridge_approx,regression,bbob_train,dimension,dimension=10,,10.0,,64800,2405,0.037114197530864194,-0.04022633237538057,-0.03715828153278458,308.0180086184804,0.1,6480,0.1,0.08348765432098765,2.2494802494802495,541,0.22494802494802496,0.20159135813081425,-0.026812349129399386,62.09376868614831
rbf_nystroem_ridge_regression,kernel_ridge_approx,regression,bbob_train,dimension,dimension=10,,10.0,,64800,2405,0.037114197530864194,-0.04022633237538057,-0.03715828153278458,308.0180086184804,0.2,12960,0.2,0.0570216049382716,1.5363825363825365,739,0.3072765072765073,0.28558861798294227,-0.030647318562818937,87.96643739520982
rbf_nystroem_ridge_regression,kernel_ridge_approx,regression,bbob_train,dimension,dimension=20,,20.0,,64800,3858,0.059537037037037034,-0.07228172978918257,-0.06716881295115272,823.0687800379324,0.05,3240,0.05,0.26141975308641974,4.39087610160705,847,0.2195438050803525,0.26034745705249107,0.0026766495421369687,214.2838638621718
rbf_nystroem_ridge_regression,kernel_ridge_approx,regression,bbob_train,dimension,dimension=20,,20.0,,64800,3858,0.059537037037037034,-0.07228172978918257,-0.06716881295115272,823.0687800379324,0.1,6480,0.1,0.1904320987654321,3.1985484707102128,1234,0.31985484707102124,0.35884797767546106,-0.02236345401716261,295.3565672044209
rbf_nystroem_ridge_regression,kernel_ridge_approx,regression,bbob_train,dimension,dimension=20,,20.0,,64800,3858,0.059537037037037034,-0.07228172978918257,-0.06716881295115272,823.0687800379324,0.2,12960,0.2,0.13549382716049382,2.2757905650596166,1756,0.45515811301192327,0.48011732182695244,-0.04077676385900396,395.1695783511891
rbf_nystroem_ridge_regression,kernel_ridge_approx,regression,bbob_train,dimension,dimension=40,,40.0,,64800,5658,0.08731481481481482,-0.1531640918533896,-0.14272675969545875,1380.025477481347,0.05,3240,0.05,0.3388888888888889,3.8812301166489926,1098,0.19406150583244963,0.1766933324727864,-0.005255880750076195,243.84130051352744
rbf_nystroem_ridge_regression,kernel_ridge_approx,regression,bbob_train,dimension,dimension=40,,40.0,,64800,5658,0.08731481481481482,-0.1531640918533896,-0.14272675969545875,1380.025477481347,0.1,6480,0.1,0.29506172839506173,3.379285966772711,1912,0.3379285966772711,0.27478163041791703,-0.03004841971186893,379.205650720589
rbf_nystroem_ridge_regression,kernel_ridge_approx,regression,bbob_train,dimension,dimension=40,,40.0,,64800,5658,0.08731481481481482,-0.1531640918533896,-0.14272675969545875,1380.025477481347,0.2,12960,0.2,0.24212962962962964,2.7730646871686107,3138,0.5546129374337222,0.49043658681944496,-0.052810096462378366,676.8149848998266
rbf_nystroem_ridge_regression,kernel_ridge_approx,regression,bbob_train,FE_ratio,FE_ratio=0.2,,,0.2,19440,1637,0.08420781893004116,-0.06196176210011554,-0.05049860667501493,304.44205064313394,0.05,972,0.05,0.2088477366255144,2.480146609651802,203,0.1240073304825901,0.14899649111481453,-0.00993518190310392,45.36079729362562
rbf_nystroem_ridge_regression,kernel_ridge_approx,regression,bbob_train,FE_ratio,FE_ratio=0.2,,,0.2,19440,1637,0.08420781893004116,-0.06196176210011554,-0.05049860667501493,304.44205064313394,0.1,1944,0.1,0.1779835390946502,2.1136224801466095,346,0.21136224801466097,0.27343766706161554,-0.015481344605862379,83.24592408331276
rbf_nystroem_ridge_regression,kernel_ridge_approx,regression,bbob_train,FE_ratio,FE_ratio=0.2,,,0.2,19440,1637,0.08420781893004116,-0.06196176210011554,-0.05049860667501493,304.44205064313394,0.2,3888,0.2,0.14531893004115226,1.725717776420281,565,0.3451435552840562,0.42235254964530244,-0.022891932566104573,128.5818763083719
rbf_nystroem_ridge_regression,kernel_ridge_approx,regression,bbob_train,FE_ratio,FE_ratio=0.25,,,0.25,19440,1530,0.0787037037037037,-0.06684412289960417,-0.05379598025536793,289.0381601639173,0.05,972,0.05,0.17901234567901234,2.2745098039215685,174,0.11372549019607843,0.15692691772152556,-0.001764136800289529,45.35786757842417
rbf_nystroem_ridge_regression,kernel_ridge_approx,regression,bbob_train,FE_ratio,FE_ratio=0.25,,,0.25,19440,1530,0.0787037037037037,-0.06684412289960417,-0.05379598025536793,289.0381601639173,0.1,1944,0.1,0.15380658436213993,1.9542483660130718,299,0.1954248366013072,0.22717595759965414,-0.015239589407691734,65.66252081808011
rbf_nystroem_ridge_regression,kernel_ridge_approx,regression,bbob_train,FE_ratio,FE_ratio=0.25,,,0.25,19440,1530,0.0787037037037037,-0.06684412289960417,-0.05379598025536793,289.0381601639173,0.2,3888,0.2,0.125,1.588235294117647,486,0.3176470588235294,0.33390343170454306,-0.02430825961376436,96.51083357229933
rbf_nystroem_ridge_regression,kernel_ridge_approx,regression,bbob_train,FE_ratio,FE_ratio=0.28,,,0.28,19440,1516,0.07798353909465021,-0.06678863875638497,-0.05595944523593056,294.83506110374555,0.05,972,0.05,0.2767489711934156,3.5488126649076515,269,0.1774406332453826,0.1959503536290922,0.010593549566504832,57.773034485533934
rbf_nystroem_ridge_regression,kernel_ridge_approx,regression,bbob_train,FE_ratio,FE_ratio=0.28,,,0.28,19440,1516,0.07798353909465021,-0.06678863875638497,-0.05595944523593056,294.83506110374555,0.1,1944,0.1,0.21193415637860083,2.717678100263852,412,0.2717678100263852,0.29244231590978154,-0.0029008485168117108,86.22224808058128
rbf_nystroem_ridge_regression,kernel_ridge_approx,regression,bbob_train,FE_ratio,FE_ratio=0.28,,,0.28,19440,1516,0.07798353909465021,-0.06678863875638497,-0.05595944523593056,294.83506110374555,0.2,3888,0.2,0.15637860082304528,2.005277044854881,608,0.40105540897097625,0.39014358521744713,-0.017501379668502536,115.02800778682035
rbf_nystroem_ridge_regression,kernel_ridge_approx,regression,bbob_train,FE_ratio,FE_ratio=0.3,,,0.3,19440,1403,0.07217078189300412,-0.07045501341769796,-0.05769358257385397,275.8794546370344,0.05,972,0.05,0.21502057613168724,2.9793300071275834,209,0.14896650035637918,0.15910128202866294,-0.008524459980389594,43.89277491812054
rbf_nystroem_ridge_regression,kernel_ridge_approx,regression,bbob_train,FE_ratio,FE_ratio=0.3,,,0.3,19440,1403,0.07217078189300412,-0.07045501341769796,-0.05769358257385397,275.8794546370344,0.1,1944,0.1,0.16049382716049382,2.223806129722024,312,0.22238061297220243,0.22601677023501926,-0.01806674958894096,62.35338331126103
rbf_nystroem_ridge_regression,kernel_ridge_approx,regression,bbob_train,FE_ratio,FE_ratio=0.3,,,0.3,19440,1403,0.07217078189300412,-0.07045501341769796,-0.05769358257385397,275.8794546370344,0.2,3888,0.2,0.1183127572016461,1.639344262295082,460,0.32786885245901637,0.3099887829057707,-0.027329759709124084,85.51953637164208
rbf_nystroem_ridge_regression,kernel_ridge_approx,regression,bbob_train,FE_ratio,FE_ratio=0.35,,,0.35,19440,1388,0.07139917695473251,-0.07482964941049443,-0.062069321341436653,257.6511044439708,0.05,972,0.05,0.25102880658436216,3.5158501440922194,244,0.17579250720461095,0.2006482813274154,-0.00038754771677899236,51.69725128879314
rbf_nystroem_ridge_regression,kernel_ridge_approx,regression,bbob_train,FE_ratio,FE_ratio=0.35,,,0.35,19440,1388,0.07139917695473251,-0.07482964941049443,-0.062069321341436653,257.6511044439708,0.1,1944,0.1,0.17386831275720166,2.4351585014409225,338,0.24351585014409222,0.2607612743574138,-0.01548320986070125,67.18543033440494
rbf_nystroem_ridge_regression,kernel_ridge_approx,regression,bbob_train,FE_ratio,FE_ratio=0.35,,,0.35,19440,1388,0.07139917695473251,-0.07482964941049443,-0.062069321341436653,257.6511044439708,0.2,3888,0.2,0.12165637860082304,1.7038904899135445,473,0.3407780979827089,0.347935999031245,-0.02525201349377569,89.64609442621662
rbf_nystroem_ridge_regression,kernel_ridge_approx,regression,bbob_train,FE_ratio,FE_ratio=0.4,,,0.4,19440,1376,0.07078189300411522,-0.08176159053440116,-0.06731035034538017,252.55187921031478,0.05,972,0.05,0.22839506172839505,3.2267441860465116,222,0.1613372093023256,0.1808280792742844,-0.005237892439708477,45.6684712347123
rbf_nystroem_ridge_regression,kernel_ridge_approx,regression,bbob_train,FE_ratio,FE_ratio=0.4,,,0.4,19440,1376,0.07078189300411522,-0.08176159053440116,-0.06731035034538017,252.55187921031478,0.1,1944,0.1,0.14454732510288065,2.042151162790698,281,0.20421511627906977,0.22830643727403252,-0.024879955474985765,57.65921976936877
rbf_nystroem_ridge_regression,kernel_ridge_approx,regression,bbob_train,FE_ratio,FE_ratio=0.4,,,0.4,19440,1376,0.07078189300411522,-0.08176159053440116,-0.06731035034538017,252.55187921031478,0.2,3888,0.2,0.0985082304526749,1.39171511627907,383,0.27834302325581395,0.28875094532246415,-0.03447907747962007,72.92459386494318
rbf_nystroem_ridge_regression,kernel_ridge_approx,regression,bbob_train,FE_ratio,FE_ratio=0.45,,,0.45,19440,911,0.04686213991769547,-0.09574364894010993,-0.0740343803226563,214.80823720368133,0.05,972,0.05,0.16872427983539096,3.600439077936334,164,0.1800219538968167,0.15814692552605564,-0.0219889042807552,33.97126229143389
rbf_nystroem_ridge_regression,kernel_ridge_approx,regression,bbob_train,FE_ratio,FE_ratio=0.45,,,0.45,19440,911,0.04686213991769547,-0.09574364894010993,-0.0740343803226563,214.80823720368133,0.1,1944,0.1,0.11265432098765432,2.4039517014270033,219,0.24039517014270034,0.21232994148333018,-0.03168492583111103,45.61022043559497
rbf_nystroem_ridge_regression,kernel_ridge_approx,regression,bbob_train,FE_ratio,FE_ratio=0.45,,,0.45,19440,911,0.04686213991769547,-0.09574364894010993,-0.0740343803226563,214.80823720368133,0.2,3888,0.2,0.0727880658436214,1.553238199780461,283,0.3106476399560922,0.2608857436601921,-0.04281269840795297,56.04040670721736
rbf_nystroem_ridge_regression,kernel_ridge_approx,regression,bbob_train,FE_ratio,FE_ratio=0.5,,,0.5,19440,752,0.03868312757201646,-0.10761678906395437,-0.08153801385084204,216.74610973067038,0.05,972,0.05,0.12654320987654322,3.271276595744681,123,0.16356382978723405,0.11921433555168527,-0.031732324294920754,25.83924345495453
rbf_nystroem_ridge_regression,kernel_ridge_approx,regression,bbob_train,FE_ratio,FE_ratio=0.5,,,0.5,19440,752,0.03868312757201646,-0.10761678906395437,-0.08153801385084204,216.74610973067038,0.1,1944,0.1,0.09002057613168725,2.3271276595744683,175,0.2327127659574468,0.17203723196492882,-0.04073878572743247,37.28840075723125
rbf_nystroem_ridge_regression,kernel_ridge_approx,regression,bbob_train,FE_ratio,FE_ratio=0.5,,,0.5,19440,752,0.03868312757201646,-0.10761678906395437,-0.08153801385084204,216.74610973067038,0.2,3888,0.2,0.06507201646090535,1.6821808510638299,253,0.33643617021276595,0.313220965996663,-0.050057102295653244,67.88942586585928
rbf_nystroem_ridge_regression,kernel_ridge_approx,regression,bbob_train,FE_ratio,FE_ratio=0.55,,,0.55,19440,784,0.040329218106995884,-0.12055088341199817,-0.09047622006570433,212.50845114181092,0.05,972,0.05,0.12551440329218108,3.112244897959184,122,0.1556122448979592,0.10689882457248819,-0.043131729283519195,22.71690363877962
rbf_nystroem_ridge_regression,kernel_ridge_approx,regression,bbob_train,FE_ratio,FE_ratio=0.55,,,0.55,19440,784,0.040329218106995884,-0.12055088341199817,-0.09047622006570433,212.50845114181092,0.1,1944,0.1,0.07921810699588477,1.9642857142857144,154,0.19642857142857142,0.12425537926846889,-0.054716754847857714,26.4053181943806
rbf_nystroem_ridge_regression,kernel_ridge_approx,regression,bbob_train,FE_ratio,FE_ratio=0.55,,,0.55,19440,784,0.040329218106995884,-0.12055088341199817,-0.09047622006570433,212.50845114181092,0.2,3888,0.2,0.06995884773662552,1.7346938775510203,272,0.3469387755102041,0.3494685265314554,-0.060146980821357277,74.26501529601043
rbf_nystroem_ridge_regression,kernel_ridge_approx,regression,bbob_train,FE_ratio,FE_ratio=0.6,,,0.6,19440,624,0.03209876543209877,-0.13902174819174842,-0.10198680721304745,192.65175785948037,0.05,972,0.05,0.10493827160493827,3.2692307692307687,102,0.16346153846153846,0.0948441212662907,-0.059359086622566365,18.27188668458863
rbf_nystroem_ridge_regression,kernel_ridge_approx,regression,bbob_train,FE_ratio,FE_ratio=0.6,,,0.6,19440,624,0.03209876543209877,-0.13902174819174842,-0.10198680721304745,192.65175785948037,0.1,1944,0.1,0.0720164609053498,2.2435897435897436,140,0.22435897435897437,0.13286218313371317,-0.0717945532580603,25.596133133758045
rbf_nystroem_ridge_regression,kernel_ridge_approx,regression,bbob_train,FE_ratio,FE_ratio=0.6,,,0.6,19440,624,0.03209876543209877,-0.13902174819174842,-0.10198680721304745,192.65175785948037,0.2,3888,0.2,0.06352880658436214,1.9791666666666663,247,0.3958333333333333,0.4078611688168368,-0.07027304912781564,78.5751711351859
rbf_nystroem_ridge_regression,kernel_ridge_approx,regression,bbob_validation,all,all,,,,64800,3745,0.05779320987654321,-0.09152940558707323,-0.07597107961327272,743.0385345915533,0.05,3240,0.05,0.08395061728395062,1.45260347129506,272,0.072630173564753,0.038557849669887595,-0.08092997142788594,28.64996811571469
rbf_nystroem_ridge_regression,kernel_ridge_approx,regression,bbob_validation,all,all,,,,64800,3745,0.05779320987654321,-0.09152940558707323,-0.07597107961327272,743.0385345915533,0.1,6480,0.1,0.08641975308641975,1.4953271028037383,560,0.14953271028037382,0.07611693051084294,-0.07862131829759637,56.55781250438383
rbf_nystroem_ridge_regression,kernel_ridge_approx,regression,bbob_validation,all,all,,,,64800,3745,0.05779320987654321,-0.09152940558707323,-0.07597107961327272,743.0385345915533,0.2,12960,0.2,0.08225308641975308,1.4232309746328438,1066,0.2846461949265688,0.1488396461930235,-0.07444781755292267,110.59359259638946
rbf_nystroem_ridge_regression,kernel_ridge_approx,regression,bbob_validation,label_source,label_source=changed_algorithm,changed_algorithm,,,16560,2549,0.15392512077294687,-0.05116247729341551,-0.06176568779918107,607.1864253523988,0.05,828,0.05,0.18357487922705315,1.1926245586504511,152,0.05963122793252256,0.030406432514694732,-0.03914095608079613,18.462373066316445
rbf_nystroem_ridge_regression,kernel_ridge_approx,regression,bbob_validation,label_source,label_source=changed_algorithm,changed_algorithm,,,16560,2549,0.15392512077294687,-0.05116247729341551,-0.06176568779918107,607.1864253523988,0.1,1656,0.1,0.16666666666666666,1.0827775598273832,276,0.10827775598273832,0.05211353802435997,-0.05046570903483244,31.642632865477445
rbf_nystroem_ridge_regression,kernel_ridge_approx,regression,bbob_validation,label_source,label_source=changed_algorithm,changed_algorithm,,,16560,2549,0.15392512077294687,-0.05116247729341551,-0.06176568779918107,607.1864253523988,0.2,3312,0.2,0.1527777777777778,0.9925460965084347,506,0.19850921930168694,0.09368793682006789,-0.056291393955932884,56.886043456418406
rbf_nystroem_ridge_regression,kernel_ridge_approx,regression,bbob_validation,label_source,label_source=same_algorithm,same_algorithm,,,48240,1196,0.024792703150912105,-0.10538670932967216,-0.08462815497687234,135.85210923915443,0.05,2412,0.05,0.05514096185737977,2.2240802675585285,133,0.11120401337792642,0.09384379538422866,-0.0920241555474634,12.748877541955087
rbf_nystroem_ridge_regression,kernel_ridge_approx,regression,bbob_validation,label_source,label_source=same_algorithm,same_algorithm,,,48240,1196,0.024792703150912105,-0.10538670932967216,-0.08462815497687234,135.85210923915443,0.1,4824,0.1,0.05866500829187396,2.3662207357859533,283,0.23662207357859533,0.18386146411055806,-0.08808981960440303,24.977967707218404
rbf_nystroem_ridge_regression,kernel_ridge_approx,regression,bbob_validation,label_source,label_source=same_algorithm,same_algorithm,,,48240,1196,0.024792703150912105,-0.10538670932967216,-0.08462815497687234,135.85210923915443,0.2,9648,0.2,0.05555555555555555,2.240802675585284,536,0.44816053511705684,0.37304085433199263,-0.08101284381084811,50.67838689337736
rbf_nystroem_ridge_regression,kernel_ridge_approx,regression,bbob_validation,dimension,dimension=10,,10.0,,21600,1470,0.06805555555555555,-0.040708791525251226,-0.036659214049790265,260.3480860696287,0.05,1080,0.05,0.11203703703703703,1.6462585034013606,121,0.08231292517006802,0.04241391353033058,-0.041844333080679696,11.042381210344297
rbf_nystroem_ridge_regression,kernel_ridge_approx,regression,bbob_validation,dimension,dimension=10,,10.0,,21600,1470,0.06805555555555555,-0.040708791525251226,-0.036659214049790265,260.3480860696287,0.1,2160,0.1,0.1,1.4693877551020411,216,0.1469387755102041,0.06938663683436591,-0.04657910947432683,18.064678098635568
rbf_nystroem_ridge_regression,kernel_ridge_approx,regression,bbob_validation,dimension,dimension=10,,10.0,,21600,1470,0.06805555555555555,-0.040708791525251226,-0.036659214049790265,260.3480860696287,0.2,4320,0.2,0.08865740740740741,1.3027210884353742,383,0.2605442176870748,0.13235683134238607,-0.049773754651858834,34.458847718230864
rbf_nystroem_ridge_regression,kernel_ridge_approx,regression,bbob_validation,dimension,dimension=20,,20.0,,21600,1908,0.08833333333333333,-0.05664202206459035,-0.0679457754312032,392.4289080321196,0.05,1080,0.05,0.10833333333333334,1.2264150943396226,117,0.06132075471698113,0.03000251840365981,-0.05478955771672192,11.773855535361793
rbf_nystroem_ridge_regression,kernel_ridge_approx,regression,bbob_validation,dimension,dimension=20,,20.0,,21600,1908,0.08833333333333333,-0.05664202206459035,-0.0679457754312032,392.4289080321196,0.1,2160,0.1,0.12453703703703704,1.409853249475891,269,0.14098532494758909,0.07385388569284786,-0.05205066681566656,28.982399716373273
rbf_nystroem_ridge_regression,kernel_ridge_approx,regression,bbob_validation,dimension,dimension=20,,20.0,,21600,1908,0.08833333333333333,-0.05664202206459035,-0.0679457754312032,392.4289080321196,0.2,4320,0.2,0.12291666666666666,1.391509433962264,531,0.2783018867924528,0.14484153908707262,-0.052310370271492795,56.84000702163149
rbf_nystroem_ridge_regression,kernel_ridge_approx,regression,bbob_validation,dimension,dimension=40,,40.0,,21600,367,0.01699074074074074,-0.17723740317137815,-0.16708161511555475,90.26154048980496,0.05,1080,0.05,0.018518518518518517,1.08991825613079,20,0.05449591280653951,0.05684645722787884,-0.17306138000920035,5.131048800776152
rbf_nystroem_ridge_regression,kernel_ridge_approx,regression,bbob_validation,dimension,dimension=40,,40.0,,21600,367,0.01699074074074074,-0.17723740317137815,-0.16708161511555475,90.26154048980496,0.1,2160,0.1,0.01898148148148148,1.11716621253406,41,0.11171662125340599,0.10572856139111057,-0.17528991372765143,9.543222824932558
rbf_nystroem_ridge_regression,kernel_ridge_approx,regression,bbob_validation,dimension,dimension=40,,40.0,,21600,367,0.01699074074074074,-0.17723740317137815,-0.16708161511555475,90.26154048980496,0.2,4320,0.2,0.018287037037037036,1.0762942779291553,79,0.21525885558583105,0.22259543189028425,-0.1730225509061614,20.091806588410517
rbf_nystroem_ridge_regression,kernel_ridge_approx,regression,bbob_validation,FE_ratio,FE_ratio=0.2,,,0.2,6480,296,0.04567901234567901,-0.07854640971495502,-0.05432046807708305,38.557426800468264,0.05,324,0.05,0.037037037037037035,0.8108108108108107,12,0.04054054054054054,0.03687802254100015,-0.05185118779658281,1.421921654670632
rbf_nystroem_ridge_regression,kernel_ridge_approx,regression,bbob_validation,FE_ratio,FE_ratio=0.2,,,0.2,6480,296,0.04567901234567901,-0.07854640971495502,-0.05432046807708305,38.557426800468264,0.1,648,0.1,0.030864197530864196,0.6756756756756757,20,0.06756756756756757,0.050288753763499505,-0.05843055740268848,1.939004942122905
rbf_nystroem_ridge_regression,kernel_ridge_approx,regression,bbob_validation,FE_ratio,FE_ratio=0.2,,,0.2,6480,296,0.04567901234567901,-0.07854640971495502,-0.05432046807708305,38.557426800468264,0.2,1296,0.2,0.06558641975308642,1.4358108108108107,85,0.28716216216216217,0.23954460080393727,-0.06190738768216789,9.236223410945202
rbf_nystroem_ridge_regression,kernel_ridge_approx,regression,bbob_validation,FE_ratio,FE_ratio=0.25,,,0.25,6480,292,0.04506172839506173,-0.08209066348445634,-0.05811985784400571,35.463735190300596,0.05,324,0.05,0.06790123456790123,1.506849315068493,22,0.07534246575342465,0.05610684751325321,-0.07781637641071582,1.9897583825725875
rbf_nystroem_ridge_regression,kernel_ridge_approx,regression,bbob_validation,FE_ratio,FE_ratio=0.25,,,0.25,6480,292,0.04506172839506173,-0.08209066348445634,-0.05811985784400571,35.463735190300596,0.1,648,0.1,0.08333333333333333,1.8493150684931505,54,0.18493150684931506,0.1572859635181349,-0.070150524740922,5.577947759358416
rbf_nystroem_ridge_regression,kernel_ridge_approx,regression,bbob_validation,FE_ratio,FE_ratio=0.25,,,0.25,6480,292,0.04506172839506173,-0.08209066348445634,-0.05811985784400571,35.463735190300596,0.2,1296,0.2,0.08641975308641975,1.917808219178082,112,0.3835616438356164,0.3445660534861009,-0.06608759347212244,12.219599276398036
rbf_nystroem_ridge_regression,kernel_ridge_approx,regression,bbob_validation,FE_ratio,FE_ratio=0.28,,,0.28,6480,274,0.042283950617283954,-0.08549062609263769,-0.060059978976886724,32.16164278161452,0.05,324,0.05,0.08641975308641975,2.043795620437956,28,0.10218978102189781,0.08463797653733258,-0.07044823161976832,2.7220963671523615
rbf_nystroem_ridge_regression,kernel_ridge_approx,regression,bbob_validation,FE_ratio,FE_ratio=0.28,,,0.28,6480,274,0.042283950617283954,-0.08549062609263769,-0.060059978976886724,32.16164278161452,0.1,648,0.1,0.10030864197530864,2.3722627737226274,65,0.23722627737226276,0.21830767898769887,-0.06666579338987208,7.021133588085744
rbf_nystroem_ridge_regression,kernel_ridge_approx,regression,bbob_validation,FE_ratio,FE_ratio=0.28,,,0.28,6480,274,0.042283950617283954,-0.08549062609263769,-0.060059978976886724,32.16164278161452,0.2,1296,0.2,0.09104938271604938,2.1532846715328464,118,0.4306569343065693,0.39002782161808075,-0.06729737706989841,12.543935473771981
rbf_nystroem_ridge_regression,kernel_ridge_approx,regression,bbob_validation,FE_ratio,FE_ratio=0.3,,,0.3,6480,284,0.043827160493827164,-0.08706332924379373,-0.061481761258876125,31.652929735382077,0.05,324,0.05,0.09567901234567901,2.1830985915492955,31,0.10915492957746478,0.1024648570993559,-0.0765759665665704,3.2433129221118784
rbf_nystroem_ridge_regression,kernel_ridge_approx,regression,bbob_validation,FE_ratio,FE_ratio=0.3,,,0.3,6480,284,0.043827160493827164,-0.08706332924379373,-0.061481761258876125,31.652929735382077,0.1,648,0.1,0.09567901234567901,2.1830985915492955,62,0.21830985915492956,0.18678900347947436,-0.07315852424719337,5.912419202477841
rbf_nystroem_ridge_regression,kernel_ridge_approx,regression,bbob_validation,FE_ratio,FE_ratio=0.3,,,0.3,6480,284,0.043827160493827164,-0.08706332924379373,-0.061481761258876125,31.652929735382077,0.2,1296,0.2,0.09027777777777778,2.0598591549295775,117,0.4119718309859155,0.35143661427470535,-0.0713696238069784,11.123998458077823
rbf_nystroem_ridge_regression,kernel_ridge_approx,regression,bbob_validation,FE_ratio,FE_ratio=0.35,,,0.35,6480,256,0.03950617283950617,-0.09341559547051581,-0.06664570006608084,26.439322897806413,0.05,324,0.05,0.09567901234567901,2.421875,31,0.12109375,0.12085603077576816,-0.08899196676558749,3.1953516218277636
rbf_nystroem_ridge_regression,kernel_ridge_approx,regression,bbob_validation,FE_ratio,FE_ratio=0.35,,,0.35,6480,256,0.03950617283950617,-0.09341559547051581,-0.06664570006608084,26.439322897806413,0.1,648,0.1,0.0941358024691358,2.3828125,61,0.23828125,0.24154416397081555,-0.08367912363624397,6.38626414530509
rbf_nystroem_ridge_regression,kernel_ridge_approx,regression,bbob_validation,FE_ratio,FE_ratio=0.35,,,0.35,6480,256,0.03950617283950617,-0.09341559547051581,-0.06664570006608084,26.439322897806413,0.2,1296,0.2,0.08179012345679013,2.0703125,106,0.4140625,0.4195971955685957,-0.08192020072783104,11.093865740652127
rbf_nystroem_ridge_regression,kernel_ridge_approx,regression,bbob_validation,FE_ratio,FE_ratio=0.4,,,0.4,6480,800,0.12345679012345678,-0.07290554260108724,-0.07056462486829276,174.15917724891835,0.05,324,0.05,0.1419753086419753,1.15,46,0.0575,0.03205799812994307,-0.07199981660574697,5.583194578558248
rbf_nystroem_ridge_regression,kernel_ridge_approx,regression,bbob_validation,FE_ratio,FE_ratio=0.4,,,0.4,6480,800,0.12345679012345678,-0.07290554260108724,-0.07056462486829276,174.15917724891835,0.1,648,0.1,0.14814814814814814,1.2,96,0.12,0.061490676657674694,-0.07047396652924688,10.709165655179893
rbf_nystroem_ridge_regression,kernel_ridge_approx,regression,bbob_validation,FE_ratio,FE_ratio=0.4,,,0.4,6480,800,0.12345679012345678,-0.07290554260108724,-0.07056462486829276,174.15917724891835,0.2,1296,0.2,0.1396604938271605,1.13125,181,0.22625,0.11682200781896389,-0.06290138622645014,20.345624766317457
rbf_nystroem_ridge_regression,kernel_ridge_approx,regression,bbob_validation,FE_ratio,FE_ratio=0.45,,,0.45,6480,243,0.0375,-0.10186903427734409,-0.07939845101548082,50.56190594132994,0.05,324,0.05,0.030864197530864196,0.823045267489712,10,0.0411522633744856,0.031089761397490645,-0.10695524816936548,1.571957591518313
rbf_nystroem_ridge_regression,kernel_ridge_approx,regression,bbob_validation,FE_ratio,FE_ratio=0.45,,,0.45,6480,243,0.0375,-0.10186903427734409,-0.07939845101548082,50.56190594132994,0.1,648,0.1,0.07253086419753087,1.9341563786008231,47,0.1934156378600823,0.09002542441776717,-0.0937534248041115,4.551857041739454
rbf_nystroem_ridge_regression,kernel_ridge_approx,regression,bbob_validation,FE_ratio,FE_ratio=0.45,,,0.45,6480,243,0.0375,-0.10186903427734409,-0.07939845101548082,50.56190594132994,0.2,1296,0.2,0.06172839506172839,1.646090534979424,80,0.3292181069958848,0.13867789252188,-0.08857520045990093,7.011818557833163
rbf_nystroem_ridge_regression,kernel_ridge_approx,regression,bbob_validation,FE_ratio,FE_ratio=0.5,,,0.5,6480,477,0.07361111111111111,-0.08578559846269349,-0.08202974076197492,151.15391573733473,0.05,324,0.05,0.07716049382716049,1.0482180293501047,25,0.05241090146750524,0.014330555736347573,-0.10124177550179254,2.1661196142410604
rbf_nystroem_ridge_regression,kernel_ridge_approx,regression,bbob_validation,FE_ratio,FE_ratio=0.5,,,0.5,6480,477,0.07361111111111111,-0.08578559846269349,-0.08202974076197492,151.15391573733473,0.1,648,0.1,0.07716049382716049,1.0482180293501047,50,0.10482180293501048,0.028533830412708752,-0.0985710453959354,4.313000197865978
rbf_nystroem_ridge_regression,kernel_ridge_approx,regression,bbob_validation,FE_ratio,FE_ratio=0.5,,,0.5,6480,477,0.07361111111111111,-0.08578559846269349,-0.08202974076197492,151.15391573733473,0.2,1296,0.2,0.08179012345679013,1.1111111111111112,106,0.2222222222222222,0.05984778518831394,-0.08538872426408044,9.046227079420516
rbf_nystroem_ridge_regression,kernel_ridge_approx,regression,bbob_validation,FE_ratio,FE_ratio=0.55,,,0.55,6480,376,0.05802469135802469,-0.11228594071878435,-0.09215825578698267,79.68497550744864,0.05,324,0.05,0.06172839506172839,1.0638297872340425,20,0.05319148936170213,0.02930981772572833,-0.10885009332812857,2.3355521076024464
rbf_nystroem_ridge_regression,kernel_ridge_approx,regression,bbob_validation,FE_ratio,FE_ratio=0.55,,,0.55,6480,376,0.05802469135802469,-0.11228594071878435,-0.09215825578698267,79.68497550744864,0.1,648,0.1,0.0787037037037037,1.3563829787234043,51,0.1356382978723404,0.054691606440111375,-0.10422440437697335,4.358099319643296
rbf_nystroem_ridge_regression,kernel_ridge_approx,regression,bbob_validation,FE_ratio,FE_ratio=0.55,,,0.55,6480,376,0.05802469135802469,-0.11228594071878435,-0.09215825578698267,79.68497550744864,0.2,1296,0.2,0.07484567901234568,1.2898936170212767,97,0.2579787234042553,0.10272646983653154,-0.09999387415639857,8.185756232890679
rbf_nystroem_ridge_regression,kernel_ridge_approx,regression,bbob_validation,FE_ratio,FE_ratio=0.6,,,0.6,6480,447,0.06898148148148148,-0.11584131580446465,-0.10228898920926656,123.20350275094972,0.05,324,0.05,0.08024691358024691,1.1633109619686801,26,0.058165548098434,0.021341677460574693,-0.11067878560899984,2.629369417723796
rbf_nystroem_ridge_regression,kernel_ridge_approx,regression,bbob_validation,FE_ratio,FE_ratio=0.6,,,0.6,6480,447,0.06898148148148148,-0.11584131580446465,-0.10228898920926656,123.20350275094972,0.1,648,0.1,0.0787037037037037,1.1409395973154364,51,0.11409395973154363,0.039503459714692366,-0.10821744853198116,4.866964607631132
rbf_nystroem_ridge_regression,kernel_ridge_approx,regression,bbob_validation,FE_ratio,FE_ratio=0.6,,,0.6,6480,447,0.06898148148148148,-0.11584131580446465,-0.10228898920926656,123.20350275094972,0.2,1296,0.2,0.06712962962962964,0.9731543624161075,87,0.19463087248322147,0.06587288365056204,-0.10371186785090873,8.115770002055012
rbf_nystroem_svm_regression,kernel_svm_approx,regression,bbob_train,all,all,,,,194400,11921,0.06132201646090535,-0.08855738467265091,-0.06544428361600368,2511.1122661377594,0.05,9720,0.05,0.08796296296296297,1.4344434191762436,855,0.07172217095881218,0.07031229301530682,-0.027144949881583186,176.56206145100927
rbf_nystroem_svm_regression,kernel_svm_approx,regression,bbob_train,all,all,,,,194400,11921,0.06132201646090535,-0.08855738467265091,-0.06544428361600368,2511.1122661377594,0.1,19440,0.1,0.07968106995884773,1.2993876352654978,1549,0.1299387635265498,0.12307541046769259,-0.03132123446925194,309.05617288536246
rbf_nystroem_svm_regression,kernel_svm_approx,regression,bbob_train,all,all,,,,194400,11921,0.06132201646090535,-0.08855738467265091,-0.06544428361600368,2511.1122661377594,0.2,38880,0.2,0.07335390946502057,1.196208371780891,2852,0.23924167435617819,0.22308896307294485,-0.03715154791923222,560.2014316124255
rbf_nystroem_svm_regression,kernel_svm_approx,regression,bbob_train,label_source,label_source=changed_algorithm,changed_algorithm,,,74400,8470,0.11384408602150538,-0.05859081542569486,-0.06280283172738645,1678.8603444230114,0.05,3720,0.05,0.18521505376344086,1.6269185360094451,689,0.08134592680047226,0.09141452355433652,-0.0033876024559883295,153.47221849969893
rbf_nystroem_svm_regression,kernel_svm_approx,regression,bbob_train,label_source,label_source=changed_algorithm,changed_algorithm,,,74400,8470,0.11384408602150538,-0.05859081542569486,-0.06280283172738645,1678.8603444230114,0.1,7440,0.1,0.16330645161290322,1.434474616292798,1215,0.14344746162927982,0.15087988913650274,-0.010992473491134266,253.3062626422148
rbf_nystroem_svm_regression,kernel_svm_approx,regression,bbob_train,label_source,label_source=changed_algorithm,changed_algorithm,,,74400,8470,0.11384408602150538,-0.05859081542569486,-0.06280283172738645,1678.8603444230114,0.2,14880,0.2,0.14684139784946237,1.2898465171192444,2185,0.2579693034238489,0.262661341667457,-0.01978364344052437,440.97171053843726
rbf_nystroem_svm_regression,kernel_svm_approx,regression,bbob_train,label_source,label_source=same_algorithm,same_algorithm,,,120000,3451,0.028758333333333334,-0.10713665760576366,-0.06743423570665175,832.2519217147483,0.05,6000,0.05,0.0275,0.9562445667922341,165,0.047812228339611705,0.027618373847506456,-0.04191411500675963,22.985444709223593
rbf_nystroem_svm_regression,kernel_svm_approx,regression,bbob_train,label_source,label_source=same_algorithm,same_algorithm,,,120000,3451,0.028758333333333334,-0.10713665760576366,-0.06743423570665175,832.2519217147483,0.1,12000,0.1,0.029833333333333333,1.0373804694291509,358,0.1037380469429151,0.07353307622731284,-0.04358872871797949,61.19804399977818
rbf_nystroem_svm_regression,kernel_svm_approx,regression,bbob_train,label_source,label_source=same_algorithm,same_algorithm,,,120000,3451,0.028758333333333334,-0.10713665760576366,-0.06743423570665175,832.2519217147483,0.2,24000,0.2,0.029791666666666668,1.0359316140249204,715,0.20718632280498406,0.15559705336430704,-0.047534451611155,129.49594667559677
rbf_nystroem_svm_regression,kernel_svm_approx,regression,bbob_train,dimension,dimension=10,,10.0,,64800,2405,0.037114197530864194,-0.04022633237538057,-0.03715828153278458,308.0180086184804,0.05,3240,0.05,0.04135802469135803,1.1143451143451144,134,0.05571725571725572,0.05531951530625882,-0.029302095354987463,17.039406942373382
rbf_nystroem_svm_regression,kernel_svm_approx,regression,bbob_train,dimension,dimension=10,,10.0,,64800,2405,0.037114197530864194,-0.04022633237538057,-0.03715828153278458,308.0180086184804,0.1,6480,0.1,0.03734567901234568,1.0062370062370063,242,0.10062370062370063,0.09001909845910629,-0.031054049198807148,27.72750344500483
rbf_nystroem_svm_regression,kernel_svm_approx,regression,bbob_train,dimension,dimension=10,,10.0,,64800,2405,0.037114197530864194,-0.04022633237538057,-0.03715828153278458,308.0180086184804,0.2,12960,0.2,0.03804012345679012,1.024948024948025,493,0.204989604989605,0.18017152045086257,-0.03151154355501311,55.49607293903849
rbf_nystroem_svm_regression,kernel_svm_approx,regression,bbob_train,dimension,dimension=20,,20.0,,64800,3858,0.059537037037037034,-0.07228172978918257,-0.06716881295115272,823.0687800379324,0.05,3240,0.05,0.1537037037037037,2.5816485225505446,498,0.1290824261275272,0.14699876810322945,-0.030857531092483785,120.99009672980398
rbf_nystroem_svm_regression,kernel_svm_approx,regression,bbob_train,dimension,dimension=20,,20.0,,64800,3858,0.059537037037037034,-0.07228172978918257,-0.06716881295115272,823.0687800379324,0.1,6480,0.1,0.12777777777777777,2.146189735614308,828,0.21461897356143078,0.2434258894376783,-0.03698856129677395,200.35624984911848
rbf_nystroem_svm_regression,kernel_svm_approx,regression,bbob_train,dimension,dimension=20,,20.0,,64800,3858,0.059537037037037034,-0.07228172978918257,-0.06716881295115272,823.0687800379324,0.2,12960,0.2,0.1111111111111111,1.8662519440124417,1440,0.37325038880248834,0.4001688842102956,-0.04347850305070707,329.36651533610865
rbf_nystroem_svm_regression,kernel_svm_approx,regression,bbob_train,dimension,dimension=40,,40.0,,64800,5658,0.08731481481481482,-0.1531640918533896,-0.14272675969545875,1380.025477481347,0.05,3240,0.05,0.22253086419753088,2.5486037469070344,721,0.12743018734535172,0.11849585765940131,-0.0537801189297584,163.52730254597702
rbf_nystroem_svm_regression,kernel_svm_approx,regression,bbob_train,dimension,dimension=40,,40.0,,64800,5658,0.08731481481481482,-0.1531640918533896,-0.14272675969545875,1380.025477481347,0.1,6480,0.1,0.20185185185185187,2.3117709437963945,1308,0.23117709437963946,0.21152721006488215,-0.0660743677412706,291.91293907008617
rbf_nystroem_svm_regression,kernel_svm_approx,regression,bbob_train,dimension,dimension=40,,40.0,,64800,5658,0.08731481481481482,-0.1531640918533896,-0.14272675969545875,1380.025477481347,0.2,12960,0.2,0.18055555555555555,2.067868504772004,2340,0.4135737009544008,0.3799046344988268,-0.1018679230688949,524.27807462162
rbf_nystroem_svm_regression,kernel_svm_approx,regression,bbob_train,FE_ratio,FE_ratio=0.2,,,0.2,19440,1637,0.08420781893004116,-0.06196176210011554,-0.05049860667501493,304.44205064313394,0.05,972,0.05,0.0874485596707819,1.0384850335980451,85,0.05192425167990226,0.06464253874743818,-0.023684576160539757,19.67990705504832
rbf_nystroem_svm_regression,kernel_svm_approx,regression,bbob_train,FE_ratio,FE_ratio=0.2,,,0.2,19440,1637,0.08420781893004116,-0.06196176210011554,-0.05049860667501493,304.44205064313394,0.1,1944,0.1,0.10905349794238683,1.2950519242516798,212,0.129505192425168,0.16507754863946672,-0.028409606606656326,50.25654742294093
rbf_nystroem_svm_regression,kernel_svm_approx,regression,bbob_train,FE_ratio,FE_ratio=0.2,,,0.2,19440,1637,0.08420781893004116,-0.06196176210011554,-0.05049860667501493,304.44205064313394,0.2,3888,0.2,0.10596707818930041,1.2583995113011606,412,0.2516799022602321,0.2900588460545064,-0.03307856777339166,88.30610990001502
rbf_nystroem_svm_regression,kernel_svm_approx,regression,bbob_train,FE_ratio,FE_ratio=0.25,,,0.25,19440,1530,0.0787037037037037,-0.06684412289960417,-0.05379598025536793,289.0381601639173,0.05,972,0.05,0.07716049382716049,0.9803921568627451,75,0.049019607843137254,0.0644892157213931,-0.02005356567641966,18.639844262525433
rbf_nystroem_svm_regression,kernel_svm_approx,regression,bbob_train,FE_ratio,FE_ratio=0.25,,,0.25,19440,1530,0.0787037037037037,-0.06684412289960417,-0.05379598025536793,289.0381601639173,0.1,1944,0.1,0.060699588477366256,0.7712418300653595,118,0.07712418300653595,0.09726455469756717,-0.026000136149737167,28.11316793894752
rbf_nystroem_svm_regression,kernel_svm_approx,regression,bbob_train,FE_ratio,FE_ratio=0.25,,,0.25,19440,1530,0.0787037037037037,-0.06684412289960417,-0.05379598025536793,289.0381601639173,0.2,3888,0.2,0.06301440329218107,0.8006535947712418,245,0.16013071895424835,0.168432234572001,-0.03182773250683994,48.68334319298852
rbf_nystroem_svm_regression,kernel_svm_approx,regression,bbob_train,FE_ratio,FE_ratio=0.28,,,0.28,19440,1516,0.07798353909465021,-0.06678863875638497,-0.05595944523593056,294.83506110374555,0.05,972,0.05,0.1388888888888889,1.7810026385224274,135,0.08905013192612138,0.08409521700447006,-0.01600689621413335,24.794218444045676
rbf_nystroem_svm_regression,kernel_svm_approx,regression,bbob_train,FE_ratio,FE_ratio=0.28,,,0.28,19440,1516,0.07798353909465021,-0.06678863875638497,-0.05595944523593056,294.83506110374555,0.1,1944,0.1,0.11368312757201646,1.4577836411609497,221,0.145778364116095,0.1395322220932642,-0.020760149583252563,41.138991226808955
rbf_nystroem_svm_regression,kernel_svm_approx,regression,bbob_train,FE_ratio,FE_ratio=0.28,,,0.28,19440,1516,0.07798353909465021,-0.06678863875638497,-0.05595944523593056,294.83506110374555,0.2,3888,0.2,0.09979423868312758,1.279683377308707,388,0.2559366754617414,0.2547740816724576,-0.0248218531514823,75.1163319375497
rbf_nystroem_svm_regression,kernel_svm_approx,regression,bbob_train,FE_ratio,FE_ratio=0.3,,,0.3,19440,1403,0.07217078189300412,-0.07045501341769796,-0.05769358257385397,275.8794546370344,0.05,972,0.05,0.09156378600823045,1.2687099073414112,89,0.06343549536707056,0.059310149150978826,-0.02543765377928242,16.36245160221321
rbf_nystroem_svm_regression,kernel_svm_approx,regression,bbob_train,FE_ratio,FE_ratio=0.3,,,0.3,19440,1403,0.07217078189300412,-0.07045501341769796,-0.05769358257385397,275.8794546370344,0.1,1944,0.1,0.06430041152263374,0.8909479686386315,125,0.08909479686386315,0.08948064209232255,-0.030931618292695896,24.68587074100161
rbf_nystroem_svm_regression,kernel_svm_approx,regression,bbob_train,FE_ratio,FE_ratio=0.3,,,0.3,19440,1403,0.07217078189300412,-0.07045501341769796,-0.05769358257385397,275.8794546370344,0.2,3888,0.2,0.0573559670781893,0.7947255880256593,223,0.15894511760513186,0.14629336772415116,-0.03475134160430505,40.35933450475396
rbf_nystroem_svm_regression,kernel_svm_approx,regression,bbob_train,FE_ratio,FE_ratio=0.35,,,0.35,19440,1388,0.07139917695473251,-0.07482964941049443,-0.062069321341436653,257.6511044439708,0.05,972,0.05,0.1111111111111111,1.5561959654178674,108,0.07780979827089338,0.08625717224376211,-0.024151599645456334,22.22425569481913
rbf_nystroem_svm_regression,kernel_svm_approx,regression,bbob_train,FE_ratio,FE_ratio=0.35,,,0.35,19440,1388,0.07139917695473251,-0.07482964941049443,-0.062069321341436653,257.6511044439708,0.1,1944,0.1,0.08436213991769548,1.181556195965418,164,0.11815561959654179,0.12343097670547272,-0.029643240331393563,31.802127470763075
rbf_nystroem_svm_regression,kernel_svm_approx,regression,bbob_train,FE_ratio,FE_ratio=0.35,,,0.35,19440,1388,0.07139917695473251,-0.07482964941049443,-0.062069321341436653,257.6511044439708,0.2,3888,0.2,0.06481481481481481,0.9077809798270893,252,0.18155619596541786,0.18604305996228254,-0.03398196249879017,47.93419987341798
rbf_nystroem_svm_regression,kernel_svm_approx,regression,bbob_train,FE_ratio,FE_ratio=0.4,,,0.4,19440,1376,0.07078189300411522,-0.08176159053440116,-0.06731035034538017,252.55187921031478,0.05,972,0.05,0.09465020576131687,1.3372093023255816,92,0.06686046511627906,0.066416928881796,-0.030234806047524775,16.77372020047541
rbf_nystroem_svm_regression,kernel_svm_approx,regression,bbob_train,FE_ratio,FE_ratio=0.4,,,0.4,19440,1376,0.07078189300411522,-0.08176159053440116,-0.06731035034538017,252.55187921031478,0.1,1944,0.1,0.08076131687242798,1.1409883720930232,157,0.11409883720930232,0.10289162992255385,-0.035080723214044124,25.985474491953227
rbf_nystroem_svm_regression,kernel_svm_approx,regression,bbob_train,FE_ratio,FE_ratio=0.4,,,0.4,19440,1376,0.07078189300411522,-0.08176159053440116,-0.06731035034538017,252.55187921031478,0.2,3888,0.2,0.06635802469135803,0.9375000000000001,258,0.1875,0.19607528000274688,-0.03932970638497071,49.519180431382374
rbf_nystroem_svm_regression,kernel_svm_approx,regression,bbob_train,FE_ratio,FE_ratio=0.45,,,0.45,19440,911,0.04686213991769547,-0.09574364894010993,-0.0740343803226563,214.80823720368133,0.05,972,0.05,0.06995884773662552,1.4928649835345775,68,0.07464324917672886,0.053620265420365576,-0.03768651938707365,11.51807469334224
rbf_nystroem_svm_regression,kernel_svm_approx,regression,bbob_train,FE_ratio,FE_ratio=0.45,,,0.45,19440,911,0.04686213991769547,-0.09574364894010993,-0.0740343803226563,214.80823720368133,0.1,1944,0.1,0.05246913580246913,1.119648737650933,102,0.1119648737650933,0.09239053493246639,-0.04034861235725791,19.846247943148246
rbf_nystroem_svm_regression,kernel_svm_approx,regression,bbob_train,FE_ratio,FE_ratio=0.45,,,0.45,19440,911,0.04686213991769547,-0.09574364894010993,-0.0740343803226563,214.80823720368133,0.2,3888,0.2,0.05015432098765432,1.070252469813392,195,0.21405049396267836,0.16864579377374073,-0.04317751162522658,36.22650567235282
rbf_nystroem_svm_regression,kernel_svm_approx,regression,bbob_train,FE_ratio,FE_ratio=0.5,,,0.5,19440,752,0.03868312757201646,-0.10761678906395437,-0.08153801385084204,216.74610973067038,0.05,972,0.05,0.05864197530864197,1.5159574468085106,57,0.07579787234042554,0.0468993859939607,-0.042572118406251476,10.165259462948072
rbf_nystroem_svm_regression,kernel_svm_approx,regression,bbob_train,FE_ratio,FE_ratio=0.5,,,0.5,19440,752,0.03868312757201646,-0.10761678906395437,-0.08153801385084204,216.74610973067038,0.1,1944,0.1,0.051440329218107,1.3297872340425534,100,0.13297872340425532,0.09312769648479263,-0.045686540243375436,20.18506592125743
rbf_nystroem_svm_regression,kernel_svm_approx,regression,bbob_train,FE_ratio,FE_ratio=0.5,,,0.5,19440,752,0.03868312757201646,-0.10761678906395437,-0.08153801385084204,216.74610973067038,0.2,3888,0.2,0.049639917695473254,1.283244680851064,193,0.2566489361702128,0.18384163643439597,-0.04903561062130847,39.8469595036756
rbf_nystroem_svm_regression,kernel_svm_approx,regression,bbob_train,FE_ratio,FE_ratio=0.55,,,0.55,19440,784,0.040329218106995884,-0.12055088341199817,-0.09047622006570433,212.50845114181092,0.05,972,0.05,0.0823045267489712,2.0408163265306123,80,0.10204081632653061,0.06656386233314279,-0.0504465460263134,14.145383286432905
rbf_nystroem_svm_regression,kernel_svm_approx,regression,bbob_train,FE_ratio,FE_ratio=0.55,,,0.55,19440,784,0.040329218106995884,-0.12055088341199817,-0.09047622006570433,212.50845114181092,0.1,1944,0.1,0.06378600823045268,1.5816326530612246,124,0.15816326530612246,0.10982826345479138,-0.05375056742121728,23.339434158372473
rbf_nystroem_svm_regression,kernel_svm_approx,regression,bbob_train,FE_ratio,FE_ratio=0.55,,,0.55,19440,784,0.040329218106995884,-0.12055088341199817,-0.09047622006570433,212.50845114181092,0.2,3888,0.2,0.06275720164609054,1.556122448979592,244,0.3112244897959184,0.24084631125889805,-0.06950501634507285,51.181876568846924
rbf_nystroem_svm_regression,kernel_svm_approx,regression,bbob_train,FE_ratio,FE_ratio=0.6,,,0.6,19440,624,0.03209876543209877,-0.13902174819174842,-0.10198680721304745,192.65175785948037,0.05,972,0.05,0.07407407407407407,2.3076923076923075,72,0.11538461538461539,0.07274494149952687,-0.07595309889232622,14.014440855268916
rbf_nystroem_svm_regression,kernel_svm_approx,regression,bbob_train,FE_ratio,FE_ratio=0.6,,,0.6,19440,624,0.03209876543209877,-0.13902174819174842,-0.10198680721304745,192.65175785948037,0.1,1944,0.1,0.0720164609053498,2.2435897435897436,140,0.22435897435897437,0.16283478956819952,-0.0845417717416371,31.370408450992215
rbf_nystroem_svm_regression,kernel_svm_approx,regression,bbob_train,FE_ratio,FE_ratio=0.6,,,0.6,19440,624,0.03209876543209877,-0.13902174819174842,-0.10198680721304745,192.65175785948037,0.2,3888,0.2,0.05529835390946502,1.7227564102564101,215,0.34455128205128205,0.25825770824338684,-0.08984184597114538,49.753801473849286
rbf_nystroem_svm_regression,kernel_svm_approx,regression,bbob_validation,all,all,,,,64800,3745,0.05779320987654321,-0.09152940558707323,-0.07597107961327272,743.0385345915533,0.05,3240,0.05,0.08425925925925926,1.4579439252336448,273,0.07289719626168224,0.0395606470272002,-0.06427251307840798,29.395085194584528
rbf_nystroem_svm_regression,kernel_svm_approx,regression,bbob_validation,all,all,,,,64800,3745,0.05779320987654321,-0.09152940558707323,-0.07597107961327272,743.0385345915533,0.1,6480,0.1,0.07731481481481481,1.3377837116154871,501,0.13377837116154873,0.07114966105774143,-0.0629212529857652,52.866939889029894
rbf_nystroem_svm_regression,kernel_svm_approx,regression,bbob_validation,all,all,,,,64800,3745,0.05779320987654321,-0.09152940558707323,-0.07597107961327272,743.0385345915533,0.2,12960,0.2,0.0654320987654321,1.1321762349799733,848,0.22643524699599465,0.11801686347390943,-0.06725882053861998,87.69107729274508
rbf_nystroem_svm_regression,kernel_svm_approx,regression,bbob_validation,label_source,label_source=changed_algorithm,changed_algorithm,,,16560,2549,0.15392512077294687,-0.05116247729341551,-0.06176568779918107,607.1864253523988,0.05,828,0.05,0.11594202898550725,0.7532365633581797,96,0.03766182816790899,0.020457086773638906,-0.056085105586926046,12.421265391209644
rbf_nystroem_svm_regression,kernel_svm_approx,regression,bbob_validation,label_source,label_source=changed_algorithm,changed_algorithm,,,16560,2549,0.15392512077294687,-0.05116247729341551,-0.06176568779918107,607.1864253523988,0.1,1656,0.1,0.09963768115942029,0.6473126716359356,165,0.06473126716359356,0.030581865484746427,-0.06649651269405266,18.56889358429109
rbf_nystroem_svm_regression,kernel_svm_approx,regression,bbob_validation,label_source,label_source=changed_algorithm,changed_algorithm,,,16560,2549,0.15392512077294687,-0.05116247729341551,-0.06176568779918107,607.1864253523988,0.2,3312,0.2,0.08876811594202899,0.5766967438211064,294,0.11533934876422126,0.05488622347049176,-0.07040137673681236,33.32616983014083
rbf_nystroem_svm_regression,kernel_svm_approx,regression,bbob_validation,label_source,label_source=same_algorithm,same_algorithm,,,48240,1196,0.024792703150912105,-0.10538670932967216,-0.08462815497687234,135.85210923915443,0.05,2412,0.05,0.0708955223880597,2.859531772575251,171,0.14297658862876253,0.11607213806840534,-0.06521952783563768,15.768644780491218
rbf_nystroem_svm_regression,kernel_svm_approx,regression,bbob_validation,label_source,label_source=same_algorithm,same_algorithm,,,48240,1196,0.024792703150912105,-0.10538670932967216,-0.08462815497687234,135.85210923915443,0.1,4824,0.1,0.06509121061359867,2.6254180602006687,314,0.2625418060200669,0.2273264057822769,-0.060324098830480136,30.882771711278227
rbf_nystroem_svm_regression,kernel_svm_approx,regression,bbob_validation,label_source,label_source=same_algorithm,same_algorithm,,,48240,1196,0.024792703150912105,-0.10538670932967216,-0.08462815497687234,135.85210923915443,0.2,9648,0.2,0.05286069651741294,2.1321070234113715,510,0.42642140468227424,0.3640340964915482,-0.06701848537212089,49.45479984334669
rbf_nystroem_svm_regression,kernel_svm_approx,regression,bbob_validation,dimension,dimension=10,,10.0,,21600,1470,0.06805555555555555,-0.040708791525251226,-0.036659214049790265,260.3480860696287,0.05,1080,0.05,0.08333333333333333,1.2244897959183674,90,0.061224489795918366,0.028698721666623534,-0.050629473701141146,7.471657258550422
rbf_nystroem_svm_regression,kernel_svm_approx,regression,bbob_validation,dimension,dimension=10,,10.0,,21600,1470,0.06805555555555555,-0.040708791525251226,-0.036659214049790265,260.3480860696287,0.1,2160,0.1,0.07453703703703704,1.0952380952380953,161,0.10952380952380952,0.05340838843356276,-0.05209530391632128,13.904771708741361
rbf_nystroem_svm_regression,kernel_svm_approx,regression,bbob_validation,dimension,dimension=10,,10.0,,21600,1470,0.06805555555555555,-0.040708791525251226,-0.036659214049790265,260.3480860696287,0.2,4320,0.2,0.06736111111111111,0.9897959183673469,291,0.19795918367346937,0.0998455139914581,-0.053056093386368214,25.994588470314454
rbf_nystroem_svm_regression,kernel_svm_approx,regression,bbob_validation,dimension,dimension=20,,20.0,,21600,1908,0.08833333333333333,-0.05664202206459035,-0.0679457754312032,392.4289080321196,0.05,1080,0.05,0.1259259259259259,1.4255765199161423,136,0.07127882599580712,0.03834580716537145,-0.04938115363604721,15.048003233516944
rbf_nystroem_svm_regression,kernel_svm_approx,regression,bbob_validation,dimension,dimension=20,,20.0,,21600,1908,0.08833333333333333,-0.05664202206459035,-0.0679457754312032,392.4289080321196,0.1,2160,0.1,0.11342592592592593,1.2840670859538785,245,0.12840670859538783,0.0675426804584305,-0.05081850022922579,26.505700337864262
rbf_nystroem_svm_regression,kernel_svm_approx,regression,bbob_validation,dimension,dimension=20,,20.0,,21600,1908,0.08833333333333333,-0.05664202206459035,-0.0679457754312032,392.4289080321196,0.2,4320,0.2,0.09074074074074075,1.0272536687631029,392,0.20545073375262055,0.10740891318096646,-0.05492147851000504,42.1503625125234
rbf_nystroem_svm_regression,kernel_svm_approx,regression,bbob_validation,dimension,dimension=40,,40.0,,21600,367,0.01699074074074074,-0.17723740317137815,-0.16708161511555475,90.26154048980496,0.05,1080,0.05,0.024074074074074074,1.4168937329700273,26,0.07084468664850137,0.0837589242276299,-0.16296533418272446,7.5602095305547214
rbf_nystroem_svm_regression,kernel_svm_approx,regression,bbob_validation,dimension,dimension=40,,40.0,,21600,367,0.01699074074074074,-0.17723740317137815,-0.16708161511555475,90.26154048980496,0.1,2160,0.1,0.016203703703703703,0.9536784741144414,35,0.09536784741144415,0.11600317725160648,-0.16374817304204664,10.4706254804419
rbf_nystroem_svm_regression,kernel_svm_approx,regression,bbob_validation,dimension,dimension=40,,40.0,,21600,367,0.01699074074074074,-0.17723740317137815,-0.16708161511555475,90.26154048980496,0.2,4320,0.2,0.03425925925925926,2.016348773841962,148,0.4032697547683924,0.5262857910123205,-0.14803920586474334,47.503366234667595
rbf_nystroem_svm_regression,kernel_svm_approx,regression,bbob_validation,FE_ratio,FE_ratio=0.2,,,0.2,6480,296,0.04567901234567901,-0.07854640971495502,-0.05432046807708305,38.557426800468264,0.05,324,0.05,0.05555555555555555,1.2162162162162162,18,0.060810810810810814,0.05554610125875196,-0.05877916146482103,2.1417147333357267
rbf_nystroem_svm_regression,kernel_svm_approx,regression,bbob_validation,FE_ratio,FE_ratio=0.2,,,0.2,6480,296,0.04567901234567901,-0.07854640971495502,-0.05432046807708305,38.557426800468264,0.1,648,0.1,0.06327160493827161,1.3851351351351353,41,0.13851351351351351,0.13501377594258,-0.0560529826250343,5.205783782960851
rbf_nystroem_svm_regression,kernel_svm_approx,regression,bbob_validation,FE_ratio,FE_ratio=0.2,,,0.2,6480,296,0.04567901234567901,-0.07854640971495502,-0.05432046807708305,38.557426800468264,0.2,1296,0.2,0.047839506172839504,1.0472972972972974,62,0.20945945945945946,0.1754234591375152,-0.0606500643100228,6.763877184779678
rbf_nystroem_svm_regression,kernel_svm_approx,regression,bbob_validation,FE_ratio,FE_ratio=0.25,,,0.25,6480,292,0.04506172839506173,-0.08209066348445634,-0.05811985784400571,35.463735190300596,0.05,324,0.05,0.08024691358024691,1.780821917808219,26,0.08904109589041095,0.08732520933321786,-0.060164156277824656,3.0968780992308047
rbf_nystroem_svm_regression,kernel_svm_approx,regression,bbob_validation,FE_ratio,FE_ratio=0.25,,,0.25,6480,292,0.04506172839506173,-0.08209066348445634,-0.05811985784400571,35.463735190300596,0.1,648,0.1,0.07407407407407407,1.643835616438356,48,0.1643835616438356,0.14731463067332035,-0.05441861052174818,5.224327051855568
rbf_nystroem_svm_regression,kernel_svm_approx,regression,bbob_validation,FE_ratio,FE_ratio=0.25,,,0.25,6480,292,0.04506172839506173,-0.08209066348445634,-0.05811985784400571,35.463735190300596,0.2,1296,0.2,0.08101851851851852,1.797945205479452,105,0.3595890410958904,0.3126439395671662,-0.053010656804534095,11.087521881662326
rbf_nystroem_svm_regression,kernel_svm_approx,regression,bbob_validation,FE_ratio,FE_ratio=0.28,,,0.28,6480,274,0.042283950617283954,-0.08549062609263769,-0.060059978976886724,32.16164278161452,0.05,324,0.05,0.12345679012345678,2.91970802919708,40,0.145985401459854,0.11216486600573473,-0.045149442754322575,3.607406353124098
rbf_nystroem_svm_regression,kernel_svm_approx,regression,bbob_validation,FE_ratio,FE_ratio=0.28,,,0.28,6480,274,0.042283950617283954,-0.08549062609263769,-0.060059978976886724,32.16164278161452,0.1,648,0.1,0.1095679012345679,2.5912408759124084,71,0.2591240875912409,0.19204256747862702,-0.05302583339738467,6.176404454111704
rbf_nystroem_svm_regression,kernel_svm_approx,regression,bbob_validation,FE_ratio,FE_ratio=0.28,,,0.28,6480,274,0.042283950617283954,-0.08549062609263769,-0.060059978976886724,32.16164278161452,0.2,1296,0.2,0.08950617283950617,2.116788321167883,116,0.4233576642335766,0.34808489481031785,-0.05580287273040773,11.194982044565307
rbf_nystroem_svm_regression,kernel_svm_approx,regression,bbob_validation,FE_ratio,FE_ratio=0.3,,,0.3,6480,284,0.043827160493827164,-0.08706332924379373,-0.061481761258876125,31.652929735382077,0.05,324,0.05,0.08950617283950617,2.0422535211267605,29,0.10211267605633803,0.0750028010159159,-0.05505783487226631,2.374058390513629
rbf_nystroem_svm_regression,kernel_svm_approx,regression,bbob_validation,FE_ratio,FE_ratio=0.3,,,0.3,6480,284,0.043827160493827164,-0.08706332924379373,-0.061481761258876125,31.652929735382077,0.1,648,0.1,0.07407407407407407,1.6901408450704223,48,0.16901408450704225,0.11694810599664025,-0.05843159306010467,3.701750181797669
rbf_nystroem_svm_regression,kernel_svm_approx,regression,bbob_validation,FE_ratio,FE_ratio=0.3,,,0.3,6480,284,0.043827160493827164,-0.08706332924379373,-0.061481761258876125,31.652929735382077,0.2,1296,0.2,0.06867283950617284,1.566901408450704,89,0.31338028169014087,0.26064988556387825,-0.06405005016052252,8.250332513288816
rbf_nystroem_svm_regression,kernel_svm_approx,regression,bbob_validation,FE_ratio,FE_ratio=0.35,,,0.35,6480,256,0.03950617283950617,-0.09341559547051581,-0.06664570006608084,26.439322897806413,0.05,324,0.05,0.09567901234567901,2.421875,31,0.12109375,0.17098949813282227,-0.06587267633754221,4.520846553267555
rbf_nystroem_svm_regression,kernel_svm_approx,regression,bbob_validation,FE_ratio,FE_ratio=0.35,,,0.35,6480,256,0.03950617283950617,-0.09341559547051581,-0.06664570006608084,26.439322897806413,0.1,648,0.1,0.0787037037037037,1.9921875,51,0.19921875,0.23853995047946325,-0.06629281465986611,6.3068347747532805
rbf_nystroem_svm_regression,kernel_svm_approx,regression,bbob_validation,FE_ratio,FE_ratio=0.35,,,0.35,6480,256,0.03950617283950617,-0.09341559547051581,-0.06664570006608084,26.439322897806413,0.2,1296,0.2,0.07407407407407407,1.875,96,0.375,0.3866834532510481,-0.068756750269408,10.223648679743292
rbf_nystroem_svm_regression,kernel_svm_approx,regression,bbob_validation,FE_ratio,FE_ratio=0.4,,,0.4,6480,800,0.12345679012345678,-0.07290554260108724,-0.07056462486829276,174.15917724891835,0.05,324,0.05,0.1419753086419753,1.15,46,0.0575,0.0357901339616747,-0.059868986991108666,6.233180284393837
rbf_nystroem_svm_regression,kernel_svm_approx,regression,bbob_validation,FE_ratio,FE_ratio=0.4,,,0.4,6480,800,0.12345679012345678,-0.07290554260108724,-0.07056462486829276,174.15917724891835,0.1,648,0.1,0.11574074074074074,0.9375000000000001,75,0.09375,0.049615448116720536,-0.06202920477098133,8.640985622844445
rbf_nystroem_svm_regression,kernel_svm_approx,regression,bbob_validation,FE_ratio,FE_ratio=0.4,,,0.4,6480,800,0.12345679012345678,-0.07290554260108724,-0.07056462486829276,174.15917724891835,0.2,1296,0.2,0.11805555555555555,0.95625,153,0.19125,0.09891102766564834,-0.059158009254665696,17.22626319909432
rbf_nystroem_svm_regression,kernel_svm_approx,regression,bbob_validation,FE_ratio,FE_ratio=0.45,,,0.45,6480,243,0.0375,-0.10186903427734409,-0.07939845101548082,50.56190594132994,0.05,324,0.05,0.04938271604938271,1.316872427983539,16,0.06584362139917696,0.036747905110182784,-0.08842936596546692,1.85804412172198
rbf_nystroem_svm_regression,kernel_svm_approx,regression,bbob_validation,FE_ratio,FE_ratio=0.45,,,0.45,6480,243,0.0375,-0.10186903427734409,-0.07939845101548082,50.56190594132994,0.1,648,0.1,0.05864197530864197,1.5637860082304527,38,0.15637860082304528,0.06135100376172822,-0.08260530923395686,3.102023681606682
rbf_nystroem_svm_regression,kernel_svm_approx,regression,bbob_validation,FE_ratio,FE_ratio=0.45,,,0.45,6480,243,0.0375,-0.10186903427734409,-0.07939845101548082,50.56190594132994,0.2,1296,0.2,0.04243827160493827,1.131687242798354,55,0.22633744855967078,0.09280082513626865,-0.07593152819951686,4.692186591817824
rbf_nystroem_svm_regression,kernel_svm_approx,regression,bbob_validation,FE_ratio,FE_ratio=0.5,,,0.5,6480,477,0.07361111111111111,-0.08578559846269349,-0.08202974076197492,151.15391573733473,0.05,324,0.05,0.08024691358024691,1.090146750524109,26,0.05450733752620545,0.01474424896307203,-0.08083897272359844,2.2286509653744746
rbf_nystroem_svm_regression,kernel_svm_approx,regression,bbob_validation,FE_ratio,FE_ratio=0.5,,,0.5,6480,477,0.07361111111111111,-0.08578559846269349,-0.08202974076197492,151.15391573733473,0.1,648,0.1,0.04938271604938271,0.670859538784067,32,0.06708595387840671,0.018865850332768167,-0.07656181370526716,2.8516471515124078
rbf_nystroem_svm_regression,kernel_svm_approx,regression,bbob_validation,FE_ratio,FE_ratio=0.5,,,0.5,6480,477,0.07361111111111111,-0.08578559846269349,-0.08202974076197492,151.15391573733473,0.2,1296,0.2,0.05092592592592592,0.6918238993710691,66,0.13836477987421383,0.03558178499108143,-0.07154664651721276,5.378326130325884
rbf_nystroem_svm_regression,kernel_svm_approx,regression,bbob_validation,FE_ratio,FE_ratio=0.55,,,0.55,6480,376,0.05802469135802469,-0.11228594071878435,-0.09215825578698267,79.68497550744864,0.05,324,0.05,0.037037037037037035,0.6382978723404256,12,0.031914893617021274,0.015371383893664244,-0.08231562531165873,1.2248683490822256
rbf_nystroem_svm_regression,kernel_svm_approx,regression,bbob_validation,FE_ratio,FE_ratio=0.55,,,0.55,6480,376,0.05802469135802469,-0.11228594071878435,-0.09215825578698267,79.68497550744864,0.1,648,0.1,0.021604938271604937,0.3723404255319149,14,0.03723404255319149,0.017552594243738905,-0.08173994959280326,1.3986780424045184
rbf_nystroem_svm_regression,kernel_svm_approx,regression,bbob_validation,FE_ratio,FE_ratio=0.55,,,0.55,6480,376,0.05802469135802469,-0.11228594071878435,-0.09215825578698267,79.68497550744864,0.2,1296,0.2,0.07716049382716049,1.3297872340425532,100,0.26595744680851063,0.3968977158381205,-0.061100300138085824,31.626784765522938
rbf_nystroem_svm_regression,kernel_svm_approx,regression,bbob_validation,FE_ratio,FE_ratio=0.6,,,0.6,6480,447,0.06898148148148148,-0.11584131580446465,-0.10228898920926656,123.20350275094972,0.05,324,0.05,0.009259259259259259,0.1342281879194631,3,0.006711409395973154,0.004958701255204332,-0.10807068844228845,0.6109293637367047
rbf_nystroem_svm_regression,kernel_svm_approx,regression,bbob_validation,FE_ratio,FE_ratio=0.6,,,0.6,6480,447,0.06898148148148148,-0.11584131580446465,-0.10228898920926656,123.20350275094972,0.1,648,0.1,0.012345679012345678,0.1789709172259508,8,0.017897091722595078,0.009664070238568133,-0.0978993317610958,1.1906473042228003
rbf_nystroem_svm_regression,kernel_svm_approx,regression,bbob_validation,FE_ratio,FE_ratio=0.6,,,0.6,6480,447,0.06898148148148148,-0.11584131580446465,-0.10228898920926656,123.20350275094972,0.2,1296,0.2,0.15354938271604937,2.2259507829977627,199,0.4451901565995526,0.7155520938442405,-0.02288361201399776,88.15852436238671
hist_gradient_boosting_regression,hist_gradient_boosting,regression,bbob_train,all,all,,,,194400,11921,0.06132201646090535,-0.08855738467265091,-0.06544428361600368,2511.1122661377594,0.05,9720,0.05,0.574485596707819,9.36834158208204,5584,0.468417079104102,0.5917877847180177,0.11897680118805057,1486.045565155906
hist_gradient_boosting_regression,hist_gradient_boosting,regression,bbob_train,all,all,,,,194400,11921,0.06132201646090535,-0.08855738467265091,-0.06544428361600368,2511.1122661377594,0.1,19440,0.1,0.32952674897119344,5.373710259206443,6406,0.5373710259206442,0.6489155478502572,0.045841469126429696,1629.499791894285
hist_gradient_boosting_regression,hist_gradient_boosting,regression,bbob_train,all,all,,,,194400,11921,0.06132201646090535,-0.08855738467265091,-0.06544428361600368,2511.1122661377594,0.2,38880,0.2,0.18153292181069958,2.960322120627464,7058,0.5920644241254929,0.6848272138631071,0.0015255615899279766,1719.678016916595
hist_gradient_boosting_regression,hist_gradient_boosting,regression,bbob_train,label_source,label_source=changed_algorithm,changed_algorithm,,,74400,8470,0.11384408602150538,-0.05859081542569486,-0.06280283172738645,1678.8603444230114,0.05,3720,0.05,0.7870967741935484,6.913813459268005,2928,0.3456906729634002,0.6303087909725057,0.2616459224745956,1058.2004339049527
hist_gradient_boosting_regression,hist_gradient_boosting,regression,bbob_train,label_source,label_source=changed_algorithm,changed_algorithm,,,74400,8470,0.11384408602150538,-0.05859081542569486,-0.06280283172738645,1678.8603444230114,0.1,7440,0.1,0.6853494623655914,6.020070838252656,5099,0.6020070838252657,0.7875507455225625,0.15180087597893854,1322.1877158786085
hist_gradient_boosting_regression,hist_gradient_boosting,regression,bbob_train,label_source,label_source=changed_algorithm,changed_algorithm,,,74400,8470,0.11384408602150538,-0.05859081542569486,-0.06280283172738645,1678.8603444230114,0.2,14880,0.2,0.40551075268817205,3.56198347107438,6034,0.7123966942148761,0.8605079613633495,0.06370154452626264,1444.672692393216
hist_gradient_boosting_regression,hist_gradient_boosting,regression,bbob_train,label_source,label_source=same_algorithm,same_algorithm,,,120000,3451,0.028758333333333334,-0.10713665760576366,-0.06743423570665175,832.2519217147483,0.05,6000,0.05,0.079,2.747029846421327,474,0.13735149232106636,0.22995306032213242,-0.0201923440994855,191.37887635728214
hist_gradient_boosting_regression,hist_gradient_boosting,regression,bbob_train,label_source,label_source=same_algorithm,same_algorithm,,,120000,3451,0.028758333333333334,-0.10713665760576366,-0.06743423570665175,832.2519217147483,0.1,12000,0.1,0.05358333333333333,1.8632280498406257,643,0.1863228049840626,0.26595495622923376,-0.028554928344707717,221.34152341134154
hist_gradient_boosting_regression,hist_gradient_boosting,regression,bbob_train,label_source,label_source=same_algorithm,same_algorithm,,,120000,3451,0.028758333333333334,-0.10713665760576366,-0.06743423570665175,832.2519217147483,0.2,24000,0.2,0.039625,1.3778614894233556,951,0.27557229788467114,0.3329680278463458,-0.037103607197276706,277.1132810446911
hist_gradient_boosting_regression,hist_gradient_boosting,regression,bbob_train,dimension,dimension=10,,10.0,,64800,2405,0.037114197530864194,-0.04022633237538057,-0.03715828153278458,308.0180086184804,0.05,3240,0.05,0.36604938271604937,9.862785862785863,1186,0.49313929313929317,0.6118586688244365,0.017065970609178964,188.4634887272572
hist_gradient_boosting_regression,hist_gradient_boosting,regression,bbob_train,dimension,dimension=10,,10.0,,64800,2405,0.037114197530864194,-0.04022633237538057,-0.03715828153278458,308.0180086184804,0.1,6480,0.1,0.20787037037037037,5.600831600831602,1347,0.5600831600831601,0.6974366972454165,-0.004622444832781543,214.82306262298314
hist_gradient_boosting_regression,hist_gradient_boosting,regression,bbob_train,dimension,dimension=10,,10.0,,64800,2405,0.037114197530864194,-0.04022633237538057,-0.03715828153278458,308.0180086184804,0.2,12960,0.2,0.11875,3.1995841995841996,1539,0.6399168399168399,0.7535753897564275,-0.018432641769611614,232.11479089666994
hist_gradient_boosting_regression,hist_gradient_boosting,regression,bbob_train,dimension,dimension=20,,20.0,,64800,3858,0.059537037037037034,-0.07228172978918257,-0.06716881295115272,823.0687800379324,0.05,3240,0.05,0.516358024691358,8.672887506480043,1673,0.4336443753240021,0.563548035364523,0.10579159595894912,463.83879396025156
hist_gradient_boosting_regression,hist_gradient_boosting,regression,bbob_train,dimension,dimension=20,,20.0,,64800,3858,0.059537037037037034,-0.07228172978918257,-0.06716881295115272,823.0687800379324,0.1,6480,0.1,0.279320987654321,4.691550025920167,1810,0.4691550025920166,0.6059354167825053,0.024764709090649064,498.7265242729527
hist_gradient_boosting_regression,hist_gradient_boosting,regression,bbob_train,dimension,dimension=20,,20.0,,64800,3858,0.059537037037037034,-0.07228172978918257,-0.06716881295115272,823.0687800379324,0.2,12960,0.2,0.16165123456790123,2.715137376879212,2095,0.5430274753758424,0.6569016350018595,-0.01834405278023815,540.6752273259036
hist_gradient_boosting_regression,hist_gradient_boosting,regression,bbob_train,dimension,dimension=40,,40.0,,64800,5658,0.08731481481481482,-0.1531640918533896,-0.14272675969545875,1380.025477481347,0.05,3240,0.05,0.7716049382716049,8.837044892188052,2500,0.4418522446094026,0.5831204742852926,0.2204128312731867,804.7211109547103
hist_gradient_boosting_regression,hist_gradient_boosting,regression,bbob_train,dimension,dimension=40,,40.0,,64800,5658,0.08731481481481482,-0.1531640918533896,-0.14272675969545875,1380.025477481347,0.1,6480,0.1,0.5537037037037037,6.341463414634146,3588,0.6341463414634146,0.7110084207359894,0.09656069853650547,981.2097353194421
hist_gradient_boosting_regression,hist_gradient_boosting,regression,bbob_train,dimension,dimension=40,,40.0,,64800,5658,0.08731481481481482,-0.1531640918533896,-0.14272675969545875,1380.025477481347,0.2,12960,0.2,0.33526234567901236,3.839696005655709,4345,0.7679392011311418,0.7923972092086836,-0.00010618896780572287,1093.5283369931003
hist_gradient_boosting_regression,hist_gradient_boosting,regression,bbob_train,FE_ratio,FE_ratio=0.2,,,0.2,19440,1637,0.08420781893004116,-0.06196176210011554,-0.05049860667501493,304.44205064313394,0.05,972,0.05,0.6172839506172839,7.3304825901038475,600,0.3665241295051924,0.4696634707557591,0.12209414281702229,142.9853101490549
hist_gradient_boosting_regression,hist_gradient_boosting,regression,bbob_train,FE_ratio,FE_ratio=0.2,,,0.2,19440,1637,0.08420781893004116,-0.06196176210011554,-0.05049860667501493,304.44205064313394,0.1,1944,0.1,0.39609053497942387,4.703726328649969,770,0.4703726328649969,0.5784771369059926,0.05882445271330364,176.11276580982934
hist_gradient_boosting_regression,hist_gradient_boosting,regression,bbob_train,FE_ratio,FE_ratio=0.2,,,0.2,19440,1637,0.08420781893004116,-0.06196176210011554,-0.05049860667501493,304.44205064313394,0.2,3888,0.2,0.227880658436214,2.7061698228466704,886,0.5412339645693341,0.6371505063394121,0.0068074341187975345,193.97540671828176
hist_gradient_boosting_regression,hist_gradient_boosting,regression,bbob_train,FE_ratio,FE_ratio=0.25,,,0.25,19440,1530,0.0787037037037037,-0.06684412289960417,-0.05379598025536793,289.0381601639173,0.05,972,0.05,0.6903292181069959,8.771241830065359,671,0.43856209150326797,0.5849444256606642,0.15200265149088973,169.07126059109765
hist_gradient_boosting_regression,hist_gradient_boosting,regression,bbob_train,FE_ratio,FE_ratio=0.25,,,0.25,19440,1530,0.0787037037037037,-0.06684412289960417,-0.05379598025536793,289.0381601639173,0.1,1944,0.1,0.4346707818930041,5.522875816993464,845,0.5522875816993464,0.6753981962824783,0.0718669061878446,195.2158520315158
hist_gradient_boosting_regression,hist_gradient_boosting,regression,bbob_train,FE_ratio,FE_ratio=0.25,,,0.25,19440,1530,0.0787037037037037,-0.06684412289960417,-0.05379598025536793,289.0381601639173,0.2,3888,0.2,0.23945473251028807,3.042483660130719,931,0.6084967320261437,0.7332418145321167,0.019550270687353086,211.93486502761525
hist_gradient_boosting_regression,hist_gradient_boosting,regression,bbob_train,FE_ratio,FE_ratio=0.28,,,0.28,19440,1516,0.07798353909465021,-0.06678863875638497,-0.05595944523593056,294.83506110374555,0.05,972,0.05,0.691358024691358,8.865435356200527,672,0.44327176781002636,0.5395529460052157,0.13890814092579573,159.0791258041537
hist_gradient_boosting_regression,hist_gradient_boosting,regression,bbob_train,FE_ratio,FE_ratio=0.28,,,0.28,19440,1516,0.07798353909465021,-0.06678863875638497,-0.05595944523593056,294.83506110374555,0.1,1944,0.1,0.41100823045267487,5.270448548812665,799,0.5270448548812665,0.6416532978750616,0.06437824626149528,189.18188928641365
hist_gradient_boosting_regression,hist_gradient_boosting,regression,bbob_train,FE_ratio,FE_ratio=0.28,,,0.28,19440,1516,0.07798353909465021,-0.06678863875638497,-0.05595944523593056,294.83506110374555,0.2,3888,0.2,0.2294238683127572,2.941952506596306,892,0.5883905013192612,0.6795545878508444,0.015544148659790962,200.35651843233433
hist_gradient_boosting_regression,hist_gradient_boosting,regression,bbob_train,FE_ratio,FE_ratio=0.3,,,0.3,19440,1403,0.07217078189300412,-0.07045501341769796,-0.05769358257385397,275.8794546370344,0.05,972,0.05,0.6316872427983539,8.752672843905914,614,0.43763364219529577,0.5634252952958965,0.13060279352288576,155.43746319494198
hist_gradient_boosting_regression,hist_gradient_boosting,regression,bbob_train,FE_ratio,FE_ratio=0.3,,,0.3,19440,1403,0.07217078189300412,-0.07045501341769796,-0.05769358257385397,275.8794546370344,0.1,1944,0.1,0.37551440329218105,5.203136136849608,730,0.5203136136849608,0.6222723472663644,0.053650196278272104,171.67215579955192
hist_gradient_boosting_regression,hist_gradient_boosting,regression,bbob_train,FE_ratio,FE_ratio=0.3,,,0.3,19440,1403,0.07217078189300412,-0.07045501341769796,-0.05769358257385397,275.8794546370344,0.2,3888,0.2,0.2103909465020576,2.9151817533856024,818,0.5830363506771205,0.6570837327595743,0.009470639890940338,181.27590184457824
hist_gradient_boosting_regression,hist_gradient_boosting,regression,bbob_train,FE_ratio,FE_ratio=0.35,,,0.35,19440,1388,0.07139917695473251,-0.07482964941049443,-0.062069321341436653,257.6511044439708,0.05,972,0.05,0.6316872427983539,8.847262247838616,614,0.4423631123919308,0.5640719536028064,0.11682924664652294,145.3337618316313
hist_gradient_boosting_regression,hist_gradient_boosting,regression,bbob_train,FE_ratio,FE_ratio=0.35,,,0.35,19440,1388,0.07139917695473251,-0.07482964941049443,-0.062069321341436653,257.6511044439708,0.1,1944,0.1,0.367798353909465,5.151296829971182,715,0.5151296829971181,0.6227362313397387,0.04562757776359052,160.44867778195976
hist_gradient_boosting_regression,hist_gradient_boosting,regression,bbob_train,FE_ratio,FE_ratio=0.35,,,0.35,19440,1388,0.07139917695473251,-0.07482964941049443,-0.062069321341436653,257.6511044439708,0.2,3888,0.2,0.20036008230452676,2.8061959654178676,779,0.5612391930835735,0.6550337305561699,0.0031729729104443003,168.77016412585155
hist_gradient_boosting_regression,hist_gradient_boosting,regression,bbob_train,FE_ratio,FE_ratio=0.4,,,0.4,19440,1376,0.07078189300411522,-0.08176159053440116,-0.06731035034538017,252.55187921031478,0.05,972,0.05,0.5761316872427984,8.139534883720932,560,0.4069767441860465,0.5774673765165691,0.11089874788334499,145.8404711219099
hist_gradient_boosting_regression,hist_gradient_boosting,regression,bbob_train,FE_ratio,FE_ratio=0.4,,,0.4,19440,1376,0.07078189300411522,-0.08176159053440116,-0.06731035034538017,252.55187921031478,0.1,1944,0.1,0.3245884773662551,4.585755813953488,631,0.4585755813953488,0.6252932748013346,0.03915458929438196,157.9189916086488
hist_gradient_boosting_regression,hist_gradient_boosting,regression,bbob_train,FE_ratio,FE_ratio=0.4,,,0.4,19440,1376,0.07078189300411522,-0.08176159053440116,-0.06731035034538017,252.55187921031478,0.2,3888,0.2,0.17746913580246915,2.5072674418604657,690,0.501453488372093,0.6553203965890182,-0.001805960339550256,165.5023976434053
hist_gradient_boosting_regression,hist_gradient_boosting,regression,bbob_train,FE_ratio,FE_ratio=0.45,,,0.45,19440,911,0.04686213991769547,-0.09574364894010993,-0.0740343803226563,214.80823720368133,0.05,972,0.05,0.5174897119341564,11.042810098792536,503,0.5521405049396267,0.6377001054984419,0.09852702890207275,136.98323552672193
hist_gradient_boosting_regression,hist_gradient_boosting,regression,bbob_train,FE_ratio,FE_ratio=0.45,,,0.45,19440,911,0.04686213991769547,-0.09574364894010993,-0.0740343803226563,214.80823720368133,0.1,1944,0.1,0.2700617283950617,5.762897914379802,525,0.5762897914379802,0.6580178950064893,0.02680949542797642,141.34766407482104
hist_gradient_boosting_regression,hist_gradient_boosting,regression,bbob_train,FE_ratio,FE_ratio=0.45,,,0.45,19440,911,0.04686213991769547,-0.09574364894010993,-0.0740343803226563,214.80823720368133,0.2,3888,0.2,0.14094650205761317,3.00768386388584,548,0.601536772777168,0.679380485444949,-0.010685746051310889,145.93652446901078
hist_gradient_boosting_regression,hist_gradient_boosting,regression,bbob_train,FE_ratio,FE_ratio=0.5,,,0.5,19440,752,0.03868312757201646,-0.10761678906395437,-0.08153801385084204,216.74610973067038,0.05,972,0.05,0.4722222222222222,12.207446808510639,459,0.6103723404255319,0.6764887493853085,0.10248510312222837,146.626304705832
hist_gradient_boosting_regression,hist_gradient_boosting,regression,bbob_train,FE_ratio,FE_ratio=0.5,,,0.5,19440,752,0.03868312757201646,-0.10761678906395437,-0.08153801385084204,216.74610973067038,0.1,1944,0.1,0.25,6.462765957446809,486,0.6462765957446809,0.7028689545561445,0.027738184521842388,152.34411155050765
hist_gradient_boosting_regression,hist_gradient_boosting,regression,bbob_train,FE_ratio,FE_ratio=0.5,,,0.5,19440,752,0.03868312757201646,-0.10761678906395437,-0.08153801385084204,216.74610973067038,0.2,3888,0.2,0.12911522633744857,3.337765957446809,502,0.6675531914893617,0.7185642231826735,-0.01340035017021535,155.74599996648567
hist_gradient_boosting_regression,hist_gradient_boosting,regression,bbob_train,FE_ratio,FE_ratio=0.55,,,0.55,19440,784,0.040329218106995884,-0.12055088341199817,-0.09047622006570433,212.50845114181092,0.05,972,0.05,0.4567901234567901,11.326530612244898,444,0.5663265306122449,0.6747788132951561,0.09941708229594845,143.39620047666284
hist_gradient_boosting_regression,hist_gradient_boosting,regression,bbob_train,FE_ratio,FE_ratio=0.55,,,0.55,19440,784,0.040329218106995884,-0.12055088341199817,-0.09047622006570433,212.50845114181092,0.1,1944,0.1,0.23868312757201646,5.918367346938775,464,0.5918367346938775,0.6832739920762047,0.021212341564363444,145.20149776159624
hist_gradient_boosting_regression,hist_gradient_boosting,regression,bbob_train,FE_ratio,FE_ratio=0.55,,,0.55,19440,784,0.040329218106995884,-0.12055088341199817,-0.09047622006570433,212.50845114181092,0.2,3888,0.2,0.12602880658436214,3.125,490,0.625,0.7149406347442518,-0.019103857076139347,151.93092694784414
hist_gradient_boosting_regression,hist_gradient_boosting,regression,bbob_train,FE_ratio,FE_ratio=0.6,,,0.6,19440,624,0.03209876543209877,-0.13902174819174842,-0.10198680721304745,192.65175785948037,0.05,972,0.05,0.34670781893004116,10.801282051282051,337,0.5400641025641025,0.6942754192685949,0.08210835579591468,133.75337996072255
hist_gradient_boosting_regression,hist_gradient_boosting,regression,bbob_train,FE_ratio,FE_ratio=0.6,,,0.6,19440,624,0.03209876543209877,-0.13902174819174842,-0.10198680721304745,192.65175785948037,0.1,1944,0.1,0.18467078189300412,5.753205128205128,359,0.5753205128205128,0.7037214405561063,0.00990347681428191,135.5731725665397
hist_gradient_boosting_regression,hist_gradient_boosting,regression,bbob_train,FE_ratio,FE_ratio=0.6,,,0.6,19440,624,0.03209876543209877,-0.13902174819174842,-0.10198680721304745,192.65175785948037,0.2,3888,0.2,0.10056584362139917,3.1330128205128203,391,0.6266025641025641,0.719888099081714,-0.029227995823320477,138.68770775021198
hist_gradient_boosting_regression,hist_gradient_boosting,regression,bbob_validation,all,all,,,,64800,3745,0.05779320987654321,-0.09152940558707323,-0.07597107961327272,743.0385345915533,0.05,3240,0.05,0.03641975308641975,0.630173564753004,118,0.0315086782376502,0.042984036737755846,-0.0507374223491497,31.938795668451597
hist_gradient_boosting_regression,hist_gradient_boosting,regression,bbob_validation,all,all,,,,64800,3745,0.05779320987654321,-0.09152940558707323,-0.07597107961327272,743.0385345915533,0.1,6480,0.1,0.044444444444444446,0.7690253671562083,288,0.07690253671562083,0.08065677276129057,-0.05504442548326614,59.93109023743326
hist_gradient_boosting_regression,hist_gradient_boosting,regression,bbob_validation,all,all,,,,64800,3745,0.05779320987654321,-0.09152940558707323,-0.07597107961327272,743.0385345915533,0.2,12960,0.2,0.05925925925925926,1.0253671562082778,768,0.20507343124165553,0.17602469900379536,-0.05843736577032754,130.79313439969937
hist_gradient_boosting_regression,hist_gradient_boosting,regression,bbob_validation,label_source,label_source=changed_algorithm,changed_algorithm,,,16560,2549,0.15392512077294687,-0.05116247729341551,-0.06176568779918107,607.1864253523988,0.05,828,0.05,0.050724637681159424,0.3295409964692036,42,0.01647704982346018,0.03535932093902291,-0.056760584830990196,21.469699683853545
hist_gradient_boosting_regression,hist_gradient_boosting,regression,bbob_validation,label_source,label_source=changed_algorithm,changed_algorithm,,,16560,2549,0.15392512077294687,-0.05116247729341551,-0.06176568779918107,607.1864253523988,0.1,1656,0.1,0.051932367149758456,0.3373872106708513,86,0.03373872106708513,0.05607872461897336,-0.06426324928550176,34.050240339716
hist_gradient_boosting_regression,hist_gradient_boosting,regression,bbob_validation,label_source,label_source=changed_algorithm,changed_algorithm,,,16560,2549,0.15392512077294687,-0.05116247729341551,-0.06176568779918107,607.1864253523988,0.2,3312,0.2,0.07729468599033816,0.5021577089054531,256,0.10043154178109062,0.1189725426778757,-0.0612576607631712,72.23851290366505
hist_gradient_boosting_regression,hist_gradient_boosting,regression,bbob_validation,label_source,label_source=same_algorithm,same_algorithm,,,48240,1196,0.024792703150912105,-0.10538670932967216,-0.08462815497687234,135.85210923915443,0.05,2412,0.05,0.03233830845771144,1.3043478260869565,78,0.06521739130434782,0.06775756548596094,-0.046660979632205286,9.205008188177926
hist_gradient_boosting_regression,hist_gradient_boosting,regression,bbob_validation,label_source,label_source=same_algorithm,same_algorithm,,,48240,1196,0.024792703150912105,-0.10538670932967216,-0.08462815497687234,135.85210923915443,0.1,4824,0.1,0.03980099502487562,1.605351170568562,192,0.1605351170568562,0.159920176729803,-0.05109742299785593,21.72549331864208
hist_gradient_boosting_regression,hist_gradient_boosting,regression,bbob_validation,label_source,label_source=same_algorithm,same_algorithm,,,48240,1196,0.024792703150912105,-0.10538670932967216,-0.08462815497687234,135.85210923915443,0.2,9648,0.2,0.0490257048092869,1.9774247491638797,473,0.39548494983277593,0.3634771965699643,-0.05750050599800659,49.3791438143644
hist_gradient_boosting_regression,hist_gradient_boosting,regression,bbob_validation,dimension,dimension=10,,10.0,,21600,1470,0.06805555555555555,-0.040708791525251226,-0.036659214049790265,260.3480860696287,0.05,1080,0.05,0.03796296296296296,0.5578231292517007,41,0.027891156462585033,0.06601675867095631,-0.04375548689601943,17.187336768504043
hist_gradient_boosting_regression,hist_gradient_boosting,regression,bbob_validation,dimension,dimension=10,,10.0,,21600,1470,0.06805555555555555,-0.040708791525251226,-0.036659214049790265,260.3480860696287,0.1,2160,0.1,0.03796296296296296,0.5578231292517007,82,0.055782312925170066,0.09817032709283287,-0.04171805349354677,25.558456767448455
hist_gradient_boosting_regression,hist_gradient_boosting,regression,bbob_validation,dimension,dimension=10,,10.0,,21600,1470,0.06805555555555555,-0.040708791525251226,-0.036659214049790265,260.3480860696287,0.2,4320,0.2,0.04398148148148148,0.6462585034013606,190,0.1292517006802721,0.16248452453354453,-0.045158507036013554,42.30253497824195
hist_gradient_boosting_regression,hist_gradient_boosting,regression,bbob_validation,dimension,dimension=20,,20.0,,21600,1908,0.08833333333333333,-0.05664202206459035,-0.0679457754312032,392.4289080321196,0.05,1080,0.05,0.04259259259259259,0.4821802935010482,46,0.02410901467505241,0.02098660797301133,-0.058149169250737556,8.235751650147012
hist_gradient_boosting_regression,hist_gradient_boosting,regression,bbob_validation,dimension,dimension=20,,20.0,,21600,1908,0.08833333333333333,-0.05664202206459035,-0.0679457754312032,392.4289080321196,0.1,2160,0.1,0.05324074074074074,0.6027253668763103,115,0.06027253668763103,0.042917736532330476,-0.059510551661559885,16.84216048259266
hist_gradient_boosting_regression,hist_gradient_boosting,regression,bbob_validation,dimension,dimension=20,,20.0,,21600,1908,0.08833333333333333,-0.05664202206459035,-0.0679457754312032,392.4289080321196,0.2,4320,0.2,0.06597222222222222,0.7468553459119497,285,0.14937106918238993,0.1091113023741037,-0.05973241253178736,42.81842924463194
hist_gradient_boosting_regression,hist_gradient_boosting,regression,bbob_validation,dimension,dimension=40,,40.0,,21600,367,0.01699074074074074,-0.17723740317137815,-0.16708161511555475,90.26154048980496,0.05,1080,0.05,0.014814814814814815,0.8719346049046323,16,0.043596730245231606,0.04573235486849304,-0.16146582494770956,4.127872800656613
hist_gradient_boosting_regression,hist_gradient_boosting,regression,bbob_validation,dimension,dimension=40,,40.0,,21600,367,0.01699074074074074,-0.17723740317137815,-0.16708161511555475,90.26154048980496,0.1,2160,0.1,0.013425925925925926,0.7901907356948229,29,0.07901907356948229,0.07596551731971964,-0.15875110455186586,6.856764617382854
hist_gradient_boosting_regression,hist_gradient_boosting,regression,bbob_validation,dimension,dimension=40,,40.0,,21600,367,0.01699074074074074,-0.17723740317137815,-0.16708161511555475,90.26154048980496,0.2,4320,0.2,0.016666666666666666,0.9809264305177112,72,0.19618528610354224,0.22316415553603436,-0.1636509851037063,20.143140460788896
hist_gradient_boosting_regression,hist_gradient_boosting,regression,bbob_validation,FE_ratio,FE_ratio=0.2,,,0.2,6480,296,0.04567901234567901,-0.07854640971495502,-0.05432046807708305,38.557426800468264,0.05,324,0.05,0.11419753086419752,2.5,37,0.125,0.13769240069866642,-0.06192990807492046,5.309064660919576
hist_gradient_boosting_regression,hist_gradient_boosting,regression,bbob_validation,FE_ratio,FE_ratio=0.2,,,0.2,6480,296,0.04567901234567901,-0.07854640971495502,-0.05432046807708305,38.557426800468264,0.1,648,0.1,0.09567901234567901,2.0945945945945947,62,0.20945945945945946,0.22488815173903734,-0.05976897238504721,8.671108448970532
hist_gradient_boosting_regression,hist_gradient_boosting,regression,bbob_validation,FE_ratio,FE_ratio=0.2,,,0.2,6480,296,0.04567901234567901,-0.07854640971495502,-0.05432046807708305,38.557426800468264,0.2,1296,0.2,0.08873456790123457,1.9425675675675678,115,0.3885135135135135,0.3834709104056111,-0.06146274065691755,14.785651558073274
hist_gradient_boosting_regression,hist_gradient_boosting,regression,bbob_validation,FE_ratio,FE_ratio=0.25,,,0.25,6480,292,0.04506172839506173,-0.08209066348445634,-0.05811985784400571,35.463735190300596,0.05,324,0.05,0.009259259259259259,0.2054794520547945,3,0.010273972602739725,0.010348627939548055,-0.06372052482338747,0.3670010008310783
hist_gradient_boosting_regression,hist_gradient_boosting,regression,bbob_validation,FE_ratio,FE_ratio=0.25,,,0.25,6480,292,0.04506172839506173,-0.08209066348445634,-0.05811985784400571,35.463735190300596,0.1,648,0.1,0.012345679012345678,0.273972602739726,8,0.0273972602739726,0.0357559698046004,-0.05474613490576448,1.2680402446227328
hist_gradient_boosting_regression,hist_gradient_boosting,regression,bbob_validation,FE_ratio,FE_ratio=0.25,,,0.25,6480,292,0.04506172839506173,-0.08209066348445634,-0.05811985784400571,35.463735190300596,0.2,1296,0.2,0.026234567901234566,0.5821917808219178,34,0.11643835616438356,0.14576518080346992,-0.057891782878321925,5.169377771980545
hist_gradient_boosting_regression,hist_gradient_boosting,regression,bbob_validation,FE_ratio,FE_ratio=0.28,,,0.28,6480,274,0.042283950617283954,-0.08549062609263769,-0.060059978976886724,32.16164278161452,0.05,324,0.05,0.027777777777777776,0.6569343065693429,9,0.032846715328467155,0.022607273657249644,-0.06406759235244892,0.7270870596306671
hist_gradient_boosting_regression,hist_gradient_boosting,regression,bbob_validation,FE_ratio,FE_ratio=0.28,,,0.28,6480,274,0.042283950617283954,-0.08549062609263769,-0.060059978976886724,32.16164278161452,0.1,648,0.1,0.024691358024691357,0.583941605839416,16,0.058394160583941604,0.037483706781859596,-0.058928506099290935,1.2055375876489498
hist_gradient_boosting_regression,hist_gradient_boosting,regression,bbob_validation,FE_ratio,FE_ratio=0.28,,,0.28,6480,274,0.042283950617283954,-0.08549062609263769,-0.060059978976886724,32.16164278161452,0.2,1296,0.2,0.044753086419753084,1.0583941605839415,58,0.2116788321167883,0.17281036638687677,-0.057774483817318416,5.557865272694656
hist_gradient_boosting_regression,hist_gradient_boosting,regression,bbob_validation,FE_ratio,FE_ratio=0.3,,,0.3,6480,284,0.043827160493827164,-0.08706332924379373,-0.061481761258876125,31.652929735382077,0.05,324,0.05,0.027777777777777776,0.6338028169014084,9,0.03169014084507042,0.03008930363429648,-0.06530841760951889,0.9524146137229632
hist_gradient_boosting_regression,hist_gradient_boosting,regression,bbob_validation,FE_ratio,FE_ratio=0.3,,,0.3,6480,284,0.043827160493827164,-0.08706332924379373,-0.061481761258876125,31.652929735382077,0.1,648,0.1,0.023148148148148147,0.528169014084507,15,0.0528169014084507,0.0419435254152816,-0.05819633723117178,1.3276354628241211
hist_gradient_boosting_regression,hist_gradient_boosting,regression,bbob_validation,FE_ratio,FE_ratio=0.3,,,0.3,6480,284,0.043827160493827164,-0.08706332924379373,-0.061481761258876125,31.652929735382077,0.2,1296,0.2,0.030864197530864196,0.704225352112676,40,0.14084507042253522,0.10320009842923869,-0.06105629846854286,3.266585464265207
hist_gradient_boosting_regression,hist_gradient_boosting,regression,bbob_validation,FE_ratio,FE_ratio=0.35,,,0.35,6480,256,0.03950617283950617,-0.09341559547051581,-0.06664570006608084,26.439322897806413,0.05,324,0.05,0.018518518518518517,0.46875,6,0.0234375,0.027959038034984535,-0.06531463049089327,0.7392180345190071
hist_gradient_boosting_regression,hist_gradient_boosting,regression,bbob_validation,FE_ratio,FE_ratio=0.35,,,0.35,6480,256,0.03950617283950617,-0.09341559547051581,-0.06664570006608084,26.439322897806413,0.1,648,0.1,0.020061728395061727,0.5078125,13,0.05078125,0.05729209829950695,-0.06143280408784169,1.51476428643353
hist_gradient_boosting_regression,hist_gradient_boosting,regression,bbob_validation,FE_ratio,FE_ratio=0.35,,,0.35,6480,256,0.03950617283950617,-0.09341559547051581,-0.06664570006608084,26.439322897806413,0.2,1296,0.2,0.036265432098765434,0.9179687500000001,47,0.18359375,0.17680656380929807,-0.0647044136150834,4.674645831005646
hist_gradient_boosting_regression,hist_gradient_boosting,regression,bbob_validation,FE_ratio,FE_ratio=0.4,,,0.4,6480,800,0.12345679012345678,-0.07290554260108724,-0.07056462486829276,174.15917724891835,0.05,324,0.05,0.08333333333333333,0.675,27,0.03375,0.08371704474887877,-0.012600188479829593,14.58009163517561
hist_gradient_boosting_regression,hist_gradient_boosting,regression,bbob_validation,FE_ratio,FE_ratio=0.4,,,0.4,6480,800,0.12345679012345678,-0.07290554260108724,-0.07056462486829276,174.15917724891835,0.1,648,0.1,0.0941358024691358,0.7625000000000001,61,0.07625,0.15824710816468787,-0.018253958303558988,27.560186159982635
hist_gradient_boosting_regression,hist_gradient_boosting,regression,bbob_validation,FE_ratio,FE_ratio=0.4,,,0.4,6480,800,0.12345679012345678,-0.07290554260108724,-0.07056462486829276,174.15917724891835,0.2,1296,0.2,0.13194444444444445,1.06875,171,0.21375,0.3242190895068963,-0.022340193327223725,56.465729876914494
hist_gradient_boosting_regression,hist_gradient_boosting,regression,bbob_validation,FE_ratio,FE_ratio=0.45,,,0.45,6480,243,0.0375,-0.10186903427734409,-0.07939845101548082,50.56190594132994,0.05,324,0.05,0.015432098765432098,0.411522633744856,5,0.0205761316872428,0.008733603583426775,-0.07346851275603475,0.44158764291408675
hist_gradient_boosting_regression,hist_gradient_boosting,regression,bbob_validation,FE_ratio,FE_ratio=0.45,,,0.45,6480,243,0.0375,-0.10186903427734409,-0.07939845101548082,50.56190594132994,0.1,648,0.1,0.021604938271604937,0.5761316872427984,14,0.05761316872427984,0.02628774608879842,-0.0686811143018489,1.3291585451513899
hist_gradient_boosting_regression,hist_gradient_boosting,regression,bbob_validation,FE_ratio,FE_ratio=0.45,,,0.45,6480,243,0.0375,-0.10186903427734409,-0.07939845101548082,50.56190594132994,0.2,1296,0.2,0.035493827160493825,0.9465020576131687,46,0.18930041152263374,0.086155035516984,-0.06939273942784069,4.356162802181686
hist_gradient_boosting_regression,hist_gradient_boosting,regression,bbob_validation,FE_ratio,FE_ratio=0.5,,,0.5,6480,477,0.07361111111111111,-0.08578559846269349,-0.08202974076197492,151.15391573733473,0.05,324,0.05,0.05555555555555555,0.7547169811320754,18,0.03773584905660377,0.043416182593658675,-0.03311720778295085,6.562526005398623
hist_gradient_boosting_regression,hist_gradient_boosting,regression,bbob_validation,FE_ratio,FE_ratio=0.5,,,0.5,6480,477,0.07361111111111111,-0.08578559846269349,-0.08202974076197492,151.15391573733473,0.1,648,0.1,0.06172839506172839,0.8385744234800838,40,0.08385744234800839,0.05387029919081922,-0.04310476314241426,8.142706664634101
hist_gradient_boosting_regression,hist_gradient_boosting,regression,bbob_validation,FE_ratio,FE_ratio=0.5,,,0.5,6480,477,0.07361111111111111,-0.08578559846269349,-0.08202974076197492,151.15391573733473,0.2,1296,0.2,0.08410493827160494,1.1425576519916143,109,0.22851153039832284,0.2168934302288631,-0.036934567283462935,32.78429127679507
hist_gradient_boosting_regression,hist_gradient_boosting,regression,bbob_validation,FE_ratio,FE_ratio=0.55,,,0.55,6480,376,0.05802469135802469,-0.11228594071878435,-0.09215825578698267,79.68497550744864,0.05,324,0.05,0.009259259259259259,0.1595744680851064,3,0.007978723404255319,0.002260696056382258,-0.08202515561429014,0.18014350988260597
hist_gradient_boosting_regression,hist_gradient_boosting,regression,bbob_validation,FE_ratio,FE_ratio=0.55,,,0.55,6480,376,0.05802469135802469,-0.11228594071878435,-0.09215825578698267,79.68497550744864,0.1,648,0.1,0.032407407407407406,0.5585106382978723,21,0.05585106382978723,0.020700744831034967,-0.0736621666734585,1.6495383448469654
hist_gradient_boosting_regression,hist_gradient_boosting,regression,bbob_validation,FE_ratio,FE_ratio=0.55,,,0.55,6480,376,0.05802469135802469,-0.11228594071878435,-0.09215825578698267,79.68497550744864,0.2,1296,0.2,0.040123456790123455,0.6914893617021276,52,0.13829787234042554,0.05589286486672386,-0.07695422393550864,4.453821567946028
hist_gradient_boosting_regression,hist_gradient_boosting,regression,bbob_validation,FE_ratio,FE_ratio=0.6,,,0.6,6480,447,0.06898148148148148,-0.11584131580446465,-0.10228898920926656,123.20350275094972,0.05,324,0.05,0.037037037037037035,0.5369127516778524,12,0.026845637583892617,0.031366374618918835,-0.06934586984626062,3.8644472216492867
hist_gradient_boosting_regression,hist_gradient_boosting,regression,bbob_validation,FE_ratio,FE_ratio=0.6,,,0.6,6480,447,0.06898148148148148,-0.11584131580446465,-0.10228898920926656,123.20350275094972,0.1,648,0.1,0.04938271604938271,0.7158836689038032,32,0.07158836689038031,0.05371423970275758,-0.0705230666711856,6.617782478983866
hist_gradient_boosting_regression,hist_gradient_boosting,regression,bbob_validation,FE_ratio,FE_ratio=0.6,,,0.6,6480,447,0.06898148148148148,-0.11584131580446465,-0.10228898920926656,123.20350275094972,0.2,1296,0.2,0.05941358024691358,0.8612975391498882,77,0.17225950782997762,0.12364097544361989,-0.07385570437701337,15.233001258198131
random_forest_regression,random_forest,regression,bbob_train,all,all,,,,194400,11921,0.06132201646090535,-0.08855738467265091,-0.06544428361600368,2511.1122661377594,0.05,9720,0.05,0.8957818930041153,14.607834913178426,8707,0.7303917456589212,0.9258043068011548,0.23450548688029937,2324.7985508515458
random_forest_regression,random_forest,regression,bbob_train,all,all,,,,194400,11921,0.06132201646090535,-0.08855738467265091,-0.06544428361600368,2511.1122661377594,0.1,19440,0.1,0.5621399176954732,9.167016189916954,10928,0.9167016189916953,0.9710736888522495,0.11134573261516502,2438.4750514005264
random_forest_regression,random_forest,regression,bbob_train,all,all,,,,194400,11921,0.06132201646090535,-0.08855738467265091,-0.06544428361600368,2511.1122661377594,0.2,38880,0.2,0.28858024691358025,4.705981041858904,11220,0.9411962083717809,0.976958622968829,0.040277691291850604,2453.2527816460815
random_forest_regression,random_forest,regression,bbob_train,label_source,label_source=changed_algorithm,changed_algorithm,,,74400,8470,0.11384408602150538,-0.05859081542569486,-0.06280283172738645,1678.8603444230114,0.05,3720,0.05,0.9768817204301076,8.580873671782763,3634,0.42904368358913814,0.7986910636464264,0.3589166115152454,1340.8907542010209
random_forest_regression,random_forest,regression,bbob_train,label_source,label_source=changed_algorithm,changed_algorithm,,,74400,8470,0.11384408602150538,-0.05859081542569486,-0.06280283172738645,1678.8603444230114,0.1,7440,0.1,0.9119623655913979,8.010625737898465,6785,0.8010625737898465,0.9575485444841417,0.21180850957754313,1607.5902791943997
random_forest_regression,random_forest,regression,bbob_train,label_source,label_source=changed_algorithm,changed_algorithm,,,74400,8470,0.11384408602150538,-0.05859081542569486,-0.06280283172738645,1678.8603444230114,0.2,14880,0.2,0.5538978494623656,4.865407319952775,8242,0.973081463990555,0.9934723710193436,0.0971786571576858,1667.9013669842811
random_forest_regression,random_forest,regression,bbob_train,label_source,label_source=same_algorithm,same_algorithm,,,120000,3451,0.028758333333333334,-0.10713665760576366,-0.06743423570665175,832.2519217147483,0.05,6000,0.05,0.4498333333333333,15.641842944074181,2699,0.7820921472037091,0.9270804531587191,0.11184067771681945,771.5644887255237
random_forest_regression,random_forest,regression,bbob_train,label_source,label_source=same_algorithm,same_algorithm,,,120000,3451,0.028758333333333334,-0.10713665760576366,-0.06743423570665175,832.2519217147483,0.1,12000,0.1,0.23533333333333334,8.183135323094755,2824,0.8183135323094756,0.9341435802467043,0.04217059754383951,777.4427898178149
random_forest_regression,random_forest,regression,bbob_train,label_source,label_source=same_algorithm,same_algorithm,,,120000,3451,0.028758333333333334,-0.10713665760576366,-0.06743423570665175,832.2519217147483,0.2,24000,0.2,0.123125,4.281367719501594,2955,0.8562735439003187,0.9444434571623868,0.004681336995541668,786.0148821743169
random_forest_regression,random_forest,regression,bbob_train,dimension,dimension=10,,10.0,,64800,2405,0.037114197530864194,-0.04022633237538057,-0.03715828153278458,308.0180086184804,0.05,3240,0.05,0.6203703703703703,16.715176715176717,2010,0.8357588357588358,0.978200843722904,0.08050064988120073,301.3034759124462
random_forest_regression,random_forest,regression,bbob_train,dimension,dimension=10,,10.0,,64800,2405,0.037114197530864194,-0.04022633237538057,-0.03715828153278458,308.0180086184804,0.1,6480,0.1,0.3483024691358025,9.384615384615385,2257,0.9384615384615385,0.9922620497523504,0.028120785287905375,305.63458059241043
random_forest_regression,random_forest,regression,bbob_train,dimension,dimension=10,,10.0,,64800,2405,0.037114197530864194,-0.04022633237538057,-0.03715828153278458,308.0180086184804,0.2,12960,0.2,0.1783179012345679,4.8045738045738045,2311,0.9609147609147609,0.9949445490488145,-4.60496781748115e-05,306.4608386838278
random_forest_regression,random_forest,regression,bbob_train,dimension,dimension=20,,20.0,,64800,3858,0.059537037037037034,-0.07228172978918257,-0.06716881295115272,823.0687800379324,0.05,3240,0.05,0.8919753086419753,14.981855883877657,2890,0.7490927941938829,0.9421183485952849,0.23308336563753962,775.4281998296727
random_forest_regression,random_forest,regression,bbob_train,dimension,dimension=20,,20.0,,64800,3858,0.059537037037037034,-0.07228172978918257,-0.06716881295115272,823.0687800379324,0.1,6480,0.1,0.566820987654321,9.52047693105236,3673,0.9520476931052358,0.9874366165928159,0.10556749922239014,812.7282513838327
random_forest_regression,random_forest,regression,bbob_train,dimension,dimension=20,,20.0,,64800,3858,0.059537037037037034,-0.07228172978918257,-0.06716881295115272,823.0687800379324,0.2,12960,0.2,0.28780864197530864,4.834110938310006,3730,0.966822187662001,0.9914127073745812,0.027156863634397673,816.0008475729003
random_forest_regression,random_forest,regression,bbob_train,dimension,dimension=40,,40.0,,64800,5658,0.08731481481481482,-0.1531640918533896,-0.14272675969545875,1380.025477481347,0.05,3240,0.05,0.9854938271604938,11.28667373630258,3193,0.564333686815129,0.8268450946327085,0.35137515469113617,1141.067296523613
random_forest_regression,random_forest,regression,bbob_train,dimension,dimension=40,,40.0,,64800,5658,0.08731481481481482,-0.1531640918533896,-0.14272675969545875,1380.025477481347,0.1,6480,0.1,0.812037037037037,9.300106044538705,5262,0.9300106044538706,0.9702649276460384,0.19817319381623869,1338.9903200581289
random_forest_regression,random_forest,regression,bbob_train,dimension,dimension=40,,40.0,,64800,5658,0.08731481481481482,-0.1531640918533896,-0.14272675969545875,1380.025477481347,0.2,12960,0.2,0.4238425925925926,4.854188759278897,5493,0.9708377518557795,0.9871999309148379,0.05139628811821004,1362.361056030302
random_forest_regression,random_forest,regression,bbob_train,FE_ratio,FE_ratio=0.2,,,0.2,19440,1637,0.08420781893004116,-0.06196176210011554,-0.05049860667501493,304.44205064313394,0.05,972,0.05,0.9207818930041153,10.93463653023824,895,0.546731826511912,0.8273099691642498,0.2544725417861822,251.86794352987212
random_forest_regression,random_forest,regression,bbob_train,FE_ratio,FE_ratio=0.2,,,0.2,19440,1637,0.08420781893004116,-0.06196176210011554,-0.05049860667501493,304.44205064313394,0.1,1944,0.1,0.7109053497942387,8.442272449602932,1382,0.8442272449602932,0.9500955552525181,0.13849238469564912,289.2490391480036
random_forest_regression,random_forest,regression,bbob_train,FE_ratio,FE_ratio=0.2,,,0.2,19440,1637,0.08420781893004116,-0.06196176210011554,-0.05049860667501493,304.44205064313394,0.2,3888,0.2,0.37680041152263377,4.4746487477092245,1465,0.8949297495418448,0.9597207866321158,0.056887963503042475,292.1793643271229
random_forest_regression,random_forest,regression,bbob_train,FE_ratio,FE_ratio=0.25,,,0.25,19440,1530,0.0787037037037037,-0.06684412289960417,-0.05379598025536793,289.0381601639173,0.05,972,0.05,0.9578189300411523,12.169934640522875,931,0.6084967320261437,0.8680237287363656,0.25573254080622,250.89198153258235
random_forest_regression,random_forest,regression,bbob_train,FE_ratio,FE_ratio=0.25,,,0.25,19440,1530,0.0787037037037037,-0.06684412289960417,-0.05379598025536793,289.0381601639173,0.1,1944,0.1,0.7145061728395061,9.07843137254902,1389,0.907843137254902,0.9744538346475968,0.13565578705490858,281.6543435312155
random_forest_regression,random_forest,regression,bbob_train,FE_ratio,FE_ratio=0.25,,,0.25,19440,1530,0.0787037037037037,-0.06684412289960417,-0.05379598025536793,289.0381601639173,0.2,3888,0.2,0.3690843621399177,4.68954248366013,1435,0.9379084967320261,0.9819367222644212,0.05474380610459092,283.8171836006958
random_forest_regression,random_forest,regression,bbob_train,FE_ratio,FE_ratio=0.28,,,0.28,19440,1516,0.07798353909465021,-0.06678863875638497,-0.05595944523593056,294.83506110374555,0.05,972,0.05,0.9506172839506173,12.189973614775726,924,0.6094986807387863,0.8801715357955754,0.26441733764383085,259.50542853806604
random_forest_regression,random_forest,regression,bbob_train,FE_ratio,FE_ratio=0.28,,,0.28,19440,1516,0.07798353909465021,-0.06678863875638497,-0.05595944523593056,294.83506110374555,0.1,1944,0.1,0.720164609053498,9.234828496042217,1400,0.9234828496042217,0.9830515762546751,0.1395139888975862,289.8380715531805
random_forest_regression,random_forest,regression,bbob_train,FE_ratio,FE_ratio=0.28,,,0.28,19440,1516,0.07798353909465021,-0.06678863875638497,-0.05595944523593056,294.83506110374555,0.2,3888,0.2,0.37165637860082307,4.765831134564644,1445,0.9531662269129287,0.9865472451248243,0.0558189339187276,290.8687172981094
random_forest_regression,random_forest,regression,bbob_train,FE_ratio,FE_ratio=0.3,,,0.3,19440,1403,0.07217078189300412,-0.07045501341769796,-0.05769358257385397,275.8794546370344,0.05,972,0.05,0.9547325102880658,13.228795438346399,928,0.6614397719173201,0.8989478154592726,0.25337204565947696,248.0012330760576
random_forest_regression,random_forest,regression,bbob_train,FE_ratio,FE_ratio=0.3,,,0.3,19440,1403,0.07217078189300412,-0.07045501341769796,-0.05769358257385397,275.8794546370344,0.1,1944,0.1,0.6831275720164609,9.465431218816821,1328,0.9465431218816821,0.9839304393181304,0.12927752054961636,271.4461929998635
random_forest_regression,random_forest,regression,bbob_train,FE_ratio,FE_ratio=0.3,,,0.3,19440,1403,0.07217078189300412,-0.07045501341769796,-0.05769358257385397,275.8794546370344,0.2,3888,0.2,0.34670781893004116,4.803991446899501,1348,0.9607982893799002,0.9864132110216044,0.050015866232997044,272.1311387034062
random_forest_regression,random_forest,regression,bbob_train,FE_ratio,FE_ratio=0.35,,,0.35,19440,1388,0.07139917695473251,-0.07482964941049443,-0.062069321341436653,257.6511044439708,0.05,972,0.05,0.9403292181069959,13.170028818443804,914,0.6585014409221902,0.8917496499156843,0.23282577475702848,229.76028218830035
random_forest_regression,random_forest,regression,bbob_train,FE_ratio,FE_ratio=0.35,,,0.35,19440,1388,0.07139917695473251,-0.07482964941049443,-0.062069321341436653,257.6511044439708,0.1,1944,0.1,0.676954732510288,9.481268011527376,1316,0.9481268011527377,0.977046015870182,0.11830628876810234,251.7369850815338
random_forest_regression,random_forest,regression,bbob_train,FE_ratio,FE_ratio=0.35,,,0.35,19440,1388,0.07139917695473251,-0.07482964941049443,-0.062069321341436653,257.6511044439708,0.2,3888,0.2,0.34439300411522633,4.823487031700288,1339,0.9646974063400576,0.9806624082397385,0.04335467215572098,252.66875256965278
random_forest_regression,random_forest,regression,bbob_train,FE_ratio,FE_ratio=0.4,,,0.4,19440,1376,0.07078189300411522,-0.08176159053440116,-0.06731035034538017,252.55187921031478,0.05,972,0.05,0.934156378600823,13.197674418604652,908,0.6598837209302325,0.9101893543289077,0.23301354732546822,229.8700318729887
random_forest_regression,random_forest,regression,bbob_train,FE_ratio,FE_ratio=0.4,,,0.4,19440,1376,0.07078189300411522,-0.08176159053440116,-0.06731035034538017,252.55187921031478,0.1,1944,0.1,0.6676954732510288,9.433139534883722,1298,0.9433139534883721,0.9787293023644102,0.11595146652705804,247.1799245503322
random_forest_regression,random_forest,regression,bbob_train,FE_ratio,FE_ratio=0.4,,,0.4,19440,1376,0.07078189300411522,-0.08176159053440116,-0.06731035034538017,252.55187921031478,0.2,3888,0.2,0.3395061728395062,4.796511627906977,1320,0.9593023255813954,0.9814116727967688,0.040762375679003315,247.8573622437625
random_forest_regression,random_forest,regression,bbob_train,FE_ratio,FE_ratio=0.45,,,0.45,19440,911,0.04686213991769547,-0.09574364894010993,-0.0740343803226563,214.80823720368133,0.05,972,0.05,0.7757201646090535,16.55323819978046,754,0.827661909989023,0.9396746859199359,0.1988091148992263,201.8498628273843
random_forest_regression,random_forest,regression,bbob_train,FE_ratio,FE_ratio=0.45,,,0.45,19440,911,0.04686213991769547,-0.09574364894010993,-0.0740343803226563,214.80823720368133,0.1,1944,0.1,0.43261316872427985,9.231613611416027,841,0.9231613611416026,0.9614481890735135,0.08557439852731637,206.5269906575531
random_forest_regression,random_forest,regression,bbob_train,FE_ratio,FE_ratio=0.45,,,0.45,19440,911,0.04686213991769547,-0.09574364894010993,-0.0740343803226563,214.80823720368133,0.2,3888,0.2,0.21810699588477367,4.654226125137212,848,0.9308452250274424,0.9635902334724674,0.023565884931876196,206.98711943890441
random_forest_regression,random_forest,regression,bbob_train,FE_ratio,FE_ratio=0.5,,,0.5,19440,752,0.03868312757201646,-0.10761678906395437,-0.08153801385084204,216.74610973067038,0.05,972,0.05,0.6800411522633745,17.579787234042552,661,0.8789893617021277,0.9655041477227527,0.20178471664301562,209.2692679477331
random_forest_regression,random_forest,regression,bbob_train,FE_ratio,FE_ratio=0.5,,,0.5,19440,752,0.03868312757201646,-0.10761678906395437,-0.08153801385084204,216.74610973067038,0.1,1944,0.1,0.3497942386831276,9.042553191489363,680,0.9042553191489362,0.9716117771988553,0.08165523001788659,210.5930728763547
random_forest_regression,random_forest,regression,bbob_train,FE_ratio,FE_ratio=0.5,,,0.5,19440,752,0.03868312757201646,-0.10761678906395437,-0.08153801385084204,216.74610973067038,0.2,3888,0.2,0.1779835390946502,4.601063829787234,692,0.9202127659574468,0.9758530534826292,0.019731395209464403,211.51235301115568
random_forest_regression,random_forest,regression,bbob_train,FE_ratio,FE_ratio=0.55,,,0.55,19440,784,0.040329218106995884,-0.12055088341199817,-0.09047622006570433,212.50845114181092,0.05,972,0.05,0.7119341563786008,17.653061224489797,692,0.8826530612244898,0.9579998373280694,0.19653777908228817,203.5830616246948
random_forest_regression,random_forest,regression,bbob_train,FE_ratio,FE_ratio=0.55,,,0.55,19440,784,0.040329218106995884,-0.12055088341199817,-0.09047622006570433,212.50845114181092,0.1,1944,0.1,0.367798353909465,9.119897959183673,715,0.9119897959183674,0.9648109932248645,0.07675969728093934,205.03048981480816
random_forest_regression,random_forest,regression,bbob_train,FE_ratio,FE_ratio=0.55,,,0.55,19440,784,0.040329218106995884,-0.12055088341199817,-0.09047622006570433,212.50845114181092,0.2,3888,0.2,0.18878600823045266,4.6811224489795915,734,0.9362244897959183,0.9702181113050129,0.014970601298962929,206.17954810316138
random_forest_regression,random_forest,regression,bbob_train,FE_ratio,FE_ratio=0.6,,,0.6,19440,624,0.03209876543209877,-0.13902174819174842,-0.10198680721304745,192.65175785948037,0.05,972,0.05,0.5606995884773662,17.467948717948715,545,0.8733974358974359,0.972387245209576,0.1719349443478778,187.3321121097624
random_forest_regression,random_forest,regression,bbob_train,FE_ratio,FE_ratio=0.6,,,0.6,19440,624,0.03209876543209877,-0.13902174819174842,-0.10198680721304745,192.65175785948037,0.1,1944,0.1,0.2890946502057613,9.006410256410255,562,0.9006410256410257,0.9795519940588425,0.06120594737681031,188.71241357019528
random_forest_regression,random_forest,regression,bbob_train,FE_ratio,FE_ratio=0.6,,,0.6,19440,624,0.03209876543209877,-0.13902174819174842,-0.10198680721304745,192.65175785948037,0.2,3888,0.2,0.14609053497942387,4.551282051282051,568,0.9102564102564102,0.9820334819991651,0.0035826526752296777,189.19047658400552
random_forest_regression,random_forest,regression,bbob_validation,all,all,,,,64800,3745,0.05779320987654321,-0.09152940558707323,-0.07597107961327272,743.0385345915533,0.05,3240,0.05,0.07376543209876543,1.2763684913217623,239,0.06381842456608812,0.06578948917204017,-0.054963748107067376,48.884125625919594
random_forest_regression,random_forest,regression,bbob_validation,all,all,,,,64800,3745,0.05779320987654321,-0.09152940558707323,-0.07597107961327272,743.0385345915533,0.1,6480,0.1,0.0705246913580247,1.2202937249666221,457,0.12202937249666222,0.11259314655491093,-0.054365682450453194,83.66104662121302
random_forest_regression,random_forest,regression,bbob_validation,all,all,,,,64800,3745,0.05779320987654321,-0.09152940558707323,-0.07597107961327272,743.0385345915533,0.2,12960,0.2,0.0705246913580247,1.2202937249666221,914,0.24405874499332444,0.20827804751163542,-0.05645894084767782,154.7586152106355
random_forest_regression,random_forest,regression,bbob_validation,label_source,label_source=changed_algorithm,changed_algorithm,,,16560,2549,0.15392512077294687,-0.05116247729341551,-0.06176568779918107,607.1864253523988,0.05,828,0.05,0.11352657004830918,0.7375441349548842,94,0.036877206747744216,0.050701559739011026,-0.04645222652206767,30.78529881772121
random_forest_regression,random_forest,regression,bbob_validation,label_source,label_source=changed_algorithm,changed_algorithm,,,16560,2549,0.15392512077294687,-0.05116247729341551,-0.06176568779918107,607.1864253523988,0.1,1656,0.1,0.10084541062801933,0.6551588858375833,167,0.06551588858375834,0.08250438009552716,-0.05359976736746267,50.09553962611874
random_forest_regression,random_forest,regression,bbob_validation,label_source,label_source=changed_algorithm,changed_algorithm,,,16560,2549,0.15392512077294687,-0.05116247729341551,-0.06176568779918107,607.1864253523988,0.2,3312,0.2,0.11714975845410629,0.7610827775598273,388,0.15221655551196547,0.15281590572901432,-0.05437105333097691,92.78774353658937
random_forest_regression,random_forest,regression,bbob_validation,label_source,label_source=same_algorithm,same_algorithm,,,48240,1196,0.024792703150912105,-0.10538670932967216,-0.08462815497687234,135.85210923915443,0.05,2412,0.05,0.06011608623548922,2.4247491638795986,145,0.12123745819397994,0.13044279784488555,-0.05725073328451213,17.720929222284333
random_forest_regression,random_forest,regression,bbob_validation,label_source,label_source=same_algorithm,same_algorithm,,,48240,1196,0.024792703150912105,-0.10538670932967216,-0.08462815497687234,135.85210923915443,0.1,4824,0.1,0.05679933665008292,2.290969899665552,274,0.22909698996655517,0.22103819174801112,-0.054259487835282304,30.028504571375976
random_forest_regression,random_forest,regression,bbob_validation,label_source,label_source=same_algorithm,same_algorithm,,,48240,1196,0.024792703150912105,-0.10538670932967216,-0.08462815497687234,135.85210923915443,0.2,9648,0.2,0.04964759535655058,2.0025083612040135,479,0.4005016722408027,0.39540183780603616,-0.057633107415812,53.716173662988055
random_forest_regression,random_forest,regression,bbob_validation,dimension,dimension=10,,10.0,,21600,1470,0.06805555555555555,-0.040708791525251226,-0.036659214049790265,260.3480860696287,0.05,1080,0.05,0.09537037037037037,1.401360544217687,103,0.07006802721088436,0.09422947226567638,-0.03292976794674218,24.532462755720005
random_forest_regression,random_forest,regression,bbob_validation,dimension,dimension=10,,10.0,,21600,1470,0.06805555555555555,-0.040708791525251226,-0.036659214049790265,260.3480860696287,0.1,2160,0.1,0.0787037037037037,1.1564625850340138,170,0.11564625850340136,0.14815044513426356,-0.037605321768312445,38.57068484106906
random_forest_regression,random_forest,regression,bbob_validation,dimension,dimension=10,,10.0,,21600,1470,0.06805555555555555,-0.040708791525251226,-0.036659214049790265,260.3480860696287,0.2,4320,0.2,0.07106481481481482,1.04421768707483,307,0.20884353741496597,0.2418740519765651,-0.04111861628034804,62.971446502004625
random_forest_regression,random_forest,regression,bbob_validation,dimension,dimension=20,,20.0,,21600,1908,0.08833333333333333,-0.05664202206459035,-0.0679457754312032,392.4289080321196,0.05,1080,0.05,0.08148148148148149,0.9224318658280923,88,0.04612159329140461,0.029018275277226103,-0.05149065669722774,11.387610080017293
random_forest_regression,random_forest,regression,bbob_validation,dimension,dimension=20,,20.0,,21600,1908,0.08833333333333333,-0.05664202206459035,-0.0679457754312032,392.4289080321196,0.1,2160,0.1,0.08611111111111111,0.9748427672955975,186,0.09748427672955975,0.06764966515512649,-0.05119931362314796,26.547684225564822
random_forest_regression,random_forest,regression,bbob_validation,dimension,dimension=20,,20.0,,21600,1908,0.08833333333333333,-0.05664202206459035,-0.0679457754312032,392.4289080321196,0.2,4320,0.2,0.09375,1.0613207547169812,405,0.21226415094339623,0.13855227660681563,-0.052795359511668305,54.37191861417685
random_forest_regression,random_forest,regression,bbob_validation,dimension,dimension=40,,40.0,,21600,367,0.01699074074074074,-0.17723740317137815,-0.16708161511555475,90.26154048980496,0.05,1080,0.05,0.046296296296296294,2.7247956403269753,50,0.1362397820163488,0.1123250053459611,-0.15814729708734568,10.138628018052026
random_forest_regression,random_forest,regression,bbob_validation,dimension,dimension=40,,40.0,,21600,367,0.01699074074074074,-0.17723740317137815,-0.16708161511555475,90.26154048980496,0.1,2160,0.1,0.033796296296296297,1.9891008174386922,73,0.1989100817438692,0.17685198290346726,-0.15910982181771985,15.962932415543605
random_forest_regression,random_forest,regression,bbob_validation,dimension,dimension=40,,40.0,,21600,367,0.01699074074074074,-0.17723740317137815,-0.16708161511555475,90.26154048980496,0.2,4320,0.2,0.02847222222222222,1.67574931880109,123,0.335149863760218,0.2872175234199748,-0.16134146813253963,25.92469611955356
random_forest_regression,random_forest,regression,bbob_validation,FE_ratio,FE_ratio=0.2,,,0.2,6480,296,0.04567901234567901,-0.07854640971495502,-0.05432046807708305,38.557426800468264,0.05,324,0.05,0.08333333333333333,1.8243243243243243,27,0.09121621621621621,0.12368651455989772,-0.07513513550995775,4.769033731348308
random_forest_regression,random_forest,regression,bbob_validation,FE_ratio,FE_ratio=0.2,,,0.2,6480,296,0.04567901234567901,-0.07854640971495502,-0.05432046807708305,38.557426800468264,0.1,648,0.1,0.06481481481481481,1.4189189189189189,42,0.14189189189189189,0.18736961025793206,-0.07620310453094957,7.224490032152483
random_forest_regression,random_forest,regression,bbob_validation,FE_ratio,FE_ratio=0.2,,,0.2,6480,296,0.04567901234567901,-0.07854640971495502,-0.05432046807708305,38.557426800468264,0.2,1296,0.2,0.06018518518518518,1.3175675675675675,78,0.2635135135135135,0.3146130626487967,-0.06984727799222326,12.130670133552114
random_forest_regression,random_forest,regression,bbob_validation,FE_ratio,FE_ratio=0.25,,,0.25,6480,292,0.04506172839506173,-0.08209066348445634,-0.05811985784400571,35.463735190300596,0.05,324,0.05,0.027777777777777776,0.6164383561643835,9,0.030821917808219176,0.02164411389515374,-0.05706405849366203,0.7675811236064378
random_forest_regression,random_forest,regression,bbob_validation,FE_ratio,FE_ratio=0.25,,,0.25,6480,292,0.04506172839506173,-0.08209066348445634,-0.05811985784400571,35.463735190300596,0.1,648,0.1,0.016975308641975308,0.37671232876712324,11,0.03767123287671233,0.028973624448521383,-0.05925224922248077,1.0275129449455815
random_forest_regression,random_forest,regression,bbob_validation,FE_ratio,FE_ratio=0.25,,,0.25,6480,292,0.04506172839506173,-0.08209066348445634,-0.05811985784400571,35.463735190300596,0.2,1296,0.2,0.026234567901234566,0.5821917808219178,34,0.11643835616438356,0.11390563539563545,-0.0584882261423524,4.039519290353746
random_forest_regression,random_forest,regression,bbob_validation,FE_ratio,FE_ratio=0.28,,,0.28,6480,274,0.042283950617283954,-0.08549062609263769,-0.060059978976886724,32.16164278161452,0.05,324,0.05,0.07407407407407407,1.751824817518248,24,0.08759124087591241,0.07782281231291188,-0.05720224157004809,2.502909489868504
random_forest_regression,random_forest,regression,bbob_validation,FE_ratio,FE_ratio=0.28,,,0.28,6480,274,0.042283950617283954,-0.08549062609263769,-0.060059978976886724,32.16164278161452,0.1,648,0.1,0.05555555555555555,1.3138686131386859,36,0.13138686131386862,0.1052506137475208,-0.056885741621122386,3.38503264189345
random_forest_regression,random_forest,regression,bbob_validation,FE_ratio,FE_ratio=0.28,,,0.28,6480,274,0.042283950617283954,-0.08549062609263769,-0.060059978976886724,32.16164278161452,0.2,1296,0.2,0.04938271604938271,1.167883211678832,64,0.23357664233576642,0.19553796410494761,-0.059309278788522365,6.288822151787487
random_forest_regression,random_forest,regression,bbob_validation,FE_ratio,FE_ratio=0.3,,,0.3,6480,284,0.043827160493827164,-0.08706332924379373,-0.061481761258876125,31.652929735382077,0.05,324,0.05,0.06790123456790123,1.549295774647887,22,0.07746478873239436,0.10800387712559194,-0.07164992427111515,3.418639133805202
random_forest_regression,random_forest,regression,bbob_validation,FE_ratio,FE_ratio=0.3,,,0.3,6480,284,0.043827160493827164,-0.08706332924379373,-0.061481761258876125,31.652929735382077,0.1,648,0.1,0.05864197530864197,1.3380281690140843,38,0.13380281690140844,0.1341322770424228,-0.06219468501493742,4.245679540470612
random_forest_regression,random_forest,regression,bbob_validation,FE_ratio,FE_ratio=0.3,,,0.3,6480,284,0.043827160493827164,-0.08706332924379373,-0.061481761258876125,31.652929735382077,0.2,1296,0.2,0.05787037037037037,1.3204225352112675,75,0.2640845070422535,0.24363903592578237,-0.06020549162643085,7.71188928495502
random_forest_regression,random_forest,regression,bbob_validation,FE_ratio,FE_ratio=0.35,,,0.35,6480,256,0.03950617283950617,-0.09341559547051581,-0.06664570006608084,26.439322897806413,0.05,324,0.05,0.06481481481481481,1.640625,21,0.08203125,0.06025279200426147,-0.07054460177741785,1.5930430232950379
random_forest_regression,random_forest,regression,bbob_validation,FE_ratio,FE_ratio=0.35,,,0.35,6480,256,0.03950617283950617,-0.09341559547051581,-0.06664570006608084,26.439322897806413,0.1,648,0.1,0.06172839506172839,1.5625,40,0.15625,0.11567687893955847,-0.06593592190716561,3.0584183540934493
random_forest_regression,random_forest,regression,bbob_validation,FE_ratio,FE_ratio=0.35,,,0.35,6480,256,0.03950617283950617,-0.09341559547051581,-0.06664570006608084,26.439322897806413,0.2,1296,0.2,0.05092592592592592,1.2890625,66,0.2578125,0.18669195409361877,-0.06945531110439568,4.93600885670364
random_forest_regression,random_forest,regression,bbob_validation,FE_ratio,FE_ratio=0.4,,,0.4,6480,800,0.12345679012345678,-0.07290554260108724,-0.07056462486829276,174.15917724891835,0.05,324,0.05,0.3271604938271605,2.6500000000000004,106,0.1325,0.17537025524858166,0.034113626299861796,30.54233936802579
random_forest_regression,random_forest,regression,bbob_validation,FE_ratio,FE_ratio=0.4,,,0.4,6480,800,0.12345679012345678,-0.07290554260108724,-0.07056462486829276,174.15917724891835,0.1,648,0.1,0.26851851851851855,2.1750000000000003,174,0.2175,0.2528841917176678,0.011349135269949703,44.04210276880676
random_forest_regression,random_forest,regression,bbob_validation,FE_ratio,FE_ratio=0.4,,,0.4,6480,800,0.12345679012345678,-0.07290554260108724,-0.07056462486829276,174.15917724891835,0.2,1296,0.2,0.2191358024691358,1.7750000000000001,284,0.355,0.3562078644053884,-0.013382223797078199,62.03686859443671
random_forest_regression,random_forest,regression,bbob_validation,FE_ratio,FE_ratio=0.45,,,0.45,6480,243,0.0375,-0.10186903427734409,-0.07939845101548082,50.56190594132994,0.05,324,0.05,0.04938271604938271,1.316872427983539,16,0.06584362139917696,0.021266147864118463,-0.0664814779030421,1.0752569680399724
random_forest_regression,random_forest,regression,bbob_validation,FE_ratio,FE_ratio=0.45,,,0.45,6480,243,0.0375,-0.10186903427734409,-0.07939845101548082,50.56190594132994,0.1,648,0.1,0.05092592592592592,1.3580246913580247,33,0.13580246913580246,0.09976768540417662,-0.059626305235943665,5.044444325390174
random_forest_regression,random_forest,regression,bbob_validation,FE_ratio,FE_ratio=0.45,,,0.45,6480,243,0.0375,-0.10186903427734409,-0.07939845101548082,50.56190594132994,0.2,1296,0.2,0.05401234567901234,1.4403292181069958,70,0.2880658436213992,0.1923932468404816,-0.0626456882486013,9.727769250495504
random_forest_regression,random_forest,regression,bbob_validation,FE_ratio,FE_ratio=0.5,,,0.5,6480,477,0.07361111111111111,-0.08578559846269349,-0.08202974076197492,151.15391573733473,0.05,324,0.05,0.13271604938271606,1.8029350104821804,43,0.09014675052410902,0.1112256474568475,0.0018382412843663066,16.812192143522825
random_forest_regression,random_forest,regression,bbob_validation,FE_ratio,FE_ratio=0.5,,,0.5,6480,477,0.07361111111111111,-0.08578559846269349,-0.08202974076197492,151.15391573733473,0.1,648,0.1,0.09876543209876543,1.341719077568134,64,0.13417190775681342,0.1505305698426047,-0.015084290522094696,22.753285069882054
random_forest_regression,random_forest,regression,bbob_validation,FE_ratio,FE_ratio=0.5,,,0.5,6480,477,0.07361111111111111,-0.08578559846269349,-0.08202974076197492,151.15391573733473,0.2,1296,0.2,0.08719135802469136,1.1844863731656183,113,0.23689727463312368,0.21805015409367257,-0.02900051114284204,32.959134618387836
random_forest_regression,random_forest,regression,bbob_validation,FE_ratio,FE_ratio=0.55,,,0.55,6480,376,0.05802469135802469,-0.11228594071878435,-0.09215825578698267,79.68497550744864,0.05,324,0.05,0.05555555555555555,0.9574468085106382,18,0.047872340425531915,0.019233628339526816,-0.060515787976026705,1.5326312031545644
random_forest_regression,random_forest,regression,bbob_validation,FE_ratio,FE_ratio=0.55,,,0.55,6480,376,0.05802469135802469,-0.11228594071878435,-0.09215825578698267,79.68497550744864,0.1,648,0.1,0.044753086419753084,0.7712765957446809,29,0.07712765957446809,0.026868446536064128,-0.06217833076018008,2.1410115041494633
random_forest_regression,random_forest,regression,bbob_validation,FE_ratio,FE_ratio=0.55,,,0.55,6480,376,0.05802469135802469,-0.11228594071878435,-0.09215825578698267,79.68497550744864,0.2,1296,0.2,0.03780864197530864,0.6515957446808511,49,0.13031914893617022,0.050897137619138756,-0.06643066451146629,4.055737164580314
random_forest_regression,random_forest,regression,bbob_validation,FE_ratio,FE_ratio=0.6,,,0.6,6480,447,0.06898148148148148,-0.11584131580446465,-0.10228898920926656,123.20350275094972,0.05,324,0.05,0.10802469135802469,1.5659955257270695,35,0.07829977628635347,0.08128386843509756,-0.03100510424951742,10.014457308351378
random_forest_regression,random_forest,regression,bbob_validation,FE_ratio,FE_ratio=0.6,,,0.6,6480,447,0.06898148148148148,-0.11584131580446465,-0.10228898920926656,123.20350275094972,0.1,648,0.1,0.08641975308641975,1.2527964205816555,56,0.12527964205816555,0.12281295437871169,-0.04301699028616381,15.130986162649869
random_forest_regression,random_forest,regression,bbob_validation,FE_ratio,FE_ratio=0.6,,,0.6,6480,447,0.06898148148148148,-0.11584131580446465,-0.10228898920926656,123.20350275094972,0.2,1296,0.2,0.07098765432098765,1.029082774049217,92,0.2058165548098434,0.1678775415644973,-0.05702309169066742,20.68310115396422
extra_trees_regression,extra_trees,regression,bbob_train,all,all,,,,194400,11921,0.06132201646090535,-0.08855738467265091,-0.06544428361600368,2511.1122661377594,0.05,9720,0.05,0.9060699588477367,14.775606073315998,8807,0.7387803036657998,0.9377383574095302,0.238698446163917,2354.766291718946
extra_trees_regression,extra_trees,regression,bbob_train,all,all,,,,194400,11921,0.06132201646090535,-0.08855738467265091,-0.06544428361600368,2511.1122661377594,0.1,19440,0.1,0.5702674897119342,9.299555406425636,11086,0.9299555406425636,0.9803634241779315,0.113304353872936,2461.8026197260197
extra_trees_regression,extra_trees,regression,bbob_train,all,all,,,,194400,11921,0.06132201646090535,-0.08855738467265091,-0.06544428361600368,2511.1122661377594,0.2,38880,0.2,0.29218106995884774,4.764700947907055,11360,0.9529401895814109,0.9854654367102729,0.041047687915315295,2474.6143459779705
extra_trees_regression,extra_trees,regression,bbob_train,label_source,label_source=changed_algorithm,changed_algorithm,,,74400,8470,0.11384408602150538,-0.05859081542569486,-0.06280283172738645,1678.8603444230114,0.05,3720,0.05,0.9830645161290322,8.635182998819362,3657,0.43175914994096815,0.7985751688714007,0.3593579580164283,1340.6961830591042
extra_trees_regression,extra_trees,regression,bbob_train,label_source,label_source=changed_algorithm,changed_algorithm,,,74400,8470,0.11384408602150538,-0.05859081542569486,-0.06280283172738645,1678.8603444230114,0.1,7440,0.1,0.9208333333333333,8.088547815820542,6851,0.8088547815820543,0.9565578088067227,0.2129589052212955,1605.9269723537755
extra_trees_regression,extra_trees,regression,bbob_train,label_source,label_source=changed_algorithm,changed_algorithm,,,74400,8470,0.11384408602150538,-0.05859081542569486,-0.06280283172738645,1678.8603444230114,0.2,14880,0.2,0.553494623655914,4.861865407319953,8236,0.9723730814639906,0.9932954021640023,0.09789973750699993,1667.6042609908504
extra_trees_regression,extra_trees,regression,bbob_train,label_source,label_source=same_algorithm,same_algorithm,,,120000,3451,0.028758333333333334,-0.10713665760576366,-0.06743423570665175,832.2519217147483,0.05,6000,0.05,0.4796666666666667,16.679223413503333,2878,0.8339611706751666,0.9564893511864522,0.11632180469079455,796.0401006246176
extra_trees_regression,extra_trees,regression,bbob_train,label_source,label_source=same_algorithm,same_algorithm,,,120000,3451,0.028758333333333334,-0.10713665760576366,-0.06743423570665175,832.2519217147483,0.1,12000,0.1,0.24983333333333332,8.687337003767023,2998,0.8687337003767024,0.9630257501388096,0.04418029695877469,801.4800312138113
extra_trees_regression,extra_trees,regression,bbob_train,label_source,label_source=same_algorithm,same_algorithm,,,120000,3451,0.028758333333333334,-0.10713665760576366,-0.06743423570665175,832.2519217147483,0.2,24000,0.2,0.12933333333333333,4.497247174731961,3104,0.8994494349463924,0.968638296333492,0.005439534523959241,806.1510835700485
extra_trees_regression,extra_trees,regression,bbob_train,dimension,dimension=10,,10.0,,64800,2405,0.037114197530864194,-0.04022633237538057,-0.03715828153278458,308.0180086184804,0.05,3240,0.05,0.6098765432098765,16.43243243243243,1976,0.8216216216216217,0.9757063691743272,0.0810821234576946,300.5351328294441
extra_trees_regression,extra_trees,regression,bbob_train,dimension,dimension=10,,10.0,,64800,2405,0.037114197530864194,-0.04022633237538057,-0.03715828153278458,308.0180086184804,0.1,6480,0.1,0.3472222222222222,9.355509355509357,2250,0.9355509355509356,0.9911973863776736,0.028538560615634503,305.30664509989344
extra_trees_regression,extra_trees,regression,bbob_train,dimension,dimension=10,,10.0,,64800,2405,0.037114197530864194,-0.04022633237538057,-0.03715828153278458,308.0180086184804,0.2,12960,0.2,0.1783179012345679,4.8045738045738045,2311,0.9609147609147609,0.9943650112134317,5.496844037305869e-05,306.2823305938541
extra_trees_regression,extra_trees,regression,bbob_train,dimension,dimension=20,,20.0,,64800,3858,0.059537037037037034,-0.07228172978918257,-0.06716881295115272,823.0687800379324,0.05,3240,0.05,0.9104938271604939,15.292897874546398,2950,0.7646448937273198,0.9515122796665455,0.23734915265494808,783.1600512162556
extra_trees_regression,extra_trees,regression,bbob_train,dimension,dimension=20,,20.0,,64800,3858,0.059537037037037034,-0.07228172978918257,-0.06716881295115272,823.0687800379324,0.1,6480,0.1,0.5712962962962963,9.595645412130638,3702,0.9595645412130638,0.9910375764407522,0.10740981781674665,815.6920890128391
extra_trees_regression,extra_trees,regression,bbob_train,dimension,dimension=20,,20.0,,64800,3858,0.059537037037037034,-0.07228172978918257,-0.06716881295115272,823.0687800379324,0.2,12960,0.2,0.29012345679012347,4.872991187143598,3760,0.9745982374287195,0.9945632109477269,0.0279598061073704,818.5939287053545
extra_trees_regression,extra_trees,regression,bbob_train,dimension,dimension=40,,40.0,,64800,5658,0.08731481481481482,-0.1531640918533896,-0.14272675969545875,1380.025477481347,0.05,3240,0.05,0.9861111111111112,11.293743372216332,3195,0.5646871686108166,0.8441352568026004,0.3588088656978956,1164.928160827848
extra_trees_regression,extra_trees,regression,bbob_train,dimension,dimension=40,,40.0,,64800,5658,0.08731481481481482,-0.1531640918533896,-0.14272675969545875,1380.025477481347,0.1,6480,0.1,0.8251543209876543,9.450335807705903,5347,0.9450335807705903,0.9809850229742955,0.2014232891035682,1353.784324732152
extra_trees_regression,extra_trees,regression,bbob_train,dimension,dimension=40,,40.0,,64800,5658,0.08731481481481482,-0.1531640918533896,-0.14272675969545875,1380.025477481347,0.2,12960,0.2,0.42692901234567904,4.889536938847649,5533,0.9779073877695299,0.9916394910783913,0.05296106880934438,1368.4877621648168
extra_trees_regression,extra_trees,regression,bbob_train,FE_ratio,FE_ratio=0.2,,,0.2,19440,1637,0.08420781893004116,-0.06196176210011554,-0.05049860667501493,304.44205064313394,0.05,972,0.05,0.8333333333333334,9.896151496640195,810,0.49480757483200977,0.7804769048227329,0.23603905464030983,237.6099893838389
extra_trees_regression,extra_trees,regression,bbob_train,FE_ratio,FE_ratio=0.2,,,0.2,19440,1637,0.08420781893004116,-0.06196176210011554,-0.05049860667501493,304.44205064313394,0.1,1944,0.1,0.632201646090535,7.507635919364691,1229,0.7507635919364691,0.9198481051379286,0.12990514538899234,280.04044340839204
extra_trees_regression,extra_trees,regression,bbob_train,FE_ratio,FE_ratio=0.2,,,0.2,19440,1637,0.08420781893004116,-0.06196176210011554,-0.05049860667501493,304.44205064313394,0.2,3888,0.2,0.363940329218107,4.321930360415394,1415,0.8643860720830788,0.9539005884359328,0.05374770261111072,290.40745125312753
extra_trees_regression,extra_trees,regression,bbob_train,FE_ratio,FE_ratio=0.25,,,0.25,19440,1530,0.0787037037037037,-0.06684412289960417,-0.05379598025536793,289.0381601639173,0.05,972,0.05,0.9639917695473251,12.248366013071895,937,0.6124183006535948,0.8841966339537912,0.26163227409739587,255.5665683011325
extra_trees_regression,extra_trees,regression,bbob_train,FE_ratio,FE_ratio=0.25,,,0.25,19440,1530,0.0787037037037037,-0.06684412289960417,-0.05379598025536793,289.0381601639173,0.1,1944,0.1,0.7289094650205762,9.261437908496733,1417,0.9261437908496732,0.984769374841477,0.13810734771419145,284.63592828995155
extra_trees_regression,extra_trees,regression,bbob_train,FE_ratio,FE_ratio=0.25,,,0.25,19440,1530,0.0787037037037037,-0.06684412289960417,-0.05379598025536793,289.0381601639173,0.2,3888,0.2,0.37808641975308643,4.803921568627451,1470,0.9607843137254902,0.9906458772050106,0.05585552922862676,286.33446172130624
extra_trees_regression,extra_trees,regression,bbob_train,FE_ratio,FE_ratio=0.28,,,0.28,19440,1516,0.07798353909465021,-0.06678863875638497,-0.05595944523593056,294.83506110374555,0.05,972,0.05,0.9732510288065843,12.480211081794193,946,0.6240105540897097,0.9010800936785863,0.27249217100195083,265.6700044790947
extra_trees_regression,extra_trees,regression,bbob_train,FE_ratio,FE_ratio=0.28,,,0.28,19440,1516,0.07798353909465021,-0.06678863875638497,-0.05595944523593056,294.83506110374555,0.1,1944,0.1,0.7366255144032922,9.445910290237466,1432,0.9445910290237467,0.9886221321441473,0.14262429320182157,291.4804667392348
extra_trees_regression,extra_trees,regression,bbob_train,FE_ratio,FE_ratio=0.28,,,0.28,19440,1516,0.07798353909465021,-0.06678863875638497,-0.05595944523593056,294.83506110374555,0.2,3888,0.2,0.37988683127572015,4.871372031662268,1477,0.9742744063324539,0.9926944038960979,0.05748204527885807,292.6811152300522
extra_trees_regression,extra_trees,regression,bbob_train,FE_ratio,FE_ratio=0.3,,,0.3,19440,1403,0.07217078189300412,-0.07045501341769796,-0.05769358257385397,275.8794546370344,0.05,972,0.05,0.9753086419753086,13.513898788310762,948,0.6756949394155382,0.9184219491938411,0.25990563985991627,253.37374647027903
extra_trees_regression,extra_trees,regression,bbob_train,FE_ratio,FE_ratio=0.3,,,0.3,19440,1403,0.07217078189300412,-0.07045501341769796,-0.05769358257385397,275.8794546370344,0.1,1944,0.1,0.6995884773662552,9.69351389878831,1360,0.9693513898788311,0.9913020761140805,0.1320527060820672,273.4798761389125
extra_trees_regression,extra_trees,regression,bbob_train,FE_ratio,FE_ratio=0.3,,,0.3,19440,1403,0.07217078189300412,-0.07045501341769796,-0.05769358257385397,275.8794546370344,0.2,3888,0.2,0.35210905349794236,4.878831076265145,1369,0.9757662152530292,0.9923299354539757,0.05126748870519859,273.7634414130464
extra_trees_regression,extra_trees,regression,bbob_train,FE_ratio,FE_ratio=0.35,,,0.35,19440,1388,0.07139917695473251,-0.07482964941049443,-0.062069321341436653,257.6511044439708,0.05,972,0.05,0.9691358024691358,13.573487031700289,942,0.6786743515850144,0.9207094886799958,0.2429953791347387,237.22181663044452
extra_trees_regression,extra_trees,regression,bbob_train,FE_ratio,FE_ratio=0.35,,,0.35,19440,1388,0.07139917695473251,-0.07482964941049443,-0.062069321341436653,257.6511044439708,0.1,1944,0.1,0.690843621399177,9.675792507204612,1343,0.9675792507204611,0.9929118447805125,0.12261088474017705,255.82483342319955
extra_trees_regression,extra_trees,regression,bbob_train,FE_ratio,FE_ratio=0.35,,,0.35,19440,1388,0.07139917695473251,-0.07482964941049443,-0.062069321341436653,257.6511044439708,0.2,3888,0.2,0.35108024691358025,4.9171469740634,1365,0.9834293948126801,0.9950685111804152,0.045402593512568916,256.38050090305165
extra_trees_regression,extra_trees,regression,bbob_train,FE_ratio,FE_ratio=0.4,,,0.4,19440,1376,0.07078189300411522,-0.08176159053440116,-0.06731035034538017,252.55187921031478,0.05,972,0.05,0.9598765432098766,13.561046511627909,933,0.6780523255813954,0.9311562899172778,0.24042958069073453,235.1652708571132
extra_trees_regression,extra_trees,regression,bbob_train,FE_ratio,FE_ratio=0.4,,,0.4,19440,1376,0.07078189300411522,-0.08176159053440116,-0.06731035034538017,252.55187921031478,0.1,1944,0.1,0.683641975308642,9.65843023255814,1329,0.965843023255814,0.9905716438424944,0.11908878418463693,250.1707301448726
extra_trees_regression,extra_trees,regression,bbob_train,FE_ratio,FE_ratio=0.4,,,0.4,19440,1376,0.07078189300411522,-0.08176159053440116,-0.06731035034538017,252.55187921031478,0.2,3888,0.2,0.34670781893004116,4.898255813953488,1348,0.9796511627906976,0.9926319885909325,0.0424103525213159,250.69107408291174
extra_trees_regression,extra_trees,regression,bbob_train,FE_ratio,FE_ratio=0.45,,,0.45,19440,911,0.04686213991769547,-0.09574364894010993,-0.0740343803226563,214.80823720368133,0.05,972,0.05,0.8055555555555556,17.189901207464327,783,0.8594950603732162,0.9637314977564587,0.20604184102491183,207.01746417072843
extra_trees_regression,extra_trees,regression,bbob_train,FE_ratio,FE_ratio=0.45,,,0.45,19440,911,0.04686213991769547,-0.09574364894010993,-0.0740343803226563,214.80823720368133,0.1,1944,0.1,0.44393004115226337,9.473106476399561,863,0.9473106476399561,0.9806720468015373,0.08874526344695784,210.65643364836427
extra_trees_regression,extra_trees,regression,bbob_train,FE_ratio,FE_ratio=0.45,,,0.45,19440,911,0.04686213991769547,-0.09574364894010993,-0.0740343803226563,214.80823720368133,0.2,3888,0.2,0.22325102880658437,4.763995609220637,868,0.9527991218441273,0.9811769136274939,0.024989526789061352,210.76488320127064
extra_trees_regression,extra_trees,regression,bbob_train,FE_ratio,FE_ratio=0.5,,,0.5,19440,752,0.03868312757201646,-0.10761678906395437,-0.08153801385084204,216.74610973067038,0.05,972,0.05,0.7026748971193416,18.164893617021278,683,0.9082446808510638,0.9788282219257703,0.2068640258907877,212.157209197
extra_trees_regression,extra_trees,regression,bbob_train,FE_ratio,FE_ratio=0.5,,,0.5,19440,752,0.03868312757201646,-0.10761678906395437,-0.08153801385084204,216.74610973067038,0.1,1944,0.1,0.3636831275720165,9.401595744680852,707,0.9401595744680851,0.9856211697567094,0.08474464970860128,213.62955421295942
extra_trees_regression,extra_trees,regression,bbob_train,FE_ratio,FE_ratio=0.5,,,0.5,19440,752,0.03868312757201646,-0.10761678906395437,-0.08153801385084204,216.74610973067038,0.2,3888,0.2,0.18338477366255143,4.740691489361702,713,0.9481382978723404,0.9864800755244831,0.020986812615158234,213.8157186967496
extra_trees_regression,extra_trees,regression,bbob_train,FE_ratio,FE_ratio=0.55,,,0.55,19440,784,0.040329218106995884,-0.12055088341199817,-0.09047622006570433,212.50845114181092,0.05,972,0.05,0.7283950617283951,18.06122448979592,708,0.9030612244897959,0.9723550102876806,0.20121968175803998,206.6336571962146
extra_trees_regression,extra_trees,regression,bbob_train,FE_ratio,FE_ratio=0.55,,,0.55,19440,784,0.040329218106995884,-0.12055088341199817,-0.09047622006570433,212.50845114181092,0.1,1944,0.1,0.37962962962962965,9.41326530612245,738,0.9413265306122449,0.9800014516465612,0.07972052117068189,208.25859060613703
extra_trees_regression,extra_trees,regression,bbob_train,FE_ratio,FE_ratio=0.55,,,0.55,19440,784,0.040329218106995884,-0.12055088341199817,-0.09047622006570433,212.50845114181092,0.2,3888,0.2,0.19161522633744857,4.751275510204082,745,0.9502551020408163,0.9813385852465074,0.016116480230083587,208.54274279643127
extra_trees_regression,extra_trees,regression,bbob_train,FE_ratio,FE_ratio=0.6,,,0.6,19440,624,0.03209876543209877,-0.13902174819174842,-0.10198680721304745,192.65175785948037,0.05,972,0.05,0.5792181069958847,18.044871794871792,563,0.9022435897435898,0.9851527097095194,0.17733769457521215,189.7914012855693
extra_trees_regression,extra_trees,regression,bbob_train,FE_ratio,FE_ratio=0.6,,,0.6,19440,624,0.03209876543209877,-0.13902174819174842,-0.10198680721304745,192.65175785948037,0.1,1944,0.1,0.2978395061728395,9.278846153846153,579,0.9278846153846154,0.9907862379456973,0.06433794122576039,190.87671040322
extra_trees_regression,extra_trees,regression,bbob_train,FE_ratio,FE_ratio=0.6,,,0.6,19440,624,0.03209876543209877,-0.13902174819174842,-0.10198680721304745,192.65175785948037,0.2,3888,0.2,0.1514917695473251,4.719551282051282,589,0.9439102564102564,0.992098940532444,0.005330232698591844,191.1296048641034
extra_trees_regression,extra_trees,regression,bbob_validation,all,all,,,,64800,3745,0.05779320987654321,-0.09152940558707323,-0.07597107961327272,743.0385345915533,0.05,3240,0.05,0.16913580246913582,2.9265687583444593,548,0.14632843791722297,0.24716361525871455,-0.004560764112277329,183.65209048618576
extra_trees_regression,extra_trees,regression,bbob_validation,all,all,,,,64800,3745,0.05779320987654321,-0.09152940558707323,-0.07597107961327272,743.0385345915533,0.1,6480,0.1,0.1310185185185185,2.2670226969292386,849,0.2267022696929239,0.3399477231124117,-0.024172848120918605,252.59425801918155
extra_trees_regression,extra_trees,regression,bbob_validation,all,all,,,,64800,3745,0.05779320987654321,-0.09152940558707323,-0.07597107961327272,743.0385345915533,0.2,12960,0.2,0.10578703703703704,1.8304405874499332,1371,0.36608811748998665,0.46536973077454613,-0.03962984027689321,345.78764279798446
extra_trees_regression,extra_trees,regression,bbob_validation,label_source,label_source=changed_algorithm,changed_algorithm,,,16560,2549,0.15392512077294687,-0.05116247729341551,-0.06176568779918107,607.1864253523988,0.05,828,0.05,0.4746376811594203,3.0835621812475478,393,0.15417810906237742,0.3025047247424146,0.17620067561495908,183.67676246855808
extra_trees_regression,extra_trees,regression,bbob_validation,label_source,label_source=changed_algorithm,changed_algorithm,,,16560,2549,0.15392512077294687,-0.05116247729341551,-0.06176568779918107,607.1864253523988,0.1,1656,0.1,0.31219806763285024,2.0282463711259315,517,0.2028246371125932,0.36373735159833664,0.07535097911812695,220.8563822841427
extra_trees_regression,extra_trees,regression,bbob_validation,label_source,label_source=changed_algorithm,changed_algorithm,,,16560,2549,0.15392512077294687,-0.05116247729341551,-0.06176568779918107,607.1864253523988,0.2,3312,0.2,0.2252415458937198,1.4633189486072968,746,0.2926637897214594,0.44663787652535375,0.014898793722232115,271.19245567441567
extra_trees_regression,extra_trees,regression,bbob_validation,label_source,label_source=same_algorithm,same_algorithm,,,48240,1196,0.024792703150912105,-0.10538670932967216,-0.08462815497687234,135.85210923915443,0.05,2412,0.05,0.08043117744610281,3.2441471571906355,194,0.16220735785953178,0.13522463236001292,-0.05904481920002054,18.370551527196973
extra_trees_regression,extra_trees,regression,bbob_validation,label_source,label_source=same_algorithm,same_algorithm,,,48240,1196,0.024792703150912105,-0.10538670932967216,-0.08462815497687234,135.85210923915443,0.1,4824,0.1,0.06861525704809288,2.767558528428094,331,0.27675585284280935,0.2329214993527614,-0.0583628686480828,31.642876974218982
extra_trees_regression,extra_trees,regression,bbob_validation,label_source,label_source=same_algorithm,same_algorithm,,,48240,1196,0.024792703150912105,-0.10538670932967216,-0.08462815497687234,135.85210923915443,0.2,9648,0.2,0.05814676616915423,2.3453177257525084,561,0.4690635451505017,0.3878311246303537,-0.06035945697006367,52.68767630962692
extra_trees_regression,extra_trees,regression,bbob_validation,dimension,dimension=10,,10.0,,21600,1470,0.06805555555555555,-0.040708791525251226,-0.036659214049790265,260.3480860696287,0.05,1080,0.05,0.22592592592592592,3.3197278911564627,244,0.16598639455782313,0.30734811276956725,0.031366547650531346,80.01749291666926
extra_trees_regression,extra_trees,regression,bbob_validation,dimension,dimension=10,,10.0,,21600,1470,0.06805555555555555,-0.040708791525251226,-0.036659214049790265,260.3480860696287,0.1,2160,0.1,0.18888888888888888,2.7755102040816326,408,0.27755102040816326,0.4500285624966126,0.007478236410855574,117.16407492265938
extra_trees_regression,extra_trees,regression,bbob_validation,dimension,dimension=10,,10.0,,21600,1470,0.06805555555555555,-0.040708791525251226,-0.036659214049790265,260.3480860696287,0.2,4320,0.2,0.12824074074074074,1.8843537414965987,554,0.3768707482993197,0.5603272737045463,-0.01582262966488218,145.8801332815916
extra_trees_regression,extra_trees,regression,bbob_validation,dimension,dimension=20,,20.0,,21600,1908,0.08833333333333333,-0.05664202206459035,-0.0679457754312032,392.4289080321196,0.05,1080,0.05,0.19074074074074074,2.159329140461216,206,0.10796645702306079,0.21481876832598376,0.025414442947262507,84.30109467897068
extra_trees_regression,extra_trees,regression,bbob_validation,dimension,dimension=20,,20.0,,21600,1908,0.08833333333333333,-0.05664202206459035,-0.0679457754312032,392.4289080321196,0.1,2160,0.1,0.1763888888888889,1.9968553459119498,381,0.19968553459119498,0.3195552668211862,0.002820704202774615,125.4027244145507
extra_trees_regression,extra_trees,regression,bbob_validation,dimension,dimension=20,,20.0,,21600,1908,0.08833333333333333,-0.05664202206459035,-0.0679457754312032,392.4289080321196,0.2,4320,0.2,0.15393518518518517,1.742662473794549,665,0.34853249475890985,0.4650106464579706,-0.018170354943051224,182.48362021281142
extra_trees_regression,extra_trees,regression,bbob_validation,dimension,dimension=40,,40.0,,21600,367,0.01699074074074074,-0.17723740317137815,-0.16708161511555475,90.26154048980496,0.05,1080,0.05,0.01574074074074074,0.9264305177111716,17,0.04632152588555858,0.055766500545940935,-0.14368808180343712,5.033570247002178
extra_trees_regression,extra_trees,regression,bbob_validation,dimension,dimension=40,,40.0,,21600,367,0.01699074074074074,-0.17723740317137815,-0.16708161511555475,90.26154048980496,0.1,2160,0.1,0.021296296296296296,1.2534059945504088,46,0.12534059945504086,0.1121239401955897,-0.15244620439601772,10.12047956784069
extra_trees_regression,extra_trees,regression,bbob_validation,dimension,dimension=40,,40.0,,21600,367,0.01699074074074074,-0.17723740317137815,-0.16708161511555475,90.26154048980496,0.2,4320,0.2,0.02939814814814815,1.7302452316076296,127,0.3460490463215259,0.34262202131753455,-0.15911195484981827,30.925591449851463
extra_trees_regression,extra_trees,regression,bbob_validation,FE_ratio,FE_ratio=0.2,,,0.2,6480,296,0.04567901234567901,-0.07854640971495502,-0.05432046807708305,38.557426800468264,0.05,324,0.05,0.08333333333333333,1.8243243243243243,27,0.09121621621621621,0.09160009596425278,-0.06082785836602693,3.5318639950575457
extra_trees_regression,extra_trees,regression,bbob_validation,FE_ratio,FE_ratio=0.2,,,0.2,6480,296,0.04567901234567901,-0.07854640971495502,-0.05432046807708305,38.557426800468264,0.1,648,0.1,0.06635802469135803,1.4527027027027029,43,0.14527027027027026,0.16509285598715237,-0.0643953324594005,6.365555710004878
extra_trees_regression,extra_trees,regression,bbob_validation,FE_ratio,FE_ratio=0.2,,,0.2,6480,296,0.04567901234567901,-0.07854640971495502,-0.05432046807708305,38.557426800468264,0.2,1296,0.2,0.05401234567901234,1.1824324324324325,70,0.23648648648648649,0.25771125288359115,-0.06900634421622127,9.936682768716034
extra_trees_regression,extra_trees,regression,bbob_validation,FE_ratio,FE_ratio=0.25,,,0.25,6480,292,0.04506172839506173,-0.08209066348445634,-0.05811985784400571,35.463735190300596,0.05,324,0.05,0.040123456790123455,0.8904109589041095,13,0.04452054794520548,0.02887846459958429,-0.06450440242986627,1.0241382212621275
extra_trees_regression,extra_trees,regression,bbob_validation,FE_ratio,FE_ratio=0.25,,,0.25,6480,292,0.04506172839506173,-0.08209066348445634,-0.05811985784400571,35.463735190300596,0.1,648,0.1,0.05246913580246913,1.1643835616438356,34,0.11643835616438356,0.0950562105254472,-0.06291158085415395,3.371048278267924
extra_trees_regression,extra_trees,regression,bbob_validation,FE_ratio,FE_ratio=0.25,,,0.25,6480,292,0.04506172839506173,-0.08209066348445634,-0.05811985784400571,35.463735190300596,0.2,1296,0.2,0.046296296296296294,1.0273972602739725,60,0.2054794520547945,0.1706899323062231,-0.05886074066579969,6.05330255895823
extra_trees_regression,extra_trees,regression,bbob_validation,FE_ratio,FE_ratio=0.28,,,0.28,6480,274,0.042283950617283954,-0.08549062609263769,-0.060059978976886724,32.16164278161452,0.05,324,0.05,0.1111111111111111,2.6277372262773717,36,0.13138686131386862,0.10560203929507335,-0.05119704988148441,3.3963350648181683
extra_trees_regression,extra_trees,regression,bbob_validation,FE_ratio,FE_ratio=0.28,,,0.28,6480,274,0.042283950617283954,-0.08549062609263769,-0.060059978976886724,32.16164278161452,0.1,648,0.1,0.10030864197530864,2.3722627737226274,65,0.23722627737226276,0.203864450300652,-0.05349286348512486,6.556615626439776
extra_trees_regression,extra_trees,regression,bbob_validation,FE_ratio,FE_ratio=0.28,,,0.28,6480,274,0.042283950617283954,-0.08549062609263769,-0.060059978976886724,32.16164278161452,0.2,1296,0.2,0.07253086419753087,1.7153284671532847,94,0.34306569343065696,0.2882660855991384,-0.055928458147426606,9.271110871093802
extra_trees_regression,extra_trees,regression,bbob_validation,FE_ratio,FE_ratio=0.3,,,0.3,6480,284,0.043827160493827164,-0.08706332924379373,-0.061481761258876125,31.652929735382077,0.05,324,0.05,0.1388888888888889,3.169014084507042,45,0.15845070422535212,0.1254144210572245,-0.04617477707388549,3.9697338575279493
extra_trees_regression,extra_trees,regression,bbob_validation,FE_ratio,FE_ratio=0.3,,,0.3,6480,284,0.043827160493827164,-0.08706332924379373,-0.061481761258876125,31.652929735382077,0.1,648,0.1,0.11882716049382716,2.7112676056338025,77,0.2711267605633803,0.2211165286690779,-0.05188565207416611,6.998985945293919
extra_trees_regression,extra_trees,regression,bbob_validation,FE_ratio,FE_ratio=0.3,,,0.3,6480,284,0.043827160493827164,-0.08706332924379373,-0.061481761258876125,31.652929735382077,0.2,1296,0.2,0.08024691358024691,1.8309859154929575,104,0.36619718309859156,0.3138440502689465,-0.05545286423770807,9.934083671030683
extra_trees_regression,extra_trees,regression,bbob_validation,FE_ratio,FE_ratio=0.35,,,0.35,6480,256,0.03950617283950617,-0.09341559547051581,-0.06664570006608084,26.439322897806413,0.05,324,0.05,0.06172839506172839,1.5625,20,0.078125,0.05009016714201567,-0.06818720531436205,1.3243501030728453
extra_trees_regression,extra_trees,regression,bbob_validation,FE_ratio,FE_ratio=0.35,,,0.35,6480,256,0.03950617283950617,-0.09341559547051581,-0.06664570006608084,26.439322897806413,0.1,648,0.1,0.06481481481481481,1.640625,42,0.1640625,0.11576805426686004,-0.06533602589960581,3.060828968012288
extra_trees_regression,extra_trees,regression,bbob_validation,FE_ratio,FE_ratio=0.35,,,0.35,6480,256,0.03950617283950617,-0.09341559547051581,-0.06664570006608084,26.439322897806413,0.2,1296,0.2,0.06404320987654322,1.6210937500000002,83,0.32421875,0.2567166080766255,-0.06542265683971671,6.787413294167519
extra_trees_regression,extra_trees,regression,bbob_validation,FE_ratio,FE_ratio=0.4,,,0.4,6480,800,0.12345679012345678,-0.07290554260108724,-0.07056462486829276,174.15917724891835,0.05,324,0.05,0.5277777777777778,4.275,171,0.21375,0.47955192254769546,0.21908853136108342,83.51836827904367
extra_trees_regression,extra_trees,regression,bbob_validation,FE_ratio,FE_ratio=0.4,,,0.4,6480,800,0.12345679012345678,-0.07290554260108724,-0.07056462486829276,174.15917724891835,0.1,648,0.1,0.41358024691358025,3.35,268,0.335,0.5985336347776262,0.11346206931842175,104.24012538867598
extra_trees_regression,extra_trees,regression,bbob_validation,FE_ratio,FE_ratio=0.4,,,0.4,6480,800,0.12345679012345678,-0.07290554260108724,-0.07056462486829276,174.15917724891835,0.2,1296,0.2,0.28703703703703703,2.325,372,0.465,0.6932030731261777,0.03753093718364791,120.7276768820769
extra_trees_regression,extra_trees,regression,bbob_validation,FE_ratio,FE_ratio=0.45,,,0.45,6480,243,0.0375,-0.10186903427734409,-0.07939845101548082,50.56190594132994,0.05,324,0.05,0.19753086419753085,5.267489711934156,64,0.26337448559670784,0.48076941688496383,0.013632707272992725,24.30861803600559
extra_trees_regression,extra_trees,regression,bbob_validation,FE_ratio,FE_ratio=0.45,,,0.45,6480,243,0.0375,-0.10186903427734409,-0.07939845101548082,50.56190594132994,0.1,648,0.1,0.13580246913580246,3.6213991769547325,88,0.36213991769547327,0.5896604937207323,-0.023641368754923606,29.814358420825847
extra_trees_regression,extra_trees,regression,bbob_validation,FE_ratio,FE_ratio=0.45,,,0.45,6480,243,0.0375,-0.10186903427734409,-0.07939845101548082,50.56190594132994,0.2,1296,0.2,0.09027777777777778,2.4074074074074074,117,0.48148148148148145,0.6624066231388132,-0.04733726777899955,33.49254137405867
extra_trees_regression,extra_trees,regression,bbob_validation,FE_ratio,FE_ratio=0.5,,,0.5,6480,477,0.07361111111111111,-0.08578559846269349,-0.08202974076197492,151.15391573733473,0.05,324,0.05,0.45987654320987653,6.247379454926625,149,0.31236897274633124,0.4774590461386665,0.1777796374099996,72.16980442807221
extra_trees_regression,extra_trees,regression,bbob_validation,FE_ratio,FE_ratio=0.5,,,0.5,6480,477,0.07361111111111111,-0.08578559846269349,-0.08202974076197492,151.15391573733473,0.1,648,0.1,0.2962962962962963,4.0251572327044025,192,0.4025157232704403,0.5487793292304884,0.07819663120402934,82.95014448889633
extra_trees_regression,extra_trees,regression,bbob_validation,FE_ratio,FE_ratio=0.5,,,0.5,6480,477,0.07361111111111111,-0.08578559846269349,-0.08202974076197492,151.15391573733473,0.2,1296,0.2,0.18441358024691357,2.5052410901467503,239,0.5010482180293501,0.613765983904069,0.013679701716528082,92.77313181347799
extra_trees_regression,extra_trees,regression,bbob_validation,FE_ratio,FE_ratio=0.55,,,0.55,6480,376,0.05802469135802469,-0.11228594071878435,-0.09215825578698267,79.68497550744864,0.05,324,0.05,0.21296296296296297,3.670212765957447,69,0.18351063829787234,0.2837242494485635,0.011389248232306293,22.60855986817803
extra_trees_regression,extra_trees,regression,bbob_validation,FE_ratio,FE_ratio=0.55,,,0.55,6480,376,0.05802469135802469,-0.11228594071878435,-0.09215825578698267,79.68497550744864,0.1,648,0.1,0.1388888888888889,2.393617021276596,90,0.2393617021276596,0.34278388977208885,-0.022054318502831263,27.314725860836873
extra_trees_regression,extra_trees,regression,bbob_validation,FE_ratio,FE_ratio=0.55,,,0.55,6480,376,0.05802469135802469,-0.11228594071878435,-0.09215825578698267,79.68497550744864,0.2,1296,0.2,0.1087962962962963,1.875,141,0.375,0.4618932770825043,-0.04629053703861934,36.80595447137455
extra_trees_regression,extra_trees,regression,bbob_validation,FE_ratio,FE_ratio=0.6,,,0.6,6480,447,0.06898148148148148,-0.11584131580446465,-0.10228898920926656,123.20350275094972,0.05,324,0.05,0.345679012345679,5.011185682326622,112,0.2505592841163311,0.43354966789572946,0.11278110376582508,53.41483770126485
extra_trees_regression,extra_trees,regression,bbob_validation,FE_ratio,FE_ratio=0.6,,,0.6,6480,447,0.06898148148148148,-0.11584131580446465,-0.10228898920926656,123.20350275094972,0.1,648,0.1,0.2361111111111111,3.422818791946309,153,0.3422818791946309,0.5444841614255683,0.043105783697960316,67.08235588004356
extra_trees_regression,extra_trees,regression,bbob_validation,FE_ratio,FE_ratio=0.6,,,0.6,6480,447,0.06898148148148148,-0.11584131580446465,-0.10228898920926656,123.20350275094972,0.2,1296,0.2,0.18287037037037038,2.651006711409396,237,0.5302013422818792,0.7187930058420365,-9.25106459377022e-06,88.55781607262278
mlp_regression,mlp,regression,bbob_train,all,all,,,,194400,11921,0.06132201646090535,-0.08855738467265091,-0.06544428361600368,2511.1122661377594,0.05,9720,0.05,0.32253086419753085,5.2596258703128935,3135,0.26298129351564464,0.31441097251146094,0.03483439701652093,789.5212496818315
mlp_regression,mlp,regression,bbob_train,all,all,,,,194400,11921,0.06132201646090535,-0.08855738467265091,-0.06544428361600368,2511.1122661377594,0.1,19440,0.1,0.2256687242798354,3.6800603976176496,4387,0.36800603976176494,0.41319474767636005,0.003177540487113397,1037.5783991938042
mlp_regression,mlp,regression,bbob_train,all,all,,,,194400,11921,0.06132201646090535,-0.08855738467265091,-0.06544428361600368,2511.1122661377594,0.2,38880,0.2,0.14660493827160495,2.3907390319604063,5700,0.4781478063920812,0.49976945228294833,-0.020262545118125107,1254.9772018686613
mlp_regression,mlp,regression,bbob_train,label_source,label_source=changed_algorithm,changed_algorithm,,,74400,8470,0.11384408602150538,-0.05859081542569486,-0.06280283172738645,1678.8603444230114,0.05,3720,0.05,0.5225806451612903,4.590318772136954,1944,0.22951593860684769,0.3216606186044469,0.10975082657503307,540.0232569375805
mlp_regression,mlp,regression,bbob_train,label_source,label_source=changed_algorithm,changed_algorithm,,,74400,8470,0.11384408602150538,-0.05859081542569486,-0.06280283172738645,1678.8603444230114,0.1,7440,0.1,0.4442204301075269,3.9020070838252656,3305,0.3902007083825266,0.48878421732762867,0.07197327464453938,820.6004394511946
mlp_regression,mlp,regression,bbob_train,label_source,label_source=changed_algorithm,changed_algorithm,,,74400,8470,0.11384408602150538,-0.05859081542569486,-0.06280283172738645,1678.8603444230114,0.2,14880,0.2,0.3143145161290323,2.760920897284534,4677,0.5521841794569067,0.6286947263596117,0.025494092400745193,1055.4906448330285
mlp_regression,mlp,regression,bbob_train,label_source,label_source=same_algorithm,same_algorithm,,,120000,3451,0.028758333333333334,-0.10713665760576366,-0.06743423570665175,832.2519217147483,0.05,6000,0.05,0.04516666666666667,1.570559258186033,271,0.07852796290930165,0.08024383410533786,-0.052436776697412625,66.7830851399269
mlp_regression,mlp,regression,bbob_train,label_source,label_source=same_algorithm,same_algorithm,,,120000,3451,0.028758333333333334,-0.10713665760576366,-0.06743423570665175,832.2519217147483,0.1,12000,0.1,0.03791666666666667,1.3184584178498986,455,0.13184584178498987,0.12460537157383235,-0.05089086006831536,103.70305994830224
mlp_regression,mlp,regression,bbob_train,label_source,label_source=same_algorithm,same_algorithm,,,120000,3451,0.028758333333333334,-0.10713665760576366,-0.06743423570665175,832.2519217147483,0.2,24000,0.2,0.033166666666666664,1.1532889017676036,796,0.23065778035352072,0.20151070214347747,-0.05008372034910539,167.70766910499736
mlp_regression,mlp,regression,bbob_train,dimension,dimension=10,,10.0,,64800,2405,0.037114197530864194,-0.04022633237538057,-0.03715828153278458,308.0180086184804,0.05,3240,0.05,0.1814814814814815,4.889812889812891,588,0.2444906444906445,0.28763411010079115,-0.009273890053729205,88.59648580399443
mlp_regression,mlp,regression,bbob_train,dimension,dimension=10,,10.0,,64800,2405,0.037114197530864194,-0.04022633237538057,-0.03715828153278458,308.0180086184804,0.1,6480,0.1,0.13734567901234568,3.700623700623701,890,0.3700623700623701,0.45213799817273875,-0.015197273807705742,139.26664581791312
mlp_regression,mlp,regression,bbob_train,dimension,dimension=10,,10.0,,64800,2405,0.037114197530864194,-0.04022633237538057,-0.03715828153278458,308.0180086184804,0.2,12960,0.2,0.08912037037037036,2.401247401247401,1155,0.4802494802494803,0.5455613885370378,-0.02432073223455578,168.04273247631144
mlp_regression,mlp,regression,bbob_train,dimension,dimension=20,,20.0,,64800,3858,0.059537037037037034,-0.07228172978918257,-0.06716881295115272,823.0687800379324,0.05,3240,0.05,0.3537037037037037,5.940902021772939,1146,0.29704510108864696,0.36563438578043017,0.04212799613686225,300.94224784421743
mlp_regression,mlp,regression,bbob_train,dimension,dimension=20,,20.0,,64800,3858,0.059537037037037034,-0.07228172978918257,-0.06716881295115272,823.0687800379324,0.1,6480,0.1,0.24475308641975307,4.110938310005184,1586,0.4110938310005184,0.4837769879159952,0.0006675203310651434,398.18173525444377
mlp_regression,mlp,regression,bbob_train,dimension,dimension=20,,20.0,,64800,3858,0.059537037037037034,-0.07228172978918257,-0.06716881295115272,823.0687800379324,0.2,12960,0.2,0.1613425925925926,2.7099533437014,2091,0.5419906687402799,0.6037003742438228,-0.028146270101707126,496.88693053730657
mlp_regression,mlp,regression,bbob_train,dimension,dimension=40,,40.0,,64800,5658,0.08731481481481482,-0.1531640918533896,-0.14272675969545875,1380.025477481347,0.05,3240,0.05,0.4669753086419753,5.348179568752209,1513,0.26740897843761047,0.31931755433072134,0.07378093213741861,440.66636038342966
mlp_regression,mlp,regression,bbob_train,dimension,dimension=40,,40.0,,64800,5658,0.08731481481481482,-0.1531640918533896,-0.14272675969545875,1380.025477481347,0.1,6480,0.1,0.36064814814814816,4.130434782608695,2337,0.41304347826086957,0.42505296785643776,0.012491275302248833,586.5839249209441
mlp_regression,mlp,regression,bbob_train,dimension,dimension=40,,40.0,,64800,5658,0.08731481481481482,-0.1531640918533896,-0.14272675969545875,1380.025477481347,0.2,12960,0.2,0.2574074074074074,2.9480381760339345,3336,0.5896076352067868,0.5483864838021681,-0.03882225752968073,756.787319153404
mlp_regression,mlp,regression,bbob_train,FE_ratio,FE_ratio=0.2,,,0.2,19440,1637,0.08420781893004116,-0.06196176210011554,-0.05049860667501493,304.44205064313394,0.05,972,0.05,0.25102880658436216,2.981062919975565,244,0.14905314599877825,0.18746400781534875,0.012598144398384725,57.07192696108526
mlp_regression,mlp,regression,bbob_train,FE_ratio,FE_ratio=0.2,,,0.2,19440,1637,0.08420781893004116,-0.06196176210011554,-0.05049860667501493,304.44205064313394,0.1,1944,0.1,0.19907407407407407,2.364080635308491,387,0.23640806353084912,0.3125494143597498,-0.004212216708018622,95.15318463499281
mlp_regression,mlp,regression,bbob_train,FE_ratio,FE_ratio=0.2,,,0.2,19440,1637,0.08420781893004116,-0.06196176210011554,-0.05049860667501493,304.44205064313394,0.2,3888,0.2,0.1463477366255144,1.7379352474037872,569,0.34758704948075747,0.43725255724173934,-0.020542218623635655,133.11806517562943
mlp_regression,mlp,regression,bbob_train,FE_ratio,FE_ratio=0.25,,,0.25,19440,1530,0.0787037037037037,-0.06684412289960417,-0.05379598025536793,289.0381601639173,0.05,972,0.05,0.4012345679012346,5.098039215686274,390,0.2549019607843137,0.3150079942313629,0.060844351895577624,91.04933108955899
mlp_regression,mlp,regression,bbob_train,FE_ratio,FE_ratio=0.25,,,0.25,19440,1530,0.0787037037037037,-0.06684412289960417,-0.05379598025536793,289.0381601639173,0.1,1944,0.1,0.3117283950617284,3.96078431372549,606,0.396078431372549,0.46907204531647395,0.030351362165453866,135.57972096259925
mlp_regression,mlp,regression,bbob_train,FE_ratio,FE_ratio=0.25,,,0.25,19440,1530,0.0787037037037037,-0.06684412289960417,-0.05379598025536793,289.0381601639173,0.2,3888,0.2,0.2080761316872428,2.6437908496732025,809,0.5287581699346405,0.5933001144947004,-0.0022775407828234044,171.4863735185897
mlp_regression,mlp,regression,bbob_train,FE_ratio,FE_ratio=0.28,,,0.28,19440,1516,0.07798353909465021,-0.06678863875638497,-0.05595944523593056,294.83506110374555,0.05,972,0.05,0.3837448559670782,4.9208443271767806,373,0.24604221635883905,0.27904749285731273,0.045640540145581186,82.27298460743279
mlp_regression,mlp,regression,bbob_train,FE_ratio,FE_ratio=0.28,,,0.28,19440,1516,0.07798353909465021,-0.06678863875638497,-0.05595944523593056,294.83506110374555,0.1,1944,0.1,0.29475308641975306,3.779683377308707,573,0.3779683377308707,0.426143874945518,0.01872377048532815,125.64215540854869
mlp_regression,mlp,regression,bbob_train,FE_ratio,FE_ratio=0.28,,,0.28,19440,1516,0.07798353909465021,-0.06678863875638497,-0.05595944523593056,294.83506110374555,0.2,3888,0.2,0.19470164609053497,2.496701846965699,757,0.49934036939313986,0.5326378646605818,-0.007379713141768915,157.04031737337118
mlp_regression,mlp,regression,bbob_train,FE_ratio,FE_ratio=0.3,,,0.3,19440,1403,0.07217078189300412,-0.07045501341769796,-0.05769358257385397,275.8794546370344,0.05,972,0.05,0.3559670781893004,4.9322879543834635,346,0.2466143977191732,0.2987736683197453,0.039142460386185726,82.42551667595754
mlp_regression,mlp,regression,bbob_train,FE_ratio,FE_ratio=0.3,,,0.3,19440,1403,0.07217078189300412,-0.07045501341769796,-0.05769358257385397,275.8794546370344,0.1,1944,0.1,0.2525720164609053,3.499643620812544,491,0.3499643620812545,0.39766166686958715,0.008365744661515753,109.70668378603577
mlp_regression,mlp,regression,bbob_train,FE_ratio,FE_ratio=0.3,,,0.3,19440,1403,0.07217078189300412,-0.07045501341769796,-0.05769358257385397,275.8794546370344,0.2,3888,0.2,0.16949588477366256,2.348538845331433,659,0.46970776906628653,0.5178418577979177,-0.013317134739556372,142.86192931751827
mlp_regression,mlp,regression,bbob_train,FE_ratio,FE_ratio=0.35,,,0.35,19440,1388,0.07139917695473251,-0.07482964941049443,-0.062069321341436653,257.6511044439708,0.05,972,0.05,0.37551440329218105,5.259365994236311,365,0.26296829971181557,0.3185321817038178,0.04110333805270264,82.07016841693624
mlp_regression,mlp,regression,bbob_train,FE_ratio,FE_ratio=0.35,,,0.35,19440,1388,0.07139917695473251,-0.07482964941049443,-0.062069321341436653,257.6511044439708,0.1,1944,0.1,0.25925925925925924,3.631123919308357,504,0.3631123919308357,0.4283639286975905,0.009418794753271736,110.36843933289254
mlp_regression,mlp,regression,bbob_train,FE_ratio,FE_ratio=0.35,,,0.35,19440,1388,0.07139917695473251,-0.07482964941049443,-0.062069321341436653,257.6511044439708,0.2,3888,0.2,0.1736111111111111,2.4315561959654177,675,0.48631123919308356,0.5263035229855687,-0.015235883029537968,135.60268396998453
mlp_regression,mlp,regression,bbob_train,FE_ratio,FE_ratio=0.4,,,0.4,19440,1376,0.07078189300411522,-0.08176159053440116,-0.06731035034538017,252.55187921031478,0.05,972,0.05,0.338477366255144,4.781976744186046,329,0.23909883720930233,0.3289640210167831,0.03971890838220029,83.08048170037006
mlp_regression,mlp,regression,bbob_train,FE_ratio,FE_ratio=0.4,,,0.4,19440,1376,0.07078189300411522,-0.08176159053440116,-0.06731035034538017,252.55187921031478,0.1,1944,0.1,0.23765432098765432,3.357558139534884,462,0.33575581395348836,0.3886987880125393,0.002810402997742477,98.16660935933858
mlp_regression,mlp,regression,bbob_train,FE_ratio,FE_ratio=0.4,,,0.4,19440,1376,0.07078189300411522,-0.08176159053440116,-0.06731035034538017,252.55187921031478,0.2,3888,0.2,0.15046296296296297,2.125726744186047,585,0.4251453488372093,0.47918750113049763,-0.01869286851580227,121.01970390460201
mlp_regression,mlp,regression,bbob_train,FE_ratio,FE_ratio=0.45,,,0.45,19440,911,0.04686213991769547,-0.09574364894010993,-0.0740343803226563,214.80823720368133,0.05,972,0.05,0.28703703703703703,6.125137211855105,279,0.3062568605927552,0.3433219128140187,0.024313358789243678,73.74837488497532
mlp_regression,mlp,regression,bbob_train,FE_ratio,FE_ratio=0.45,,,0.45,19440,911,0.04686213991769547,-0.09574364894010993,-0.0740343803226563,214.80823720368133,0.1,1944,0.1,0.17592592592592593,3.7541163556531285,342,0.3754116355653128,0.3961396160025075,-0.010790584418973865,85.09405260004186
mlp_regression,mlp,regression,bbob_train,FE_ratio,FE_ratio=0.45,,,0.45,19440,911,0.04686213991769547,-0.09574364894010993,-0.0740343803226563,214.80823720368133,0.2,3888,0.2,0.10313786008230452,2.2008781558726676,401,0.44017563117453345,0.44288072741773754,-0.03139980960967751,95.13442834808829
mlp_regression,mlp,regression,bbob_train,FE_ratio,FE_ratio=0.5,,,0.5,19440,752,0.03868312757201646,-0.10761678906395437,-0.08153801385084204,216.74610973067038,0.05,972,0.05,0.24691358024691357,6.382978723404255,240,0.3191489361702128,0.33853507721617393,0.015711053247594888,73.37616099397779
mlp_regression,mlp,regression,bbob_train,FE_ratio,FE_ratio=0.5,,,0.5,19440,752,0.03868312757201646,-0.10761678906395437,-0.08153801385084204,216.74610973067038,0.1,1944,0.1,0.1574074074074074,4.069148936170213,306,0.40691489361702127,0.39388623242778664,-0.015962450618524603,85.37330855519338
mlp_regression,mlp,regression,bbob_train,FE_ratio,FE_ratio=0.5,,,0.5,19440,752,0.03868312757201646,-0.10761678906395437,-0.08153801385084204,216.74610973067038,0.2,3888,0.2,0.0941358024691358,2.4335106382978724,366,0.4867021276595745,0.4620013181300657,-0.03546051155717759,100.13698839513356
mlp_regression,mlp,regression,bbob_train,FE_ratio,FE_ratio=0.55,,,0.55,19440,784,0.040329218106995884,-0.12055088341199817,-0.09047622006570433,212.50845114181092,0.05,972,0.05,0.24794238683127573,6.1479591836734695,241,0.30739795918367346,0.3342061720015901,0.009395601366827015,71.02163597409157
mlp_regression,mlp,regression,bbob_train,FE_ratio,FE_ratio=0.55,,,0.55,19440,784,0.040329218106995884,-0.12055088341199817,-0.09047622006570433,212.50845114181092,0.1,1944,0.1,0.15380658436213993,3.813775510204082,299,0.38137755102040816,0.3894823663890154,-0.022951606534426253,82.76829442837698
mlp_regression,mlp,regression,bbob_train,FE_ratio,FE_ratio=0.55,,,0.55,19440,784,0.040329218106995884,-0.12055088341199817,-0.09047622006570433,212.50845114181092,0.2,3888,0.2,0.09053497942386832,2.2448979591836737,352,0.4489795918367347,0.44065390706656415,-0.04357345818504007,93.64267928030304
mlp_regression,mlp,regression,bbob_train,FE_ratio,FE_ratio=0.6,,,0.6,19440,624,0.03209876543209877,-0.13902174819174842,-0.10198680721304745,192.65175785948037,0.05,972,0.05,0.18621399176954734,5.801282051282051,181,0.2900641025641026,0.33761195932882815,-0.006356337192217608,65.04153743908213
mlp_regression,mlp,regression,bbob_train,FE_ratio,FE_ratio=0.6,,,0.6,19440,624,0.03209876543209877,-0.13902174819174842,-0.10198680721304745,192.65175785948037,0.1,1944,0.1,0.11728395061728394,3.6538461538461533,228,0.36538461538461536,0.39557027600750744,-0.03625729235616736,76.20730902980614
mlp_regression,mlp,regression,bbob_train,FE_ratio,FE_ratio=0.6,,,0.6,19440,624,0.03209876543209877,-0.13902174819174842,-0.10198680721304745,192.65175785948037,0.2,3888,0.2,0.073559670781893,2.2916666666666665,286,0.4583333333333333,0.4450408077631125,-0.053463446401551346,85.7378939347667
mlp_regression,mlp,regression,bbob_validation,all,all,,,,64800,3745,0.05779320987654321,-0.09152940558707323,-0.07597107961327272,743.0385345915533,0.05,3240,0.05,0.10308641975308643,1.7837116154873165,334,0.08918558077436582,0.06035383246443877,-0.07528714948660653,44.8452232313607
mlp_regression,mlp,regression,bbob_validation,all,all,,,,64800,3745,0.05779320987654321,-0.09152940558707323,-0.07597107961327272,743.0385345915533,0.1,6480,0.1,0.10293209876543209,1.7810413885180238,667,0.1781041388518024,0.13920212032570445,-0.06875289779936923,103.43253949884851
mlp_regression,mlp,regression,bbob_validation,all,all,,,,64800,3745,0.05779320987654321,-0.09152940558707323,-0.07597107961327272,743.0385345915533,0.2,12960,0.2,0.09282407407407407,1.6061415220293724,1203,0.3212283044058745,0.25337389679231015,-0.06597597401270873,188.2665689763096
mlp_regression,mlp,regression,bbob_validation,label_source,label_source=changed_algorithm,changed_algorithm,,,16560,2549,0.15392512077294687,-0.05116247729341551,-0.06176568779918107,607.1864253523988,0.05,828,0.05,0.3115942028985507,2.024323264025108,258,0.1012161632012554,0.07036994960387777,-3.889464449553772e-05,42.727678152207
mlp_regression,mlp,regression,bbob_validation,label_source,label_source=changed_algorithm,changed_algorithm,,,16560,2549,0.15392512077294687,-0.05116247729341551,-0.06176568779918107,607.1864253523988,0.1,1656,0.1,0.2711352657004831,1.7614750882699095,449,0.17614750882699098,0.14649100874696,-0.0013832963006758516,88.94735194733363
mlp_regression,mlp,regression,bbob_validation,label_source,label_source=changed_algorithm,changed_algorithm,,,16560,2549,0.15392512077294687,-0.05116247729341551,-0.06176568779918107,607.1864253523988,0.2,3312,0.2,0.2107487922705314,1.3691643781875245,698,0.2738328756375049,0.22573726131921296,-0.018529955184367914,137.06460076925325
mlp_regression,mlp,regression,bbob_validation,label_source,label_source=same_algorithm,same_algorithm,,,48240,1196,0.024792703150912105,-0.10538670932967216,-0.08462815497687234,135.85210923915443,0.05,2412,0.05,0.044361525704809286,1.7892976588628764,107,0.08946488294314381,0.059747877448248894,-0.09654870482733817,8.11687517390712
mlp_regression,mlp,regression,bbob_validation,label_source,label_source=same_algorithm,same_algorithm,,,48240,1196,0.024792703150912105,-0.10538670932967216,-0.08462815497687234,135.85210923915443,0.1,4824,0.1,0.046849087893864015,1.8896321070234114,226,0.18896321070234115,0.146623147791676,-0.08965606997830507,19.919063890783455
mlp_regression,mlp,regression,bbob_validation,label_source,label_source=same_algorithm,same_algorithm,,,48240,1196,0.024792703150912105,-0.10538670932967216,-0.08462815497687234,135.85210923915443,0.2,9648,0.2,0.04933665008291874,1.9899665551839465,476,0.3979933110367893,0.3283685744389454,-0.08317186580066419,44.60956344538502
mlp_regression,mlp,regression,bbob_validation,dimension,dimension=10,,10.0,,21600,1470,0.06805555555555555,-0.040708791525251226,-0.036659214049790265,260.3480860696287,0.05,1080,0.05,0.13240740740740742,1.9455782312925174,143,0.09727891156462586,0.0627083782159489,-0.03141470060830312,16.326006249052696
mlp_regression,mlp,regression,bbob_validation,dimension,dimension=10,,10.0,,21600,1470,0.06805555555555555,-0.040708791525251226,-0.036659214049790265,260.3480860696287,0.1,2160,0.1,0.12453703703703704,1.829931972789116,269,0.18299319727891156,0.15134839530036015,-0.028258561465261407,39.40326504615835
mlp_regression,mlp,regression,bbob_validation,dimension,dimension=10,,10.0,,21600,1470,0.06805555555555555,-0.040708791525251226,-0.036659214049790265,260.3480860696287,0.2,4320,0.2,0.10162037037037037,1.4931972789115648,439,0.29863945578231293,0.24220498603066154,-0.03396940247450107,63.057604549603894
mlp_regression,mlp,regression,bbob_validation,dimension,dimension=20,,20.0,,21600,1908,0.08833333333333333,-0.05664202206459035,-0.0679457754312032,392.4289080321196,0.05,1080,0.05,0.13518518518518519,1.530398322851153,146,0.07651991614255765,0.04931913763339191,-0.046958628398779456,19.354255326557805
mlp_regression,mlp,regression,bbob_validation,dimension,dimension=20,,20.0,,21600,1908,0.08833333333333333,-0.05664202206459035,-0.0679457754312032,392.4289080321196,0.1,2160,0.1,0.14351851851851852,1.6247379454926625,310,0.16247379454926625,0.12111262754320376,-0.039330686903672966,47.528096175680275
mlp_regression,mlp,regression,bbob_validation,dimension,dimension=20,,20.0,,21600,1908,0.08833333333333333,-0.05664202206459035,-0.0679457754312032,392.4289080321196,0.2,4320,0.2,0.14212962962962963,1.609014675052411,614,0.3218029350104822,0.23695053291191762,-0.041737400243718276,92.98623888825267
mlp_regression,mlp,regression,bbob_validation,dimension,dimension=40,,40.0,,21600,367,0.01699074074074074,-0.17723740317137815,-0.16708161511555475,90.26154048980496,0.05,1080,0.05,0.023148148148148147,1.3623978201634876,25,0.0681198910081744,0.059824417742037464,-0.17036124478832004,5.399844104301921
mlp_regression,mlp,regression,bbob_validation,dimension,dimension=40,,40.0,,21600,367,0.01699074074074074,-0.17723740317137815,-0.16708161511555475,90.26154048980496,0.1,2160,0.1,0.033796296296296297,1.9891008174386922,73,0.1989100817438692,0.18527765237313043,-0.1665000094423745,16.72344632153332
mlp_regression,mlp,regression,bbob_validation,dimension,dimension=40,,40.0,,21600,367,0.01699074074074074,-0.17723740317137815,-0.16708161511555475,90.26154048980496,0.2,4320,0.2,0.03333333333333333,1.9618528610354224,144,0.3923705722070845,0.44256315086729725,-0.16494155582687858,39.94643176130421
mlp_regression,mlp,regression,bbob_validation,FE_ratio,FE_ratio=0.2,,,0.2,6480,296,0.04567901234567901,-0.07854640971495502,-0.05432046807708305,38.557426800468264,0.05,324,0.05,0.030864197530864196,0.6756756756756757,10,0.033783783783783786,0.025303734564380554,-0.05399805524994535,0.9756468932445819
mlp_regression,mlp,regression,bbob_validation,FE_ratio,FE_ratio=0.2,,,0.2,6480,296,0.04567901234567901,-0.07854640971495502,-0.05432046807708305,38.557426800468264,0.1,648,0.1,0.037037037037037035,0.8108108108108107,24,0.08108108108108109,0.061739814760305795,-0.061009091543576706,2.3805283882949606
mlp_regression,mlp,regression,bbob_validation,FE_ratio,FE_ratio=0.2,,,0.2,6480,296,0.04567901234567901,-0.07854640971495502,-0.05432046807708305,38.557426800468264,0.2,1296,0.2,0.08796296296296297,1.9256756756756759,114,0.38513513513513514,0.30280716441188893,-0.05950299215029804,11.675465076468766
mlp_regression,mlp,regression,bbob_validation,FE_ratio,FE_ratio=0.25,,,0.25,6480,292,0.04506172839506173,-0.08209066348445634,-0.05811985784400571,35.463735190300596,0.05,324,0.05,0.05246913580246913,1.1643835616438356,17,0.05821917808219178,0.04166445799543391,-0.07327230353601105,1.477577305197471
mlp_regression,mlp,regression,bbob_validation,FE_ratio,FE_ratio=0.25,,,0.25,6480,292,0.04506172839506173,-0.08209066348445634,-0.05811985784400571,35.463735190300596,0.1,648,0.1,0.06790123456790123,1.506849315068493,44,0.1506849315068493,0.1330157090063279,-0.07302168630826164,4.717233880350495
mlp_regression,mlp,regression,bbob_validation,FE_ratio,FE_ratio=0.25,,,0.25,6480,292,0.04506172839506173,-0.08209066348445634,-0.05811985784400571,35.463735190300596,0.2,1296,0.2,0.06944444444444445,1.541095890410959,90,0.3082191780821918,0.25048451328958676,-0.06962176325012283,8.883116448573237
mlp_regression,mlp,regression,bbob_validation,FE_ratio,FE_ratio=0.28,,,0.28,6480,274,0.042283950617283954,-0.08549062609263769,-0.060059978976886724,32.16164278161452,0.05,324,0.05,0.08641975308641975,2.043795620437956,28,0.10218978102189781,0.07200579863174757,-0.06774444928686864,2.3158247737991324
mlp_regression,mlp,regression,bbob_validation,FE_ratio,FE_ratio=0.28,,,0.28,6480,274,0.042283950617283954,-0.08549062609263769,-0.060059978976886724,32.16164278161452,0.1,648,0.1,0.09259259259259259,2.1897810218978098,60,0.21897810218978103,0.16525674760035067,-0.0665579174411661,5.31492848357391
mlp_regression,mlp,regression,bbob_validation,FE_ratio,FE_ratio=0.28,,,0.28,6480,274,0.042283950617283954,-0.08549062609263769,-0.060059978976886724,32.16164278161452,0.2,1296,0.2,0.08024691358024691,1.8978102189781019,104,0.3795620437956204,0.3287742156334431,-0.06296134020386839,10.5739188790083
mlp_regression,mlp,regression,bbob_validation,FE_ratio,FE_ratio=0.3,,,0.3,6480,284,0.043827160493827164,-0.08706332924379373,-0.061481761258876125,31.652929735382077,0.05,324,0.05,0.07407407407407407,1.6901408450704223,24,0.08450704225352113,0.08026289366948063,-0.07456259077472917,2.5405557336785134
mlp_regression,mlp,regression,bbob_validation,FE_ratio,FE_ratio=0.3,,,0.3,6480,284,0.043827160493827164,-0.08706332924379373,-0.061481761258876125,31.652929735382077,0.1,648,0.1,0.09722222222222222,2.2183098591549295,63,0.22183098591549297,0.20791560930934125,-0.07307855188906928,6.581138172357731
mlp_regression,mlp,regression,bbob_validation,FE_ratio,FE_ratio=0.3,,,0.3,6480,284,0.043827160493827164,-0.08706332924379373,-0.061481761258876125,31.652929735382077,0.2,1296,0.2,0.09490740740740741,2.165492957746479,123,0.43309859154929575,0.4330605835578619,-0.06563745431472735,13.707636222520565
mlp_regression,mlp,regression,bbob_validation,FE_ratio,FE_ratio=0.35,,,0.35,6480,256,0.03950617283950617,-0.09341559547051581,-0.06664570006608084,26.439322897806413,0.05,324,0.05,0.06172839506172839,1.5625,20,0.078125,0.06850207243465664,-0.09708731100287056,1.8111484122688108
mlp_regression,mlp,regression,bbob_validation,FE_ratio,FE_ratio=0.35,,,0.35,6480,256,0.03950617283950617,-0.09341559547051581,-0.06664570006608084,26.439322897806413,0.1,648,0.1,0.06172839506172839,1.5625,40,0.15625,0.12374742697487605,-0.09107004466240844,3.2717981795614675
mlp_regression,mlp,regression,bbob_validation,FE_ratio,FE_ratio=0.35,,,0.35,6480,256,0.03950617283950617,-0.09341559547051581,-0.06664570006608084,26.439322897806413,0.2,1296,0.2,0.07021604938271606,1.7773437500000002,91,0.35546875,0.34197487204713395,-0.07728595658113088,9.041584064990207
mlp_regression,mlp,regression,bbob_validation,FE_ratio,FE_ratio=0.4,,,0.4,6480,800,0.12345679012345678,-0.07290554260108724,-0.07056462486829276,174.15917724891835,0.05,324,0.05,0.18209876543209877,1.475,59,0.07375,0.05915306685268379,-0.052596416224191936,10.302049454813677
mlp_regression,mlp,regression,bbob_validation,FE_ratio,FE_ratio=0.4,,,0.4,6480,800,0.12345679012345678,-0.07290554260108724,-0.07056462486829276,174.15917724891835,0.1,648,0.1,0.2191358024691358,1.7750000000000001,142,0.1775,0.14040402206379865,-0.0401221041003418,24.45264896507016
mlp_regression,mlp,regression,bbob_validation,FE_ratio,FE_ratio=0.4,,,0.4,6480,800,0.12345679012345678,-0.07290554260108724,-0.07056462486829276,174.15917724891835,0.2,1296,0.2,0.17824074074074073,1.4437499999999999,231,0.28875,0.25898079759046283,-0.03912930714986812,45.10388263162368
mlp_regression,mlp,regression,bbob_validation,FE_ratio,FE_ratio=0.45,,,0.45,6480,243,0.0375,-0.10186903427734409,-0.07939845101548082,50.56190594132994,0.05,324,0.05,0.05555555555555555,1.4814814814814814,18,0.07407407407407407,0.04500590045960464,-0.08891178082457164,2.275584105843388
mlp_regression,mlp,regression,bbob_validation,FE_ratio,FE_ratio=0.45,,,0.45,6480,243,0.0375,-0.10186903427734409,-0.07939845101548082,50.56190594132994,0.1,648,0.1,0.06635802469135803,1.7695473251028808,43,0.17695473251028807,0.10898021298406398,-0.08600242660381457,5.510247278366347
mlp_regression,mlp,regression,bbob_validation,FE_ratio,FE_ratio=0.45,,,0.45,6480,243,0.0375,-0.10186903427734409,-0.07939845101548082,50.56190594132994,0.2,1296,0.2,0.05709876543209876,1.522633744855967,74,0.3045267489711934,0.23627591831462547,-0.07914527509039329,11.94656075802545
mlp_regression,mlp,regression,bbob_validation,FE_ratio,FE_ratio=0.5,,,0.5,6480,477,0.07361111111111111,-0.08578559846269349,-0.08202974076197492,151.15391573733473,0.05,324,0.05,0.16666666666666666,2.2641509433962264,54,0.11320754716981132,0.0751842340200131,-0.05166986550992738,11.364391373837119
mlp_regression,mlp,regression,bbob_validation,FE_ratio,FE_ratio=0.5,,,0.5,6480,477,0.07361111111111111,-0.08578559846269349,-0.08202974076197492,151.15391573733473,0.1,648,0.1,0.1558641975308642,2.1174004192872116,101,0.21174004192872117,0.1629482012994288,-0.05264082087697167,24.630258688764123
mlp_regression,mlp,regression,bbob_validation,FE_ratio,FE_ratio=0.5,,,0.5,6480,477,0.07361111111111111,-0.08578559846269349,-0.08202974076197492,151.15391573733473,0.2,1296,0.2,0.1087962962962963,1.4779874213836477,141,0.29559748427672955,0.24119965944729982,-0.05514546408907712,36.458272999970994
mlp_regression,mlp,regression,bbob_validation,FE_ratio,FE_ratio=0.55,,,0.55,6480,376,0.05802469135802469,-0.11228594071878435,-0.09215825578698267,79.68497550744864,0.05,324,0.05,0.12345679012345678,2.127659574468085,40,0.10638297872340426,0.08616620832701063,-0.08343653360873256,6.86615220010756
mlp_regression,mlp,regression,bbob_validation,FE_ratio,FE_ratio=0.55,,,0.55,6480,376,0.05802469135802469,-0.11228594071878435,-0.09215825578698267,79.68497550744864,0.1,648,0.1,0.13117283950617284,2.2606382978723403,85,0.22606382978723405,0.17478689885532694,-0.08457155925661816,13.927889754309632
mlp_regression,mlp,regression,bbob_validation,FE_ratio,FE_ratio=0.55,,,0.55,6480,376,0.05802469135802469,-0.11228594071878435,-0.09215825578698267,79.68497550744864,0.2,1296,0.2,0.08410493827160494,1.449468085106383,109,0.2898936170212766,0.23188139463933688,-0.08409033828362315,18.477463252468596
mlp_regression,mlp,regression,bbob_validation,FE_ratio,FE_ratio=0.6,,,0.6,6480,447,0.06898148148148148,-0.11584131580446465,-0.10228898920926656,123.20350275094972,0.05,324,0.05,0.13271604938271606,1.923937360178971,43,0.09619686800894854,0.09206713330168954,-0.08527158104515545,11.342993311006763
mlp_regression,mlp,regression,bbob_validation,FE_ratio,FE_ratio=0.6,,,0.6,6480,447,0.06898148148148148,-0.11584131580446465,-0.10228898920926656,123.20350275094972,0.1,648,0.1,0.1558641975308642,2.2595078299776286,101,0.22595078299776286,0.2305320262695803,-0.06972794662828165,28.40235313268625
mlp_regression,mlp,regression,bbob_validation,FE_ratio,FE_ratio=0.6,,,0.6,6480,447,0.06898148148148148,-0.11584131580446465,-0.10228898920926656,123.20350275094972,0.2,1296,0.2,0.11342592592592593,1.644295302013423,147,0.3288590604026846,0.3671933724808694,-0.07118448672733131,45.2395096765773
softmax_logistic_classifier,softmax_logistic,classification,bbob_train,all,all,,,,194400,11921,0.06132201646090535,-0.08855738467265091,-0.06544428361600368,2511.1122661377594,0.05,9720,0.05,0.25411522633744854,4.143947655398037,2470,0.20719738276990185,0.22197865163474606,-0.018605432636247796,557.4133149407314
softmax_logistic_classifier,softmax_logistic,classification,bbob_train,all,all,,,,194400,11921,0.06132201646090535,-0.08855738467265091,-0.06544428361600368,2511.1122661377594,0.1,19440,0.1,0.21301440329218108,3.4737018706484357,4141,0.34737018706484357,0.3602046629746749,-0.03893506062606684,904.5143475157238
softmax_logistic_classifier,softmax_logistic,classification,bbob_train,all,all,,,,194400,11921,0.06132201646090535,-0.08855738467265091,-0.06544428361600368,2511.1122661377594,0.2,38880,0.2,0.17415123456790124,2.839946313228756,6771,0.5679892626457512,0.5827858403517372,-0.05655566574614631,1463.4406722386493
softmax_logistic_classifier,softmax_logistic,classification,bbob_train,label_source,label_source=changed_algorithm,changed_algorithm,,,74400,8470,0.11384408602150538,-0.05859081542569486,-0.06280283172738645,1678.8603444230114,0.05,3720,0.05,0.4088709677419355,3.591499409681228,1521,0.1795749704840614,0.20101454937313865,0.04094185254593042,337.47535559462403
softmax_logistic_classifier,softmax_logistic,classification,bbob_train,label_source,label_source=changed_algorithm,changed_algorithm,,,74400,8470,0.11384408602150538,-0.05859081542569486,-0.06280283172738645,1678.8603444230114,0.1,7440,0.1,0.3795698924731183,3.334120425029516,2824,0.3334120425029516,0.3623247936375828,0.02859572846793967,608.2927278393888
softmax_logistic_classifier,softmax_logistic,classification,bbob_train,label_source,label_source=changed_algorithm,changed_algorithm,,,74400,8470,0.11384408602150538,-0.05859081542569486,-0.06280283172738645,1678.8603444230114,0.2,14880,0.2,0.3389784946236559,2.977567886658796,5044,0.5955135773317591,0.632542579582003,0.00886207998646208,1061.9506530192618
softmax_logistic_classifier,softmax_logistic,classification,bbob_train,label_source,label_source=same_algorithm,same_algorithm,,,120000,3451,0.028758333333333334,-0.10713665760576366,-0.06743423570665175,832.2519217147483,0.05,6000,0.05,0.0725,2.5210084033613445,435,0.12605042016806722,0.1320138798783377,-0.091092509061671,109.86880522176651
softmax_logistic_classifier,softmax_logistic,classification,bbob_train,label_source,label_source=same_algorithm,same_algorithm,,,120000,3451,0.028758333333333334,-0.10713665760576366,-0.06743423570665175,832.2519217147483,0.1,12000,0.1,0.06275,2.181976238771371,753,0.21819762387713706,0.22869639555261922,-0.09739053364185278,190.33301468790356
softmax_logistic_classifier,softmax_logistic,classification,bbob_train,label_source,label_source=same_algorithm,same_algorithm,,,120000,3451,0.028758333333333334,-0.10713665760576366,-0.06743423570665175,832.2519217147483,0.2,24000,0.2,0.057916666666666665,2.013909011880614,1390,0.4027818023761229,0.42345658642520007,-0.10195573056968635,352.4225578151401
softmax_logistic_classifier,softmax_logistic,classification,bbob_train,dimension,dimension=10,,10.0,,64800,2405,0.037114197530864194,-0.04022633237538057,-0.03715828153278458,308.0180086184804,0.05,3240,0.05,0.19074074074074074,5.13929313929314,618,0.256964656964657,0.2958399186569855,-0.016329649042612752,91.12402261457788
softmax_logistic_classifier,softmax_logistic,classification,bbob_train,dimension,dimension=10,,10.0,,64800,2405,0.037114197530864194,-0.04022633237538057,-0.03715828153278458,308.0180086184804,0.1,6480,0.1,0.1529320987654321,4.120582120582121,991,0.4120582120582121,0.44389854301714693,-0.024933563007851326,136.72874524878642
softmax_logistic_classifier,softmax_logistic,classification,bbob_train,dimension,dimension=10,,10.0,,64800,2405,0.037114197530864194,-0.04022633237538057,-0.03715828153278458,308.0180086184804,0.2,12960,0.2,0.11481481481481481,3.0935550935550937,1488,0.6187110187110187,0.6495872923108202,-0.03155865856625241,200.08458420144953
softmax_logistic_classifier,softmax_logistic,classification,bbob_train,dimension,dimension=20,,20.0,,64800,3858,0.059537037037037034,-0.07228172978918257,-0.06716881295115272,823.0687800379324,0.05,3240,0.05,0.28858024691358025,4.8470710212545365,935,0.2423535510627268,0.28759360968667574,0.004355657901078665,236.7093214715175
softmax_logistic_classifier,softmax_logistic,classification,bbob_train,dimension,dimension=20,,20.0,,64800,3858,0.059537037037037034,-0.07228172978918257,-0.06716881295115272,823.0687800379324,0.1,6480,0.1,0.22854938271604938,3.8387765681700365,1481,0.38387765681700364,0.42979516360166004,-0.021942295695023376,353.75098097182195
softmax_logistic_classifier,softmax_logistic,classification,bbob_train,dimension,dimension=20,,20.0,,64800,3858,0.059537037037037034,-0.07228172978918257,-0.06716881295115272,823.0687800379324,0.2,12960,0.2,0.17554012345679013,2.9484188698807676,2275,0.5896837739761535,0.6477628053981362,-0.04331370108662569,533.1533419929926
softmax_logistic_classifier,softmax_logistic,classification,bbob_train,dimension,dimension=40,,40.0,,64800,5658,0.08731481481481482,-0.1531640918533896,-0.14272675969545875,1380.025477481347,0.05,3240,0.05,0.2719135802469136,3.1141746200070695,881,0.15570873100035348,0.1626599779944027,-0.03217360677773486,224.47491379883098
softmax_logistic_classifier,softmax_logistic,classification,bbob_train,dimension,dimension=40,,40.0,,64800,5658,0.08731481481481482,-0.1531640918533896,-0.14272675969545875,1380.025477481347,0.1,6480,0.1,0.24521604938271604,2.808412866737363,1589,0.2808412866737363,0.2784506866358346,-0.06103770804012322,384.2690417796266
softmax_logistic_classifier,softmax_logistic,classification,bbob_train,dimension,dimension=40,,40.0,,64800,5658,0.08731481481481482,-0.1531640918533896,-0.14272675969545875,1380.025477481347,0.2,12960,0.2,0.21882716049382717,2.5061859314245316,2836,0.5012371862849063,0.49814224297374565,-0.08122952976170535,687.4489867134726
softmax_logistic_classifier,softmax_logistic,classification,bbob_train,FE_ratio,FE_ratio=0.2,,,0.2,19440,1637,0.08420781893004116,-0.06196176210011554,-0.05049860667501493,304.44205064313394,0.05,972,0.05,0.23045267489711935,2.7367135003054366,224,0.13683567501527183,0.17841284852235884,-0.0018736432549252267,54.31637346522975
softmax_logistic_classifier,softmax_logistic,classification,bbob_train,FE_ratio,FE_ratio=0.2,,,0.2,19440,1637,0.08420781893004116,-0.06196176210011554,-0.05049860667501493,304.44205064313394,0.1,1944,0.1,0.19084362139917696,2.2663408674404395,371,0.22663408674404398,0.3181443821698412,-0.010896575357063128,96.85652810837935
softmax_logistic_classifier,softmax_logistic,classification,bbob_train,FE_ratio,FE_ratio=0.2,,,0.2,19440,1637,0.08420781893004116,-0.06196176210011554,-0.05049860667501493,304.44205064313394,0.2,3888,0.2,0.15843621399176955,1.8814905314599877,616,0.37629810629199756,0.4769684372520298,-0.030161379825705905,145.20924912905892
softmax_logistic_classifier,softmax_logistic,classification,bbob_train,FE_ratio,FE_ratio=0.25,,,0.25,19440,1530,0.0787037037037037,-0.06684412289960417,-0.05379598025536793,289.0381601639173,0.05,972,0.05,0.2777777777777778,3.5294117647058822,270,0.17647058823529413,0.24636640094655518,0.011925841657487614,71.20929125579829
softmax_logistic_classifier,softmax_logistic,classification,bbob_train,FE_ratio,FE_ratio=0.25,,,0.25,19440,1530,0.0787037037037037,-0.06684412289960417,-0.05379598025536793,289.0381601639173,0.1,1944,0.1,0.2242798353909465,2.849673202614379,436,0.2849673202614379,0.3579658722743211,-0.013173495376453688,103.4657971236416
softmax_logistic_classifier,softmax_logistic,classification,bbob_train,FE_ratio,FE_ratio=0.25,,,0.25,19440,1530,0.0787037037037037,-0.06684412289960417,-0.05379598025536793,289.0381601639173,0.2,3888,0.2,0.1970164609053498,2.503267973856209,766,0.5006535947712418,0.5307728764238279,-0.03928617462525049,153.41361566645347
softmax_logistic_classifier,softmax_logistic,classification,bbob_train,FE_ratio,FE_ratio=0.28,,,0.28,19440,1516,0.07798353909465021,-0.06678863875638497,-0.05595944523593056,294.83506110374555,0.05,972,0.05,0.2397119341563786,3.0738786279683374,233,0.1536939313984169,0.18105132186365444,-0.015660291994889816,53.38027754458446
softmax_logistic_classifier,softmax_logistic,classification,bbob_train,FE_ratio,FE_ratio=0.28,,,0.28,19440,1516,0.07798353909465021,-0.06678863875638497,-0.05595944523593056,294.83506110374555,0.1,1944,0.1,0.2109053497942387,2.704485488126649,410,0.2704485488126649,0.2851829579449237,-0.033263521292376926,84.08193483143847
softmax_logistic_classifier,softmax_logistic,classification,bbob_train,FE_ratio,FE_ratio=0.28,,,0.28,19440,1516,0.07798353909465021,-0.06678863875638497,-0.05595944523593056,294.83506110374555,0.2,3888,0.2,0.19444444444444445,2.4934036939313984,756,0.49868073878627966,0.46696153088847964,-0.04658845664939811,137.67663149260346
softmax_logistic_classifier,softmax_logistic,classification,bbob_train,FE_ratio,FE_ratio=0.3,,,0.3,19440,1403,0.07217078189300412,-0.07045501341769796,-0.05769358257385397,275.8794546370344,0.05,972,0.05,0.30864197530864196,4.276550249465431,300,0.21382751247327156,0.26664111214621916,0.013989479914588106,73.56080460271129
softmax_logistic_classifier,softmax_logistic,classification,bbob_train,FE_ratio,FE_ratio=0.3,,,0.3,19440,1403,0.07217078189300412,-0.07045501341769796,-0.05769358257385397,275.8794546370344,0.1,1944,0.1,0.25823045267489714,3.578047042052744,502,0.35780470420527444,0.425817584673536,-0.01461668301179469,117.47432303459433
softmax_logistic_classifier,softmax_logistic,classification,bbob_train,FE_ratio,FE_ratio=0.3,,,0.3,19440,1403,0.07217078189300412,-0.07045501341769796,-0.05769358257385397,275.8794546370344,0.2,3888,0.2,0.19675925925925927,2.7263007840342124,765,0.5452601568068425,0.6101277251038637,-0.04119548340798263,168.3217040605884
softmax_logistic_classifier,softmax_logistic,classification,bbob_train,FE_ratio,FE_ratio=0.35,,,0.35,19440,1388,0.07139917695473251,-0.07482964941049443,-0.062069321341436653,257.6511044439708,0.05,972,0.05,0.31378600823045266,4.394812680115273,305,0.21974063400576369,0.25920936373696657,0.007443624966507435,66.78557884904839
softmax_logistic_classifier,softmax_logistic,classification,bbob_train,FE_ratio,FE_ratio=0.35,,,0.35,19440,1388,0.07139917695473251,-0.07482964941049443,-0.062069321341436653,257.6511044439708,0.1,1944,0.1,0.27109053497942387,3.7968299711815563,527,0.3796829971181556,0.4442767226015204,-0.012075229448496996,114.46838825702936
softmax_logistic_classifier,softmax_logistic,classification,bbob_train,FE_ratio,FE_ratio=0.35,,,0.35,19440,1388,0.07139917695473251,-0.07482964941049443,-0.062069321341436653,257.6511044439708,0.2,3888,0.2,0.21064814814814814,2.9502881844380404,819,0.590057636887608,0.6485601478378945,-0.041107183747174175,167.1022383887785
softmax_logistic_classifier,softmax_logistic,classification,bbob_train,FE_ratio,FE_ratio=0.4,,,0.4,19440,1376,0.07078189300411522,-0.08176159053440116,-0.06731035034538017,252.55187921031478,0.05,972,0.05,0.2952674897119342,4.171511627906978,287,0.20857558139534885,0.2314719870946298,-0.009055353741276488,58.45868532529448
softmax_logistic_classifier,softmax_logistic,classification,bbob_train,FE_ratio,FE_ratio=0.4,,,0.4,19440,1376,0.07078189300411522,-0.08176159053440116,-0.06731035034538017,252.55187921031478,0.1,1944,0.1,0.25308641975308643,3.575581395348838,492,0.35755813953488375,0.43633363175146533,-0.02645533732881969,110.19687866149403
softmax_logistic_classifier,softmax_logistic,classification,bbob_train,FE_ratio,FE_ratio=0.4,,,0.4,19440,1376,0.07078189300411522,-0.08176159053440116,-0.06731035034538017,252.55187921031478,0.2,3888,0.2,0.19958847736625515,2.8197674418604652,776,0.563953488372093,0.6578854055510958,-0.051832158927812726,166.15019547696926
softmax_logistic_classifier,softmax_logistic,classification,bbob_train,FE_ratio,FE_ratio=0.45,,,0.45,19440,911,0.04686213991769547,-0.09574364894010993,-0.0740343803226563,214.80823720368133,0.05,972,0.05,0.2654320987654321,5.66410537870472,258,0.283205268935236,0.24979983458532168,-0.026908552259554547,53.659062121044144
softmax_logistic_classifier,softmax_logistic,classification,bbob_train,FE_ratio,FE_ratio=0.45,,,0.45,19440,911,0.04686213991769547,-0.09574364894010993,-0.0740343803226563,214.80823720368133,0.1,1944,0.1,0.21347736625514405,4.55543358946213,415,0.45554335894621295,0.45288055753673917,-0.047706283430625676,97.28247422828733
softmax_logistic_classifier,softmax_logistic,classification,bbob_train,FE_ratio,FE_ratio=0.45,,,0.45,19440,911,0.04686213991769547,-0.09574364894010993,-0.0740343803226563,214.80823720368133,0.2,3888,0.2,0.15457818930041153,3.2985729967069157,601,0.6597145993413831,0.6825889476471874,-0.07689720642428338,146.62572857880826
softmax_logistic_classifier,softmax_logistic,classification,bbob_train,FE_ratio,FE_ratio=0.5,,,0.5,19440,752,0.03868312757201646,-0.10761678906395437,-0.08153801385084204,216.74610973067038,0.05,972,0.05,0.23148148148148148,5.98404255319149,225,0.2992021276595745,0.234775442259746,-0.038176458713199336,50.886663770097584
softmax_logistic_classifier,softmax_logistic,classification,bbob_train,FE_ratio,FE_ratio=0.5,,,0.5,19440,752,0.03868312757201646,-0.10761678906395437,-0.08153801385084204,216.74610973067038,0.1,1944,0.1,0.1949588477366255,5.039893617021276,379,0.5039893617021277,0.4859057692322765,-0.05464508866693948,105.31818517678482
softmax_logistic_classifier,softmax_logistic,classification,bbob_train,FE_ratio,FE_ratio=0.5,,,0.5,19440,752,0.03868312757201646,-0.10761678906395437,-0.08153801385084204,216.74610973067038,0.2,3888,0.2,0.13271604938271606,3.4308510638297873,516,0.6861702127659575,0.6640273640235121,-0.09482517590633767,143.92534790680799
softmax_logistic_classifier,softmax_logistic,classification,bbob_train,FE_ratio,FE_ratio=0.55,,,0.55,19440,784,0.040329218106995884,-0.12055088341199817,-0.09047622006570433,212.50845114181092,0.05,972,0.05,0.2242798353909465,5.561224489795919,218,0.2780612244897959,0.22325200237296733,-0.05799537352617381,47.44293723858718
softmax_logistic_classifier,softmax_logistic,classification,bbob_train,FE_ratio,FE_ratio=0.55,,,0.55,19440,784,0.040329218106995884,-0.12055088341199817,-0.09047622006570433,212.50845114181092,0.1,1944,0.1,0.18467078189300412,4.579081632653061,359,0.45790816326530615,0.4424404840004853,-0.07599768224963238,94.0223419773763
softmax_logistic_classifier,softmax_logistic,classification,bbob_train,FE_ratio,FE_ratio=0.55,,,0.55,19440,784,0.040329218106995884,-0.12055088341199817,-0.09047622006570433,212.50845114181092,0.2,3888,0.2,0.12911522633744857,3.2015306122448983,502,0.6403061224489796,0.6348633032046345,-0.11971780332637912,134.91381725079074
softmax_logistic_classifier,softmax_logistic,classification,bbob_train,FE_ratio,FE_ratio=0.6,,,0.6,19440,624,0.03209876543209877,-0.13902174819174842,-0.10198680721304745,192.65175785948037,0.05,972,0.05,0.14506172839506173,4.519230769230769,141,0.22596153846153846,0.1745226559107398,-0.08949041758557891,33.62209644750925
softmax_logistic_classifier,softmax_logistic,classification,bbob_train,FE_ratio,FE_ratio=0.6,,,0.6,19440,624,0.03209876543209877,-0.13902174819174842,-0.10198680721304745,192.65175785948037,0.1,1944,0.1,0.13220164609053497,4.118589743589743,257,0.41185897435897434,0.39670246144426724,-0.10750853186468172,76.42542654442082
softmax_logistic_classifier,softmax_logistic,classification,bbob_train,FE_ratio,FE_ratio=0.6,,,0.6,19440,624,0.03209876543209877,-0.13902174819174842,-0.10198680721304745,192.65175785948037,0.2,3888,0.2,0.09670781893004116,3.0128205128205128,376,0.6025641025641025,0.5861002026892385,-0.15757531164207847,112.91323432987954
softmax_logistic_classifier,softmax_logistic,classification,bbob_validation,all,all,,,,64800,3745,0.05779320987654321,-0.09152940558707323,-0.07597107961327272,743.0385345915533,0.05,3240,0.05,0.2601851851851852,4.502002670226969,843,0.22510013351134847,0.5769103484156759,0.059911539205247374,428.66661987748626
softmax_logistic_classifier,softmax_logistic,classification,bbob_validation,all,all,,,,64800,3745,0.05779320987654321,-0.09152940558707323,-0.07597107961327272,743.0385345915533,0.1,6480,0.1,0.19012345679012346,3.289719626168224,1232,0.32897196261682243,0.6464418510536564,-0.01650801369863556,480.3312057055599
softmax_logistic_classifier,softmax_logistic,classification,bbob_validation,all,all,,,,64800,3745,0.05779320987654321,-0.09152940558707323,-0.07597107961327272,743.0385345915533,0.2,12960,0.2,0.15239197530864199,2.636849132176235,1975,0.527369826435247,0.7567117538435798,-0.05709394582943845,562.2659926841377
softmax_logistic_classifier,softmax_logistic,classification,bbob_validation,label_source,label_source=changed_algorithm,changed_algorithm,,,16560,2549,0.15392512077294687,-0.05116247729341551,-0.06176568779918107,607.1864253523988,0.05,828,0.05,0.8997584541062802,5.84542958022754,745,0.292271479011377,0.6799535565794248,0.49301066161368107,412.85856942511106
softmax_logistic_classifier,softmax_logistic,classification,bbob_validation,label_source,label_source=changed_algorithm,changed_algorithm,,,16560,2549,0.15392512077294687,-0.05116247729341551,-0.06176568779918107,607.1864253523988,0.1,1656,0.1,0.6159420289855072,4.001569242840329,1020,0.40015692428403293,0.7410933839131176,0.23831571996610965,449.98184263051894
softmax_logistic_classifier,softmax_logistic,classification,bbob_validation,label_source,label_source=changed_algorithm,changed_algorithm,,,16560,2549,0.15392512077294687,-0.05116247729341551,-0.06176568779918107,607.1864253523988,0.2,3312,0.2,0.4384057971014493,2.848175755198117,1452,0.5696351510396234,0.823436644697967,0.09821976978903732,499.97955279833195
softmax_logistic_classifier,softmax_logistic,classification,bbob_validation,label_source,label_source=same_algorithm,same_algorithm,,,48240,1196,0.024792703150912105,-0.10538670932967216,-0.08462815497687234,135.85210923915443,0.05,2412,0.05,0.03399668325041459,1.37123745819398,82,0.06856187290969899,0.10186087590928453,-0.09059164819776147,13.838014841224078
softmax_logistic_classifier,softmax_logistic,classification,bbob_validation,label_source,label_source=same_algorithm,same_algorithm,,,48240,1196,0.024792703150912105,-0.10538670932967216,-0.08462815497687234,135.85210923915443,0.1,4824,0.1,0.04975124378109453,2.0066889632107023,240,0.20066889632107024,0.2530990939437312,-0.10173078291359913,34.38404575877479
softmax_logistic_classifier,softmax_logistic,classification,bbob_validation,label_source,label_source=same_algorithm,same_algorithm,,,48240,1196,0.024792703150912105,-0.10538670932967216,-0.08462815497687234,135.85210923915443,0.2,9648,0.2,0.05503731343283582,2.2198996655518397,531,0.4439799331103679,0.4666034561037059,-0.11001652535704602,63.389063689967664
softmax_logistic_classifier,softmax_logistic,classification,bbob_validation,dimension,dimension=10,,10.0,,21600,1470,0.06805555555555555,-0.040708791525251226,-0.036659214049790265,260.3480860696287,0.05,1080,0.05,0.29444444444444445,4.326530612244898,318,0.2163265306122449,0.6152724013282883,0.11751008634027636,160.18499209728435
softmax_logistic_classifier,softmax_logistic,classification,bbob_validation,dimension,dimension=10,,10.0,,21600,1470,0.06805555555555555,-0.040708791525251226,-0.036659214049790265,260.3480860696287,0.1,2160,0.1,0.22083333333333333,3.2448979591836737,477,0.32448979591836735,0.6748840248201716,0.04065029833882092,175.70476418089947
softmax_logistic_classifier,softmax_logistic,classification,bbob_validation,dimension,dimension=10,,10.0,,21600,1470,0.06805555555555555,-0.040708791525251226,-0.036659214049790265,260.3480860696287,0.2,4320,0.2,0.17476851851851852,2.568027210884354,755,0.5136054421768708,0.7638085394950788,-0.0013176653865141252,198.85609138118218
softmax_logistic_classifier,softmax_logistic,classification,bbob_validation,dimension,dimension=20,,20.0,,21600,1908,0.08833333333333333,-0.05664202206459035,-0.0679457754312032,392.4289080321196,0.05,1080,0.05,0.4064814814814815,4.60167714884696,439,0.23008385744234802,0.5960415961968674,0.18196390015512437,233.9039527372582
softmax_logistic_classifier,softmax_logistic,classification,bbob_validation,dimension,dimension=20,,20.0,,21600,1908,0.08833333333333333,-0.05664202206459035,-0.0679457754312032,392.4289080321196,0.1,2160,0.1,0.29444444444444445,3.3333333333333335,636,0.3333333333333333,0.6528413337300801,0.07013724364587472,256.1938117139279
softmax_logistic_classifier,softmax_logistic,classification,bbob_validation,dimension,dimension=20,,20.0,,21600,1908,0.08833333333333333,-0.05664202206459035,-0.0679457754312032,392.4289080321196,0.2,4320,0.2,0.2375,2.688679245283019,1026,0.5377358490566038,0.7699541352716172,0.010335218987453727,302.1522605394556
softmax_logistic_classifier,softmax_logistic,classification,bbob_validation,dimension,dimension=40,,40.0,,21600,367,0.01699074074074074,-0.17723740317137815,-0.16708161511555475,90.26154048980496,0.05,1080,0.05,0.09444444444444444,5.55858310626703,102,0.2779291553133515,0.37254264729226044,-0.10104543005795448,33.62627324274949
softmax_logistic_classifier,softmax_logistic,classification,bbob_validation,dimension,dimension=40,,40.0,,21600,367,0.01699074074074074,-0.17723740317137815,-0.16708161511555475,90.26154048980496,0.1,2160,0.1,0.07222222222222222,4.2506811989100814,156,0.4250681198910082,0.5252168628648077,-0.13812328204681495,47.406883133400186
softmax_logistic_classifier,softmax_logistic,classification,bbob_validation,dimension,dimension=40,,40.0,,21600,367,0.01699074074074074,-0.17723740317137815,-0.16708161511555475,90.26154048980496,0.2,4320,0.2,0.053703703703703705,3.1607629427792916,232,0.6321525885558583,0.6953291630183102,-0.165948675740559,62.76148140151939
softmax_logistic_classifier,softmax_logistic,classification,bbob_validation,FE_ratio,FE_ratio=0.2,,,0.2,6480,296,0.04567901234567901,-0.07854640971495502,-0.05432046807708305,38.557426800468264,0.05,324,0.05,0.030864197530864196,0.6756756756756757,10,0.033783783783783786,0.02475213928087402,-0.0534312965455464,0.9543787984772952
softmax_logistic_classifier,softmax_logistic,classification,bbob_validation,FE_ratio,FE_ratio=0.2,,,0.2,6480,296,0.04567901234567901,-0.07854640971495502,-0.05432046807708305,38.557426800468264,0.1,648,0.1,0.038580246913580245,0.8445945945945945,25,0.08445945945945946,0.05668854903703419,-0.05584046221901162,2.1857645799202015
softmax_logistic_classifier,softmax_logistic,classification,bbob_validation,FE_ratio,FE_ratio=0.2,,,0.2,6480,296,0.04567901234567901,-0.07854640971495502,-0.05432046807708305,38.557426800468264,0.2,1296,0.2,0.08024691358024691,1.7567567567567568,104,0.35135135135135137,0.28704824745520596,-0.06286309647967495,11.067841789456805
softmax_logistic_classifier,softmax_logistic,classification,bbob_validation,FE_ratio,FE_ratio=0.25,,,0.25,6480,292,0.04506172839506173,-0.08209066348445634,-0.05811985784400571,35.463735190300596,0.05,324,0.05,0.033950617283950615,0.7534246575342465,11,0.03767123287671233,0.05912816314861649,-0.06673953196079165,2.096905520191426
softmax_logistic_classifier,softmax_logistic,classification,bbob_validation,FE_ratio,FE_ratio=0.25,,,0.25,6480,292,0.04506172839506173,-0.08209066348445634,-0.05811985784400571,35.463735190300596,0.1,648,0.1,0.08950617283950617,1.9863013698630136,58,0.19863013698630136,0.2579507869266449,-0.07846853221486716,9.14789839969619
softmax_logistic_classifier,softmax_logistic,classification,bbob_validation,FE_ratio,FE_ratio=0.25,,,0.25,6480,292,0.04506172839506173,-0.08209066348445634,-0.05811985784400571,35.463735190300596,0.2,1296,0.2,0.09567901234567901,2.1232876712328768,124,0.4246575342465753,0.5005308263952739,-0.08401375825519776,17.75069268186432
softmax_logistic_classifier,softmax_logistic,classification,bbob_validation,FE_ratio,FE_ratio=0.28,,,0.28,6480,274,0.042283950617283954,-0.08549062609263769,-0.060059978976886724,32.16164278161452,0.05,324,0.05,0.037037037037037035,0.875912408759124,12,0.043795620437956206,0.03687248724278457,-0.07046767448031979,1.1858797631720759
softmax_logistic_classifier,softmax_logistic,classification,bbob_validation,FE_ratio,FE_ratio=0.28,,,0.28,6480,274,0.042283950617283954,-0.08549062609263769,-0.060059978976886724,32.16164278161452,0.1,648,0.1,0.08796296296296297,2.0802919708029197,57,0.20802919708029197,0.2640986367016715,-0.07833201688548953,8.493846012710549
softmax_logistic_classifier,softmax_logistic,classification,bbob_validation,FE_ratio,FE_ratio=0.28,,,0.28,6480,274,0.042283950617283954,-0.08549062609263769,-0.060059978976886724,32.16164278161452,0.2,1296,0.2,0.08641975308641975,2.043795620437956,112,0.40875912408759124,0.4607694417404496,-0.08814084296387473,14.819102189940281
softmax_logistic_classifier,softmax_logistic,classification,bbob_validation,FE_ratio,FE_ratio=0.3,,,0.3,6480,284,0.043827160493827164,-0.08706332924379373,-0.061481761258876125,31.652929735382077,0.05,324,0.05,0.012345679012345678,0.2816901408450704,4,0.014084507042253521,0.011546872930859795,-0.07429467493025871,0.3654923575438904
softmax_logistic_classifier,softmax_logistic,classification,bbob_validation,FE_ratio,FE_ratio=0.3,,,0.3,6480,284,0.043827160493827164,-0.08706332924379373,-0.061481761258876125,31.652929735382077,0.1,648,0.1,0.046296296296296294,1.056338028169014,30,0.1056338028169014,0.13372838527050307,-0.08372269963539848,4.232895182593337
softmax_logistic_classifier,softmax_logistic,classification,bbob_validation,FE_ratio,FE_ratio=0.3,,,0.3,6480,284,0.043827160493827164,-0.08706332924379373,-0.061481761258876125,31.652929735382077,0.2,1296,0.2,0.07716049382716049,1.76056338028169,100,0.352112676056338,0.41378203261415547,-0.0813140563957514,13.097413604099438
softmax_logistic_classifier,softmax_logistic,classification,bbob_validation,FE_ratio,FE_ratio=0.35,,,0.35,6480,256,0.03950617283950617,-0.09341559547051581,-0.06664570006608084,26.439322897806413,0.05,324,0.05,0.033950617283950615,0.859375,11,0.04296875,0.07082906477371295,-0.07078841716736205,1.8726725141018425
softmax_logistic_classifier,softmax_logistic,classification,bbob_validation,FE_ratio,FE_ratio=0.35,,,0.35,6480,256,0.03950617283950617,-0.09341559547051581,-0.06664570006608084,26.439322897806413,0.1,648,0.1,0.06018518518518518,1.5234375,39,0.15234375,0.21899610724125582,-0.09152972993256545,5.7901087927142045
softmax_logistic_classifier,softmax_logistic,classification,bbob_validation,FE_ratio,FE_ratio=0.35,,,0.35,6480,256,0.03950617283950617,-0.09341559547051581,-0.06664570006608084,26.439322897806413,0.2,1296,0.2,0.08024691358024691,2.03125,104,0.40625,0.46320812115089866,-0.09141208247470274,12.246909083994844
softmax_logistic_classifier,softmax_logistic,classification,bbob_validation,FE_ratio,FE_ratio=0.4,,,0.4,6480,800,0.12345679012345678,-0.07290554260108724,-0.07056462486829276,174.15917724891835,0.05,324,0.05,0.6851851851851852,5.550000000000001,222,0.2775,0.6062769090394159,0.27972208726891146,105.58868766332199
softmax_logistic_classifier,softmax_logistic,classification,bbob_validation,FE_ratio,FE_ratio=0.4,,,0.4,6480,800,0.12345679012345678,-0.07290554260108724,-0.07056462486829276,174.15917724891835,0.1,648,0.1,0.44753086419753085,3.625,290,0.3625,0.6552280199905085,0.1032920722238587,114.1139728719848
softmax_logistic_classifier,softmax_logistic,classification,bbob_validation,FE_ratio,FE_ratio=0.4,,,0.4,6480,800,0.12345679012345678,-0.07290554260108724,-0.07056462486829276,174.15917724891835,0.2,1296,0.2,0.33641975308641975,2.725,436,0.545,0.7711643772259608,0.021662623513037414,134.30535346134786
softmax_logistic_classifier,softmax_logistic,classification,bbob_validation,FE_ratio,FE_ratio=0.45,,,0.45,6480,243,0.0375,-0.10186903427734409,-0.07939845101548082,50.56190594132994,0.05,324,0.05,0.11728395061728394,3.1275720164609053,38,0.15637860082304528,0.6320276400573249,0.012341602375007303,31.95652208889921
softmax_logistic_classifier,softmax_logistic,classification,bbob_validation,FE_ratio,FE_ratio=0.45,,,0.45,6480,243,0.0375,-0.10186903427734409,-0.07939845101548082,50.56190594132994,0.1,648,0.1,0.08179012345679013,2.1810699588477367,53,0.21810699588477367,0.6690605972653836,-0.05704622713340381,33.82897898798237
softmax_logistic_classifier,softmax_logistic,classification,bbob_validation,FE_ratio,FE_ratio=0.45,,,0.45,6480,243,0.0375,-0.10186903427734409,-0.07939845101548082,50.56190594132994,0.2,1296,0.2,0.08796296296296297,2.345679012345679,114,0.4691358024691358,0.7804681968590638,-0.08268222197393098,39.461959559787374
softmax_logistic_classifier,softmax_logistic,classification,bbob_validation,FE_ratio,FE_ratio=0.5,,,0.5,6480,477,0.07361111111111111,-0.08578559846269349,-0.08202974076197492,151.15391573733473,0.05,324,0.05,0.7067901234567902,9.60167714884696,229,0.480083857442348,0.8576204854956415,0.3618522058233509,129.63269459922032
softmax_logistic_classifier,softmax_logistic,classification,bbob_validation,FE_ratio,FE_ratio=0.5,,,0.5,6480,477,0.07361111111111111,-0.08578559846269349,-0.08202974076197492,151.15391573733473,0.1,648,0.1,0.39351851851851855,5.345911949685535,255,0.5345911949685535,0.8783496732742466,0.11760356172243173,132.765992502011
softmax_logistic_classifier,softmax_logistic,classification,bbob_validation,FE_ratio,FE_ratio=0.5,,,0.5,6480,477,0.07361111111111111,-0.08578559846269349,-0.08202974076197492,151.15391573733473,0.2,1296,0.2,0.23842592592592593,3.238993710691824,309,0.6477987421383647,0.9086446365269417,-0.0006691520162256162,137.34519482477452
softmax_logistic_classifier,softmax_logistic,classification,bbob_validation,FE_ratio,FE_ratio=0.55,,,0.55,6480,376,0.05802469135802469,-0.11228594071878435,-0.09215825578698267,79.68497550744864,0.05,324,0.05,0.2993827160493827,5.159574468085107,97,0.2579787234042553,0.6217156402414505,0.06784689277355783,49.54139556523774
softmax_logistic_classifier,softmax_logistic,classification,bbob_validation,FE_ratio,FE_ratio=0.55,,,0.55,6480,376,0.05802469135802469,-0.11228594071878435,-0.09215825578698267,79.68497550744864,0.1,648,0.1,0.19907407407407407,3.4308510638297873,129,0.34308510638297873,0.6745553827360163,-0.03429228129942171,53.751929151737116
softmax_logistic_classifier,softmax_logistic,classification,bbob_validation,FE_ratio,FE_ratio=0.55,,,0.55,6480,376,0.05802469135802469,-0.11228594071878435,-0.09215825578698267,79.68497550744864,0.2,1296,0.2,0.15432098765432098,2.6595744680851063,200,0.5319148936170213,0.7746985970608353,-0.0814090123656026,61.7318387324475
softmax_logistic_classifier,softmax_logistic,classification,bbob_validation,FE_ratio,FE_ratio=0.6,,,0.6,6480,447,0.06898148148148148,-0.11584131580446465,-0.10228898920926656,123.20350275094972,0.05,324,0.05,0.5401234567901234,7.829977628635347,175,0.39149888143176736,0.7970024124866816,0.23721358970904033,98.19348891931644
softmax_logistic_classifier,softmax_logistic,classification,bbob_validation,FE_ratio,FE_ratio=0.6,,,0.6,6480,447,0.06898148148148148,-0.11584131580446465,-0.10228898920926656,123.20350275094972,0.1,648,0.1,0.32253086419753085,4.675615212527965,209,0.46756152125279643,0.8313784681121033,0.03984156753709716,102.42873938312988
softmax_logistic_classifier,softmax_logistic,classification,bbob_validation,FE_ratio,FE_ratio=0.6,,,0.6,6480,447,0.06898148148148148,-0.11584131580446465,-0.10228898920926656,123.20350275094972,0.2,1296,0.2,0.22839506172839505,3.3109619686800897,296,0.6621923937360179,0.8935926550528435,-0.04475346759571143,110.09374513503147
lda_classifier,lda,classification,bbob_train,all,all,,,,194400,11921,0.06132201646090535,-0.08855738467265091,-0.06544428361600368,2511.1122661377594,0.05,9720,0.05,0.2668724279835391,4.351983893968627,2594,0.21759919469843134,0.2275614689166163,-0.01594678881861096,571.4323958968417
lda_classifier,lda,classification,bbob_train,all,all,,,,194400,11921,0.06132201646090535,-0.08855738467265091,-0.06544428361600368,2511.1122661377594,0.1,19440,0.1,0.2215020576131687,3.612113077761933,4306,0.36121130777619326,0.41054214221048774,-0.032461277048505134,1030.9174090712283
lda_classifier,lda,classification,bbob_train,all,all,,,,194400,11921,0.06132201646090535,-0.08855738467265091,-0.06544428361600368,2511.1122661377594,0.2,38880,0.2,0.17165637860082306,2.799261806895395,6674,0.5598523613790789,0.5945555785791536,-0.060215451663889245,1492.9958062707456
lda_classifier,lda,classification,bbob_train,label_source,label_source=changed_algorithm,changed_algorithm,,,74400,8470,0.11384408602150538,-0.05859081542569486,-0.06280283172738645,1678.8603444230114,0.05,3720,0.05,0.3948924731182796,3.4687131050767412,1469,0.17343565525383708,0.19372960321206156,0.03713660599079958,325.24494837353507
lda_classifier,lda,classification,bbob_train,label_source,label_source=changed_algorithm,changed_algorithm,,,74400,8470,0.11384408602150538,-0.05859081542569486,-0.06280283172738645,1678.8603444230114,0.1,7440,0.1,0.3811827956989247,3.3482880755608027,2836,0.3348288075560803,0.36183521892883624,0.029292410556288975,607.4708002752418
lda_classifier,lda,classification,bbob_train,label_source,label_source=changed_algorithm,changed_algorithm,,,74400,8470,0.11384408602150538,-0.05859081542569486,-0.06280283172738645,1678.8603444230114,0.2,14880,0.2,0.3379032258064516,2.9681227863046042,5028,0.5936245572609209,0.6540735124021123,0.011219890329120453,1098.0980823093792
lda_classifier,lda,classification,bbob_train,label_source,label_source=same_algorithm,same_algorithm,,,120000,3451,0.028758333333333334,-0.10713665760576366,-0.06743423570665175,832.2519217147483,0.05,6000,0.05,0.065,2.2602144305998264,390,0.11301072152999131,0.14922269002968314,-0.09479854151799093,124.190870540648
lda_classifier,lda,classification,bbob_train,label_source,label_source=same_algorithm,same_algorithm,,,120000,3451,0.028758333333333334,-0.10713665760576366,-0.06743423570665175,832.2519217147483,0.1,12000,0.1,0.059333333333333335,2.0631700956244567,712,0.20631700956244567,0.2547233423765885,-0.10021381799956451,211.99399119851955
lda_classifier,lda,classification,bbob_train,label_source,label_source=same_algorithm,same_algorithm,,,120000,3451,0.028758333333333334,-0.10713665760576366,-0.06743423570665175,832.2519217147483,0.2,24000,0.2,0.05466666666666667,1.900898290350623,1312,0.3801796580701246,0.4204381973072589,-0.11019612936872458,349.9104976712507
lda_classifier,lda,classification,bbob_train,dimension,dimension=10,,10.0,,64800,2405,0.037114197530864194,-0.04022633237538057,-0.03715828153278458,308.0180086184804,0.05,3240,0.05,0.21296296296296297,5.738045738045739,690,0.2869022869022869,0.2957789334216485,-0.016828915320291106,91.10523806383428
lda_classifier,lda,classification,bbob_train,dimension,dimension=10,,10.0,,64800,2405,0.037114197530864194,-0.04022633237538057,-0.03715828153278458,308.0180086184804,0.1,6480,0.1,0.1705246913580247,4.594594594594596,1105,0.4594594594594595,0.4965727877147087,-0.020538695408769823,152.95336120601198
lda_classifier,lda,classification,bbob_train,dimension,dimension=10,,10.0,,64800,2405,0.037114197530864194,-0.04022633237538057,-0.03715828153278458,308.0180086184804,0.2,12960,0.2,0.1183641975308642,3.1891891891891895,1534,0.6378378378378379,0.6822317967412715,-0.030732944166454734,210.13967944845433
lda_classifier,lda,classification,bbob_train,dimension,dimension=20,,20.0,,64800,3858,0.059537037037037034,-0.07228172978918257,-0.06716881295115272,823.0687800379324,0.05,3240,0.05,0.31851851851851853,5.349922239502333,1032,0.26749611197511663,0.31998096150220423,0.008885873941587845,263.36633961898383
lda_classifier,lda,classification,bbob_train,dimension,dimension=20,,20.0,,64800,3858,0.059537037037037034,-0.07228172978918257,-0.06716881295115272,823.0687800379324,0.1,6480,0.1,0.25200617283950616,4.232763089683774,1633,0.4232763089683774,0.5070035429301643,-0.014643566935434746,417.29878755443974
lda_classifier,lda,classification,bbob_train,dimension,dimension=20,,20.0,,64800,3858,0.059537037037037034,-0.07228172978918257,-0.06716881295115272,823.0687800379324,0.2,12960,0.2,0.1787037037037037,3.001555209953344,2316,0.6003110419906688,0.6820600215938347,-0.044090300649049174,561.3823098858834
lda_classifier,lda,classification,bbob_train,dimension,dimension=40,,40.0,,64800,5658,0.08731481481481482,-0.1531640918533896,-0.14272675969545875,1380.025477481347,0.05,3240,0.05,0.2675925925925926,3.0646871686108166,867,0.15323435843054084,0.15226439460170818,-0.03461609030322049,210.12874386363058
lda_classifier,lda,classification,bbob_train,dimension,dimension=40,,40.0,,64800,5658,0.08731481481481482,-0.1531640918533896,-0.14272675969545875,1380.025477481347,0.1,6480,0.1,0.23549382716049383,2.6970661010957935,1526,0.26970661010957936,0.31388394175532003,-0.05570856150107242,433.1678365946128
lda_classifier,lda,classification,bbob_train,dimension,dimension=40,,40.0,,64800,5658,0.08731481481481482,-0.1531640918533896,-0.14272675969545875,1380.025477481347,0.2,12960,0.2,0.20046296296296295,2.295864262990456,2598,0.4591728525980912,0.48838479056272255,-0.09189408370928394,673.9834537909488
lda_classifier,lda,classification,bbob_train,FE_ratio,FE_ratio=0.2,,,0.2,19440,1637,0.08420781893004116,-0.06196176210011554,-0.05049860667501493,304.44205064313394,0.05,972,0.05,0.22839506172839505,2.7122785583384235,222,0.1356139279169212,0.1768955048490082,-0.0018237704680829003,53.8544302457845
lda_classifier,lda,classification,bbob_train,FE_ratio,FE_ratio=0.2,,,0.2,19440,1637,0.08420781893004116,-0.06196176210011554,-0.05049860667501493,304.44205064313394,0.1,1944,0.1,0.20267489711934156,2.4068417837507634,394,0.24068417837507636,0.3235701765037892,-0.007759322833785575,98.50836806177438
lda_classifier,lda,classification,bbob_train,FE_ratio,FE_ratio=0.2,,,0.2,19440,1637,0.08420781893004116,-0.06196176210011554,-0.05049860667501493,304.44205064313394,0.2,3888,0.2,0.15946502057613168,1.893708002443494,620,0.3787416004886988,0.4683630041096705,-0.03449633063542647,142.58939341652666
lda_classifier,lda,classification,bbob_train,FE_ratio,FE_ratio=0.25,,,0.25,19440,1530,0.0787037037037037,-0.06684412289960417,-0.05379598025536793,289.0381601639173,0.05,972,0.05,0.3117283950617284,3.96078431372549,303,0.1980392156862745,0.2550004038535079,0.020292665920312165,73.70484757087381
lda_classifier,lda,classification,bbob_train,FE_ratio,FE_ratio=0.25,,,0.25,19440,1530,0.0787037037037037,-0.06684412289960417,-0.05379598025536793,289.0381601639173,0.1,1944,0.1,0.24897119341563786,3.1633986928104574,484,0.31633986928104574,0.3925532628937117,-0.005004470966812378,113.46287287314095
lda_classifier,lda,classification,bbob_train,FE_ratio,FE_ratio=0.25,,,0.25,19440,1530,0.0787037037037037,-0.06684412289960417,-0.05379598025536793,289.0381601639173,0.2,3888,0.2,0.1993312757201646,2.5326797385620914,775,0.5065359477124183,0.577313234392502,-0.030353793495411126,166.8655551070891
lda_classifier,lda,classification,bbob_train,FE_ratio,FE_ratio=0.28,,,0.28,19440,1516,0.07798353909465021,-0.06678863875638497,-0.05595944523593056,294.83506110374555,0.05,972,0.05,0.30864197530864196,3.9577836411609493,300,0.19788918205804748,0.22454974165450967,0.007296060171633864,66.20513680153763
lda_classifier,lda,classification,bbob_train,FE_ratio,FE_ratio=0.28,,,0.28,19440,1516,0.07798353909465021,-0.06678863875638497,-0.05595944523593056,294.83506110374555,0.1,1944,0.1,0.2618312757201646,3.357519788918206,509,0.33575197889182057,0.3930319434036673,-0.010686556195550813,115.87959704914411
lda_classifier,lda,classification,bbob_train,FE_ratio,FE_ratio=0.28,,,0.28,19440,1516,0.07798353909465021,-0.06678863875638497,-0.05595944523593056,294.83506110374555,0.2,3888,0.2,0.21116255144032922,2.7077836411609497,821,0.5415567282321899,0.5885217007837353,-0.03080280603001191,173.51683161145286
lda_classifier,lda,classification,bbob_train,FE_ratio,FE_ratio=0.3,,,0.3,19440,1403,0.07217078189300412,-0.07045501341769796,-0.05769358257385397,275.8794546370344,0.05,972,0.05,0.31893004115226337,4.419101924447612,310,0.2209550962223806,0.24988963243453355,0.008985751845121024,68.93941551548811
lda_classifier,lda,classification,bbob_train,FE_ratio,FE_ratio=0.3,,,0.3,19440,1403,0.07217078189300412,-0.07045501341769796,-0.05769358257385397,275.8794546370344,0.1,1944,0.1,0.2700617283950617,3.7419814682822516,525,0.3741981468282252,0.4264339521091078,-0.005580000537931413,117.64436614657592
lda_classifier,lda,classification,bbob_train,FE_ratio,FE_ratio=0.3,,,0.3,19440,1403,0.07217078189300412,-0.07045501341769796,-0.05769358257385397,275.8794546370344,0.2,3888,0.2,0.19212962962962962,2.662152530292231,747,0.5324305060584462,0.6003934533190484,-0.0389074216178923,165.63621846930485
lda_classifier,lda,classification,bbob_train,FE_ratio,FE_ratio=0.35,,,0.35,19440,1388,0.07139917695473251,-0.07482964941049443,-0.062069321341436653,257.6511044439708,0.05,972,0.05,0.31584362139917693,4.423631123919308,307,0.2211815561959654,0.2580766462240512,0.006078145558387814,66.49373293082272
lda_classifier,lda,classification,bbob_train,FE_ratio,FE_ratio=0.35,,,0.35,19440,1388,0.07139917695473251,-0.07482964941049443,-0.062069321341436653,257.6511044439708,0.1,1944,0.1,0.2716049382716049,3.8040345821325645,528,0.3804034582132565,0.43570763737451357,-0.010396072540142407,112.26055398421654
lda_classifier,lda,classification,bbob_train,FE_ratio,FE_ratio=0.35,,,0.35,19440,1388,0.07139917695473251,-0.07482964941049443,-0.062069321341436653,257.6511044439708,0.2,3888,0.2,0.20781893004115226,2.910662824207493,808,0.5821325648414986,0.655234743494215,-0.038645705580555356,168.82195533134637
lda_classifier,lda,classification,bbob_train,FE_ratio,FE_ratio=0.4,,,0.4,19440,1376,0.07078189300411522,-0.08176159053440116,-0.06731035034538017,252.55187921031478,0.05,972,0.05,0.29835390946502055,4.215116279069767,290,0.21075581395348839,0.2282036738346019,-0.007116179355654827,57.63326666962645
lda_classifier,lda,classification,bbob_train,FE_ratio,FE_ratio=0.4,,,0.4,19440,1376,0.07078189300411522,-0.08176159053440116,-0.06731035034538017,252.55187921031478,0.1,1944,0.1,0.2618312757201646,3.6991279069767447,509,0.3699127906976744,0.45482145011181857,-0.019419399141893126,114.86601193090021
lda_classifier,lda,classification,bbob_train,FE_ratio,FE_ratio=0.4,,,0.4,19440,1376,0.07078189300411522,-0.08176159053440116,-0.06731035034538017,252.55187921031478,0.2,3888,0.2,0.19855967078189302,2.805232558139535,772,0.561046511627907,0.6435188884363473,-0.04772872726714891,162.5219045819324
lda_classifier,lda,classification,bbob_train,FE_ratio,FE_ratio=0.45,,,0.45,19440,911,0.04686213991769547,-0.09574364894010993,-0.0740343803226563,214.80823720368133,0.05,972,0.05,0.25102880658436216,5.356750823271131,244,0.2678375411635565,0.22474049375386362,-0.03295918467270891,48.2761092915524
lda_classifier,lda,classification,bbob_train,FE_ratio,FE_ratio=0.45,,,0.45,19440,911,0.04686213991769547,-0.09574364894010993,-0.0740343803226563,214.80823720368133,0.1,1944,0.1,0.21810699588477367,4.654226125137212,424,0.4654226125137212,0.4833086597208787,-0.04105881543196023,103.81868121991582
lda_classifier,lda,classification,bbob_train,FE_ratio,FE_ratio=0.45,,,0.45,19440,911,0.04686213991769547,-0.09574364894010993,-0.0740343803226563,214.80823720368133,0.2,3888,0.2,0.14737654320987653,3.1448957189901208,573,0.6289791437980241,0.642105172696982,-0.07745567219121051,137.92948024640407
lda_classifier,lda,classification,bbob_train,FE_ratio,FE_ratio=0.5,,,0.5,19440,752,0.03868312757201646,-0.10761678906395437,-0.08153801385084204,216.74610973067038,0.05,972,0.05,0.24074074074074073,6.223404255319148,234,0.31117021276595747,0.2484522388811376,-0.030545180534574345,53.851056231361774
lda_classifier,lda,classification,bbob_train,FE_ratio,FE_ratio=0.5,,,0.5,19440,752,0.03868312757201646,-0.10761678906395437,-0.08153801385084204,216.74610973067038,0.1,1944,0.1,0.18930041152263374,4.8936170212765955,368,0.48936170212765956,0.4966076401497462,-0.04929525892921933,107.63777406498615
lda_classifier,lda,classification,bbob_train,FE_ratio,FE_ratio=0.5,,,0.5,19440,752,0.03868312757201646,-0.10761678906395437,-0.08153801385084204,216.74610973067038,0.2,3888,0.2,0.12217078189300412,3.1582446808510642,475,0.6316489361702128,0.5990887016344232,-0.09671653686672084,129.85014546285953
lda_classifier,lda,classification,bbob_train,FE_ratio,FE_ratio=0.55,,,0.55,19440,784,0.040329218106995884,-0.12055088341199817,-0.09047622006570433,212.50845114181092,0.05,972,0.05,0.21810699588477367,5.408163265306123,212,0.27040816326530615,0.21032413927340093,-0.05612929070997551,44.695657074724956
lda_classifier,lda,classification,bbob_train,FE_ratio,FE_ratio=0.55,,,0.55,19440,784,0.040329218106995884,-0.12055088341199817,-0.09047622006570433,212.50845114181092,0.1,1944,0.1,0.18209876543209877,4.51530612244898,354,0.45153061224489793,0.43422660453385087,-0.07018746070335731,92.2768231740563
lda_classifier,lda,classification,bbob_train,FE_ratio,FE_ratio=0.55,,,0.55,19440,784,0.040329218106995884,-0.12055088341199817,-0.09047622006570433,212.50845114181092,0.2,3888,0.2,0.11676954732510288,2.895408163265306,454,0.5790816326530612,0.5661682338797493,-0.12277990169302729,120.31553446748009
lda_classifier,lda,classification,bbob_train,FE_ratio,FE_ratio=0.6,,,0.6,19440,624,0.03209876543209877,-0.13902174819174842,-0.10198680721304745,192.65175785948037,0.05,972,0.05,0.14917695473251028,4.647435897435897,145,0.23237179487179488,0.17170692111092206,-0.08385659420757606,33.07964018865825
lda_classifier,lda,classification,bbob_train,FE_ratio,FE_ratio=0.6,,,0.6,19440,624,0.03209876543209877,-0.13902174819174842,-0.10198680721304745,192.65175785948037,0.1,1944,0.1,0.13425925925925927,4.1826923076923075,261,0.4182692307692308,0.4187941131547527,-0.09061780363852832,80.68142208046524
lda_classifier,lda,classification,bbob_train,FE_ratio,FE_ratio=0.6,,,0.6,19440,624,0.03209876543209877,-0.13902174819174842,-0.10198680721304745,192.65175785948037,0.2,3888,0.2,0.09027777777777778,2.8124999999999996,351,0.5625,0.5415847163867524,-0.1482007018261501,104.33724764173598
lda_classifier,lda,classification,bbob_validation,all,all,,,,64800,3745,0.05779320987654321,-0.09152940558707323,-0.07597107961327272,743.0385345915533,0.05,3240,0.05,0.25030864197530867,4.331108144192257,811,0.2165554072096128,0.5688357966484661,0.05986558873523327,422.66691676489506
lda_classifier,lda,classification,bbob_validation,all,all,,,,64800,3745,0.05779320987654321,-0.09152940558707323,-0.07597107961327272,743.0385345915533,0.1,6480,0.1,0.17484567901234568,3.0253671562082776,1133,0.3025367156208278,0.6313251723407372,-0.02365930970935197,469.0989309068212
lda_classifier,lda,classification,bbob_validation,all,all,,,,64800,3745,0.05779320987654321,-0.09152940558707323,-0.07597107961327272,743.0385345915533,0.2,12960,0.2,0.15131172839506174,2.6181575433911886,1961,0.5236315086782376,0.7647451169457509,-0.057524197378401025,568.2350910314168
lda_classifier,lda,classification,bbob_validation,label_source,label_source=changed_algorithm,changed_algorithm,,,16560,2549,0.15392512077294687,-0.05116247729341551,-0.06176568779918107,607.1864253523988,0.05,828,0.05,0.8973429951690821,5.8297371518242445,743,0.29148685759121223,0.6820092969442474,0.49520016648607834,414.1067870686803
lda_classifier,lda,classification,bbob_validation,label_source,label_source=changed_algorithm,changed_algorithm,,,16560,2549,0.15392512077294687,-0.05116247729341551,-0.06176568779918107,607.1864253523988,0.1,1656,0.1,0.6099033816425121,3.962338171832091,1010,0.3962338171832091,0.7380467865668413,0.23728928006191105,448.1319900783453
lda_classifier,lda,classification,bbob_validation,label_source,label_source=changed_algorithm,changed_algorithm,,,16560,2549,0.15392512077294687,-0.05116247729341551,-0.06176568779918107,607.1864253523988,0.2,3312,0.2,0.48731884057971014,3.1659474303648487,1614,0.6331894860729698,0.8507990358775404,0.11341300100961837,516.5936252877511
lda_classifier,lda,classification,bbob_validation,label_source,label_source=same_algorithm,same_algorithm,,,48240,1196,0.024792703150912105,-0.10538670932967216,-0.08462815497687234,135.85210923915443,0.05,2412,0.05,0.0203150912106136,0.8193979933110369,49,0.04096989966555184,0.04440832901087261,-0.09325312224108409,6.032965163913378
lda_classifier,lda,classification,bbob_validation,label_source,label_source=same_algorithm,same_algorithm,,,48240,1196,0.024792703150912105,-0.10538670932967216,-0.08462815497687234,135.85210923915443,0.1,4824,0.1,0.03130182421227198,1.262541806020067,151,0.1262541806020067,0.18479641712887163,-0.11022492737190916,25.104983046795823
lda_classifier,lda,classification,bbob_validation,label_source,label_source=same_algorithm,same_algorithm,,,48240,1196,0.024792703150912105,-0.10538670932967216,-0.08462815497687234,135.85210923915443,0.2,9648,0.2,0.048196517412935326,1.943979933110368,465,0.3887959866220736,0.4608986031012807,-0.1128799441640978,62.61404737668888
lda_classifier,lda,classification,bbob_validation,dimension,dimension=10,,10.0,,21600,1470,0.06805555555555555,-0.040708791525251226,-0.036659214049790265,260.3480860696287,0.05,1080,0.05,0.2833333333333333,4.163265306122449,306,0.20816326530612245,0.6111543771978669,0.12108938553386958,159.11287239654058
lda_classifier,lda,classification,bbob_validation,dimension,dimension=10,,10.0,,21600,1470,0.06805555555555555,-0.040708791525251226,-0.036659214049790265,260.3480860696287,0.1,2160,0.1,0.19166666666666668,2.8163265306122454,414,0.2816326530612245,0.648256452953842,0.04069117567000185,168.7723268088191
lda_classifier,lda,classification,bbob_validation,dimension,dimension=10,,10.0,,21600,1470,0.06805555555555555,-0.040708791525251226,-0.036659214049790265,260.3480860696287,0.2,4320,0.2,0.17453703703703705,2.5646258503401365,754,0.5129251700680272,0.7718528243887836,-0.0003245740137640739,200.95040555705705
lda_classifier,lda,classification,bbob_validation,dimension,dimension=20,,20.0,,21600,1908,0.08833333333333333,-0.05664202206459035,-0.0679457754312032,392.4289080321196,0.05,1080,0.05,0.38055555555555554,4.3081761006289305,411,0.21540880503144655,0.5909719762396275,0.1778047842183874,231.9144873133008
lda_classifier,lda,classification,bbob_validation,dimension,dimension=20,,20.0,,21600,1908,0.08833333333333333,-0.05664202206459035,-0.0679457754312032,392.4289080321196,0.1,2160,0.1,0.27361111111111114,3.0974842767295603,591,0.30974842767295596,0.6473125978057437,0.06521186938439547,254.02417591234268
lda_classifier,lda,classification,bbob_validation,dimension,dimension=20,,20.0,,21600,1908,0.08833333333333333,-0.05664202206459035,-0.0679457754312032,392.4289080321196,0.2,4320,0.2,0.23912037037037037,2.707023060796646,1033,0.5414046121593291,0.7752300864331334,0.01211324856036321,304.2226962926003
lda_classifier,lda,classification,bbob_validation,dimension,dimension=40,,40.0,,21600,367,0.01699074074074074,-0.17723740317137815,-0.16708161511555475,90.26154048980496,0.05,1080,0.05,0.09074074074074075,5.340599455040873,98,0.2670299727520436,0.35182080372646996,-0.10649427288683955,31.75588772071249
lda_classifier,lda,classification,bbob_validation,dimension,dimension=40,,40.0,,21600,367,0.01699074074074074,-0.17723740317137815,-0.16708161511555475,90.26154048980496,0.1,2160,0.1,0.07037037037037037,4.1416893732970035,152,0.4141689373297003,0.4986746417639682,-0.14812905288064443,45.0111413688174
lda_classifier,lda,classification,bbob_validation,dimension,dimension=40,,40.0,,21600,367,0.01699074074074074,-0.17723740317137815,-0.16708161511555475,90.26154048980496,0.2,4320,0.2,0.05277777777777778,3.106267029972752,228,0.6212534059945504,0.7167871023543448,-0.17234461295004272,64.69830806172666
lda_classifier,lda,classification,bbob_validation,FE_ratio,FE_ratio=0.2,,,0.2,6480,296,0.04567901234567901,-0.07854640971495502,-0.05432046807708305,38.557426800468264,0.05,324,0.05,0.027777777777777776,0.6081081081081081,9,0.030405405405405407,0.0345933807405617,-0.05202431751298523,1.3338317456849365
lda_classifier,lda,classification,bbob_validation,FE_ratio,FE_ratio=0.2,,,0.2,6480,296,0.04567901234567901,-0.07854640971495502,-0.05432046807708305,38.557426800468264,0.1,648,0.1,0.032407407407407406,0.7094594594594594,21,0.07094594594594594,0.04848055846572809,-0.058045513908005344,1.8692855842881329
lda_classifier,lda,classification,bbob_validation,FE_ratio,FE_ratio=0.2,,,0.2,6480,296,0.04567901234567901,-0.07854640971495502,-0.05432046807708305,38.557426800468264,0.2,1296,0.2,0.05246913580246913,1.1486486486486487,68,0.22972972972972974,0.21153950904131907,-0.07301861113538402,8.156419135267654
lda_classifier,lda,classification,bbob_validation,FE_ratio,FE_ratio=0.25,,,0.25,6480,292,0.04506172839506173,-0.08209066348445634,-0.05811985784400571,35.463735190300596,0.05,324,0.05,0.009259259259259259,0.2054794520547945,3,0.010273972602739725,0.009887283351599763,-0.06427871180862721,0.35063999853260175
lda_classifier,lda,classification,bbob_validation,FE_ratio,FE_ratio=0.25,,,0.25,6480,292,0.04506172839506173,-0.08209066348445634,-0.05811985784400571,35.463735190300596,0.1,648,0.1,0.05555555555555555,1.232876712328767,36,0.1232876712328767,0.19184873623598359,-0.08178575149678574,6.803672778466749
lda_classifier,lda,classification,bbob_validation,FE_ratio,FE_ratio=0.25,,,0.25,6480,292,0.04506172839506173,-0.08209066348445634,-0.05811985784400571,35.463735190300596,0.2,1296,0.2,0.09722222222222222,2.1575342465753424,126,0.4315068493150685,0.5328395231573588,-0.07811158718105682,18.896479748178617
lda_classifier,lda,classification,bbob_validation,FE_ratio,FE_ratio=0.28,,,0.28,6480,274,0.042283950617283954,-0.08549062609263769,-0.060059978976886724,32.16164278161452,0.05,324,0.05,0.021604938271604937,0.510948905109489,7,0.025547445255474453,0.018277926977257112,-0.06799792629079493,0.5878481582309785
lda_classifier,lda,classification,bbob_validation,FE_ratio,FE_ratio=0.28,,,0.28,6480,274,0.042283950617283954,-0.08549062609263769,-0.060059978976886724,32.16164278161452,0.1,648,0.1,0.05709876543209876,1.3503649635036494,37,0.13503649635036497,0.16945123767319686,-0.08547249200428769,5.4498301749478175
lda_classifier,lda,classification,bbob_validation,FE_ratio,FE_ratio=0.28,,,0.28,6480,274,0.042283950617283954,-0.08549062609263769,-0.060059978976886724,32.16164278161452,0.2,1296,0.2,0.08024691358024691,1.8978102189781019,104,0.3795620437956204,0.5059450885987041,-0.08405492905288951,16.27202520662383
lda_classifier,lda,classification,bbob_validation,FE_ratio,FE_ratio=0.3,,,0.3,6480,284,0.043827160493827164,-0.08706332924379373,-0.061481761258876125,31.652929735382077,0.05,324,0.05,0.012345679012345678,0.2816901408450704,4,0.014084507042253521,0.011546872930859795,-0.07039449704358257,0.3654923575438904
lda_classifier,lda,classification,bbob_validation,FE_ratio,FE_ratio=0.3,,,0.3,6480,284,0.043827160493827164,-0.08706332924379373,-0.061481761258876125,31.652929735382077,0.1,648,0.1,0.038580246913580245,0.880281690140845,25,0.0880281690140845,0.12087900818685576,-0.07790838663874367,3.8261747526212204
lda_classifier,lda,classification,bbob_validation,FE_ratio,FE_ratio=0.3,,,0.3,6480,284,0.043827160493827164,-0.08706332924379373,-0.061481761258876125,31.652929735382077,0.2,1296,0.2,0.07253086419753087,1.6549295774647887,94,0.33098591549295775,0.39957157733842497,-0.07859285649090143,12.64761106174895
lda_classifier,lda,classification,bbob_validation,FE_ratio,FE_ratio=0.35,,,0.35,6480,256,0.03950617283950617,-0.09341559547051581,-0.06664570006608084,26.439322897806413,0.05,324,0.05,0.027777777777777776,0.703125,9,0.03515625,0.046578778194321394,-0.07478603530075775,1.2315113568649678
lda_classifier,lda,classification,bbob_validation,FE_ratio,FE_ratio=0.35,,,0.35,6480,256,0.03950617283950617,-0.09341559547051581,-0.06664570006608084,26.439322897806413,0.1,648,0.1,0.06172839506172839,1.5625,40,0.15625,0.24842650827876794,-0.0840385577189293,6.568228668756925
lda_classifier,lda,classification,bbob_validation,FE_ratio,FE_ratio=0.35,,,0.35,6480,256,0.03950617283950617,-0.09341559547051581,-0.06664570006608084,26.439322897806413,0.2,1296,0.2,0.0763888888888889,1.9335937500000002,99,0.38671875,0.4682495981479445,-0.08944685384905245,12.380202322201601
lda_classifier,lda,classification,bbob_validation,FE_ratio,FE_ratio=0.4,,,0.4,6480,800,0.12345679012345678,-0.07290554260108724,-0.07056462486829276,174.15917724891835,0.05,324,0.05,0.6728395061728395,5.45,218,0.2725,0.604758806619188,0.2831678676491464,105.3242961948355
lda_classifier,lda,classification,bbob_validation,FE_ratio,FE_ratio=0.4,,,0.4,6480,800,0.12345679012345678,-0.07290554260108724,-0.07056462486829276,174.15917724891835,0.1,648,0.1,0.44290123456790126,3.5875000000000004,287,0.35875,0.6615140968527788,0.10532772933876523,115.20875084644126
lda_classifier,lda,classification,bbob_validation,FE_ratio,FE_ratio=0.4,,,0.4,6480,800,0.12345679012345678,-0.07290554260108724,-0.07056462486829276,174.15917724891835,0.2,1296,0.2,0.3256172839506173,2.6375,422,0.5275,0.7722373907090924,0.022706088467484647,134.49222860674703
lda_classifier,lda,classification,bbob_validation,FE_ratio,FE_ratio=0.45,,,0.45,6480,243,0.0375,-0.10186903427734409,-0.07939845101548082,50.56190594132994,0.05,324,0.05,0.11728395061728394,3.1275720164609053,38,0.15637860082304528,0.6283151678536564,0.01400439887385423,31.768812418527514
lda_classifier,lda,classification,bbob_validation,FE_ratio,FE_ratio=0.45,,,0.45,6480,243,0.0375,-0.10186903427734409,-0.07939845101548082,50.56190594132994,0.1,648,0.1,0.08796296296296297,2.345679012345679,57,0.2345679012345679,0.6880183673796465,-0.05614360222517368,34.78751997735708
lda_classifier,lda,classification,bbob_validation,FE_ratio,FE_ratio=0.45,,,0.45,6480,243,0.0375,-0.10186903427734409,-0.07939845101548082,50.56190594132994,0.2,1296,0.2,0.09104938271604938,2.4279835390946505,118,0.48559670781893005,0.8076159831165314,-0.08029668942570871,40.83460337505277
lda_classifier,lda,classification,bbob_validation,FE_ratio,FE_ratio=0.5,,,0.5,6480,477,0.07361111111111111,-0.08578559846269349,-0.08202974076197492,151.15391573733473,0.05,324,0.05,0.7191358024691358,9.769392033542976,233,0.48846960167714887,0.8606892452118381,0.367268125710565,130.0965496467804
lda_classifier,lda,classification,bbob_validation,FE_ratio,FE_ratio=0.5,,,0.5,6480,477,0.07361111111111111,-0.08578559846269349,-0.08202974076197492,151.15391573733473,0.1,648,0.1,0.3966049382716049,5.387840670859538,257,0.5387840670859538,0.8817809097221021,0.11939436152656098,133.28463732692498
lda_classifier,lda,classification,bbob_validation,FE_ratio,FE_ratio=0.5,,,0.5,6480,477,0.07361111111111111,-0.08578559846269349,-0.08202974076197492,151.15391573733473,0.2,1296,0.2,0.24305555555555555,3.30188679245283,315,0.660377358490566,0.9199470568736065,0.002844862738546028,139.0535999174822
lda_classifier,lda,classification,bbob_validation,FE_ratio,FE_ratio=0.55,,,0.55,6480,376,0.05802469135802469,-0.11228594071878435,-0.09215825578698267,79.68497550744864,0.05,324,0.05,0.3055555555555556,5.265957446808511,99,0.2632978723404255,0.6362616454747188,0.07481729957448116,50.700493635981935
lda_classifier,lda,classification,bbob_validation,FE_ratio,FE_ratio=0.55,,,0.55,6480,376,0.05802469135802469,-0.11228594071878435,-0.09215825578698267,79.68497550744864,0.1,648,0.1,0.19598765432098766,3.3776595744680855,127,0.3377659574468085,0.6691042076588328,-0.032011118269504646,53.31755239922492
lda_classifier,lda,classification,bbob_validation,FE_ratio,FE_ratio=0.55,,,0.55,6480,376,0.05802469135802469,-0.11228594071878435,-0.09215825578698267,79.68497550744864,0.2,1296,0.2,0.15046296296296297,2.5930851063829787,195,0.5186170212765957,0.7724958247961939,-0.07911621975295381,61.556310878491054
lda_classifier,lda,classification,bbob_validation,FE_ratio,FE_ratio=0.6,,,0.6,6480,447,0.06898148148148148,-0.11584131580446465,-0.10228898920926656,123.20350275094972,0.05,324,0.05,0.5493827160493827,7.96420581655481,178,0.3982102908277405,0.8062584458166725,0.24206504686010866,99.33386464715086
lda_classifier,lda,classification,bbob_validation,FE_ratio,FE_ratio=0.6,,,0.6,6480,447,0.06898148148148148,-0.11584131580446465,-0.10228898920926656,123.20350275094972,0.1,648,0.1,0.33024691358024694,4.787472035794184,214,0.47874720357941836,0.8351247598266471,0.04458779738889245,102.89029564468855
lda_classifier,lda,classification,bbob_validation,FE_ratio,FE_ratio=0.6,,,0.6,6480,447,0.06898148148148148,-0.11584131580446465,-0.10228898920926656,123.20350275094972,0.2,1296,0.2,0.22608024691358025,3.277404921700224,293,0.6554809843400448,0.8935210179249116,-0.04404215886941881,110.08491918994324
linear_svm_classifier,linear_svm,classification,bbob_train,all,all,,,,194400,11921,0.06132201646090535,-0.08855738467265091,-0.06544428361600368,2511.1122661377594,0.05,9720,0.05,0.25308641975308643,4.12717053938428,2460,0.206358526969214,0.22151581282552557,-0.019263977826441583,556.2510747296534
linear_svm_classifier,linear_svm,classification,bbob_train,all,all,,,,194400,11921,0.06132201646090535,-0.08855738467265091,-0.06544428361600368,2511.1122661377594,0.1,19440,0.1,0.2116255144032922,3.4510527640298636,4114,0.3451052764029863,0.36608701941577376,-0.03796460026376909,919.2856049287618
linear_svm_classifier,linear_svm,classification,bbob_train,all,all,,,,194400,11921,0.06132201646090535,-0.08855738467265091,-0.06544428361600368,2511.1122661377594,0.2,38880,0.2,0.17260802469135803,2.81478063920812,6711,0.5629561278416241,0.583487628129637,-0.05622397944809573,1465.2029401359591
linear_svm_classifier,linear_svm,classification,bbob_train,label_source,label_source=changed_algorithm,changed_algorithm,,,74400,8470,0.11384408602150538,-0.05859081542569486,-0.06280283172738645,1678.8603444230114,0.05,3720,0.05,0.40913978494623654,3.5938606847697754,1522,0.17969303423848879,0.20152815357071513,0.04170448506628104,338.33762531466436
linear_svm_classifier,linear_svm,classification,bbob_train,label_source,label_source=changed_algorithm,changed_algorithm,,,74400,8470,0.11384408602150538,-0.05859081542569486,-0.06280283172738645,1678.8603444230114,0.1,7440,0.1,0.3793010752688172,3.331759149940968,2822,0.3331759149940968,0.36729425720795045,0.02928447664661818,616.6357631607339
linear_svm_classifier,linear_svm,classification,bbob_train,label_source,label_source=changed_algorithm,changed_algorithm,,,74400,8470,0.11384408602150538,-0.05859081542569486,-0.06280283172738645,1678.8603444230114,0.2,14880,0.2,0.3379032258064516,2.9681227863046042,5028,0.5936245572609209,0.6344131312274454,0.009163042006413996,1065.0910479989902
linear_svm_classifier,linear_svm,classification,bbob_train,label_source,label_source=same_algorithm,same_algorithm,,,120000,3451,0.028758333333333334,-0.10713665760576366,-0.06743423570665175,832.2519217147483,0.05,6000,0.05,0.069,2.3993045494059695,414,0.11996522747029846,0.1266342395247813,-0.09397188810536983,105.39158919938498
linear_svm_classifier,linear_svm,classification,bbob_train,label_source,label_source=same_algorithm,same_algorithm,,,120000,3451,0.028758333333333334,-0.10713665760576366,-0.06743423570665175,832.2519217147483,0.1,12000,0.1,0.06075,2.112431179368299,729,0.2112431179368299,0.2289578117272621,-0.09843784572275475,190.5505788016174
linear_svm_classifier,linear_svm,classification,bbob_train,label_source,label_source=same_algorithm,same_algorithm,,,120000,3451,0.028758333333333334,-0.10713665760576366,-0.06743423570665175,832.2519217147483,0.2,24000,0.2,0.057125,1.9863807592002318,1371,0.3972761518400464,0.4175328419615592,-0.10145822032625144,347.49251010152796
linear_svm_classifier,linear_svm,classification,bbob_train,dimension,dimension=10,,10.0,,64800,2405,0.037114197530864194,-0.04022633237538057,-0.03715828153278458,308.0180086184804,0.05,3240,0.05,0.18703703703703703,5.039501039501039,606,0.251975051975052,0.27882186551152965,-0.018499256412152575,85.88215577415113
linear_svm_classifier,linear_svm,classification,bbob_train,dimension,dimension=10,,10.0,,64800,2405,0.037114197530864194,-0.04022633237538057,-0.03715828153278458,308.0180086184804,0.1,6480,0.1,0.15169753086419754,4.087318087318088,983,0.40873180873180875,0.4345139245291963,-0.025126863704944297,133.83811375048373
linear_svm_classifier,linear_svm,classification,bbob_train,dimension,dimension=10,,10.0,,64800,2405,0.037114197530864194,-0.04022633237538057,-0.03715828153278458,308.0180086184804,0.2,12960,0.2,0.11442901234567901,3.083160083160083,1483,0.6166320166320166,0.6434740046381613,-0.03156404179414936,198.20158150640526
linear_svm_classifier,linear_svm,classification,bbob_train,dimension,dimension=20,,20.0,,64800,3858,0.059537037037037034,-0.07228172978918257,-0.06716881295115272,823.0687800379324,0.05,3240,0.05,0.28888888888888886,4.852255054432348,936,0.24261275272161742,0.2872785101719739,0.004198500724492682,236.4499728983613
linear_svm_classifier,linear_svm,classification,bbob_train,dimension,dimension=20,,20.0,,64800,3858,0.059537037037037034,-0.07228172978918257,-0.06716881295115272,823.0687800379324,0.1,6480,0.1,0.22885802469135802,3.843960601347849,1483,0.3843960601347849,0.4370269849065366,-0.02076196914502138,359.70326731067894
linear_svm_classifier,linear_svm,classification,bbob_train,dimension,dimension=20,,20.0,,64800,3858,0.059537037037037034,-0.07228172978918257,-0.06716881295115272,823.0687800379324,0.2,12960,0.2,0.1761574074074074,2.958786936236392,2283,0.5917573872472783,0.6558087960819701,-0.042831366484815815,539.7757457293322
linear_svm_classifier,linear_svm,classification,bbob_train,dimension,dimension=40,,40.0,,64800,5658,0.08731481481481482,-0.1531640918533896,-0.14272675969545875,1380.025477481347,0.05,3240,0.05,0.266358024691358,3.050547896783315,863,0.15252739483916578,0.1587185546302698,-0.03430668585884326,219.03564913878733
linear_svm_classifier,linear_svm,classification,bbob_train,dimension,dimension=40,,40.0,,64800,5658,0.08731481481481482,-0.1531640918533896,-0.14272675969545875,1380.025477481347,0.1,6480,0.1,0.24089506172839506,2.75892541534111,1561,0.27589254153411097,0.2829008679798164,-0.060779404300409796,390.41040541373366
linear_svm_classifier,linear_svm,classification,bbob_train,dimension,dimension=40,,40.0,,64800,5658,0.08731481481481482,-0.1531640918533896,-0.14272675969545875,1380.025477481347,0.2,12960,0.2,0.21450617283950618,2.4566984800282787,2780,0.4913396960056557,0.49360149279734616,-0.08380385566012646,681.1826357831633
linear_svm_classifier,linear_svm,classification,bbob_train,FE_ratio,FE_ratio=0.2,,,0.2,19440,1637,0.08420781893004116,-0.06196176210011554,-0.05049860667501493,304.44205064313394,0.05,972,0.05,0.2273662551440329,2.7000610873549173,221,0.13500305436774587,0.1759469459265751,-0.002216705157669842,53.565649022283125
linear_svm_classifier,linear_svm,classification,bbob_train,FE_ratio,FE_ratio=0.2,,,0.2,19440,1637,0.08420781893004116,-0.06196176210011554,-0.05049860667501493,304.44205064313394,0.1,1944,0.1,0.2001028806584362,2.3762981062919972,389,0.23762981062919974,0.3327868414174311,-0.012166014497253748,101.31430842817414
linear_svm_classifier,linear_svm,classification,bbob_train,FE_ratio,FE_ratio=0.2,,,0.2,19440,1637,0.08420781893004116,-0.06196176210011554,-0.05049860667501493,304.44205064313394,0.2,3888,0.2,0.16769547325102882,1.9914477703115454,652,0.3982895540623091,0.49577508348761057,-0.030590183246875968,150.9347830747391
linear_svm_classifier,linear_svm,classification,bbob_train,FE_ratio,FE_ratio=0.25,,,0.25,19440,1530,0.0787037037037037,-0.06684412289960417,-0.05379598025536793,289.0381601639173,0.05,972,0.05,0.2767489711934156,3.5163398692810457,269,0.1758169934640523,0.2450841877350089,0.012001804402779929,70.83868270819507
linear_svm_classifier,linear_svm,classification,bbob_train,FE_ratio,FE_ratio=0.25,,,0.25,19440,1530,0.0787037037037037,-0.06684412289960417,-0.05379598025536793,289.0381601639173,0.1,1944,0.1,0.2227366255144033,2.830065359477124,433,0.2830065359477124,0.35579236704840433,-0.01349413323268248,102.83757117203594
linear_svm_classifier,linear_svm,classification,bbob_train,FE_ratio,FE_ratio=0.25,,,0.25,19440,1530,0.0787037037037037,-0.06684412289960417,-0.05379598025536793,289.0381601639173,0.2,3888,0.2,0.19058641975308643,2.4215686274509807,741,0.4843137254901961,0.5350747354647392,-0.03744773809065221,154.65701708892294
linear_svm_classifier,linear_svm,classification,bbob_train,FE_ratio,FE_ratio=0.28,,,0.28,19440,1516,0.07798353909465021,-0.06678863875638497,-0.05595944523593056,294.83506110374555,0.05,972,0.05,0.2345679012345679,3.0079155672823217,228,0.1503957783641161,0.1757331299697169,-0.020499307665786854,51.81228811257394
linear_svm_classifier,linear_svm,classification,bbob_train,FE_ratio,FE_ratio=0.28,,,0.28,19440,1516,0.07798353909465021,-0.06678863875638497,-0.05595944523593056,294.83506110374555,0.1,1944,0.1,0.21193415637860083,2.717678100263852,412,0.2717678100263852,0.2928248409710383,-0.031966455012073305,86.33502988039064
linear_svm_classifier,linear_svm,classification,bbob_train,FE_ratio,FE_ratio=0.28,,,0.28,19440,1516,0.07798353909465021,-0.06678863875638497,-0.05595944523593056,294.83506110374555,0.2,3888,0.2,0.19444444444444445,2.4934036939313984,756,0.49868073878627966,0.4830873247112334,-0.04311766323019089,142.43108089968146
linear_svm_classifier,linear_svm,classification,bbob_train,FE_ratio,FE_ratio=0.3,,,0.3,19440,1403,0.07217078189300412,-0.07045501341769796,-0.05769358257385397,275.8794546370344,0.05,972,0.05,0.30864197530864196,4.276550249465431,300,0.21382751247327156,0.2667146725957237,0.013375465244212055,73.58109841940345
linear_svm_classifier,linear_svm,classification,bbob_train,FE_ratio,FE_ratio=0.3,,,0.3,19440,1403,0.07217078189300412,-0.07045501341769796,-0.05769358257385397,275.8794546370344,0.1,1944,0.1,0.25925925925925924,3.592302209550962,504,0.3592302209550962,0.42343871313486375,-0.014521808669103313,116.81804125185388
linear_svm_classifier,linear_svm,classification,bbob_train,FE_ratio,FE_ratio=0.3,,,0.3,19440,1403,0.07217078189300412,-0.07045501341769796,-0.05769358257385397,275.8794546370344,0.2,3888,0.2,0.1962448559670782,2.7191732002851032,763,0.5438346400570206,0.61263139200928,-0.041229091403145034,169.0124143210474
linear_svm_classifier,linear_svm,classification,bbob_train,FE_ratio,FE_ratio=0.35,,,0.35,19440,1388,0.07139917695473251,-0.07482964941049443,-0.062069321341436653,257.6511044439708,0.05,972,0.05,0.31790123456790126,4.4524495677233435,309,0.22262247838616714,0.2694855705909181,0.009949367884355454,69.4332548944637
linear_svm_classifier,linear_svm,classification,bbob_train,FE_ratio,FE_ratio=0.35,,,0.35,19440,1388,0.07139917695473251,-0.07482964941049443,-0.062069321341436653,257.6511044439708,0.1,1944,0.1,0.2736625514403292,3.832853025936599,532,0.38328530259365995,0.449449058892267,-0.010866444437235815,115.80104641489586
linear_svm_classifier,linear_svm,classification,bbob_train,FE_ratio,FE_ratio=0.35,,,0.35,19440,1388,0.07139917695473251,-0.07482964941049443,-0.062069321341436653,257.6511044439708,0.2,3888,0.2,0.2080761316872428,2.914265129682997,809,0.5828530259365994,0.6395652525549845,-0.041619911446864284,164.78469368477886
linear_svm_classifier,linear_svm,classification,bbob_train,FE_ratio,FE_ratio=0.4,,,0.4,19440,1376,0.07078189300411522,-0.08176159053440116,-0.06731035034538017,252.55187921031478,0.05,972,0.05,0.2911522633744856,4.113372093023256,283,0.2056686046511628,0.23102116958839036,-0.007802049512026554,58.34483051691281
linear_svm_classifier,linear_svm,classification,bbob_train,FE_ratio,FE_ratio=0.4,,,0.4,19440,1376,0.07078189300411522,-0.08176159053440116,-0.06731035034538017,252.55187921031478,0.1,1944,0.1,0.25565843621399176,3.611918604651163,497,0.36119186046511625,0.4457532382002341,-0.02473623052617884,112.5758179715522
linear_svm_classifier,linear_svm,classification,bbob_train,FE_ratio,FE_ratio=0.4,,,0.4,19440,1376,0.07078189300411522,-0.08176159053440116,-0.06731035034538017,252.55187921031478,0.2,3888,0.2,0.19753086419753085,2.7906976744186047,768,0.5581395348837209,0.650726101974466,-0.0520781169037514,164.3420999048543
linear_svm_classifier,linear_svm,classification,bbob_train,FE_ratio,FE_ratio=0.45,,,0.45,19440,911,0.04686213991769547,-0.09574364894010993,-0.0740343803226563,214.80823720368133,0.05,972,0.05,0.2613168724279835,5.57628979143798,254,0.278814489571899,0.24747825809299825,-0.029353145882977917,53.16036836719464
linear_svm_classifier,linear_svm,classification,bbob_train,FE_ratio,FE_ratio=0.45,,,0.45,19440,911,0.04686213991769547,-0.09574364894010993,-0.0740343803226563,214.80823720368133,0.1,1944,0.1,0.21244855967078188,4.533479692645445,413,0.45334796926454446,0.4596031257856216,-0.048604601969262654,98.72653726331122
linear_svm_classifier,linear_svm,classification,bbob_train,FE_ratio,FE_ratio=0.45,,,0.45,19440,911,0.04686213991769547,-0.09574364894010993,-0.0740343803226563,214.80823720368133,0.2,3888,0.2,0.15252057613168724,3.2546652030735457,593,0.6509330406147091,0.6716523241003565,-0.07666947992486846,144.27645175375324
linear_svm_classifier,linear_svm,classification,bbob_train,FE_ratio,FE_ratio=0.5,,,0.5,19440,752,0.03868312757201646,-0.10761678906395437,-0.08153801385084204,216.74610973067038,0.05,972,0.05,0.2242798353909465,5.797872340425532,218,0.2898936170212766,0.2377133362424275,-0.040291363041130665,51.52344086164493
linear_svm_classifier,linear_svm,classification,bbob_train,FE_ratio,FE_ratio=0.5,,,0.5,19440,752,0.03868312757201646,-0.10761678906395437,-0.08153801385084204,216.74610973067038,0.1,1944,0.1,0.19135802469135801,4.946808510638298,372,0.4946808510638298,0.4866450081041711,-0.05561525431984428,105.47841232642963
linear_svm_classifier,linear_svm,classification,bbob_train,FE_ratio,FE_ratio=0.5,,,0.5,19440,752,0.03868312757201646,-0.10761678906395437,-0.08153801385084204,216.74610973067038,0.2,3888,0.2,0.13040123456790123,3.3710106382978724,507,0.6742021276595744,0.6423648835302568,-0.09546998716784431,139.23008953277832
linear_svm_classifier,linear_svm,classification,bbob_train,FE_ratio,FE_ratio=0.55,,,0.55,19440,784,0.040329218106995884,-0.12055088341199817,-0.09047622006570433,212.50845114181092,0.05,972,0.05,0.22325102880658437,5.5357142857142865,217,0.2767857142857143,0.24543637970008475,-0.054426740559745085,52.157304903918416
linear_svm_classifier,linear_svm,classification,bbob_train,FE_ratio,FE_ratio=0.55,,,0.55,19440,784,0.040329218106995884,-0.12055088341199817,-0.09047622006570433,212.50845114181092,0.1,1944,0.1,0.18364197530864199,4.553571428571429,357,0.45535714285714285,0.44191502952896994,-0.07951626438820376,93.91067846148904
linear_svm_classifier,linear_svm,classification,bbob_train,FE_ratio,FE_ratio=0.55,,,0.55,19440,784,0.040329218106995884,-0.12055088341199817,-0.09047622006570433,212.50845114181092,0.2,3888,0.2,0.12628600823045266,3.131377551020408,491,0.6262755102040817,0.6150316161547753,-0.12065217215632248,130.69941615229607
linear_svm_classifier,linear_svm,classification,bbob_train,FE_ratio,FE_ratio=0.6,,,0.6,19440,624,0.03209876543209877,-0.13902174819174842,-0.10198680721304745,192.65175785948037,0.05,972,0.05,0.1440329218106996,4.487179487179487,140,0.22435897435897437,0.19220944078362673,-0.0872981203569455,37.02948664415339
linear_svm_classifier,linear_svm,classification,bbob_train,FE_ratio,FE_ratio=0.6,,,0.6,19440,624,0.03209876543209877,-0.13902174819174842,-0.10198680721304745,192.65175785948037,0.1,1944,0.1,0.13117283950617284,4.086538461538461,255,0.40865384615384615,0.41848250335508214,-0.10591179631242396,80.62138990479247
linear_svm_classifier,linear_svm,classification,bbob_train,FE_ratio,FE_ratio=0.6,,,0.6,19440,624,0.03209876543209877,-0.13902174819174842,-0.10198680721304745,192.65175785948037,0.2,3888,0.2,0.09465020576131687,2.9487179487179485,368,0.5897435897435898,0.5686491380775825,-0.1579234879279556,109.55125605592465
linear_svm_classifier,linear_svm,classification,bbob_validation,all,all,,,,64800,3745,0.05779320987654321,-0.09152940558707323,-0.07597107961327272,743.0385345915533,0.05,3240,0.05,0.2598765432098765,4.496662216288384,842,0.22483311081441923,0.5713098853630735,0.05968175760765118,424.50526001784647
linear_svm_classifier,linear_svm,classification,bbob_validation,all,all,,,,64800,3745,0.05779320987654321,-0.09152940558707323,-0.07597107961327272,743.0385345915533,0.1,6480,0.1,0.18888888888888888,3.268357810413885,1224,0.3268357810413885,0.6393153491400044,-0.016418148090604823,475.0359401668762
linear_svm_classifier,linear_svm,classification,bbob_validation,all,all,,,,64800,3745,0.05779320987654321,-0.09152940558707323,-0.07597107961327272,743.0385345915533,0.2,12960,0.2,0.15270061728395062,2.64218958611482,1979,0.528437917222964,0.7546256270672077,-0.05647589480959495,560.71592010125
linear_svm_classifier,linear_svm,classification,bbob_validation,label_source,label_source=changed_algorithm,changed_algorithm,,,16560,2549,0.15392512077294687,-0.05116247729341551,-0.06176568779918107,607.1864253523988,0.05,828,0.05,0.8985507246376812,5.837583366025892,744,0.2918791683012946,0.6737746962349865,0.4878026994964501,409.1068492998198
linear_svm_classifier,linear_svm,classification,bbob_validation,label_source,label_source=changed_algorithm,changed_algorithm,,,16560,2549,0.15392512077294687,-0.05116247729341551,-0.06176568779918107,607.1864253523988,0.1,1656,0.1,0.6086956521739131,3.9544919576304434,1008,0.3954491957630443,0.734387851566461,0.2363235609151448,445.9103344148675
linear_svm_classifier,linear_svm,classification,bbob_validation,label_source,label_source=changed_algorithm,changed_algorithm,,,16560,2549,0.15392512077294687,-0.05116247729341551,-0.06176568779918107,607.1864253523988,0.2,3312,0.2,0.4429347826086957,2.8775990584542956,1467,0.5755198116908592,0.8234964765768671,0.10035178708032877,500.0158819030034
linear_svm_classifier,linear_svm,classification,bbob_validation,label_source,label_source=same_algorithm,same_algorithm,,,48240,1196,0.024792703150912105,-0.10538670932967216,-0.08462815497687234,135.85210923915443,0.05,2412,0.05,0.03399668325041459,1.37123745819398,82,0.06856187290969899,0.09212351753872958,-0.08975040895849708,12.515174168166652
linear_svm_classifier,linear_svm,classification,bbob_validation,label_source,label_source=same_algorithm,same_algorithm,,,48240,1196,0.024792703150912105,-0.10538670932967216,-0.08462815497687234,135.85210923915443,0.1,4824,0.1,0.050787728026533994,2.048494983277592,245,0.2048494983277592,0.23977027164823445,-0.10059447162485019,32.573297136257686
linear_svm_classifier,linear_svm,classification,bbob_validation,label_source,label_source=same_algorithm,same_algorithm,,,48240,1196,0.024792703150912105,-0.10538670932967216,-0.08462815497687234,135.85210923915443,0.2,9648,0.2,0.0558665008291874,2.2533444816053514,539,0.4506688963210702,0.46601895508527796,-0.1091849207796611,63.309657993761796
linear_svm_classifier,linear_svm,classification,bbob_validation,dimension,dimension=10,,10.0,,21600,1470,0.06805555555555555,-0.040708791525251226,-0.036659214049790265,260.3480860696287,0.05,1080,0.05,0.2916666666666667,4.2857142857142865,315,0.21428571428571427,0.6151391600039212,0.11718410699947393,160.1503029735
linear_svm_classifier,linear_svm,classification,bbob_validation,dimension,dimension=10,,10.0,,21600,1470,0.06805555555555555,-0.040708791525251226,-0.036659214049790265,260.3480860696287,0.1,2160,0.1,0.21898148148148147,3.217687074829932,473,0.3217687074829932,0.6704363570877977,0.04055918852296463,174.5468223993023
linear_svm_classifier,linear_svm,classification,bbob_validation,dimension,dimension=10,,10.0,,21600,1470,0.06805555555555555,-0.040708791525251226,-0.036659214049790265,260.3480860696287,0.2,4320,0.2,0.17546296296296296,2.578231292517007,758,0.5156462585034014,0.7644531035841243,-0.0013599960421936588,199.0239024081144
linear_svm_classifier,linear_svm,classification,bbob_validation,dimension,dimension=20,,20.0,,21600,1908,0.08833333333333333,-0.05664202206459035,-0.0679457754312032,392.4289080321196,0.05,1080,0.05,0.40925925925925927,4.633123689727463,442,0.23165618448637318,0.5985199101778108,0.1828409875285225,234.87651478656068
linear_svm_classifier,linear_svm,classification,bbob_validation,dimension,dimension=20,,20.0,,21600,1908,0.08833333333333333,-0.05664202206459035,-0.0679457754312032,392.4289080321196,0.1,2160,0.1,0.28888888888888886,3.2704402515723268,624,0.3270440251572327,0.6479362325593531,0.06896561156004302,254.26890821771246
linear_svm_classifier,linear_svm,classification,bbob_validation,dimension,dimension=20,,20.0,,21600,1908,0.08833333333333333,-0.05664202206459035,-0.0679457754312032,392.4289080321196,0.2,4320,0.2,0.23796296296296296,2.693920335429769,1028,0.5387840670859538,0.7667626406306125,0.010634659451012503,300.8998257824959
linear_svm_classifier,linear_svm,classification,bbob_validation,dimension,dimension=40,,40.0,,21600,367,0.01699074074074074,-0.17723740317137815,-0.16708161511555475,90.26154048980496,0.05,1080,0.05,0.09351851851851851,5.5040871934604905,101,0.27520435967302453,0.37173363881975235,-0.10130087069580265,33.55325089175161
linear_svm_classifier,linear_svm,classification,bbob_validation,dimension,dimension=40,,40.0,,21600,367,0.01699074074074074,-0.17723740317137815,-0.16708161511555475,90.26154048980496,0.1,2160,0.1,0.07175925925925926,4.223433242506812,155,0.4223433242506812,0.5160226507451751,-0.13675618689831046,46.5769993838921
linear_svm_classifier,linear_svm,classification,bbob_validation,dimension,dimension=40,,40.0,,21600,367,0.01699074074074074,-0.17723740317137815,-0.16708161511555475,90.26154048980496,0.2,4320,0.2,0.05347222222222222,3.1471389645776564,231,0.6294277929155313,0.6816510853842368,-0.16499487263107623,61.52687704332879
linear_svm_classifier,linear_svm,classification,bbob_validation,FE_ratio,FE_ratio=0.2,,,0.2,6480,296,0.04567901234567901,-0.07854640971495502,-0.05432046807708305,38.557426800468264,0.05,324,0.05,0.027777777777777776,0.6081081081081081,9,0.030405405405405407,0.023800686980405907,-0.05347823750688954,0.9176932460478588
linear_svm_classifier,linear_svm,classification,bbob_validation,FE_ratio,FE_ratio=0.2,,,0.2,6480,296,0.04567901234567901,-0.07854640971495502,-0.05432046807708305,38.557426800468264,0.1,648,0.1,0.032407407407407406,0.7094594594594594,21,0.07094594594594594,0.04731082342437248,-0.05551750176335588,1.8241836110551213
linear_svm_classifier,linear_svm,classification,bbob_validation,FE_ratio,FE_ratio=0.2,,,0.2,6480,296,0.04567901234567901,-0.07854640971495502,-0.05432046807708305,38.557426800468264,0.2,1296,0.2,0.07484567901234568,1.6385135135135136,97,0.3277027027027027,0.2695079308322264,-0.06726027822485395,10.391532315209233
linear_svm_classifier,linear_svm,classification,bbob_validation,FE_ratio,FE_ratio=0.25,,,0.25,6480,292,0.04506172839506173,-0.08209066348445634,-0.05811985784400571,35.463735190300596,0.05,324,0.05,0.040123456790123455,0.8904109589041095,13,0.04452054794520548,0.06372709907778934,-0.06647174731635377,2.2600009661407707
linear_svm_classifier,linear_svm,classification,bbob_validation,FE_ratio,FE_ratio=0.25,,,0.25,6480,292,0.04506172839506173,-0.08209066348445634,-0.05811985784400571,35.463735190300596,0.1,648,0.1,0.08950617283950617,1.9863013698630136,58,0.19863013698630136,0.24388782195787562,-0.07848450413863087,8.649173134053282
linear_svm_classifier,linear_svm,classification,bbob_validation,FE_ratio,FE_ratio=0.25,,,0.25,6480,292,0.04506172839506173,-0.08209066348445634,-0.05811985784400571,35.463735190300596,0.2,1296,0.2,0.09645061728395062,2.1404109589041096,125,0.4280821917808219,0.5027283084250177,-0.0820462326293284,17.828623602652595
linear_svm_classifier,linear_svm,classification,bbob_validation,FE_ratio,FE_ratio=0.28,,,0.28,6480,274,0.042283950617283954,-0.08549062609263769,-0.060059978976886724,32.16164278161452,0.05,324,0.05,0.043209876543209874,1.021897810218978,14,0.051094890510948905,0.03924661801934485,-0.070098821225585,1.2622357091246446
linear_svm_classifier,linear_svm,classification,bbob_validation,FE_ratio,FE_ratio=0.28,,,0.28,6480,274,0.042283950617283954,-0.08549062609263769,-0.060059978976886724,32.16164278161452,0.1,648,0.1,0.08641975308641975,2.043795620437956,56,0.20437956204379562,0.22849563616255875,-0.07987605275395755,7.3487950274179745
linear_svm_classifier,linear_svm,classification,bbob_validation,FE_ratio,FE_ratio=0.28,,,0.28,6480,274,0.042283950617283954,-0.08549062609263769,-0.060059978976886724,32.16164278161452,0.2,1296,0.2,0.09027777777777778,2.1350364963503647,117,0.42700729927007297,0.4706734759963912,-0.08492777641591458,15.137632201776748
linear_svm_classifier,linear_svm,classification,bbob_validation,FE_ratio,FE_ratio=0.3,,,0.3,6480,284,0.043827160493827164,-0.08706332924379373,-0.061481761258876125,31.652929735382077,0.05,324,0.05,0.012345679012345678,0.2816901408450704,4,0.014084507042253521,0.011546872930859797,-0.0744892411457012,0.3654923575438904
linear_svm_classifier,linear_svm,classification,bbob_validation,FE_ratio,FE_ratio=0.3,,,0.3,6480,284,0.043827160493827164,-0.08706332924379373,-0.061481761258876125,31.652929735382077,0.1,648,0.1,0.044753086419753084,1.0211267605633803,29,0.10211267605633803,0.12201582209368289,-0.08498097146675108,3.862158243336224
linear_svm_classifier,linear_svm,classification,bbob_validation,FE_ratio,FE_ratio=0.3,,,0.3,6480,284,0.043827160493827164,-0.08706332924379373,-0.061481761258876125,31.652929735382077,0.2,1296,0.2,0.07716049382716049,1.76056338028169,100,0.352112676056338,0.41457557791776517,-0.07942270330977118,13.122531637836437
linear_svm_classifier,linear_svm,classification,bbob_validation,FE_ratio,FE_ratio=0.35,,,0.35,6480,256,0.03950617283950617,-0.09341559547051581,-0.06664570006608084,26.439322897806413,0.05,324,0.05,0.027777777777777776,0.703125,9,0.03515625,0.05255230467986444,-0.07333565139352646,1.389447352454839
linear_svm_classifier,linear_svm,classification,bbob_validation,FE_ratio,FE_ratio=0.35,,,0.35,6480,256,0.03950617283950617,-0.09341559547051581,-0.06664570006608084,26.439322897806413,0.1,648,0.1,0.05555555555555555,1.40625,36,0.140625,0.16332707096035115,-0.09487447493289994,4.318257167073665
linear_svm_classifier,linear_svm,classification,bbob_validation,FE_ratio,FE_ratio=0.35,,,0.35,6480,256,0.03950617283950617,-0.09341559547051581,-0.06664570006608084,26.439322897806413,0.2,1296,0.2,0.0763888888888889,1.9335937500000002,99,0.38671875,0.4408293413657198,-0.09151260542926526,11.655229299195595
linear_svm_classifier,linear_svm,classification,bbob_validation,FE_ratio,FE_ratio=0.4,,,0.4,6480,800,0.12345679012345678,-0.07290554260108724,-0.07056462486829276,174.15917724891835,0.05,324,0.05,0.6851851851851852,5.550000000000001,222,0.2775,0.6071947746810862,0.28135030583092857,105.74854238830034
linear_svm_classifier,linear_svm,classification,bbob_validation,FE_ratio,FE_ratio=0.4,,,0.4,6480,800,0.12345679012345678,-0.07290554260108724,-0.07056462486829276,174.15917724891835,0.1,648,0.1,0.4398148148148148,3.5625000000000004,285,0.35625,0.6499031429319609,0.10179401713610992,113.1865966645165
linear_svm_classifier,linear_svm,classification,bbob_validation,FE_ratio,FE_ratio=0.4,,,0.4,6480,800,0.12345679012345678,-0.07290554260108724,-0.07056462486829276,174.15917724891835,0.2,1296,0.2,0.3341049382716049,2.70625,433,0.54125,0.7665699021739525,0.02110100074727024,133.5051834663994
linear_svm_classifier,linear_svm,classification,bbob_validation,FE_ratio,FE_ratio=0.45,,,0.45,6480,243,0.0375,-0.10186903427734409,-0.07939845101548082,50.56190594132994,0.05,324,0.05,0.11728395061728394,3.1275720164609053,38,0.15637860082304528,0.632027640057325,0.015284801250865529,31.956522088899213
linear_svm_classifier,linear_svm,classification,bbob_validation,FE_ratio,FE_ratio=0.45,,,0.45,6480,243,0.0375,-0.10186903427734409,-0.07939845101548082,50.56190594132994,0.1,648,0.1,0.08179012345679013,2.1810699588477367,53,0.21810699588477367,0.669864383063946,-0.054408344490891526,33.86961992992626
linear_svm_classifier,linear_svm,classification,bbob_validation,FE_ratio,FE_ratio=0.45,,,0.45,6480,243,0.0375,-0.10186903427734409,-0.07939845101548082,50.56190594132994,0.2,1296,0.2,0.08719135802469136,2.325102880658436,113,0.46502057613168724,0.7809395787780742,-0.08288837607757191,39.48579352803882
linear_svm_classifier,linear_svm,classification,bbob_validation,FE_ratio,FE_ratio=0.5,,,0.5,6480,477,0.07361111111111111,-0.08578559846269349,-0.08202974076197492,151.15391573733473,0.05,324,0.05,0.7098765432098766,9.643605870020965,230,0.48218029350104824,0.8577705243881686,0.36189759454236653,129.65537356533866
linear_svm_classifier,linear_svm,classification,bbob_validation,FE_ratio,FE_ratio=0.5,,,0.5,6480,477,0.07361111111111111,-0.08578559846269349,-0.08202974076197492,151.15391573733473,0.1,648,0.1,0.39351851851851855,5.345911949685535,255,0.5345911949685535,0.8783942688850827,0.12160066251149258,132.77273330321353
linear_svm_classifier,linear_svm,classification,bbob_validation,FE_ratio,FE_ratio=0.5,,,0.5,6480,477,0.07361111111111111,-0.08578559846269349,-0.08202974076197492,151.15391573733473,0.2,1296,0.2,0.23919753086419754,3.249475890985325,310,0.649895178197065,0.9092326054161357,-0.001573127777765463,137.4340686247079
linear_svm_classifier,linear_svm,classification,bbob_validation,FE_ratio,FE_ratio=0.55,,,0.55,6480,376,0.05802469135802469,-0.11228594071878435,-0.09215825578698267,79.68497550744864,0.05,324,0.05,0.30246913580246915,5.212765957446809,98,0.26063829787234044,0.6339156750072156,0.07114556451622149,50.51355503673775
linear_svm_classifier,linear_svm,classification,bbob_validation,FE_ratio,FE_ratio=0.55,,,0.55,6480,376,0.05802469135802469,-0.11228594071878435,-0.09215825578698267,79.68497550744864,0.1,648,0.1,0.19444444444444445,3.3510638297872344,126,0.3351063829787234,0.6648814723552192,-0.03215020571690584,52.981063839982035
linear_svm_classifier,linear_svm,classification,bbob_validation,FE_ratio,FE_ratio=0.55,,,0.55,6480,376,0.05802469135802469,-0.11228594071878435,-0.09215825578698267,79.68497550744864,0.2,1296,0.2,0.14891975308641975,2.5664893617021276,193,0.5132978723404256,0.7520603712444404,-0.08275733491775494,59.92791226273596
linear_svm_classifier,linear_svm,classification,bbob_validation,FE_ratio,FE_ratio=0.6,,,0.6,6480,447,0.06898148148148148,-0.11584131580446465,-0.10228898920926656,123.20350275094972,0.05,324,0.05,0.5462962962962963,7.919463087248323,177,0.3959731543624161,0.797471622539458,0.24071011712405924,98.25129724134447
linear_svm_classifier,linear_svm,classification,bbob_validation,FE_ratio,FE_ratio=0.6,,,0.6,6480,447,0.06898148148148148,-0.11584131580446465,-0.10228898920926656,123.20350275094972,0.1,648,0.1,0.3256172839506173,4.720357941834452,211,0.4720357941834452,0.8314663538252667,0.043290124646578186,102.43956721083339
linear_svm_classifier,linear_svm,classification,bbob_validation,FE_ratio,FE_ratio=0.6,,,0.6,6480,447,0.06898148148148148,-0.11584131580446465,-0.10228898920926656,123.20350275094972,0.2,1296,0.2,0.2191358024691358,3.176733780760627,284,0.6353467561521253,0.8825191673168724,-0.047304765266082724,108.72945265829016
mlp_classifier,mlp_classifier,classification,bbob_train,all,all,,,,194400,11921,0.06132201646090535,-0.08855738467265091,-0.06544428361600368,2511.1122661377594,0.05,9720,0.05,0.43569958847736623,7.105108631826189,4235,0.35525543159130946,0.37842274634449663,0.01638364468863931,950.2620001312036
mlp_classifier,mlp_classifier,classification,bbob_train,all,all,,,,194400,11921,0.06132201646090535,-0.08855738467265091,-0.06544428361600368,2511.1122661377594,0.1,19440,0.1,0.33786008230452674,5.509604898917876,6568,0.5509604898917876,0.5736136555580169,-0.014634608275313597,1440.4082864958564
mlp_classifier,mlp_classifier,classification,bbob_train,all,all,,,,194400,11921,0.06132201646090535,-0.08855738467265091,-0.06544428361600368,2511.1122661377594,0.2,38880,0.2,0.2383230452674897,3.8864189245868634,9266,0.7772837849173727,0.7951097281989642,-0.0528821848873915,1996.6097914058794
mlp_classifier,mlp_classifier,classification,bbob_train,label_source,label_source=changed_algorithm,changed_algorithm,,,74400,8470,0.11384408602150538,-0.05859081542569486,-0.06280283172738645,1678.8603444230114,0.05,3720,0.05,0.6059139784946237,5.322314049586777,2254,0.26611570247933886,0.3038432262867169,0.09566137783576717,510.11034353431654
mlp_classifier,mlp_classifier,classification,bbob_train,label_source,label_source=changed_algorithm,changed_algorithm,,,74400,8470,0.11384408602150538,-0.05859081542569486,-0.06280283172738645,1678.8603444230114,0.1,7440,0.1,0.5323924731182795,4.676505312868949,3961,0.46765053128689493,0.5247676474642334,0.07018080131300154,881.0115933638565
mlp_classifier,mlp_classifier,classification,bbob_train,label_source,label_source=changed_algorithm,changed_algorithm,,,74400,8470,0.11384408602150538,-0.05859081542569486,-0.06280283172738645,1678.8603444230114,0.2,14880,0.2,0.43783602150537637,3.845926800472255,6515,0.769185360094451,0.8235620746928349,0.03501502862201285,1382.645708372543
mlp_classifier,mlp_classifier,classification,bbob_train,label_source,label_source=same_algorithm,same_algorithm,,,120000,3451,0.028758333333333334,-0.10713665760576366,-0.06743423570665175,832.2519217147483,0.05,6000,0.05,0.11066666666666666,3.848159953636627,664,0.19240799768183137,0.1993346037871414,-0.12814409298543278,165.89660706609638
mlp_classifier,mlp_classifier,classification,bbob_train,label_source,label_source=same_algorithm,same_algorithm,,,120000,3451,0.028758333333333334,-0.10713665760576366,-0.06743423570665175,832.2519217147483,0.1,12000,0.1,0.10325,3.5902636916835697,1239,0.359026369168357,0.3788059794716031,-0.12186555154878083,315.2620043722792
mlp_classifier,mlp_classifier,classification,bbob_train,label_source,label_source=same_algorithm,same_algorithm,,,120000,3451,0.028758333333333334,-0.10713665760576366,-0.06743423570665175,832.2519217147483,0.2,24000,0.2,0.08995833333333333,3.12807881773399,2159,0.625615763546798,0.645875059926662,-0.12083876979479254,537.5307598115927
mlp_classifier,mlp_classifier,classification,bbob_train,dimension,dimension=10,,10.0,,64800,2405,0.037114197530864194,-0.04022633237538057,-0.03715828153278458,308.0180086184804,0.05,3240,0.05,0.24506172839506174,6.602910602910604,794,0.33014553014553016,0.32281426571146504,-0.015749020877384046,99.43260727808246
mlp_classifier,mlp_classifier,classification,bbob_train,dimension,dimension=10,,10.0,,64800,2405,0.037114197530864194,-0.04022633237538057,-0.03715828153278458,308.0180086184804,0.1,6480,0.1,0.19475308641975309,5.247401247401248,1262,0.5247401247401248,0.49631418117318565,-0.025904404295272947,152.87370573407634
mlp_classifier,mlp_classifier,classification,bbob_train,dimension,dimension=10,,10.0,,64800,2405,0.037114197530864194,-0.04022633237538057,-0.03715828153278458,308.0180086184804,0.2,12960,0.2,0.1386574074074074,3.735966735966736,1797,0.7471933471933472,0.7135361941037413,-0.03365090558372231,219.78199758504388
mlp_classifier,mlp_classifier,classification,bbob_train,dimension,dimension=20,,20.0,,64800,3858,0.059537037037037034,-0.07228172978918257,-0.06716881295115272,823.0687800379324,0.05,3240,0.05,0.37839506172839504,6.355624675997927,1226,0.3177812337998963,0.3189113418367402,-0.004226445168307467,262.48596906582577
mlp_classifier,mlp_classifier,classification,bbob_train,dimension,dimension=20,,20.0,,64800,3858,0.059537037037037034,-0.07228172978918257,-0.06716881295115272,823.0687800379324,0.1,6480,0.1,0.30277777777777776,5.085536547433904,1962,0.5085536547433903,0.5176639653725584,-0.026346463834567287,426.07304844879013
mlp_classifier,mlp_classifier,classification,bbob_train,dimension,dimension=20,,20.0,,64800,3858,0.059537037037037034,-0.07228172978918257,-0.06716881295115272,823.0687800379324,0.2,12960,0.2,0.22430555555555556,3.767496111975117,2907,0.7534992223950233,0.7635516190706625,-0.05324391915713568,628.4554996044782
mlp_classifier,mlp_classifier,classification,bbob_train,dimension,dimension=40,,40.0,,64800,5658,0.08731481481481482,-0.1531640918533896,-0.14272675969545875,1380.025477481347,0.05,3240,0.05,0.5888888888888889,6.744432661717921,1908,0.3372216330858961,0.325394141435331,0.0716294887201923,449.05220540392565
mlp_classifier,mlp_classifier,classification,bbob_train,dimension,dimension=40,,40.0,,64800,5658,0.08731481481481482,-0.1531640918533896,-0.14272675969545875,1380.025477481347,0.1,6480,0.1,0.4695987654320988,5.378225521385649,3043,0.5378225521385649,0.5441444260253624,0.01344717909093524,750.9331713444643
mlp_classifier,mlp_classifier,classification,bbob_train,dimension,dimension=40,,40.0,,64800,5658,0.08731481481481482,-0.1531640918533896,-0.14272675969545875,1380.025477481347,0.2,12960,0.2,0.3443672839506173,3.9439731353835277,4463,0.7887946270767056,0.7971957307851081,-0.04899655093725574,1100.1504190228102
mlp_classifier,mlp_classifier,classification,bbob_train,FE_ratio,FE_ratio=0.2,,,0.2,19440,1637,0.08420781893004116,-0.06196176210011554,-0.05049860667501493,304.44205064313394,0.05,972,0.05,0.25,2.9688454489920586,243,0.14844227244960292,0.16783681210632415,-0.0062656504977396995,51.09658325105569
mlp_classifier,mlp_classifier,classification,bbob_train,FE_ratio,FE_ratio=0.2,,,0.2,19440,1637,0.08420781893004116,-0.06196176210011554,-0.05049860667501493,304.44205064313394,0.1,1944,0.1,0.25565843621399176,3.0360415394013436,497,0.3036041539401344,0.3355693795133541,-0.01208391183257561,102.16143003208958
mlp_classifier,mlp_classifier,classification,bbob_train,FE_ratio,FE_ratio=0.2,,,0.2,19440,1637,0.08420781893004116,-0.06196176210011554,-0.05049860667501493,304.44205064313394,0.2,3888,0.2,0.21862139917695472,2.5962125839951127,850,0.5192425167990226,0.5550470292135453,-0.03189711221579158,168.9796557771512
mlp_classifier,mlp_classifier,classification,bbob_train,FE_ratio,FE_ratio=0.25,,,0.25,19440,1530,0.0787037037037037,-0.06684412289960417,-0.05379598025536793,289.0381601639173,0.05,972,0.05,0.5195473251028807,6.601307189542484,505,0.3300653594771242,0.33002593875720787,0.028490484269333267,95.390090144753
mlp_classifier,mlp_classifier,classification,bbob_train,FE_ratio,FE_ratio=0.25,,,0.25,19440,1530,0.0787037037037037,-0.06684412289960417,-0.05379598025536793,289.0381601639173,0.1,1944,0.1,0.42592592592592593,5.411764705882353,828,0.5411764705882353,0.5638488715687598,-0.0029354134062164563,162.97384044873522
mlp_classifier,mlp_classifier,classification,bbob_train,FE_ratio,FE_ratio=0.25,,,0.25,19440,1530,0.0787037037037037,-0.06684412289960417,-0.05379598025536793,289.0381601639173,0.2,3888,0.2,0.3073559670781893,3.9052287581699345,1195,0.7810457516339869,0.8120903897235455,-0.033473096212217536,234.72511213249214
mlp_classifier,mlp_classifier,classification,bbob_train,FE_ratio,FE_ratio=0.28,,,0.28,19440,1516,0.07798353909465021,-0.06678863875638497,-0.05595944523593056,294.83506110374555,0.05,972,0.05,0.5,6.411609498680739,486,0.32058047493403696,0.3050650259065889,0.014320923317940052,89.94386555378487
mlp_classifier,mlp_classifier,classification,bbob_train,FE_ratio,FE_ratio=0.28,,,0.28,19440,1516,0.07798353909465021,-0.06678863875638497,-0.05595944523593056,294.83506110374555,0.1,1944,0.1,0.411522633744856,5.277044854881266,800,0.5277044854881267,0.5277917055313707,0.0009126359421934863,155.61149975039177
mlp_classifier,mlp_classifier,classification,bbob_train,FE_ratio,FE_ratio=0.28,,,0.28,19440,1516,0.07798353909465021,-0.06678863875638497,-0.05595944523593056,294.83506110374555,0.2,3888,0.2,0.2993827160493827,3.839050131926121,1164,0.7678100263852242,0.7803928284311074,-0.028007985964644867,230.0871672554104
mlp_classifier,mlp_classifier,classification,bbob_train,FE_ratio,FE_ratio=0.3,,,0.3,19440,1403,0.07217078189300412,-0.07045501341769796,-0.05769358257385397,275.8794546370344,0.05,972,0.05,0.4773662551440329,6.6143977191731995,464,0.33071988595866003,0.33785577078201234,0.029632297189603262,93.20746578931647
mlp_classifier,mlp_classifier,classification,bbob_train,FE_ratio,FE_ratio=0.3,,,0.3,19440,1403,0.07217078189300412,-0.07045501341769796,-0.05769358257385397,275.8794546370344,0.1,1944,0.1,0.3816872427983539,5.288667141838917,742,0.5288667141838916,0.5532816873344154,0.0010144073232967589,152.63905016247674
mlp_classifier,mlp_classifier,classification,bbob_train,FE_ratio,FE_ratio=0.3,,,0.3,19440,1403,0.07217078189300412,-0.07045501341769796,-0.05769358257385397,275.8794546370344,0.2,3888,0.2,0.27829218106995884,3.856022808267997,1082,0.7712045616535994,0.7867934988239548,-0.032327436474233896,217.06016136751683
mlp_classifier,mlp_classifier,classification,bbob_train,FE_ratio,FE_ratio=0.35,,,0.35,19440,1388,0.07139917695473251,-0.07482964941049443,-0.062069321341436653,257.6511044439708,0.05,972,0.05,0.49691358024691357,6.959654178674351,483,0.3479827089337176,0.33445017368273927,0.02571647112803101,86.17145663083562
mlp_classifier,mlp_classifier,classification,bbob_train,FE_ratio,FE_ratio=0.35,,,0.35,19440,1388,0.07139917695473251,-0.07482964941049443,-0.062069321341436653,257.6511044439708,0.1,1944,0.1,0.38786008230452673,5.432276657060519,754,0.5432276657060519,0.5417396341484615,-0.015418017127551968,139.57981505942377
mlp_classifier,mlp_classifier,classification,bbob_train,FE_ratio,FE_ratio=0.35,,,0.35,19440,1388,0.07139917695473251,-0.07482964941049443,-0.062069321341436653,257.6511044439708,0.2,3888,0.2,0.2816358024691358,3.944524495677233,1095,0.7889048991354467,0.7932979256708088,-0.04421832147350375,204.39408670219493
mlp_classifier,mlp_classifier,classification,bbob_train,FE_ratio,FE_ratio=0.4,,,0.4,19440,1376,0.07078189300411522,-0.08176159053440116,-0.06731035034538017,252.55187921031478,0.05,972,0.05,0.5113168724279835,7.223837209302326,497,0.36119186046511625,0.3771245193324239,0.023319882534447348,95.24350605369034
mlp_classifier,mlp_classifier,classification,bbob_train,FE_ratio,FE_ratio=0.4,,,0.4,19440,1376,0.07078189300411522,-0.08176159053440116,-0.06731035034538017,252.55187921031478,0.1,1944,0.1,0.40329218106995884,5.6976744186046515,784,0.5697674418604651,0.6084626997504854,-0.008181237176882334,153.66839825136663
mlp_classifier,mlp_classifier,classification,bbob_train,FE_ratio,FE_ratio=0.4,,,0.4,19440,1376,0.07078189300411522,-0.08176159053440116,-0.06731035034538017,252.55187921031478,0.2,3888,0.2,0.2813786008230453,3.975290697674419,1094,0.7950581395348837,0.8056449717695473,-0.05039606816543643,203.46715159674017
mlp_classifier,mlp_classifier,classification,bbob_train,FE_ratio,FE_ratio=0.45,,,0.45,19440,911,0.04686213991769547,-0.09574364894010993,-0.0740343803226563,214.80823720368133,0.05,972,0.05,0.36728395061728397,7.837541163556532,357,0.3918770581778266,0.4445000220446822,0.005486091138968605,95.48226617241568
mlp_classifier,mlp_classifier,classification,bbob_train,FE_ratio,FE_ratio=0.45,,,0.45,19440,911,0.04686213991769547,-0.09574364894010993,-0.0740343803226563,214.80823720368133,0.1,1944,0.1,0.2700617283950617,5.762897914379802,525,0.5762897914379802,0.5955225280642487,-0.0418141068172284,127.9231444685611
mlp_classifier,mlp_classifier,classification,bbob_train,FE_ratio,FE_ratio=0.45,,,0.45,19440,911,0.04686213991769547,-0.09574364894010993,-0.0740343803226563,214.80823720368133,0.2,3888,0.2,0.18981481481481483,4.050493962678376,738,0.8100987925356751,0.8371087618587841,-0.07738083166871741,179.8178574826417
mlp_classifier,mlp_classifier,classification,bbob_train,FE_ratio,FE_ratio=0.5,,,0.5,19440,752,0.03868312757201646,-0.10761678906395437,-0.08153801385084204,216.74610973067038,0.05,972,0.05,0.35185185185185186,9.095744680851064,342,0.45478723404255317,0.5005361398719774,-0.00018354418340755713,108.4892610968578
mlp_classifier,mlp_classifier,classification,bbob_train,FE_ratio,FE_ratio=0.5,,,0.5,19440,752,0.03868312757201646,-0.10761678906395437,-0.08153801385084204,216.74610973067038,0.1,1944,0.1,0.26440329218106995,6.835106382978723,514,0.6835106382978723,0.7293081721004141,-0.04351791664320082,158.074709097551
mlp_classifier,mlp_classifier,classification,bbob_train,FE_ratio,FE_ratio=0.5,,,0.5,19440,752,0.03868312757201646,-0.10761678906395437,-0.08153801385084204,216.74610973067038,0.2,3888,0.2,0.16512345679012347,4.268617021276596,642,0.8537234042553191,0.8850997640436638,-0.09137367286973916,191.8419305799984
mlp_classifier,mlp_classifier,classification,bbob_train,FE_ratio,FE_ratio=0.55,,,0.55,19440,784,0.040329218106995884,-0.12055088341199817,-0.09047622006570433,212.50845114181092,0.05,972,0.05,0.3497942386831276,8.673469387755102,340,0.4336734693877551,0.5061478289705628,0.0016895413740014612,107.56069118332451
mlp_classifier,mlp_classifier,classification,bbob_train,FE_ratio,FE_ratio=0.55,,,0.55,19440,784,0.040329218106995884,-0.12055088341199817,-0.09047622006570433,212.50845114181092,0.1,1944,0.1,0.25411522633744854,6.301020408163265,494,0.6301020408163265,0.6962674973528553,-0.06022966059577348,147.96272744284022
mlp_classifier,mlp_classifier,classification,bbob_train,FE_ratio,FE_ratio=0.55,,,0.55,19440,784,0.040329218106995884,-0.12055088341199817,-0.09047622006570433,212.50845114181092,0.2,3888,0.2,0.1720679012345679,4.266581632653061,669,0.8533163265306123,0.8999426792114981,-0.1001052662708195,191.24542487564705
mlp_classifier,mlp_classifier,classification,bbob_train,FE_ratio,FE_ratio=0.6,,,0.6,19440,624,0.03209876543209877,-0.13902174819174842,-0.10198680721304745,192.65175785948037,0.05,972,0.05,0.2788065843621399,8.685897435897434,271,0.4342948717948718,0.48785435109449504,-0.023903487238143332,93.98599831775059
mlp_classifier,mlp_classifier,classification,bbob_train,FE_ratio,FE_ratio=0.6,,,0.6,19440,624,0.03209876543209877,-0.13902174819174842,-0.10198680721304745,192.65175785948037,0.1,1944,0.1,0.20318930041152264,6.330128205128204,395,0.6330128205128205,0.6727289380134837,-0.08684117847782888,129.60241247123903
mlp_classifier,mlp_classifier,classification,bbob_train,FE_ratio,FE_ratio=0.6,,,0.6,19440,624,0.03209876543209877,-0.13902174819174842,-0.10198680721304745,192.65175785948037,0.2,3888,0.2,0.1345164609053498,4.190705128205128,523,0.8381410256410257,0.8998761264495072,-0.127848527508602,173.3627176162776
mlp_classifier,mlp_classifier,classification,bbob_validation,all,all,,,,64800,3745,0.05779320987654321,-0.09152940558707323,-0.07597107961327272,743.0385345915533,0.05,3240,0.05,0.1441358024691358,2.493991989319092,467,0.1246995994659546,0.25707828813740885,-0.02985928532750168,191.01907449292537
mlp_classifier,mlp_classifier,classification,bbob_validation,all,all,,,,64800,3745,0.05779320987654321,-0.09152940558707323,-0.07597107961327272,743.0385345915533,0.1,6480,0.1,0.16635802469135802,2.878504672897196,1078,0.28785046728971964,0.5415739731066952,-0.02353270552082391,402.4103313501241
mlp_classifier,mlp_classifier,classification,bbob_validation,all,all,,,,64800,3745,0.05779320987654321,-0.09152940558707323,-0.07597107961327272,743.0385345915533,0.2,12960,0.2,0.15069444444444444,2.6074766355140184,1953,0.5214953271028038,0.724409368443608,-0.04967146970804792,538.2640755727311
mlp_classifier,mlp_classifier,classification,bbob_validation,label_source,label_source=changed_algorithm,changed_algorithm,,,16560,2549,0.15392512077294687,-0.05116247729341551,-0.06176568779918107,607.1864253523988,0.05,828,0.05,0.5301932367149759,3.444488034523342,439,0.17222440172616713,0.33384154265772154,0.2067809649662745,202.7040529204723
mlp_classifier,mlp_classifier,classification,bbob_validation,label_source,label_source=changed_algorithm,changed_algorithm,,,16560,2549,0.15392512077294687,-0.05116247729341551,-0.06176568779918107,607.1864253523988,0.1,1656,0.1,0.5561594202898551,3.613181639858768,921,0.3613181639858768,0.6582669764648692,0.20600604483139603,399.6907723672356
mlp_classifier,mlp_classifier,classification,bbob_validation,label_source,label_source=changed_algorithm,changed_algorithm,,,16560,2549,0.15392512077294687,-0.05116247729341551,-0.06176568779918107,607.1864253523988,0.2,3312,0.2,0.47403381642512077,3.079639074146724,1570,0.6159278148293449,0.8243407332753193,0.1093686826537608,500.52850310981637
mlp_classifier,mlp_classifier,classification,bbob_validation,label_source,label_source=same_algorithm,same_algorithm,,,48240,1196,0.024792703150912105,-0.10538670932967216,-0.08462815497687234,135.85210923915443,0.05,2412,0.05,0.028192371475953566,1.1371237458193981,68,0.056856187290969896,0.0474206227724769,-0.10172181648009225,6.4421916250752655
mlp_classifier,mlp_classifier,classification,bbob_validation,label_source,label_source=same_algorithm,same_algorithm,,,48240,1196,0.024792703150912105,-0.10538670932967216,-0.08462815497687234,135.85210923915443,0.1,4824,0.1,0.038349917081260364,1.5468227424749164,185,0.15468227424749165,0.12567754341645807,-0.09838901392124204,17.073559357121233
mlp_classifier,mlp_classifier,classification,bbob_validation,label_source,label_source=same_algorithm,same_algorithm,,,48240,1196,0.024792703150912105,-0.10538670932967216,-0.08462815497687234,135.85210923915443,0.2,9648,0.2,0.05120232172470979,2.065217391304348,494,0.41304347826086957,0.37418963092902946,-0.1000025041010606,50.83445061712939
mlp_classifier,mlp_classifier,classification,bbob_validation,dimension,dimension=10,,10.0,,21600,1470,0.06805555555555555,-0.040708791525251226,-0.036659214049790265,260.3480860696287,0.05,1080,0.05,0.17592592592592593,2.5850340136054424,190,0.1292517006802721,0.25289969147670627,0.020307183662526256,65.84195064356007
mlp_classifier,mlp_classifier,classification,bbob_validation,dimension,dimension=10,,10.0,,21600,1470,0.06805555555555555,-0.040708791525251226,-0.036659214049790265,260.3480860696287,0.1,2160,0.1,0.19768518518518519,2.904761904761905,427,0.2904761904761905,0.5756510283765952,0.029503224597844095,149.8696434818601
mlp_classifier,mlp_classifier,classification,bbob_validation,dimension,dimension=10,,10.0,,21600,1470,0.06805555555555555,-0.040708791525251226,-0.036659214049790265,260.3480860696287,0.2,4320,0.2,0.1875,2.7551020408163267,810,0.5510204081632653,0.7774400209811856,0.0013606464184267055,202.40502149638365
mlp_classifier,mlp_classifier,classification,bbob_validation,dimension,dimension=20,,20.0,,21600,1908,0.08833333333333333,-0.05664202206459035,-0.0679457754312032,392.4289080321196,0.05,1080,0.05,0.2212962962962963,2.5052410901467503,239,0.12526205450733752,0.288763779075336,0.04991278078785483,113.31925450176237
mlp_classifier,mlp_classifier,classification,bbob_validation,dimension,dimension=20,,20.0,,21600,1908,0.08833333333333333,-0.05664202206459035,-0.0679457754312032,392.4289080321196,0.1,2160,0.1,0.24444444444444444,2.7672955974842766,528,0.27672955974842767,0.5607141404688396,0.047901691277742645,220.0404378623553
mlp_classifier,mlp_classifier,classification,bbob_validation,dimension,dimension=20,,20.0,,21600,1908,0.08833333333333333,-0.05664202206459035,-0.0679457754312032,392.4289080321196,0.2,4320,0.2,0.2152777777777778,2.4371069182389937,930,0.48742138364779874,0.7259254814671176,0.007522579050346296,284.8741440048317
mlp_classifier,mlp_classifier,classification,bbob_validation,dimension,dimension=40,,40.0,,21600,367,0.01699074074074074,-0.17723740317137815,-0.16708161511555475,90.26154048980496,0.05,1080,0.05,0.05555555555555555,3.2697547683923704,60,0.16348773841961853,0.2058932489149612,-0.13546404609250778,18.58424182351526
mlp_classifier,mlp_classifier,classification,bbob_validation,dimension,dimension=40,,40.0,,21600,367,0.01699074074074074,-0.17723740317137815,-0.16708161511555475,90.26154048980496,0.1,2160,0.1,0.04814814814814815,2.8337874659400546,104,0.28337874659400547,0.34936517502735687,-0.14928703681276734,31.534238891459566
mlp_classifier,mlp_classifier,classification,bbob_validation,dimension,dimension=40,,40.0,,21600,367,0.01699074074074074,-0.17723740317137815,-0.16708161511555475,90.26154048980496,0.2,4320,0.2,0.03912037037037037,2.302452316076294,169,0.4604904632152589,0.5305050674199162,-0.16381913159562123,47.88420462296948
mlp_classifier,mlp_classifier,classification,bbob_validation,FE_ratio,FE_ratio=0.2,,,0.2,6480,296,0.04567901234567901,-0.07854640971495502,-0.05432046807708305,38.557426800468264,0.05,324,0.05,0.040123456790123455,0.8783783783783784,13,0.04391891891891892,0.03421192265523862,-0.0675937297091531,1.3191237034826448
mlp_classifier,mlp_classifier,classification,bbob_validation,FE_ratio,FE_ratio=0.2,,,0.2,6480,296,0.04567901234567901,-0.07854640971495502,-0.05432046807708305,38.557426800468264,0.1,648,0.1,0.046296296296296294,1.0135135135135134,30,0.10135135135135136,0.09505361834961534,-0.06943065926321962,3.6650229316349403
mlp_classifier,mlp_classifier,classification,bbob_validation,FE_ratio,FE_ratio=0.2,,,0.2,6480,296,0.04567901234567901,-0.07854640971495502,-0.05432046807708305,38.557426800468264,0.2,1296,0.2,0.07407407407407407,1.6216216216216215,96,0.32432432432432434,0.29464722982018293,-0.07110502596199592,11.360838995752452
mlp_classifier,mlp_classifier,classification,bbob_validation,FE_ratio,FE_ratio=0.25,,,0.25,6480,292,0.04506172839506173,-0.08209066348445634,-0.05811985784400571,35.463735190300596,0.05,324,0.05,0.043209876543209874,0.958904109589041,14,0.04794520547945205,0.043324826512903834,-0.08130962625381592,1.5364601746193363
mlp_classifier,mlp_classifier,classification,bbob_validation,FE_ratio,FE_ratio=0.25,,,0.25,6480,292,0.04506172839506173,-0.08209066348445634,-0.05811985784400571,35.463735190300596,0.1,648,0.1,0.06172839506172839,1.36986301369863,40,0.136986301369863,0.14416731956718196,-0.07357526190196433,5.112711644225984
mlp_classifier,mlp_classifier,classification,bbob_validation,FE_ratio,FE_ratio=0.25,,,0.25,6480,292,0.04506172839506173,-0.08209066348445634,-0.05811985784400571,35.463735190300596,0.2,1296,0.2,0.09645061728395062,2.1404109589041096,125,0.4280821917808219,0.5078076248690321,-0.07851788738432332,18.008755135970862
mlp_classifier,mlp_classifier,classification,bbob_validation,FE_ratio,FE_ratio=0.28,,,0.28,6480,274,0.042283950617283954,-0.08549062609263769,-0.060059978976886724,32.16164278161452,0.05,324,0.05,0.05246913580246913,1.240875912408759,17,0.06204379562043796,0.0886152478690386,-0.07550860050420788,2.8500119469682463
mlp_classifier,mlp_classifier,classification,bbob_validation,FE_ratio,FE_ratio=0.28,,,0.28,6480,274,0.042283950617283954,-0.08549062609263769,-0.060059978976886724,32.16164278161452,0.1,648,0.1,0.06327160493827161,1.4963503649635037,41,0.14963503649635038,0.1593221421745877,-0.08095735472242016,5.124061823820691
mlp_classifier,mlp_classifier,classification,bbob_validation,FE_ratio,FE_ratio=0.28,,,0.28,6480,274,0.042283950617283954,-0.08549062609263769,-0.060059978976886724,32.16164278161452,0.2,1296,0.2,0.0763888888888889,1.8065693430656935,99,0.3613138686131387,0.3106221172861173,-0.08249480798031182,9.990117576224874
mlp_classifier,mlp_classifier,classification,bbob_validation,FE_ratio,FE_ratio=0.3,,,0.3,6480,284,0.043827160493827164,-0.08706332924379373,-0.061481761258876125,31.652929735382077,0.05,324,0.05,0.040123456790123455,0.9154929577464788,13,0.045774647887323945,0.047483923520580805,-0.08148695051430159,1.5030052947572006
mlp_classifier,mlp_classifier,classification,bbob_validation,FE_ratio,FE_ratio=0.3,,,0.3,6480,284,0.043827160493827164,-0.08706332924379373,-0.061481761258876125,31.652929735382077,0.1,648,0.1,0.05864197530864197,1.3380281690140843,38,0.13380281690140844,0.12857491870936252,-0.07943270776585966,4.069772867639914
mlp_classifier,mlp_classifier,classification,bbob_validation,FE_ratio,FE_ratio=0.3,,,0.3,6480,284,0.043827160493827164,-0.08706332924379373,-0.061481761258876125,31.652929735382077,0.2,1296,0.2,0.09722222222222222,2.2183098591549295,126,0.44366197183098594,0.4318217857633212,-0.07511546662035015,13.66842464297362
mlp_classifier,mlp_classifier,classification,bbob_validation,FE_ratio,FE_ratio=0.35,,,0.35,6480,256,0.03950617283950617,-0.09341559547051581,-0.06664570006608084,26.439322897806413,0.05,324,0.05,0.037037037037037035,0.9375,12,0.046875,0.012440154260923658,-0.09998500567980484,0.3289092554030829
mlp_classifier,mlp_classifier,classification,bbob_validation,FE_ratio,FE_ratio=0.35,,,0.35,6480,256,0.03950617283950617,-0.09341559547051581,-0.06664570006608084,26.439322897806413,0.1,648,0.1,0.04938271604938271,1.25,32,0.125,0.09775340279311888,-0.0918743529529341,2.5845337808066016
mlp_classifier,mlp_classifier,classification,bbob_validation,FE_ratio,FE_ratio=0.35,,,0.35,6480,256,0.03950617283950617,-0.09341559547051581,-0.06664570006608084,26.439322897806413,0.2,1296,0.2,0.08410493827160494,2.12890625,109,0.42578125,0.392579461882264,-0.08892495035872353,10.379535155752263
mlp_classifier,mlp_classifier,classification,bbob_validation,FE_ratio,FE_ratio=0.4,,,0.4,6480,800,0.12345679012345678,-0.07290554260108724,-0.07056462486829276,174.15917724891835,0.05,324,0.05,0.25308641975308643,2.0500000000000003,82,0.1025,0.15947583959878975,0.0006346366249903693,27.7741810156057
mlp_classifier,mlp_classifier,classification,bbob_validation,FE_ratio,FE_ratio=0.4,,,0.4,6480,800,0.12345679012345678,-0.07290554260108724,-0.07056462486829276,174.15917724891835,0.1,648,0.1,0.36574074074074076,2.9625000000000004,237,0.29625,0.5172902839038483,0.0680977141908899,90.09085024355362
mlp_classifier,mlp_classifier,classification,bbob_validation,FE_ratio,FE_ratio=0.4,,,0.4,6480,800,0.12345679012345678,-0.07290554260108724,-0.07056462486829276,174.15917724891835,0.2,1296,0.2,0.3410493827160494,2.7625,442,0.5525,0.7581952718916646,0.026793779102085274,132.04666474667226
mlp_classifier,mlp_classifier,classification,bbob_validation,FE_ratio,FE_ratio=0.45,,,0.45,6480,243,0.0375,-0.10186903427734409,-0.07939845101548082,50.56190594132994,0.05,324,0.05,0.08641975308641975,2.3045267489711936,28,0.11522633744855967,0.36180661143562165,-0.04384379306562082,18.293631856359212
mlp_classifier,mlp_classifier,classification,bbob_validation,FE_ratio,FE_ratio=0.45,,,0.45,6480,243,0.0375,-0.10186903427734409,-0.07939845101548082,50.56190594132994,0.1,648,0.1,0.09259259259259259,2.4691358024691357,60,0.24691358024691357,0.6526919909066067,-0.04169612486409166,33.00135105287922
mlp_classifier,mlp_classifier,classification,bbob_validation,FE_ratio,FE_ratio=0.45,,,0.45,6480,243,0.0375,-0.10186903427734409,-0.07939845101548082,50.56190594132994,0.2,1296,0.2,0.09259259259259259,2.4691358024691357,120,0.49382716049382713,0.7587325964318309,-0.06959020559682388,38.36296617540728
mlp_classifier,mlp_classifier,classification,bbob_validation,FE_ratio,FE_ratio=0.5,,,0.5,6480,477,0.07361111111111111,-0.08578559846269349,-0.08202974076197492,151.15391573733473,0.05,324,0.05,0.37037037037037035,5.031446540880503,120,0.25157232704402516,0.4058665515735255,0.11831190998143096,61.34831853714731
mlp_classifier,mlp_classifier,classification,bbob_validation,FE_ratio,FE_ratio=0.5,,,0.5,6480,477,0.07361111111111111,-0.08578559846269349,-0.08202974076197492,151.15391573733473,0.1,648,0.1,0.3765432098765432,5.115303983228512,244,0.5115303983228512,0.7864518352344798,0.1131906480103818,118.87527443450485
mlp_classifier,mlp_classifier,classification,bbob_validation,FE_ratio,FE_ratio=0.5,,,0.5,6480,477,0.07361111111111111,-0.08578559846269349,-0.08202974076197492,151.15391573733473,0.2,1296,0.2,0.2646604938271605,3.5953878406708597,343,0.7190775681341719,0.9117254966708912,0.019543875392754713,137.81087889937157
mlp_classifier,mlp_classifier,classification,bbob_validation,FE_ratio,FE_ratio=0.55,,,0.55,6480,376,0.05802469135802469,-0.11228594071878435,-0.09215825578698267,79.68497550744864,0.05,324,0.05,0.20679012345679013,3.5638297872340425,67,0.17819148936170212,0.37011915595926886,-0.013447504374039264,29.49293587745191
mlp_classifier,mlp_classifier,classification,bbob_validation,FE_ratio,FE_ratio=0.55,,,0.55,6480,376,0.05802469135802469,-0.11228594071878435,-0.09215825578698267,79.68497550744864,0.1,648,0.1,0.17746913580246915,3.058510638297873,115,0.3058510638297872,0.6072358305008612,-0.02828938814588898,48.387572280706365
mlp_classifier,mlp_classifier,classification,bbob_validation,FE_ratio,FE_ratio=0.55,,,0.55,6480,376,0.05802469135802469,-0.11228594071878435,-0.09215825578698267,79.68497550744864,0.2,1296,0.2,0.1527777777777778,2.6329787234042556,198,0.526595744680851,0.7315357898188349,-0.06171648591983428,58.29241149453597
mlp_classifier,mlp_classifier,classification,bbob_validation,FE_ratio,FE_ratio=0.6,,,0.6,6480,447,0.06898148148148148,-0.11584131580446465,-0.10228898920926656,123.20350275094972,0.05,324,0.05,0.2839506172839506,4.116331096196868,92,0.2058165548098434,0.36147655894229574,0.04401958923032649,44.53517822405098
mlp_classifier,mlp_classifier,classification,bbob_validation,FE_ratio,FE_ratio=0.6,,,0.6,6480,447,0.06898148148148148,-0.11584131580446465,-0.10228898920926656,123.20350275094972,0.1,648,0.1,0.2962962962962963,4.295302013422819,192,0.42953020134228187,0.7436057035914772,0.046961831348702715,91.61482734805448
mlp_classifier,mlp_classifier,classification,bbob_validation,FE_ratio,FE_ratio=0.6,,,0.6,6480,447,0.06898148148148148,-0.11584131580446465,-0.10228898920926656,123.20350275094972,0.2,1296,0.2,0.22685185185185186,3.288590604026846,294,0.6577181208053692,0.8649872724226343,-0.024490700062606133,106.56946179745853
lightgbm_regression,lightgbm,regression,bbob_train,all,all,,,,194400,11921,0.06132201646090535,-0.08855738467265091,-0.06544428361600368,2511.1122661377594,0.05,9720,0.05,0.5818930041152264,9.489136817381093,5656,0.4744568408690546,0.6229977558232904,0.12763715580977497,1564.4173064241613
lightgbm_regression,lightgbm,regression,bbob_train,all,all,,,,194400,11921,0.06132201646090535,-0.08855738467265091,-0.06544428361600368,2511.1122661377594,0.1,19440,0.1,0.33137860082304527,5.403909068031205,6442,0.5403909068031205,0.6773540042431323,0.04947410741477851,1700.9119485724575
lightgbm_regression,lightgbm,regression,bbob_train,all,all,,,,194400,11921,0.06132201646090535,-0.08855738467265091,-0.06544428361600368,2511.1122661377594,0.2,38880,0.2,0.18356481481481482,2.9934569247546348,7137,0.5986913849509269,0.712319502066697,0.003707983761761596,1788.7142390488239
lightgbm_regression,lightgbm,regression,bbob_train,label_source,label_source=changed_algorithm,changed_algorithm,,,74400,8470,0.11384408602150538,-0.05859081542569486,-0.06280283172738645,1678.8603444230114,0.05,3720,0.05,0.7956989247311828,6.989374262101534,2960,0.34946871310507677,0.6337064578247121,0.26437855257235116,1063.904642046683
lightgbm_regression,lightgbm,regression,bbob_train,label_source,label_source=changed_algorithm,changed_algorithm,,,74400,8470,0.11384408602150538,-0.05859081542569486,-0.06280283172738645,1678.8603444230114,0.1,7440,0.1,0.6868279569892473,6.033057851239668,5110,0.6033057851239669,0.788882521076084,0.15259110814506205,1324.4235810430882
lightgbm_regression,lightgbm,regression,bbob_train,label_source,label_source=changed_algorithm,changed_algorithm,,,74400,8470,0.11384408602150538,-0.05859081542569486,-0.06280283172738645,1678.8603444230114,0.2,14880,0.2,0.4056451612903226,3.563164108618654,6036,0.7126328217237308,0.860129393515976,0.06338640710832329,1444.0371298465875
lightgbm_regression,lightgbm,regression,bbob_train,label_source,label_source=same_algorithm,same_algorithm,,,120000,3451,0.028758333333333334,-0.10713665760576366,-0.06743423570665175,832.2519217147483,0.05,6000,0.05,0.08816666666666667,3.065778035352072,529,0.1532889017676036,0.3115059854139566,-0.0071825644742552035,259.25145498641166
lightgbm_regression,lightgbm,regression,bbob_train,label_source,label_source=same_algorithm,same_algorithm,,,120000,3451,0.028758333333333334,-0.10713665760576366,-0.06743423570665175,832.2519217147483,0.1,12000,0.1,0.057833333333333334,2.011011301072153,694,0.2011011301072153,0.35097918374284387,-0.022472959735831032,292.10310015185553
lightgbm_regression,lightgbm,regression,bbob_train,label_source,label_source=same_algorithm,same_algorithm,,,120000,3451,0.028758333333333334,-0.10713665760576366,-0.06743423570665175,832.2519217147483,0.2,24000,0.2,0.042666666666666665,1.4836279339321936,1024,0.29672558678643873,0.40929417326516015,-0.033976911479845585,340.63586224657865
lightgbm_regression,lightgbm,regression,bbob_train,dimension,dimension=10,,10.0,,64800,2405,0.037114197530864194,-0.04022633237538057,-0.03715828153278458,308.0180086184804,0.05,3240,0.05,0.3691358024691358,9.945945945945947,1196,0.4972972972972973,0.623207499414855,0.018099177887846447,191.95913292586636
lightgbm_regression,lightgbm,regression,bbob_train,dimension,dimension=10,,10.0,,64800,2405,0.037114197530864194,-0.04022633237538057,-0.03715828153278458,308.0180086184804,0.1,6480,0.1,0.20833333333333334,5.613305613305614,1350,0.5613305613305614,0.7103249685156254,-0.00415334064833966,218.79288227416765
lightgbm_regression,lightgbm,regression,bbob_train,dimension,dimension=10,,10.0,,64800,2405,0.037114197530864194,-0.04022633237538057,-0.03715828153278458,308.0180086184804,0.2,12960,0.2,0.11512345679012345,3.101871101871102,1492,0.6203742203742204,0.7599911043584727,-0.018568407673928096,234.0909465322564
lightgbm_regression,lightgbm,regression,bbob_train,dimension,dimension=20,,20.0,,64800,3858,0.059537037037037034,-0.07228172978918257,-0.06716881295115272,823.0687800379324,0.05,3240,0.05,0.5314814814814814,8.926905132192847,1722,0.4463452566096423,0.6022289992275843,0.11555838567866229,495.67588769771277
lightgbm_regression,lightgbm,regression,bbob_train,dimension,dimension=20,,20.0,,64800,3858,0.059537037037037034,-0.07228172978918257,-0.06716881295115272,823.0687800379324,0.1,6480,0.1,0.2891975308641975,4.857439087610161,1874,0.4857439087610161,0.647608529232505,0.02969896753742871,533.0263620975576
lightgbm_regression,lightgbm,regression,bbob_train,dimension,dimension=20,,20.0,,64800,3858,0.059537037037037034,-0.07228172978918257,-0.06716881295115272,823.0687800379324,0.2,12960,0.2,0.1648148148148148,2.7682737169517884,2136,0.5536547433903577,0.690431332673982,-0.015814394549186928,568.2724746839382
lightgbm_regression,lightgbm,regression,bbob_train,dimension,dimension=40,,40.0,,64800,5658,0.08731481481481482,-0.1531640918533896,-0.14272675969545875,1380.025477481347,0.05,3240,0.05,0.7817901234567901,8.953693884764935,2533,0.44768469423824675,0.6213606499161131,0.23881408152593853,857.4935275886039
lightgbm_regression,lightgbm,regression,bbob_train,dimension,dimension=40,,40.0,,64800,5658,0.08731481481481482,-0.1531640918533896,-0.14272675969545875,1380.025477481347,0.1,6480,0.1,0.5501543209876543,6.30081300813008,3565,0.6300813008130082,0.7324158940020661,0.1034920648759752,1010.7525938351287
lightgbm_regression,lightgbm,regression,bbob_train,dimension,dimension=40,,40.0,,64800,5658,0.08731481481481482,-0.1531640918533896,-0.14272675969545875,1380.025477481347,0.2,12960,0.2,0.33233024691358026,3.8061152350653944,4307,0.7612230470130789,0.8072672510105033,0.003406901123113171,1114.0493735308241
lightgbm_regression,lightgbm,regression,bbob_train,FE_ratio,FE_ratio=0.2,,,0.2,19440,1637,0.08420781893004116,-0.06196176210011554,-0.05049860667501493,304.44205064313394,0.05,972,0.05,0.6172839506172839,7.3304825901038475,600,0.3665241295051924,0.482905168173009,0.12671464578885477,147.01663966475832
lightgbm_regression,lightgbm,regression,bbob_train,FE_ratio,FE_ratio=0.2,,,0.2,19440,1637,0.08420781893004116,-0.06196176210011554,-0.05049860667501493,304.44205064313394,0.1,1944,0.1,0.4058641975308642,4.81979230299328,789,0.48197923029932804,0.5900905118190523,0.05875546777496998,179.64836548324874
lightgbm_regression,lightgbm,regression,bbob_train,FE_ratio,FE_ratio=0.2,,,0.2,19440,1637,0.08420781893004116,-0.06196176210011554,-0.05049860667501493,304.44205064313394,0.2,3888,0.2,0.23431069958847736,2.7825290164935854,911,0.5565058032987171,0.6598474529841853,0.0069845621283361374,200.88531169815428
lightgbm_regression,lightgbm,regression,bbob_train,FE_ratio,FE_ratio=0.25,,,0.25,19440,1530,0.0787037037037037,-0.06684412289960417,-0.05379598025536793,289.0381601639173,0.05,972,0.05,0.7253086419753086,9.215686274509803,705,0.46078431372549017,0.6256734859641755,0.16754950608640326,180.84351324642984
lightgbm_regression,lightgbm,regression,bbob_train,FE_ratio,FE_ratio=0.25,,,0.25,19440,1530,0.0787037037037037,-0.06684412289960417,-0.05379598025536793,289.0381601639173,0.1,1944,0.1,0.4351851851851852,5.529411764705882,846,0.5529411764705883,0.7023039071327234,0.0760414882380223,202.992629193573
lightgbm_regression,lightgbm,regression,bbob_train,FE_ratio,FE_ratio=0.25,,,0.25,19440,1530,0.0787037037037037,-0.06684412289960417,-0.05379598025536793,289.0381601639173,0.2,3888,0.2,0.2353395061728395,2.990196078431372,915,0.5980392156862745,0.7391956119793378,0.02182831185406816,213.65573968774873
lightgbm_regression,lightgbm,regression,bbob_train,FE_ratio,FE_ratio=0.28,,,0.28,19440,1516,0.07798353909465021,-0.06678863875638497,-0.05595944523593056,294.83506110374555,0.05,972,0.05,0.7016460905349794,8.997361477572559,682,0.449868073878628,0.5899083344966145,0.15704752199848127,173.92565984691808
lightgbm_regression,lightgbm,regression,bbob_train,FE_ratio,FE_ratio=0.28,,,0.28,19440,1516,0.07798353909465021,-0.06678863875638497,-0.05595944523593056,294.83506110374555,0.1,1944,0.1,0.4228395061728395,5.422163588390501,822,0.5422163588390502,0.6916260752271763,0.07438063289010881,203.9156161505482
lightgbm_regression,lightgbm,regression,bbob_train,FE_ratio,FE_ratio=0.28,,,0.28,19440,1516,0.07798353909465021,-0.06678863875638497,-0.05595944523593056,294.83506110374555,0.2,3888,0.2,0.23353909465020575,2.9947229551451184,908,0.5989445910290238,0.7167982489592768,0.018298878559855136,211.33725553096613
lightgbm_regression,lightgbm,regression,bbob_train,FE_ratio,FE_ratio=0.3,,,0.3,19440,1403,0.07217078189300412,-0.07045501341769796,-0.05769358257385397,275.8794546370344,0.05,972,0.05,0.6419753086419753,8.895224518888096,624,0.44476122594440487,0.5934815795606421,0.1391494556320875,163.7293745063157
lightgbm_regression,lightgbm,regression,bbob_train,FE_ratio,FE_ratio=0.3,,,0.3,19440,1403,0.07217078189300412,-0.07045501341769796,-0.05769358257385397,275.8794546370344,0.1,1944,0.1,0.3837448559670782,5.317177476835353,746,0.5317177476835353,0.6604827150516286,0.059098105428239345,182.2136112256311
lightgbm_regression,lightgbm,regression,bbob_train,FE_ratio,FE_ratio=0.3,,,0.3,19440,1403,0.07217078189300412,-0.07045501341769796,-0.05769358257385397,275.8794546370344,0.2,3888,0.2,0.2109053497942387,2.9223093371347115,820,0.5844618674269423,0.6897547491473027,0.011633377272867682,190.28916402806237
lightgbm_regression,lightgbm,regression,bbob_train,FE_ratio,FE_ratio=0.35,,,0.35,19440,1388,0.07139917695473251,-0.07482964941049443,-0.062069321341436653,257.6511044439708,0.05,972,0.05,0.6275720164609053,8.789625360230547,610,0.43948126801152737,0.581627662563612,0.12166537151626566,149.8570096346798
lightgbm_regression,lightgbm,regression,bbob_train,FE_ratio,FE_ratio=0.35,,,0.35,19440,1388,0.07139917695473251,-0.07482964941049443,-0.062069321341436653,257.6511044439708,0.1,1944,0.1,0.3595679012345679,5.036023054755043,699,0.5036023054755043,0.632612405052212,0.045690137831579956,162.993284846659
lightgbm_regression,lightgbm,regression,bbob_train,FE_ratio,FE_ratio=0.35,,,0.35,19440,1388,0.07139917695473251,-0.07482964941049443,-0.062069321341436653,257.6511044439708,0.2,3888,0.2,0.19547325102880658,2.7377521613832854,760,0.547550432276657,0.660266816963632,0.003671938030569184,170.11847461838488
lightgbm_regression,lightgbm,regression,bbob_train,FE_ratio,FE_ratio=0.4,,,0.4,19440,1376,0.07078189300411522,-0.08176159053440116,-0.06731035034538017,252.55187921031478,0.05,972,0.05,0.5740740740740741,8.11046511627907,558,0.4055232558139535,0.5974866226998816,0.11335881053207628,150.89636936587942
lightgbm_regression,lightgbm,regression,bbob_train,FE_ratio,FE_ratio=0.4,,,0.4,19440,1376,0.07078189300411522,-0.08176159053440116,-0.06731035034538017,252.55187921031478,0.1,1944,0.1,0.32407407407407407,4.578488372093023,630,0.4578488372093023,0.6524939843893527,0.040197140690180516,164.7885819309568
lightgbm_regression,lightgbm,regression,bbob_train,FE_ratio,FE_ratio=0.4,,,0.4,19440,1376,0.07078189300411522,-0.08176159053440116,-0.06731035034538017,252.55187921031478,0.2,3888,0.2,0.17618312757201646,2.4890988372093026,685,0.49781976744186046,0.6761113173558025,-0.0017001632998710668,170.75318375356946
lightgbm_regression,lightgbm,regression,bbob_train,FE_ratio,FE_ratio=0.45,,,0.45,19440,911,0.04686213991769547,-0.09574364894010993,-0.0740343803226563,214.80823720368133,0.05,972,0.05,0.5164609053497943,11.020856201975851,502,0.5510428100987925,0.6512813234628612,0.10305748895545226,139.9005930167378
lightgbm_regression,lightgbm,regression,bbob_train,FE_ratio,FE_ratio=0.45,,,0.45,19440,911,0.04686213991769547,-0.09574364894010993,-0.0740343803226563,214.80823720368133,0.1,1944,0.1,0.2716049382716049,5.79582875960483,528,0.579582875960483,0.6756768656688711,0.030285584792107273,145.1409564336388
lightgbm_regression,lightgbm,regression,bbob_train,FE_ratio,FE_ratio=0.45,,,0.45,19440,911,0.04686213991769547,-0.09574364894010993,-0.0740343803226563,214.80823720368133,0.2,3888,0.2,0.14094650205761317,3.00768386388584,548,0.601536772777168,0.7006188147415947,-0.009087005547940362,150.49869254637454
lightgbm_regression,lightgbm,regression,bbob_train,FE_ratio,FE_ratio=0.5,,,0.5,19440,752,0.03868312757201646,-0.10761678906395437,-0.08153801385084204,216.74610973067038,0.05,972,0.05,0.4670781893004115,12.074468085106384,454,0.6037234042553191,0.7014233531657544,0.1090356255829479,152.03078307291935
lightgbm_regression,lightgbm,regression,bbob_train,FE_ratio,FE_ratio=0.5,,,0.5,19440,752,0.03868312757201646,-0.10761678906395437,-0.08153801385084204,216.74610973067038,0.1,1944,0.1,0.24434156378600824,6.3164893617021285,475,0.6316489361702128,0.7305206473361716,0.030699409207984252,158.3375083880462
lightgbm_regression,lightgbm,regression,bbob_train,FE_ratio,FE_ratio=0.5,,,0.5,19440,752,0.03868312757201646,-0.10761678906395437,-0.08153801385084204,216.74610973067038,0.2,3888,0.2,0.12962962962962962,3.351063829787234,504,0.6702127659574468,0.750627107044462,-0.011332154800644648,162.6955053102746
lightgbm_regression,lightgbm,regression,bbob_train,FE_ratio,FE_ratio=0.55,,,0.55,19440,784,0.040329218106995884,-0.12055088341199817,-0.09047622006570433,212.50845114181092,0.05,972,0.05,0.47530864197530864,11.785714285714286,462,0.5892857142857143,0.736894245833872,0.11432559629716357,156.59625483746896
lightgbm_regression,lightgbm,regression,bbob_train,FE_ratio,FE_ratio=0.55,,,0.55,19440,784,0.040329218106995884,-0.12055088341199817,-0.09047622006570433,212.50845114181092,0.1,1944,0.1,0.24588477366255143,6.096938775510204,478,0.6096938775510204,0.7495464285260488,0.030482944388586505,159.2849505849467
lightgbm_regression,lightgbm,regression,bbob_train,FE_ratio,FE_ratio=0.55,,,0.55,19440,784,0.040329218106995884,-0.12055088341199817,-0.09047622006570433,212.50845114181092,0.2,3888,0.2,0.13117283950617284,3.252551020408163,510,0.6505102040816326,0.7664189214933363,-0.01524650088059242,162.87049793232606
lightgbm_regression,lightgbm,regression,bbob_train,FE_ratio,FE_ratio=0.6,,,0.6,19440,624,0.03209876543209877,-0.13902174819174842,-0.10198680721304745,192.65175785948037,0.05,972,0.05,0.35802469135802467,11.153846153846152,348,0.5576923076923077,0.7160108341254635,0.09003826032825278,137.94074584070336
lightgbm_regression,lightgbm,regression,bbob_train,FE_ratio,FE_ratio=0.6,,,0.6,19440,624,0.03209876543209877,-0.13902174819174842,-0.10198680721304745,192.65175785948037,0.1,1944,0.1,0.19084362139917696,5.94551282051282,371,0.594551282051282,0.732539168694184,0.015687882798348873,141.12495854985698
lightgbm_regression,lightgbm,regression,bbob_train,FE_ratio,FE_ratio=0.6,,,0.6,19440,624,0.03209876543209877,-0.13902174819174842,-0.10198680721304745,192.65175785948037,0.2,3888,0.2,0.10210905349794239,3.181089743589743,397,0.6362179487179487,0.7556030312898089,-0.026905374812407356,145.56825222193362
lightgbm_regression,lightgbm,regression,bbob_validation,all,all,,,,64800,3745,0.05779320987654321,-0.09152940558707323,-0.07597107961327272,743.0385345915533,0.05,3240,0.05,0.04660493827160494,0.8064085447263017,151,0.040320427236315085,0.06159954158849033,-0.05025779096864783,45.77083311342329
lightgbm_regression,lightgbm,regression,bbob_validation,all,all,,,,64800,3745,0.05779320987654321,-0.09152940558707323,-0.07597107961327272,743.0385345915533,0.1,6480,0.1,0.05308641975308642,0.9185580774365821,344,0.09185580774365822,0.10620850505664477,-0.05231438942683321,78.9170119584489
lightgbm_regression,lightgbm,regression,bbob_validation,all,all,,,,64800,3745,0.05779320987654321,-0.09152940558707323,-0.07597107961327272,743.0385345915533,0.2,12960,0.2,0.06072530864197531,1.0507343124165553,787,0.21014686248331108,0.19648357138347092,-0.057684821213401134,145.99486495208907
lightgbm_regression,lightgbm,regression,bbob_validation,label_source,label_source=changed_algorithm,changed_algorithm,,,16560,2549,0.15392512077294687,-0.05116247729341551,-0.06176568779918107,607.1864253523988,0.05,828,0.05,0.06763285024154589,0.4393879952922714,56,0.021969399764613574,0.05322288262116439,-0.03651936273028472,32.316211845695115
lightgbm_regression,lightgbm,regression,bbob_validation,label_source,label_source=changed_algorithm,changed_algorithm,,,16560,2549,0.15392512077294687,-0.05116247729341551,-0.06176568779918107,607.1864253523988,0.1,1656,0.1,0.07065217391304347,0.45900353079639067,117,0.04590035307963907,0.08310442648252464,-0.04953657358949103,50.45987964688536
lightgbm_regression,lightgbm,regression,bbob_validation,label_source,label_source=changed_algorithm,changed_algorithm,,,16560,2549,0.15392512077294687,-0.05116247729341551,-0.06176568779918107,607.1864253523988,0.2,3312,0.2,0.08544685990338165,0.5551196547665751,283,0.11102393095331503,0.14342142607648894,-0.05497773590732785,87.08354301832664
lightgbm_regression,lightgbm,regression,bbob_validation,label_source,label_source=same_algorithm,same_algorithm,,,48240,1196,0.024792703150912105,-0.10538670932967216,-0.08462815497687234,135.85210923915443,0.05,2412,0.05,0.03814262023217247,1.5384615384615385,92,0.07692307692307693,0.07543594410548894,-0.05380121055970413,10.248132119177631
lightgbm_regression,lightgbm,regression,bbob_validation,label_source,label_source=same_algorithm,same_algorithm,,,48240,1196,0.024792703150912105,-0.10538670932967216,-0.08462815497687234,135.85210923915443,0.1,4824,0.1,0.04643449419568822,1.8729096989966554,224,0.18729096989966554,0.1760396770371308,-0.05175087405234572,23.91536143527376
lightgbm_regression,lightgbm,regression,bbob_validation,label_source,label_source=same_algorithm,same_algorithm,,,48240,1196,0.024792703150912105,-0.10538670932967216,-0.08462815497687234,135.85210923915443,0.2,9648,0.2,0.049129353233830844,1.9816053511705687,474,0.3963210702341137,0.3583987204556378,-0.05913808979294792,48.689222122512476
lightgbm_regression,lightgbm,regression,bbob_validation,dimension,dimension=10,,10.0,,21600,1470,0.06805555555555555,-0.040708791525251226,-0.036659214049790265,260.3480860696287,0.05,1080,0.05,0.05648148148148148,0.8299319727891157,61,0.04149659863945578,0.0941535822238629,-0.03194197868704328,24.512704928582124
lightgbm_regression,lightgbm,regression,bbob_validation,dimension,dimension=10,,10.0,,21600,1470,0.06805555555555555,-0.040708791525251226,-0.036659214049790265,260.3480860696287,0.1,2160,0.1,0.05462962962962963,0.8027210884353743,118,0.08027210884353742,0.1474149228386352,-0.036808704581694086,38.37919301914067
lightgbm_regression,lightgbm,regression,bbob_validation,dimension,dimension=10,,10.0,,21600,1470,0.06805555555555555,-0.040708791525251226,-0.036659214049790265,260.3480860696287,0.2,4320,0.2,0.05763888888888889,0.8469387755102042,249,0.16938775510204082,0.2381981726411498,-0.040028256767138864,62.01443835240635
lightgbm_regression,lightgbm,regression,bbob_validation,dimension,dimension=20,,20.0,,21600,1908,0.08833333333333333,-0.05664202206459035,-0.0679457754312032,392.4289080321196,0.05,1080,0.05,0.05,0.5660377358490566,54,0.02830188679245283,0.02443699055622541,-0.05420999375766161,9.589781519570757
lightgbm_regression,lightgbm,regression,bbob_validation,dimension,dimension=20,,20.0,,21600,1908,0.08833333333333333,-0.05664202206459035,-0.0679457754312032,392.4289080321196,0.1,2160,0.1,0.05324074074074074,0.6027253668763103,115,0.06027253668763103,0.04596548117228083,-0.05807485779123734,18.03818358360912
lightgbm_regression,lightgbm,regression,bbob_validation,dimension,dimension=20,,20.0,,21600,1908,0.08833333333333333,-0.05664202206459035,-0.0679457754312032,392.4289080321196,0.2,4320,0.2,0.0738425925925926,0.8359538784067087,319,0.16719077568134172,0.12736438619374457,-0.05639445108114197,49.98146699619235
lightgbm_regression,lightgbm,regression,bbob_validation,dimension,dimension=40,,40.0,,21600,367,0.01699074074074074,-0.17723740317137815,-0.16708161511555475,90.26154048980496,0.05,1080,0.05,0.009259259259259259,0.544959128065395,10,0.027247956403269755,0.031046534198864894,-0.15865485492055229,2.802308003658958
lightgbm_regression,lightgbm,regression,bbob_validation,dimension,dimension=40,,40.0,,21600,367,0.01699074074074074,-0.17723740317137815,-0.16708161511555475,90.26154048980496,0.1,2160,0.1,0.011574074074074073,0.6811989100817438,25,0.0681198910081744,0.08350388578120528,-0.15965030043596018,7.537189367496309
lightgbm_regression,lightgbm,regression,bbob_validation,dimension,dimension=40,,40.0,,21600,367,0.01699074074074074,-0.17723740317137815,-0.16708161511555475,90.26154048980496,0.2,4320,0.2,0.01574074074074074,0.9264305177111716,68,0.18528610354223432,0.2016420785285421,-0.1638813154552758,18.200524635552433
lightgbm_regression,lightgbm,regression,bbob_validation,FE_ratio,FE_ratio=0.2,,,0.2,6480,296,0.04567901234567901,-0.07854640971495502,-0.05432046807708305,38.557426800468264,0.05,324,0.05,0.1388888888888889,3.040540540540541,45,0.15202702702702703,0.14206776684847267,-0.061614441178451704,5.477767520965976
lightgbm_regression,lightgbm,regression,bbob_validation,FE_ratio,FE_ratio=0.2,,,0.2,6480,296,0.04567901234567901,-0.07854640971495502,-0.05432046807708305,38.557426800468264,0.1,648,0.1,0.11574074074074074,2.5337837837837838,75,0.2533783783783784,0.24353093149672636,-0.056451337407908427,9.389926064834878
lightgbm_regression,lightgbm,regression,bbob_validation,FE_ratio,FE_ratio=0.2,,,0.2,6480,296,0.04567901234567901,-0.07854640971495502,-0.05432046807708305,38.557426800468264,0.2,1296,0.2,0.08487654320987655,1.8581081081081081,110,0.3716216216216216,0.34915409964946637,-0.06342287204400478,13.462483639317702
lightgbm_regression,lightgbm,regression,bbob_validation,FE_ratio,FE_ratio=0.25,,,0.25,6480,292,0.04506172839506173,-0.08209066348445634,-0.05811985784400571,35.463735190300596,0.05,324,0.05,0.006172839506172839,0.136986301369863,2,0.00684931506849315,0.002653127439362394,-0.06229098345276526,0.09408980893566825
lightgbm_regression,lightgbm,regression,bbob_validation,FE_ratio,FE_ratio=0.25,,,0.25,6480,292,0.04506172839506173,-0.08209066348445634,-0.05811985784400571,35.463735190300596,0.1,648,0.1,0.009259259259259259,0.2054794520547945,6,0.02054794520547945,0.029050245110640485,-0.0551757392655039,1.0302301998170789
lightgbm_regression,lightgbm,regression,bbob_validation,FE_ratio,FE_ratio=0.25,,,0.25,6480,292,0.04506172839506173,-0.08209066348445634,-0.05811985784400571,35.463735190300596,0.2,1296,0.2,0.024691358024691357,0.547945205479452,32,0.1095890410958904,0.11948913091190469,-0.05697946236319679,4.237530896778949
lightgbm_regression,lightgbm,regression,bbob_validation,FE_ratio,FE_ratio=0.28,,,0.28,6480,274,0.042283950617283954,-0.08549062609263769,-0.060059978976886724,32.16164278161452,0.05,324,0.05,0.030864197530864196,0.72992700729927,10,0.0364963503649635,0.030166815226101828,-0.0645947826738371,0.9702143351608568
lightgbm_regression,lightgbm,regression,bbob_validation,FE_ratio,FE_ratio=0.28,,,0.28,6480,274,0.042283950617283954,-0.08549062609263769,-0.060059978976886724,32.16164278161452,0.1,648,0.1,0.038580246913580245,0.9124087591240875,25,0.09124087591240876,0.098363930489784,-0.0615519878192373,3.1635455950079936
lightgbm_regression,lightgbm,regression,bbob_validation,FE_ratio,FE_ratio=0.28,,,0.28,6480,274,0.042283950617283954,-0.08549062609263769,-0.060059978976886724,32.16164278161452,0.2,1296,0.2,0.043209876543209874,1.021897810218978,56,0.20437956204379562,0.19820127815511474,-0.05871419645505021,6.374478706884217
lightgbm_regression,lightgbm,regression,bbob_validation,FE_ratio,FE_ratio=0.3,,,0.3,6480,284,0.043827160493827164,-0.08706332924379373,-0.061481761258876125,31.652929735382077,0.05,324,0.05,0.040123456790123455,0.9154929577464788,13,0.045774647887323945,0.03644841401981834,-0.06366801288707317,1.1536990879354247
lightgbm_regression,lightgbm,regression,bbob_validation,FE_ratio,FE_ratio=0.3,,,0.3,6480,284,0.043827160493827164,-0.08706332924379373,-0.061481761258876125,31.652929735382077,0.1,648,0.1,0.035493827160493825,0.8098591549295774,23,0.08098591549295775,0.06054161413195926,-0.06485900684246645,1.9163194581855207
lightgbm_regression,lightgbm,regression,bbob_validation,FE_ratio,FE_ratio=0.3,,,0.3,6480,284,0.043827160493827164,-0.08706332924379373,-0.061481761258876125,31.652929735382077,0.2,1296,0.2,0.040123456790123455,0.9154929577464788,52,0.18309859154929578,0.14475263942834013,-0.06129156174817842,4.581845124836347
lightgbm_regression,lightgbm,regression,bbob_validation,FE_ratio,FE_ratio=0.35,,,0.35,6480,256,0.03950617283950617,-0.09341559547051581,-0.06664570006608084,26.439322897806413,0.05,324,0.05,0.018518518518518517,0.46875,6,0.0234375,0.03080564834726009,-0.056814492801670134,0.8144804837294861
lightgbm_regression,lightgbm,regression,bbob_validation,FE_ratio,FE_ratio=0.35,,,0.35,6480,256,0.03950617283950617,-0.09341559547051581,-0.06664570006608084,26.439322897806413,0.1,648,0.1,0.026234567901234566,0.6640625,17,0.06640625,0.066587632438687,-0.059454024015746114,1.7605319150468945
lightgbm_regression,lightgbm,regression,bbob_validation,FE_ratio,FE_ratio=0.35,,,0.35,6480,256,0.03950617283950617,-0.09341559547051581,-0.06664570006608084,26.439322897806413,0.2,1296,0.2,0.033179012345679014,0.8398437500000001,43,0.16796875,0.1458540447587728,-0.06620231179312093,3.856282185328304
lightgbm_regression,lightgbm,regression,bbob_validation,FE_ratio,FE_ratio=0.4,,,0.4,6480,800,0.12345679012345678,-0.07290554260108724,-0.07056462486829276,174.15917724891835,0.05,324,0.05,0.13580246913580246,1.1,44,0.055,0.16846250217206019,0.03173278462959777,29.33929077558012
lightgbm_regression,lightgbm,regression,bbob_validation,FE_ratio,FE_ratio=0.4,,,0.4,6480,800,0.12345679012345678,-0.07290554260108724,-0.07056462486829276,174.15917724891835,0.1,648,0.1,0.12962962962962962,1.05,84,0.105,0.24366262833777325,0.0042880658872475426,42.43608287761557
lightgbm_regression,lightgbm,regression,bbob_validation,FE_ratio,FE_ratio=0.4,,,0.4,6480,800,0.12345679012345678,-0.07290554260108724,-0.07056462486829276,174.15917724891835,0.2,1296,0.2,0.13117283950617284,1.0625,170,0.2125,0.3697108504078996,-0.015977967092800787,64.38853752703773
lightgbm_regression,lightgbm,regression,bbob_validation,FE_ratio,FE_ratio=0.45,,,0.45,6480,243,0.0375,-0.10186903427734409,-0.07939845101548082,50.56190594132994,0.05,324,0.05,0.024691358024691357,0.6584362139917695,8,0.03292181069958848,0.032191321272052605,-0.061411720830239186,1.6276545582846573
lightgbm_regression,lightgbm,regression,bbob_validation,FE_ratio,FE_ratio=0.45,,,0.45,6480,243,0.0375,-0.10186903427734409,-0.07939845101548082,50.56190594132994,0.1,648,0.1,0.023148148148148147,0.6172839506172839,15,0.06172839506172839,0.04242283405669165,-0.06394921054316695,2.1449793453390917
lightgbm_regression,lightgbm,regression,bbob_validation,FE_ratio,FE_ratio=0.45,,,0.45,6480,243,0.0375,-0.10186903427734409,-0.07939845101548082,50.56190594132994,0.2,1296,0.2,0.03780864197530864,1.0082304526748973,49,0.20164609053497942,0.12562989654234252,-0.06774895430953602,6.352087012392935
lightgbm_regression,lightgbm,regression,bbob_validation,FE_ratio,FE_ratio=0.5,,,0.5,6480,477,0.07361111111111111,-0.08578559846269349,-0.08202974076197492,151.15391573733473,0.05,324,0.05,0.07098765432098765,0.9643605870020964,23,0.04821802935010482,0.07353279704550987,-0.01762252891755375,11.114770208547535
lightgbm_regression,lightgbm,regression,bbob_validation,FE_ratio,FE_ratio=0.5,,,0.5,6480,477,0.07361111111111111,-0.08578559846269349,-0.08202974076197492,151.15391573733473,0.1,648,0.1,0.08641975308641975,1.1740041928721172,56,0.11740041928721175,0.14090914755646888,-0.021493406661068748,21.298969416370163
lightgbm_regression,lightgbm,regression,bbob_validation,FE_ratio,FE_ratio=0.5,,,0.5,6480,477,0.07361111111111111,-0.08578559846269349,-0.08202974076197492,151.15391573733473,0.2,1296,0.2,0.10185185185185185,1.3836477987421383,132,0.27672955974842767,0.309515065042147,-0.023636216973413702,46.78441406081637
lightgbm_regression,lightgbm,regression,bbob_validation,FE_ratio,FE_ratio=0.55,,,0.55,6480,376,0.05802469135802469,-0.11228594071878435,-0.09215825578698267,79.68497550744864,0.05,324,0.05,0.030864197530864196,0.5319148936170213,10,0.026595744680851064,0.014703384704345348,-0.07366558104155282,1.171638850042354
lightgbm_regression,lightgbm,regression,bbob_validation,FE_ratio,FE_ratio=0.55,,,0.55,6480,376,0.05802469135802469,-0.11228594071878435,-0.09215825578698267,79.68497550744864,0.1,648,0.1,0.035493827160493825,0.6117021276595744,23,0.061170212765957445,0.03523586605397183,-0.07114750525177953,2.807769123494486
lightgbm_regression,lightgbm,regression,bbob_validation,FE_ratio,FE_ratio=0.55,,,0.55,6480,376,0.05802469135802469,-0.11228594071878435,-0.09215825578698267,79.68497550744864,0.2,1296,0.2,0.034722222222222224,0.598404255319149,45,0.1196808510638298,0.06540421438427767,-0.07383539958741692,5.211733221295086
lightgbm_regression,lightgbm,regression,bbob_validation,FE_ratio,FE_ratio=0.6,,,0.6,6480,447,0.06898148148148148,-0.11584131580446465,-0.10228898920926656,123.20350275094972,0.05,324,0.05,0.05864197530864197,0.8501118568232662,19,0.042505592841163314,0.0467714538170184,-0.06054105076490518,5.762406939010945
lightgbm_regression,lightgbm,regression,bbob_validation,FE_ratio,FE_ratio=0.6,,,0.6,6480,447,0.06898148148148148,-0.11584131580446465,-0.10228898920926656,123.20350275094972,0.1,648,0.1,0.05401234567901234,0.7829977628635347,35,0.07829977628635347,0.06518962541104772,-0.06511876925037627,8.031590193663401
lightgbm_regression,lightgbm,regression,bbob_validation,FE_ratio,FE_ratio=0.6,,,0.6,6480,447,0.06898148148148148,-0.11584131580446465,-0.10228898920926656,123.20350275094972,0.2,1296,0.2,0.06404320987654322,0.9284116331096198,83,0.18568232662192394,0.1432114612909085,-0.07083237924798383,17.644153665121976
xgboost_regression,xgboost,regression,bbob_train,all,all,,,,194400,11921,0.06132201646090535,-0.08855738467265091,-0.06544428361600368,2511.1122661377594,0.05,9720,0.05,0.44362139917695476,7.234292425132121,4312,0.361714621256606,0.43276050389972437,0.06882153112207368,1086.7102096425556
xgboost_regression,xgboost,regression,bbob_train,all,all,,,,194400,11921,0.06132201646090535,-0.08855738467265091,-0.06544428361600368,2511.1122661377594,0.1,19440,0.1,0.26003086419753085,4.240416072477141,5055,0.4240416072477141,0.48583922075363517,0.016563116799997467,1219.996826605264
xgboost_regression,xgboost,regression,bbob_train,all,all,,,,194400,11921,0.06132201646090535,-0.08855738467265091,-0.06544428361600368,2511.1122661377594,0.2,38880,0.2,0.15169753086419754,2.4737857562285046,5898,0.49475715124570085,0.5434472346020992,-0.014143118543845517,1364.6570168079759
xgboost_regression,xgboost,regression,bbob_train,label_source,label_source=changed_algorithm,changed_algorithm,,,74400,8470,0.11384408602150538,-0.05859081542569486,-0.06280283172738645,1678.8603444230114,0.05,3720,0.05,0.696505376344086,6.118063754427391,2591,0.30590318772136954,0.49670728321032515,0.19170936851894174,833.9021605679047
xgboost_regression,xgboost,regression,bbob_train,label_source,label_source=changed_algorithm,changed_algorithm,,,74400,8470,0.11384408602150538,-0.05859081542569486,-0.06280283172738645,1678.8603444230114,0.1,7440,0.1,0.5592741935483871,4.912632821723731,4161,0.4912632821723731,0.6274800560965095,0.10502837076938341,1053.4513830967564
xgboost_regression,xgboost,regression,bbob_train,label_source,label_source=changed_algorithm,changed_algorithm,,,74400,8470,0.11384408602150538,-0.05859081542569486,-0.06280283172738645,1678.8603444230114,0.2,14880,0.2,0.32741935483870965,2.8760330578512394,4872,0.5752066115702479,0.7115555546577637,0.038406216023107086,1194.60240356884
xgboost_regression,xgboost,regression,bbob_train,label_source,label_source=same_algorithm,same_algorithm,,,120000,3451,0.028758333333333334,-0.10713665760576366,-0.06743423570665175,832.2519217147483,0.05,6000,0.05,0.05733333333333333,1.993625036221385,344,0.09968125181106925,0.07423734038562613,-0.045604911660468435,61.784169198929234
xgboost_regression,xgboost,regression,bbob_train,label_source,label_source=same_algorithm,same_algorithm,,,120000,3451,0.028758333333333334,-0.10713665760576366,-0.06743423570665175,832.2519217147483,0.1,12000,0.1,0.04808333333333333,1.671979136482179,577,0.1671979136482179,0.11613570028634304,-0.04581018395162188,96.65415974299704
xgboost_regression,xgboost,regression,bbob_train,label_source,label_source=same_algorithm,same_algorithm,,,120000,3451,0.028758333333333334,-0.10713665760576366,-0.06743423570665175,832.2519217147483,0.2,24000,0.2,0.037875,1.317009562445668,909,0.2634019124891336,0.1778981646290709,-0.047761719840131736,148.05608938207092
xgboost_regression,xgboost,regression,bbob_train,dimension,dimension=10,,10.0,,64800,2405,0.037114197530864194,-0.04022633237538057,-0.03715828153278458,308.0180086184804,0.05,3240,0.05,0.32808641975308644,8.83991683991684,1063,0.441995841995842,0.4642814286754151,-0.00124760137613232,143.00704109914437
xgboost_regression,xgboost,regression,bbob_train,dimension,dimension=10,,10.0,,64800,2405,0.037114197530864194,-0.04022633237538057,-0.03715828153278458,308.0180086184804,0.1,6480,0.1,0.19737654320987655,5.3180873180873185,1279,0.5318087318087318,0.6192449781201294,-0.011546173875047331,190.73860500755666
xgboost_regression,xgboost,regression,bbob_train,dimension,dimension=10,,10.0,,64800,2405,0.037114197530864194,-0.04022633237538057,-0.03715828153278458,308.0180086184804,0.2,12960,0.2,0.11666666666666667,3.1434511434511436,1512,0.6286902286902287,0.7082234085846121,-0.021632614566977352,218.14556396922455
xgboost_regression,xgboost,regression,bbob_train,dimension,dimension=20,,20.0,,64800,3858,0.059537037037037034,-0.07228172978918257,-0.06716881295115272,823.0687800379324,0.05,3240,0.05,0.4660493827160494,7.827890098496631,1510,0.3913945049248315,0.4784151548218133,0.08260225308676872,393.7685778308484
xgboost_regression,xgboost,regression,bbob_train,dimension,dimension=20,,20.0,,64800,3858,0.059537037037037034,-0.07228172978918257,-0.06716881295115272,823.0687800379324,0.1,6480,0.1,0.27391975308641975,4.60082944530845,1775,0.460082944530845,0.5405928492173617,0.01329620128313331,444.9450969025638
xgboost_regression,xgboost,regression,bbob_train,dimension,dimension=20,,20.0,,64800,3858,0.059537037037037034,-0.07228172978918257,-0.06716881295115272,823.0687800379324,0.2,12960,0.2,0.15817901234567902,2.6568170036288237,2050,0.5313634007257646,0.590227765000758,-0.02514830692812918,485.7980464836893
xgboost_regression,xgboost,regression,bbob_train,dimension,dimension=40,,40.0,,64800,5658,0.08731481481481482,-0.1531640918533896,-0.14272675969545875,1380.025477481347,0.05,3240,0.05,0.5574074074074075,6.38388123011665,1806,0.31919406150583246,0.4047167197473528,0.11779334659860624,558.519384414025
xgboost_regression,xgboost,regression,bbob_train,dimension,dimension=40,,40.0,,64800,5658,0.08731481481481482,-0.1531640918533896,-0.14272675969545875,1380.025477481347,0.1,6480,0.1,0.3640432098765432,4.169317780134323,2359,0.4169317780134323,0.4944827534282911,0.02299607122805844,682.3987979061686
xgboost_regression,xgboost,regression,bbob_train,dimension,dimension=40,,40.0,,64800,5658,0.08731481481481482,-0.1531640918533896,-0.14272675969545875,1380.025477481347,0.2,12960,0.2,0.2682098765432099,3.071756804524567,3476,0.6143513609049134,0.629340859165123,-0.030599162509520432,868.50641966787
xgboost_regression,xgboost,regression,bbob_train,FE_ratio,FE_ratio=0.2,,,0.2,19440,1637,0.08420781893004116,-0.06196176210011554,-0.05049860667501493,304.44205064313394,0.05,972,0.05,0.5617283950617284,6.670739156994502,546,0.3335369578497251,0.4393620596032215,0.10729984123415989,133.7602864003956
xgboost_regression,xgboost,regression,bbob_train,FE_ratio,FE_ratio=0.2,,,0.2,19440,1637,0.08420781893004116,-0.06196176210011554,-0.05049860667501493,304.44205064313394,0.1,1944,0.1,0.3420781893004115,4.062309102015882,665,0.40623091020158825,0.504269476761682,0.04147501016105252,153.52083358206664
xgboost_regression,xgboost,regression,bbob_train,FE_ratio,FE_ratio=0.2,,,0.2,19440,1637,0.08420781893004116,-0.06196176210011554,-0.05049860667501493,304.44205064313394,0.2,3888,0.2,0.2006172839506173,2.3824068417837507,780,0.47648136835675015,0.565609503053797,-0.004731056392399727,172.1953169729419
xgboost_regression,xgboost,regression,bbob_train,FE_ratio,FE_ratio=0.25,,,0.25,19440,1530,0.0787037037037037,-0.06684412289960417,-0.05379598025536793,289.0381601639173,0.05,972,0.05,0.5648148148148148,7.1764705882352935,549,0.3588235294117647,0.44628953460608545,0.09860445093496328,128.99470598295383
xgboost_regression,xgboost,regression,bbob_train,FE_ratio,FE_ratio=0.25,,,0.25,19440,1530,0.0787037037037037,-0.06684412289960417,-0.05379598025536793,289.0381601639173,0.1,1944,0.1,0.31584362139917693,4.0130718954248366,614,0.4013071895424837,0.48174069446522216,0.03116539996182893,139.2414440043156
xgboost_regression,xgboost,regression,bbob_train,FE_ratio,FE_ratio=0.25,,,0.25,19440,1530,0.0787037037037037,-0.06684412289960417,-0.05379598025536793,289.0381601639173,0.2,3888,0.2,0.1831275720164609,2.3267973856209148,712,0.465359477124183,0.5477997157709303,-0.0014995868832265993,158.3350219847465
xgboost_regression,xgboost,regression,bbob_train,FE_ratio,FE_ratio=0.28,,,0.28,19440,1516,0.07798353909465021,-0.06678863875638497,-0.05595944523593056,294.83506110374555,0.05,972,0.05,0.558641975308642,7.163588390501319,543,0.358179419525066,0.4104830198552008,0.09334878675844428,121.02478624105812
xgboost_regression,xgboost,regression,bbob_train,FE_ratio,FE_ratio=0.28,,,0.28,19440,1516,0.07798353909465021,-0.06678863875638497,-0.05595944523593056,294.83506110374555,0.1,1944,0.1,0.3117283950617284,3.997361477572559,606,0.3997361477572559,0.45773757317259517,0.027026089078037288,134.9570853558223
xgboost_regression,xgboost,regression,bbob_train,FE_ratio,FE_ratio=0.28,,,0.28,19440,1516,0.07798353909465021,-0.06678863875638497,-0.05595944523593056,294.83506110374555,0.2,3888,0.2,0.18132716049382716,2.325197889182058,705,0.4650395778364116,0.5170840775082746,-0.006172344960040293,152.45451558792604
xgboost_regression,xgboost,regression,bbob_train,FE_ratio,FE_ratio=0.3,,,0.3,19440,1403,0.07217078189300412,-0.07045501341769796,-0.05769358257385397,275.8794546370344,0.05,972,0.05,0.5,6.928011404133998,486,0.34640057020669995,0.4221062725164536,0.07655869898314017,116.45044826071066
xgboost_regression,xgboost,regression,bbob_train,FE_ratio,FE_ratio=0.3,,,0.3,19440,1403,0.07217078189300412,-0.07045501341769796,-0.05769358257385397,275.8794546370344,0.1,1944,0.1,0.29372427983539096,4.069850320741269,571,0.4069850320741269,0.47060329316728905,0.02025289050294357,129.82977986938414
xgboost_regression,xgboost,regression,bbob_train,FE_ratio,FE_ratio=0.3,,,0.3,19440,1403,0.07217078189300412,-0.07045501341769796,-0.05769358257385397,275.8794546370344,0.2,3888,0.2,0.16229423868312756,2.2487526728439056,631,0.44975053456878117,0.49945875998132166,-0.010505001389212985,137.7904103173365
xgboost_regression,xgboost,regression,bbob_train,FE_ratio,FE_ratio=0.35,,,0.35,19440,1388,0.07139917695473251,-0.07482964941049443,-0.062069321341436653,257.6511044439708,0.05,972,0.05,0.4876543209876543,6.829971181556196,474,0.3414985590778098,0.4295648567060097,0.0732054132479188,110.67785976061944
xgboost_regression,xgboost,regression,bbob_train,FE_ratio,FE_ratio=0.35,,,0.35,19440,1388,0.07139917695473251,-0.07482964941049443,-0.062069321341436653,257.6511044439708,0.1,1944,0.1,0.2741769547325103,3.8400576368876083,533,0.3840057636887608,0.4697289037678192,0.016678448393549716,121.02617084503427
xgboost_regression,xgboost,regression,bbob_train,FE_ratio,FE_ratio=0.35,,,0.35,19440,1388,0.07139917695473251,-0.07482964941049443,-0.062069321341436653,257.6511044439708,0.2,3888,0.2,0.15406378600823045,2.1577809798270895,599,0.4315561959654179,0.5069218289668231,-0.013119919559009154,130.60896910005965
xgboost_regression,xgboost,regression,bbob_train,FE_ratio,FE_ratio=0.4,,,0.4,19440,1376,0.07078189300411522,-0.08176159053440116,-0.06731035034538017,252.55187921031478,0.05,972,0.05,0.4495884773662551,6.351744186046512,437,0.3175872093023256,0.4320202240524038,0.06700921852876864,109.10751944129582
xgboost_regression,xgboost,regression,bbob_train,FE_ratio,FE_ratio=0.4,,,0.4,19440,1376,0.07078189300411522,-0.08176159053440116,-0.06731035034538017,252.55187921031478,0.1,1944,0.1,0.26337448559670784,3.7209302325581404,512,0.37209302325581395,0.46934930890716714,0.013141107703650172,118.5350499705676
xgboost_regression,xgboost,regression,bbob_train,FE_ratio,FE_ratio=0.4,,,0.4,19440,1376,0.07078189300411522,-0.08176159053440116,-0.06731035034538017,252.55187921031478,0.2,3888,0.2,0.14660493827160495,2.0712209302325584,570,0.41424418604651164,0.5106433779901068,-0.017200064692977253,128.96394471770458
xgboost_regression,xgboost,regression,bbob_train,FE_ratio,FE_ratio=0.45,,,0.45,19440,911,0.04686213991769547,-0.09574364894010993,-0.0740343803226563,214.80823720368133,0.05,972,0.05,0.3940329218106996,8.40834248079034,383,0.42041712403951703,0.42895286305294367,0.04438702595359077,92.14260835587496
xgboost_regression,xgboost,regression,bbob_train,FE_ratio,FE_ratio=0.45,,,0.45,19440,911,0.04686213991769547,-0.09574364894010993,-0.0740343803226563,214.80823720368133,0.1,1944,0.1,0.22530864197530864,4.807903402854007,438,0.4807903402854007,0.5015567020817545,0.004265481531370266,107.73851103187364
xgboost_regression,xgboost,regression,bbob_train,FE_ratio,FE_ratio=0.45,,,0.45,19440,911,0.04686213991769547,-0.09574364894010993,-0.0740343803226563,214.80823720368133,0.2,3888,0.2,0.12808641975308643,2.733260153677278,498,0.5466520307354555,0.5612335121712865,-0.021223666120564033,120.55758140914487
xgboost_regression,xgboost,regression,bbob_train,FE_ratio,FE_ratio=0.5,,,0.5,19440,752,0.03868312757201646,-0.10761678906395437,-0.08153801385084204,216.74610973067038,0.05,972,0.05,0.38580246913580246,9.97340425531915,375,0.49867021276595747,0.490119115227512,0.05316885089885618,106.23141153020138
xgboost_regression,xgboost,regression,bbob_train,FE_ratio,FE_ratio=0.5,,,0.5,19440,752,0.03868312757201646,-0.10761678906395437,-0.08153801385084204,216.74610973067038,0.1,1944,0.1,0.20833333333333334,5.385638297872341,405,0.538563829787234,0.5160654088483705,0.0007183717701051372,111.85516973445216
xgboost_regression,xgboost,regression,bbob_train,FE_ratio,FE_ratio=0.5,,,0.5,19440,752,0.03868312757201646,-0.10761678906395437,-0.08153801385084204,216.74610973067038,0.2,3888,0.2,0.11239711934156378,2.9055851063829787,437,0.5811170212765957,0.5658334979395253,-0.02711160501452618,122.6422094336894
xgboost_regression,xgboost,regression,bbob_train,FE_ratio,FE_ratio=0.55,,,0.55,19440,784,0.040329218106995884,-0.12055088341199817,-0.09047622006570433,212.50845114181092,0.05,972,0.05,0.4022633744855967,9.974489795918366,391,0.4987244897959184,0.5581270311229077,0.05989602683168144,118.60671092430641
xgboost_regression,xgboost,regression,bbob_train,FE_ratio,FE_ratio=0.55,,,0.55,19440,784,0.040329218106995884,-0.12055088341199817,-0.09047622006570433,212.50845114181092,0.1,1944,0.1,0.20936213991769548,5.191326530612245,407,0.5191326530612245,0.5747450936980829,0.0012012127014555307,122.13818966313457
xgboost_regression,xgboost,regression,bbob_train,FE_ratio,FE_ratio=0.55,,,0.55,19440,784,0.040329218106995884,-0.12055088341199817,-0.09047622006570433,212.50845114181092,0.2,3888,0.2,0.11445473251028807,2.8380102040816326,445,0.5676020408163265,0.6098057983101808,-0.03149064780097383,129.58888569619205
xgboost_regression,xgboost,regression,bbob_train,FE_ratio,FE_ratio=0.6,,,0.6,19440,624,0.03209876543209877,-0.13902174819174842,-0.10198680721304745,192.65175785948037,0.05,972,0.05,0.3055555555555556,9.51923076923077,297,0.47596153846153844,0.5057040972085941,0.026068061047973577,97.42478328397719
xgboost_regression,xgboost,regression,bbob_train,FE_ratio,FE_ratio=0.6,,,0.6,19440,624,0.03209876543209877,-0.13902174819174842,-0.10198680721304745,192.65175785948037,0.1,1944,0.1,0.15946502057613168,4.967948717948717,310,0.4967948717948718,0.5332074028727627,-0.018813293340925522,102.72334346712587
xgboost_regression,xgboost,regression,bbob_train,FE_ratio,FE_ratio=0.6,,,0.6,19440,624,0.03209876543209877,-0.13902174819174842,-0.10198680721304745,192.65175785948037,0.2,3888,0.2,0.08693415637860083,2.7083333333333335,338,0.5416666666666666,0.5622700296614406,-0.04525490133056002,108.3223096059787
xgboost_regression,xgboost,regression,bbob_validation,all,all,,,,64800,3745,0.05779320987654321,-0.09152940558707323,-0.07597107961327272,743.0385345915533,0.05,3240,0.05,0.08765432098765433,1.5166889185580774,284,0.07583444592790387,0.08851310743448253,-0.053320707321813925,65.76864964026262
xgboost_regression,xgboost,regression,bbob_validation,all,all,,,,64800,3745,0.05779320987654321,-0.09152940558707323,-0.07597107961327272,743.0385345915533,0.1,6480,0.1,0.07592592592592592,1.3137516688918558,492,0.13137516688918557,0.1275900941115722,-0.057520672190110846,94.804356557061
xgboost_regression,xgboost,regression,bbob_validation,all,all,,,,64800,3745,0.05779320987654321,-0.09152940558707323,-0.07597107961327272,743.0385345915533,0.2,12960,0.2,0.07037037037037037,1.2176234979973297,912,0.24352469959946596,0.20299446808614138,-0.06137894475933031,150.83271209691833
xgboost_regression,xgboost,regression,bbob_validation,label_source,label_source=changed_algorithm,changed_algorithm,,,16560,2549,0.15392512077294687,-0.05116247729341551,-0.06176568779918107,607.1864253523988,0.05,828,0.05,0.10869565217391304,0.7061592781482934,90,0.035307963907414676,0.06996278106998019,-0.028974777342880034,42.480450945593745
xgboost_regression,xgboost,regression,bbob_validation,label_source,label_source=changed_algorithm,changed_algorithm,,,16560,2549,0.15392512077294687,-0.05116247729341551,-0.06176568779918107,607.1864253523988,0.1,1656,0.1,0.09420289855072464,0.612004707728521,156,0.0612004707728521,0.09562079383626784,-0.050421224276185866,58.05964799880216
xgboost_regression,xgboost,regression,bbob_validation,label_source,label_source=changed_algorithm,changed_algorithm,,,16560,2549,0.15392512077294687,-0.05116247729341551,-0.06176568779918107,607.1864253523988,0.2,3312,0.2,0.09390096618357488,0.6100431541781091,311,0.12200863083562181,0.14082467070397472,-0.06140868886768694,85.5068284061751
xgboost_regression,xgboost,regression,bbob_validation,label_source,label_source=same_algorithm,same_algorithm,,,48240,1196,0.024792703150912105,-0.10538670932967216,-0.08462815497687234,135.85210923915443,0.05,2412,0.05,0.08043117744610281,3.2441471571906355,194,0.16220735785953178,0.17142316615542771,-0.061676898942271755,23.288198694668885
xgboost_regression,xgboost,regression,bbob_validation,label_source,label_source=same_algorithm,same_algorithm,,,48240,1196,0.024792703150912105,-0.10538670932967216,-0.08462815497687234,135.85210923915443,0.1,4824,0.1,0.06944444444444445,2.8010033444816056,335,0.2801003344481605,0.2695589254037589,-0.05963914482668071,36.62014858034053
xgboost_regression,xgboost,regression,bbob_validation,label_source,label_source=same_algorithm,same_algorithm,,,48240,1196,0.024792703150912105,-0.10538670932967216,-0.08462815497687234,135.85210923915443,0.2,9648,0.2,0.05814676616915423,2.3453177257525084,561,0.4690635451505017,0.41089397230192404,-0.0621202550960832,55.82081281087108
xgboost_regression,xgboost,regression,bbob_validation,dimension,dimension=10,,10.0,,21600,1470,0.06805555555555555,-0.040708791525251226,-0.036659214049790265,260.3480860696287,0.05,1080,0.05,0.1259259259259259,1.8503401360544218,136,0.09251700680272108,0.15408756202666482,-0.013888306717560663,40.11640186077739
xgboost_regression,xgboost,regression,bbob_validation,dimension,dimension=10,,10.0,,21600,1470,0.06805555555555555,-0.040708791525251226,-0.036659214049790265,260.3480860696287,0.1,2160,0.1,0.1287037037037037,1.8911564625850343,278,0.1891156462585034,0.25611140709483254,-0.02795228435497158,66.67811465773919
xgboost_regression,xgboost,regression,bbob_validation,dimension,dimension=10,,10.0,,21600,1470,0.06805555555555555,-0.040708791525251226,-0.036659214049790265,260.3480860696287,0.2,4320,0.2,0.10393518518518519,1.5272108843537417,449,0.3054421768707483,0.34776108539150696,-0.035234011792315036,90.53893299117556
xgboost_regression,xgboost,regression,bbob_validation,dimension,dimension=20,,20.0,,21600,1908,0.08833333333333333,-0.05664202206459035,-0.0679457754312032,392.4289080321196,0.05,1080,0.05,0.03148148148148148,0.3563941299790356,34,0.01781970649895178,0.00670623169461539,-0.06434701173663206,2.631719180928309
xgboost_regression,xgboost,regression,bbob_validation,dimension,dimension=20,,20.0,,21600,1908,0.08833333333333333,-0.05664202206459035,-0.0679457754312032,392.4289080321196,0.1,2160,0.1,0.04490740740740741,0.5083857442348009,97,0.05083857442348008,0.025300464743618984,-0.06455359180708573,9.928633752043542
xgboost_regression,xgboost,regression,bbob_validation,dimension,dimension=20,,20.0,,21600,1908,0.08833333333333333,-0.05664202206459035,-0.0679457754312032,392.4289080321196,0.2,4320,0.2,0.08055555555555556,0.9119496855345912,348,0.18238993710691823,0.11845541395238321,-0.058418454421303154,46.48532874782646
xgboost_regression,xgboost,regression,bbob_validation,dimension,dimension=40,,40.0,,21600,367,0.01699074074074074,-0.17723740317137815,-0.16708161511555475,90.26154048980496,0.05,1080,0.05,0.000925925925925926,0.054495912806539516,1,0.0027247956403269754,0.003359274196522549,-0.16186257049156913,0.3032132639057771
xgboost_regression,xgboost,regression,bbob_validation,dimension,dimension=40,,40.0,,21600,367,0.01699074074074074,-0.17723740317137815,-0.16708161511555475,90.26154048980496,0.1,2160,0.1,0.006481481481481481,0.3814713896457766,14,0.03814713896457766,0.0399259746568294,-0.16660017555463688,3.603779978082333
xgboost_regression,xgboost,regression,bbob_validation,dimension,dimension=40,,40.0,,21600,367,0.01699074074074074,-0.17723740317137815,-0.16708161511555475,90.26154048980496,0.2,4320,0.2,0.022916666666666665,1.348773841961853,99,0.26975476839237056,0.30321431566947576,-0.16575634317772361,27.36859123088889
xgboost_regression,xgboost,regression,bbob_validation,FE_ratio,FE_ratio=0.2,,,0.2,6480,296,0.04567901234567901,-0.07854640971495502,-0.05432046807708305,38.557426800468264,0.05,324,0.05,0.18209876543209877,3.986486486486487,59,0.19932432432432431,0.20132449138398753,-0.04817186574864988,7.762554339679603
xgboost_regression,xgboost,regression,bbob_validation,FE_ratio,FE_ratio=0.2,,,0.2,6480,296,0.04567901234567901,-0.07854640971495502,-0.05432046807708305,38.557426800468264,0.1,648,0.1,0.1095679012345679,2.3986486486486487,71,0.23986486486486486,0.22672233593319005,-0.056414765605421115,8.74182987177515
xgboost_regression,xgboost,regression,bbob_validation,FE_ratio,FE_ratio=0.2,,,0.2,6480,296,0.04567901234567901,-0.07854640971495502,-0.05432046807708305,38.557426800468264,0.2,1296,0.2,0.0787037037037037,1.722972972972973,102,0.34459459459459457,0.2995472549427977,-0.06970572918880963,11.549771355738129
xgboost_regression,xgboost,regression,bbob_validation,FE_ratio,FE_ratio=0.25,,,0.25,6480,292,0.04506172839506173,-0.08209066348445634,-0.05811985784400571,35.463735190300596,0.05,324,0.05,0.07407407407407407,1.643835616438356,24,0.0821917808219178,0.10144472699325953,-0.0576819238039297,3.5976089345412947
xgboost_regression,xgboost,regression,bbob_validation,FE_ratio,FE_ratio=0.25,,,0.25,6480,292,0.04506172839506173,-0.08209066348445634,-0.05811985784400571,35.463735190300596,0.1,648,0.1,0.05246913580246913,1.1643835616438356,34,0.11643835616438356,0.14446804409874092,-0.06261127796323049,5.123376459378417
xgboost_regression,xgboost,regression,bbob_validation,FE_ratio,FE_ratio=0.25,,,0.25,6480,292,0.04506172839506173,-0.08209066348445634,-0.05811985784400571,35.463735190300596,0.2,1296,0.2,0.043209876543209874,0.958904109589041,56,0.1917808219178082,0.22021713243746277,-0.06308649977168208,7.809722069129536
xgboost_regression,xgboost,regression,bbob_validation,FE_ratio,FE_ratio=0.28,,,0.28,6480,274,0.042283950617283954,-0.08549062609263769,-0.060059978976886724,32.16164278161452,0.05,324,0.05,0.037037037037037035,0.875912408759124,12,0.043795620437956206,0.05301351776856489,-0.052795108098700215,1.7050018210693578
xgboost_regression,xgboost,regression,bbob_validation,FE_ratio,FE_ratio=0.28,,,0.28,6480,274,0.042283950617283954,-0.08549062609263769,-0.060059978976886724,32.16164278161452,0.1,648,0.1,0.06018518518518518,1.4233576642335763,39,0.14233576642335766,0.13849233425776555,-0.05801140914577506,4.454140982390211
xgboost_regression,xgboost,regression,bbob_validation,FE_ratio,FE_ratio=0.28,,,0.28,6480,274,0.042283950617283954,-0.08549062609263769,-0.060059978976886724,32.16164278161452,0.2,1296,0.2,0.06481481481481481,1.532846715328467,84,0.30656934306569344,0.24231087796404463,-0.06478165587330749,7.793115899178992
xgboost_regression,xgboost,regression,bbob_validation,FE_ratio,FE_ratio=0.3,,,0.3,6480,284,0.043827160493827164,-0.08706332924379373,-0.061481761258876125,31.652929735382077,0.05,324,0.05,0.046296296296296294,1.056338028169014,15,0.0528169014084507,0.05541750948285911,-0.05942257761207144,1.7541265337708092
xgboost_regression,xgboost,regression,bbob_validation,FE_ratio,FE_ratio=0.3,,,0.3,6480,284,0.043827160493827164,-0.08706332924379373,-0.061481761258876125,31.652929735382077,0.1,648,0.1,0.05864197530864197,1.3380281690140843,38,0.13380281690140844,0.11613628997256001,-0.07095010628563722,3.6760538262293996
xgboost_regression,xgboost,regression,bbob_validation,FE_ratio,FE_ratio=0.3,,,0.3,6480,284,0.043827160493827164,-0.08706332924379373,-0.061481761258876125,31.652929735382077,0.2,1296,0.2,0.06172839506172839,1.408450704225352,80,0.28169014084507044,0.2378009306196967,-0.07013018901867347,7.527096147913728
xgboost_regression,xgboost,regression,bbob_validation,FE_ratio,FE_ratio=0.35,,,0.35,6480,256,0.03950617283950617,-0.09341559547051581,-0.06664570006608084,26.439322897806413,0.05,324,0.05,0.046296296296296294,1.171875,15,0.05859375,0.09053455226529462,-0.07597073758113793,2.393672260750456
xgboost_regression,xgboost,regression,bbob_validation,FE_ratio,FE_ratio=0.35,,,0.35,6480,256,0.03950617283950617,-0.09341559547051581,-0.06664570006608084,26.439322897806413,0.1,648,0.1,0.046296296296296294,1.171875,30,0.1171875,0.1354502223016366,-0.0726680826483194,3.58121216401263
xgboost_regression,xgboost,regression,bbob_validation,FE_ratio,FE_ratio=0.35,,,0.35,6480,256,0.03950617283950617,-0.09341559547051581,-0.06664570006608084,26.439322897806413,0.2,1296,0.2,0.04089506172839506,1.03515625,53,0.20703125,0.21093302487137794,-0.07254835438219571,5.576926354385393
xgboost_regression,xgboost,regression,bbob_validation,FE_ratio,FE_ratio=0.4,,,0.4,6480,800,0.12345679012345678,-0.07290554260108724,-0.07056462486829276,174.15917724891835,0.05,324,0.05,0.21296296296296297,1.725,69,0.08625,0.23416286497934613,0.05725495074154921,40.78161190705248
xgboost_regression,xgboost,regression,bbob_validation,FE_ratio,FE_ratio=0.4,,,0.4,6480,800,0.12345679012345678,-0.07290554260108724,-0.07056462486829276,174.15917724891835,0.1,648,0.1,0.15895061728395063,1.2875,103,0.12875,0.2711841973627728,0.004119808460529083,47.22921669560881
xgboost_regression,xgboost,regression,bbob_validation,FE_ratio,FE_ratio=0.4,,,0.4,6480,800,0.12345679012345678,-0.07290554260108724,-0.07056462486829276,174.15917724891835,0.2,1296,0.2,0.13271604938271606,1.0750000000000002,172,0.215,0.33996129993216073,-0.025202847634935566,59.207380292657874
xgboost_regression,xgboost,regression,bbob_validation,FE_ratio,FE_ratio=0.45,,,0.45,6480,243,0.0375,-0.10186903427734409,-0.07939845101548082,50.56190594132994,0.05,324,0.05,0.08333333333333333,2.2222222222222223,27,0.1111111111111111,0.06239850126664447,-0.06646601188706859,3.1549871519240353
xgboost_regression,xgboost,regression,bbob_validation,FE_ratio,FE_ratio=0.45,,,0.45,6480,243,0.0375,-0.10186903427734409,-0.07939845101548082,50.56190594132994,0.1,648,0.1,0.05864197530864197,1.5637860082304527,38,0.15637860082304528,0.07004382012249949,-0.07150986510385116,3.541549044805253
xgboost_regression,xgboost,regression,bbob_validation,FE_ratio,FE_ratio=0.45,,,0.45,6480,243,0.0375,-0.10186903427734409,-0.07939845101548082,50.56190594132994,0.2,1296,0.2,0.05169753086419753,1.3786008230452675,67,0.2757201646090535,0.12050912693236371,-0.07275487994222138,6.093171141025965
xgboost_regression,xgboost,regression,bbob_validation,FE_ratio,FE_ratio=0.5,,,0.5,6480,477,0.07361111111111111,-0.08578559846269349,-0.08202974076197492,151.15391573733473,0.05,324,0.05,0.11419753086419752,1.551362683438155,37,0.07756813417190776,0.11378731244688775,-0.006846803432289924,17.19939783757465
xgboost_regression,xgboost,regression,bbob_validation,FE_ratio,FE_ratio=0.5,,,0.5,6480,477,0.07361111111111111,-0.08578559846269349,-0.08202974076197492,151.15391573733473,0.1,648,0.1,0.08796296296296297,1.1949685534591195,57,0.11949685534591195,0.15774034652039207,-0.021775078139327702,23.843071046321324
xgboost_regression,xgboost,regression,bbob_validation,FE_ratio,FE_ratio=0.5,,,0.5,6480,477,0.07361111111111111,-0.08578559846269349,-0.08202974076197492,151.15391573733473,0.2,1296,0.2,0.10725308641975309,1.4570230607966457,139,0.2914046121593291,0.3387768560518486,-0.02644458752877766,51.2074483534203
xgboost_regression,xgboost,regression,bbob_validation,FE_ratio,FE_ratio=0.55,,,0.55,6480,376,0.05802469135802469,-0.11228594071878435,-0.09215825578698267,79.68497550744864,0.05,324,0.05,0.037037037037037035,0.6382978723404256,12,0.031914893617021274,0.017832607543324115,-0.08165829802353866,1.420990895323726
xgboost_regression,xgboost,regression,bbob_validation,FE_ratio,FE_ratio=0.55,,,0.55,6480,376,0.05802469135802469,-0.11228594071878435,-0.09215825578698267,79.68497550744864,0.1,648,0.1,0.033950617283950615,0.5851063829787234,22,0.05851063829787234,0.028278426971235133,-0.0794240055164586,2.2533657605920467
xgboost_regression,xgboost,regression,bbob_validation,FE_ratio,FE_ratio=0.55,,,0.55,6480,376,0.05802469135802469,-0.11228594071878435,-0.09215825578698267,79.68497550744864,0.2,1296,0.2,0.05324074074074074,0.9175531914893618,69,0.18351063829787234,0.08562614555345754,-0.07791831296097898,6.823117311224497
xgboost_regression,xgboost,regression,bbob_validation,FE_ratio,FE_ratio=0.6,,,0.6,6480,447,0.06898148148148148,-0.11584131580446465,-0.10228898920926656,123.20350275094972,0.05,324,0.05,0.05555555555555555,0.8053691275167786,18,0.040268456375838924,0.03579496231769449,-0.07263085923179041,4.410064738378215
xgboost_regression,xgboost,regression,bbob_validation,FE_ratio,FE_ratio=0.6,,,0.6,6480,447,0.06898148148148148,-0.11584131580446465,-0.10228898920926656,123.20350275094972,0.1,648,0.1,0.05709876543209876,0.8277404921700224,37,0.08277404921700224,0.09723325739207297,-0.06955710812461481,11.979477894588065
xgboost_regression,xgboost,regression,bbob_validation,FE_ratio,FE_ratio=0.6,,,0.6,6480,447,0.06898148148148148,-0.11584131580446465,-0.10228898920926656,123.20350275094972,0.2,1296,0.2,0.09027777777777778,1.308724832214765,117,0.26174496644295303,0.3649514468963791,-0.054677749314022,44.96329659166113
