model_name,model_family,objective,eval_split,layer,group,label_source,dimension,FE_ratio,rows,u_gt_zero_rows,u_gt_zero_rate,mean_observed_utility,median_observed_utility,positive_utility_sum,mae,rmse,r2,pearson,spearman,roc_auc_u_gt_zero,average_precision_u_gt_zero,score_mean,score_median,candidate_id,base_model_name,estimator,feature_scheme,role,params_json
lda_classifier__baseline,lda,classification,bbob_train,all,all,,,,194400,11921,0.06132201646090535,-0.08855738467265091,-0.06544428361600368,2511.1122661377594,,,,0.12182226866275325,0.13266617378121037,0.800112169904256,0.19669029682443476,0.06438436113729425,0.030736770539125713,lda_classifier__raw_primary_with_maturity__baseline__shrinkage_null__solver_svd,lda_classifier,LinearDiscriminantAnalysis(),raw_primary_with_maturity,baseline,"{""shrinkage"": null, ""solver"": ""svd""}"
lda_classifier__baseline,lda,classification,bbob_train,label_source,label_source=changed_algorithm,changed_algorithm,,,74400,8470,0.11384408602150538,-0.05859081542569486,-0.06280283172738645,1678.8603444230114,,,,0.23288601283002816,0.2557636119593741,0.8423252506907349,0.33348172354157185,0.07966229608282689,0.030452790686594733,lda_classifier__raw_primary_with_maturity__baseline__shrinkage_null__solver_svd,lda_classifier,LinearDiscriminantAnalysis(),raw_primary_with_maturity,baseline,"{""shrinkage"": null, ""solver"": ""svd""}"
lda_classifier__baseline,lda,classification,bbob_train,label_source,label_source=same_algorithm,same_algorithm,,,120000,3451,0.028758333333333334,-0.10713665760576366,-0.06743423570665175,832.2519217147483,,,,0.014367777362859447,0.05117435902826905,0.6845162874487055,0.051693720409896844,0.054912041471064,0.03084641455636762,lda_classifier__raw_primary_with_maturity__baseline__shrinkage_null__solver_svd,lda_classifier,LinearDiscriminantAnalysis(),raw_primary_with_maturity,baseline,"{""shrinkage"": null, ""solver"": ""svd""}"
lda_classifier__baseline,lda,classification,bbob_train,dimension,dimension=10,,10.0,,64800,2405,0.037114197530864194,-0.04022633237538057,-0.03715828153278458,308.0180086184804,,,,0.08271992801277817,0.3543913771593875,0.8103835616392714,0.15098198280293854,0.059377445479768906,0.02678112261845877,lda_classifier__raw_primary_with_maturity__baseline__shrinkage_null__solver_svd,lda_classifier,LinearDiscriminantAnalysis(),raw_primary_with_maturity,baseline,"{""shrinkage"": null, ""solver"": ""svd""}"
lda_classifier__baseline,lda,classification,bbob_train,dimension,dimension=20,,20.0,,64800,3858,0.059537037037037034,-0.07228172978918257,-0.06716881295115272,823.0687800379324,,,,0.1448200608926604,0.31505518286659073,0.8116739132716744,0.22345930996397567,0.06471331757421749,0.030718481165080042,lda_classifier__raw_primary_with_maturity__baseline__shrinkage_null__solver_svd,lda_classifier,LinearDiscriminantAnalysis(),raw_primary_with_maturity,baseline,"{""shrinkage"": null, ""solver"": ""svd""}"
lda_classifier__baseline,lda,classification,bbob_train,dimension,dimension=40,,40.0,,64800,5658,0.08731481481481482,-0.1531640918533896,-0.14272675969545875,1380.025477481347,,,,0.17593040818388486,0.3433366988542274,0.7734737833856719,0.21811969940012266,0.06906232035789635,0.03611072291757757,lda_classifier__raw_primary_with_maturity__baseline__shrinkage_null__solver_svd,lda_classifier,LinearDiscriminantAnalysis(),raw_primary_with_maturity,baseline,"{""shrinkage"": null, ""solver"": ""svd""}"
lda_classifier__baseline,lda,classification,bbob_train,FE_ratio,FE_ratio=0.2,,,0.2,19440,1637,0.08420781893004116,-0.06196176210011554,-0.05049860667501493,304.44205064313394,,,,0.09118977336436453,-0.02131577259551604,0.6573446486938379,0.16290191151775252,0.04904152355153532,0.0454240036577056,lda_classifier__raw_primary_with_maturity__baseline__shrinkage_null__solver_svd,lda_classifier,LinearDiscriminantAnalysis(),raw_primary_with_maturity,baseline,"{""shrinkage"": null, ""solver"": ""svd""}"
lda_classifier__baseline,lda,classification,bbob_train,FE_ratio,FE_ratio=0.25,,,0.25,19440,1530,0.0787037037037037,-0.06684412289960417,-0.05379598025536793,289.0381601639173,,,,0.1425674043399944,0.09635288128254463,0.7826981311787696,0.2211543983420122,0.09499622244824008,0.05423142530465862,lda_classifier__raw_primary_with_maturity__baseline__shrinkage_null__solver_svd,lda_classifier,LinearDiscriminantAnalysis(),raw_primary_with_maturity,baseline,"{""shrinkage"": null, ""solver"": ""svd""}"
lda_classifier__baseline,lda,classification,bbob_train,FE_ratio,FE_ratio=0.28,,,0.28,19440,1516,0.07798353909465021,-0.06678863875638497,-0.05595944523593056,294.83506110374555,,,,0.14280143827537112,0.10219605098377049,0.7977401211447455,0.23321007964673243,0.0808353578000197,0.043972462039942595,lda_classifier__raw_primary_with_maturity__baseline__shrinkage_null__solver_svd,lda_classifier,LinearDiscriminantAnalysis(),raw_primary_with_maturity,baseline,"{""shrinkage"": null, ""solver"": ""svd""}"
lda_classifier__baseline,lda,classification,bbob_train,FE_ratio,FE_ratio=0.3,,,0.3,19440,1403,0.07217078189300412,-0.07045501341769796,-0.05769358257385397,275.8794546370344,,,,0.14822116179154704,0.13867113883435822,0.802991048217944,0.22885400901849248,0.07843668564631684,0.03675096589052154,lda_classifier__raw_primary_with_maturity__baseline__shrinkage_null__solver_svd,lda_classifier,LinearDiscriminantAnalysis(),raw_primary_with_maturity,baseline,"{""shrinkage"": null, ""solver"": ""svd""}"
lda_classifier__baseline,lda,classification,bbob_train,FE_ratio,FE_ratio=0.35,,,0.35,19440,1388,0.07139917695473251,-0.07482964941049443,-0.062069321341436653,257.6511044439708,,,,0.15607504742987727,0.11297793742564807,0.8207961981109966,0.237828086235125,0.06649899511101832,0.02746232567187541,lda_classifier__raw_primary_with_maturity__baseline__shrinkage_null__solver_svd,lda_classifier,LinearDiscriminantAnalysis(),raw_primary_with_maturity,baseline,"{""shrinkage"": null, ""solver"": ""svd""}"
lda_classifier__baseline,lda,classification,bbob_train,FE_ratio,FE_ratio=0.4,,,0.4,19440,1376,0.07078189300411522,-0.08176159053440116,-0.06731035034538017,252.55187921031478,,,,0.1400981747297041,0.1177773076294884,0.8256911472387585,0.2311632439693296,0.060290642976700955,0.02309466458602567,lda_classifier__raw_primary_with_maturity__baseline__shrinkage_null__solver_svd,lda_classifier,LinearDiscriminantAnalysis(),raw_primary_with_maturity,baseline,"{""shrinkage"": null, ""solver"": ""svd""}"
lda_classifier__baseline,lda,classification,bbob_train,FE_ratio,FE_ratio=0.45,,,0.45,19440,911,0.04686213991769547,-0.09574364894010993,-0.0740343803226563,214.80823720368133,,,,0.10889828263191854,0.00788529319924993,0.8409353741567125,0.20261377609688805,0.05627579156819193,0.01973609880556297,lda_classifier__raw_primary_with_maturity__baseline__shrinkage_null__solver_svd,lda_classifier,LinearDiscriminantAnalysis(),raw_primary_with_maturity,baseline,"{""shrinkage"": null, ""solver"": ""svd""}"
lda_classifier__baseline,lda,classification,bbob_train,FE_ratio,FE_ratio=0.5,,,0.5,19440,752,0.03868312757201646,-0.10761678906395437,-0.08153801385084204,216.74610973067038,,,,0.09922862449058917,-0.037378858804727494,0.8396549697382324,0.17817861603398005,0.05436279420245641,0.01812244768768346,lda_classifier__raw_primary_with_maturity__baseline__shrinkage_null__solver_svd,lda_classifier,LinearDiscriminantAnalysis(),raw_primary_with_maturity,baseline,"{""shrinkage"": null, ""solver"": ""svd""}"
lda_classifier__baseline,lda,classification,bbob_train,FE_ratio,FE_ratio=0.55,,,0.55,19440,784,0.040329218106995884,-0.12055088341199817,-0.09047622006570433,212.50845114181092,,,,0.07327710850691611,-0.06851033601753616,0.8232349060979453,0.16622303300700927,0.052167078264111474,0.017078416927638312,lda_classifier__raw_primary_with_maturity__baseline__shrinkage_null__solver_svd,lda_classifier,LinearDiscriminantAnalysis(),raw_primary_with_maturity,baseline,"{""shrinkage"": null, ""solver"": ""svd""}"
lda_classifier__baseline,lda,classification,bbob_train,FE_ratio,FE_ratio=0.6,,,0.6,19440,624,0.03209876543209877,-0.13902174819174842,-0.10198680721304745,192.65175785948037,,,,0.048122452557405035,-0.09683754641317718,0.8052514124640241,0.11019601180622025,0.05093851980435145,0.01615959188457714,lda_classifier__raw_primary_with_maturity__baseline__shrinkage_null__solver_svd,lda_classifier,LinearDiscriminantAnalysis(),raw_primary_with_maturity,baseline,"{""shrinkage"": null, ""solver"": ""svd""}"
lda_classifier__baseline,lda,classification,bbob_validation,all,all,,,,64800,3745,0.05779320987654321,-0.09152940558707323,-0.07597107961327272,743.0385345915533,,,,0.29213689053056086,0.08869290427226452,0.815528571439505,0.17429424829841753,0.08997262348680879,0.02786665622656401,lda_classifier__raw_primary_with_maturity__baseline__shrinkage_null__solver_svd,lda_classifier,LinearDiscriminantAnalysis(),raw_primary_with_maturity,baseline,"{""shrinkage"": null, ""solver"": ""svd""}"
lda_classifier__baseline,lda,classification,bbob_validation,label_source,label_source=changed_algorithm,changed_algorithm,,,16560,2549,0.15392512077294687,-0.05116247729341551,-0.06176568779918107,607.1864253523988,,,,0.6458251327202714,0.3636662186027659,0.8808069286142628,0.6195813632597614,0.09334247700684983,0.028592853745501568,lda_classifier__raw_primary_with_maturity__baseline__shrinkage_null__solver_svd,lda_classifier,LinearDiscriminantAnalysis(),raw_primary_with_maturity,baseline,"{""shrinkage"": null, ""solver"": ""svd""}"
lda_classifier__baseline,lda,classification,bbob_validation,label_source,label_source=same_algorithm,same_algorithm,,,48240,1196,0.024792703150912105,-0.10538670932967216,-0.08462815497687234,135.85210923915443,,,,0.028770298305067367,0.004256557937585445,0.7672567402209958,0.04727920042346843,0.088815808099332,0.02763115873530462,lda_classifier__raw_primary_with_maturity__baseline__shrinkage_null__solver_svd,lda_classifier,LinearDiscriminantAnalysis(),raw_primary_with_maturity,baseline,"{""shrinkage"": null, ""solver"": ""svd""}"
lda_classifier__baseline,lda,classification,bbob_validation,dimension,dimension=10,,10.0,,21600,1470,0.06805555555555555,-0.040708791525251226,-0.036659214049790265,260.3480860696287,,,,0.3427547920104154,0.1439152966500741,0.8256754226777647,0.2018736018344531,0.08655230861203812,0.028133085450514028,lda_classifier__raw_primary_with_maturity__baseline__shrinkage_null__solver_svd,lda_classifier,LinearDiscriminantAnalysis(),raw_primary_with_maturity,baseline,"{""shrinkage"": null, ""solver"": ""svd""}"
lda_classifier__baseline,lda,classification,bbob_validation,dimension,dimension=20,,20.0,,21600,1908,0.08833333333333333,-0.05664202206459035,-0.0679457754312032,392.4289080321196,,,,0.49110147287622374,0.2896340463094735,0.8244437875781798,0.27890923497231657,0.08967533226146,0.02714663917713951,lda_classifier__raw_primary_with_maturity__baseline__shrinkage_null__solver_svd,lda_classifier,LinearDiscriminantAnalysis(),raw_primary_with_maturity,baseline,"{""shrinkage"": null, ""solver"": ""svd""}"
lda_classifier__baseline,lda,classification,bbob_validation,dimension,dimension=40,,40.0,,21600,367,0.01699074074074074,-0.17723740317137815,-0.16708161511555475,90.26154048980496,,,,0.14908289933293048,0.05721937731839589,0.8067295638081229,0.06967503911915102,0.09369022958692824,0.028387612039939242,lda_classifier__raw_primary_with_maturity__baseline__shrinkage_null__solver_svd,lda_classifier,LinearDiscriminantAnalysis(),raw_primary_with_maturity,baseline,"{""shrinkage"": null, ""solver"": ""svd""}"
lda_classifier__baseline,lda,classification,bbob_validation,FE_ratio,FE_ratio=0.2,,,0.2,6480,296,0.04567901234567901,-0.07854640971495502,-0.05432046807708305,38.557426800468264,,,,-0.005178910802475514,-0.13250278219256834,0.6633339961889445,0.06166274763151236,0.04503048411754795,0.04519089515549204,lda_classifier__raw_primary_with_maturity__baseline__shrinkage_null__solver_svd,lda_classifier,LinearDiscriminantAnalysis(),raw_primary_with_maturity,baseline,"{""shrinkage"": null, ""solver"": ""svd""}"
lda_classifier__baseline,lda,classification,bbob_validation,FE_ratio,FE_ratio=0.25,,,0.25,6480,292,0.04506172839506173,-0.08209066348445634,-0.05811985784400571,35.463735190300596,,,,0.037092687694652945,-0.07657545222446425,0.7803653336993386,0.0892008849660964,0.09879387515656897,0.04198810648978938,lda_classifier__raw_primary_with_maturity__baseline__shrinkage_null__solver_svd,lda_classifier,LinearDiscriminantAnalysis(),raw_primary_with_maturity,baseline,"{""shrinkage"": null, ""solver"": ""svd""}"
lda_classifier__baseline,lda,classification,bbob_validation,FE_ratio,FE_ratio=0.28,,,0.28,6480,274,0.042283950617283954,-0.08549062609263769,-0.060059978976886724,32.16164278161452,,,,0.04184965374385138,-0.08482970559155675,0.7723835657040162,0.0810617271277663,0.09857854702417554,0.03467943838698008,lda_classifier__raw_primary_with_maturity__baseline__shrinkage_null__solver_svd,lda_classifier,LinearDiscriminantAnalysis(),raw_primary_with_maturity,baseline,"{""shrinkage"": null, ""solver"": ""svd""}"
lda_classifier__baseline,lda,classification,bbob_validation,FE_ratio,FE_ratio=0.3,,,0.3,6480,284,0.043827160493827164,-0.08706332924379373,-0.061481761258876125,31.652929735382077,,,,0.05620393565168409,-0.02690631554047517,0.7659450895170896,0.08066894146390981,0.10967946296638285,0.029187641579943923,lda_classifier__raw_primary_with_maturity__baseline__shrinkage_null__solver_svd,lda_classifier,LinearDiscriminantAnalysis(),raw_primary_with_maturity,baseline,"{""shrinkage"": null, ""solver"": ""svd""}"
lda_classifier__baseline,lda,classification,bbob_validation,FE_ratio,FE_ratio=0.35,,,0.35,6480,256,0.03950617283950617,-0.09341559547051581,-0.06664570006608084,26.439322897806413,,,,0.05617370865597026,-0.011736694156004816,0.7782788901831619,0.07763477080793015,0.09837572975007045,0.023286472364266633,lda_classifier__raw_primary_with_maturity__baseline__shrinkage_null__solver_svd,lda_classifier,LinearDiscriminantAnalysis(),raw_primary_with_maturity,baseline,"{""shrinkage"": null, ""solver"": ""svd""}"
lda_classifier__baseline,lda,classification,bbob_validation,FE_ratio,FE_ratio=0.4,,,0.4,6480,800,0.12345679012345678,-0.07290554260108724,-0.07056462486829276,174.15917724891835,,,,0.5068509832553725,0.1547846206376678,0.8519447623239437,0.4269228151628276,0.09528085144528338,0.0215020721305474,lda_classifier__raw_primary_with_maturity__baseline__shrinkage_null__solver_svd,lda_classifier,LinearDiscriminantAnalysis(),raw_primary_with_maturity,baseline,"{""shrinkage"": null, ""solver"": ""svd""}"
lda_classifier__baseline,lda,classification,bbob_validation,FE_ratio,FE_ratio=0.45,,,0.45,6480,243,0.0375,-0.10186903427734409,-0.07939845101548082,50.56190594132994,,,,0.23186373023566567,-0.017471117590964518,0.8059766784046619,0.09720572119837771,0.09224499302360045,0.01976616375109627,lda_classifier__raw_primary_with_maturity__baseline__shrinkage_null__solver_svd,lda_classifier,LinearDiscriminantAnalysis(),raw_primary_with_maturity,baseline,"{""shrinkage"": null, ""solver"": ""svd""}"
lda_classifier__baseline,lda,classification,bbob_validation,FE_ratio,FE_ratio=0.5,,,0.5,6480,477,0.07361111111111111,-0.08578559846269349,-0.08202974076197492,151.15391573733473,,,,0.59447175705865,0.07131045278209198,0.8922163656117434,0.5222493230336215,0.08971137688772533,0.018568298617715296,lda_classifier__raw_primary_with_maturity__baseline__shrinkage_null__solver_svd,lda_classifier,LinearDiscriminantAnalysis(),raw_primary_with_maturity,baseline,"{""shrinkage"": null, ""solver"": ""svd""}"
lda_classifier__baseline,lda,classification,bbob_validation,FE_ratio,FE_ratio=0.55,,,0.55,6480,376,0.05802469135802469,-0.11228594071878435,-0.09215825578698267,79.68497550744864,,,,0.3191928673318831,0.04816082950851422,0.8232328469646691,0.20239181867605957,0.08741495696737944,0.017252412326659784,lda_classifier__raw_primary_with_maturity__baseline__shrinkage_null__solver_svd,lda_classifier,LinearDiscriminantAnalysis(),raw_primary_with_maturity,baseline,"{""shrinkage"": null, ""solver"": ""svd""}"
lda_classifier__baseline,lda,classification,bbob_validation,FE_ratio,FE_ratio=0.6,,,0.6,6480,447,0.06898148148148148,-0.11584131580446465,-0.10228898920926656,123.20350275094972,,,,0.4846946367885261,0.08051910675737584,0.8674260248721516,0.35764001004745477,0.08461595752935344,0.01602825645416044,lda_classifier__raw_primary_with_maturity__baseline__shrinkage_null__solver_svd,lda_classifier,LinearDiscriminantAnalysis(),raw_primary_with_maturity,baseline,"{""shrinkage"": null, ""solver"": ""svd""}"
lda_classifier__best_candidate,lda,classification,bbob_train,all,all,,,,194400,11921,0.06132201646090535,-0.08855738467265091,-0.06544428361600368,2511.1122661377594,,,,0.11362941817636897,0.11619648009602432,0.7815679894980121,0.1811130882888713,0.08179038117866812,0.02155628744888475,lda_classifier__raw_primary_with_maturity__best_candidate__shrinkage_0p5__solver_lsqr,lda_classifier,"LinearDiscriminantAnalysis(solver='lsqr',shrinkage=0.5)",raw_primary_with_maturity,best_candidate,"{""shrinkage"": 0.5, ""solver"": ""lsqr""}"
lda_classifier__best_candidate,lda,classification,bbob_train,label_source,label_source=changed_algorithm,changed_algorithm,,,74400,8470,0.11384408602150538,-0.05859081542569486,-0.06280283172738645,1678.8603444230114,,,,0.23207391706958522,0.23717264886217357,0.8221270654665578,0.3060341489940272,0.10270473192531575,0.022826770355353018,lda_classifier__raw_primary_with_maturity__best_candidate__shrinkage_0p5__solver_lsqr,lda_classifier,"LinearDiscriminantAnalysis(solver='lsqr',shrinkage=0.5)",raw_primary_with_maturity,best_candidate,"{""shrinkage"": 0.5, ""solver"": ""lsqr""}"
lda_classifier__best_candidate,lda,classification,bbob_train,label_source,label_source=same_algorithm,same_algorithm,,,120000,3451,0.028758333333333334,-0.10713665760576366,-0.06743423570665175,832.2519217147483,,,,0.00948860475857522,0.0360325747369467,0.6739960475283249,0.05358559356724771,0.06882348371574656,0.021045255674605884,lda_classifier__raw_primary_with_maturity__best_candidate__shrinkage_0p5__solver_lsqr,lda_classifier,"LinearDiscriminantAnalysis(solver='lsqr',shrinkage=0.5)",raw_primary_with_maturity,best_candidate,"{""shrinkage"": 0.5, ""solver"": ""lsqr""}"
lda_classifier__best_candidate,lda,classification,bbob_train,dimension,dimension=10,,10.0,,64800,2405,0.037114197530864194,-0.04022633237538057,-0.03715828153278458,308.0180086184804,,,,0.08061170954228522,0.31384463364848303,0.7942062831877722,0.1416292551865732,0.08166246550862494,0.019450949253364873,lda_classifier__raw_primary_with_maturity__best_candidate__shrinkage_0p5__solver_lsqr,lda_classifier,"LinearDiscriminantAnalysis(solver='lsqr',shrinkage=0.5)",raw_primary_with_maturity,best_candidate,"{""shrinkage"": 0.5, ""solver"": ""lsqr""}"
lda_classifier__best_candidate,lda,classification,bbob_train,dimension,dimension=20,,20.0,,64800,3858,0.059537037037037034,-0.07228172978918257,-0.06716881295115272,823.0687800379324,,,,0.14025895440551414,0.2610586058096664,0.7975200999738696,0.21491636658989405,0.08089280978139282,0.021118019564617438,lda_classifier__raw_primary_with_maturity__best_candidate__shrinkage_0p5__solver_lsqr,lda_classifier,"LinearDiscriminantAnalysis(solver='lsqr',shrinkage=0.5)",raw_primary_with_maturity,best_candidate,"{""shrinkage"": 0.5, ""solver"": ""lsqr""}"
lda_classifier__best_candidate,lda,classification,bbob_train,dimension,dimension=40,,40.0,,64800,5658,0.08731481481481482,-0.1531640918533896,-0.14272675969545875,1380.025477481347,,,,0.14438691994140232,0.290196159122661,0.7597063123438111,0.20143180389143575,0.08281586824598659,0.02376999948537307,lda_classifier__raw_primary_with_maturity__best_candidate__shrinkage_0p5__solver_lsqr,lda_classifier,"LinearDiscriminantAnalysis(solver='lsqr',shrinkage=0.5)",raw_primary_with_maturity,best_candidate,"{""shrinkage"": 0.5, ""solver"": ""lsqr""}"
lda_classifier__best_candidate,lda,classification,bbob_train,FE_ratio,FE_ratio=0.2,,,0.2,19440,1637,0.08420781893004116,-0.06196176210011554,-0.05049860667501493,304.44205064313394,,,,0.11202012337346134,0.10165544317844506,0.7103481114543817,0.18293641663008275,0.02542721946443629,0.020405455752037636,lda_classifier__raw_primary_with_maturity__best_candidate__shrinkage_0p5__solver_lsqr,lda_classifier,"LinearDiscriminantAnalysis(solver='lsqr',shrinkage=0.5)",raw_primary_with_maturity,best_candidate,"{""shrinkage"": 0.5, ""solver"": ""lsqr""}"
lda_classifier__best_candidate,lda,classification,bbob_train,FE_ratio,FE_ratio=0.25,,,0.25,19440,1530,0.0787037037037037,-0.06684412289960417,-0.05379598025536793,289.0381601639173,,,,0.14943377060537433,0.11512898094864846,0.7509143393072844,0.21091946322784189,0.11587447427747179,0.0508619689768262,lda_classifier__raw_primary_with_maturity__best_candidate__shrinkage_0p5__solver_lsqr,lda_classifier,"LinearDiscriminantAnalysis(solver='lsqr',shrinkage=0.5)",raw_primary_with_maturity,best_candidate,"{""shrinkage"": 0.5, ""solver"": ""lsqr""}"
lda_classifier__best_candidate,lda,classification,bbob_train,FE_ratio,FE_ratio=0.28,,,0.28,19440,1516,0.07798353909465021,-0.06678863875638497,-0.05595944523593056,294.83506110374555,,,,0.14530010596398604,0.11511399263310068,0.7691796688922269,0.21846486745327065,0.10123678441191881,0.041965936700643386,lda_classifier__raw_primary_with_maturity__best_candidate__shrinkage_0p5__solver_lsqr,lda_classifier,"LinearDiscriminantAnalysis(solver='lsqr',shrinkage=0.5)",raw_primary_with_maturity,best_candidate,"{""shrinkage"": 0.5, ""solver"": ""lsqr""}"
lda_classifier__best_candidate,lda,classification,bbob_train,FE_ratio,FE_ratio=0.3,,,0.3,19440,1403,0.07217078189300412,-0.07045501341769796,-0.05769358257385397,275.8794546370344,,,,0.1329232038604028,0.12878280521312335,0.7816728273485194,0.20752488253157866,0.11251267032592988,0.03486108789868214,lda_classifier__raw_primary_with_maturity__best_candidate__shrinkage_0p5__solver_lsqr,lda_classifier,"LinearDiscriminantAnalysis(solver='lsqr',shrinkage=0.5)",raw_primary_with_maturity,best_candidate,"{""shrinkage"": 0.5, ""solver"": ""lsqr""}"
lda_classifier__best_candidate,lda,classification,bbob_train,FE_ratio,FE_ratio=0.35,,,0.35,19440,1388,0.07139917695473251,-0.07482964941049443,-0.062069321341436653,257.6511044439708,,,,0.14620288168387635,0.0937271601998773,0.795916384048388,0.208329650052623,0.09386711755606614,0.023640378378229375,lda_classifier__raw_primary_with_maturity__best_candidate__shrinkage_0p5__solver_lsqr,lda_classifier,"LinearDiscriminantAnalysis(solver='lsqr',shrinkage=0.5)",raw_primary_with_maturity,best_candidate,"{""shrinkage"": 0.5, ""solver"": ""lsqr""}"
lda_classifier__best_candidate,lda,classification,bbob_train,FE_ratio,FE_ratio=0.4,,,0.4,19440,1376,0.07078189300411522,-0.08176159053440116,-0.06731035034538017,252.55187921031478,,,,0.13385822081432455,0.08696520025643921,0.7993912069103137,0.20467106404673807,0.08440669057155642,0.018054670838601922,lda_classifier__raw_primary_with_maturity__best_candidate__shrinkage_0p5__solver_lsqr,lda_classifier,"LinearDiscriminantAnalysis(solver='lsqr',shrinkage=0.5)",raw_primary_with_maturity,best_candidate,"{""shrinkage"": 0.5, ""solver"": ""lsqr""}"
lda_classifier__best_candidate,lda,classification,bbob_train,FE_ratio,FE_ratio=0.45,,,0.45,19440,911,0.04686213991769547,-0.09574364894010993,-0.0740343803226563,214.80823720368133,,,,0.10492222788157674,-0.014051017508624494,0.8328249679397159,0.1888242865038247,0.07740583636704094,0.01502986254485585,lda_classifier__raw_primary_with_maturity__best_candidate__shrinkage_0p5__solver_lsqr,lda_classifier,"LinearDiscriminantAnalysis(solver='lsqr',shrinkage=0.5)",raw_primary_with_maturity,best_candidate,"{""shrinkage"": 0.5, ""solver"": ""lsqr""}"
lda_classifier__best_candidate,lda,classification,bbob_train,FE_ratio,FE_ratio=0.5,,,0.5,19440,752,0.03868312757201646,-0.10761678906395437,-0.08153801385084204,216.74610973067038,,,,0.09684815676312589,-0.04881922758137903,0.8382975023225736,0.17059916102889944,0.0733175964871426,0.013679748183800907,lda_classifier__raw_primary_with_maturity__best_candidate__shrinkage_0p5__solver_lsqr,lda_classifier,"LinearDiscriminantAnalysis(solver='lsqr',shrinkage=0.5)",raw_primary_with_maturity,best_candidate,"{""shrinkage"": 0.5, ""solver"": ""lsqr""}"
lda_classifier__best_candidate,lda,classification,bbob_train,FE_ratio,FE_ratio=0.55,,,0.55,19440,784,0.040329218106995884,-0.12055088341199817,-0.09047622006570433,212.50845114181092,,,,0.07137712830052675,-0.06761968527770075,0.8178511809955544,0.16489694695920895,0.06907828172611985,0.012703500742192599,lda_classifier__raw_primary_with_maturity__best_candidate__shrinkage_0p5__solver_lsqr,lda_classifier,"LinearDiscriminantAnalysis(solver='lsqr',shrinkage=0.5)",raw_primary_with_maturity,best_candidate,"{""shrinkage"": 0.5, ""solver"": ""lsqr""}"
lda_classifier__best_candidate,lda,classification,bbob_train,FE_ratio,FE_ratio=0.6,,,0.6,19440,624,0.03209876543209877,-0.13902174819174842,-0.10198680721304745,192.65175785948037,,,,0.058017308517496625,-0.09061554989235829,0.8061427195076749,0.11108988336635331,0.06477714059899839,0.011576803965347455,lda_classifier__raw_primary_with_maturity__best_candidate__shrinkage_0p5__solver_lsqr,lda_classifier,"LinearDiscriminantAnalysis(solver='lsqr',shrinkage=0.5)",raw_primary_with_maturity,best_candidate,"{""shrinkage"": 0.5, ""solver"": ""lsqr""}"
lda_classifier__best_candidate,lda,classification,bbob_validation,all,all,,,,64800,3745,0.05779320987654321,-0.09152940558707323,-0.07597107961327272,743.0385345915533,,,,0.2832082983980546,0.06831752652338646,0.8111388547545009,0.17605513209048512,0.10309745644778581,0.019799003993017206,lda_classifier__raw_primary_with_maturity__best_candidate__shrinkage_0p5__solver_lsqr,lda_classifier,"LinearDiscriminantAnalysis(solver='lsqr',shrinkage=0.5)",raw_primary_with_maturity,best_candidate,"{""shrinkage"": 0.5, ""solver"": ""lsqr""}"
lda_classifier__best_candidate,lda,classification,bbob_validation,label_source,label_source=changed_algorithm,changed_algorithm,,,16560,2549,0.15392512077294687,-0.05116247729341551,-0.06176568779918107,607.1864253523988,,,,0.6294748880792619,0.34474251601029776,0.8795863721826591,0.5993019340821644,0.10361771828299045,0.018628711548852983,lda_classifier__raw_primary_with_maturity__best_candidate__shrinkage_0p5__solver_lsqr,lda_classifier,"LinearDiscriminantAnalysis(solver='lsqr',shrinkage=0.5)",raw_primary_with_maturity,best_candidate,"{""shrinkage"": 0.5, ""solver"": ""lsqr""}"
lda_classifier__best_candidate,lda,classification,bbob_validation,label_source,label_source=same_algorithm,same_algorithm,,,48240,1196,0.024792703150912105,-0.10538670932967216,-0.08462815497687234,135.85210923915443,,,,0.03589280620773009,-0.015913498828131412,0.7583193126821569,0.04605065784464677,0.10291885910137229,0.020382872763669464,lda_classifier__raw_primary_with_maturity__best_candidate__shrinkage_0p5__solver_lsqr,lda_classifier,"LinearDiscriminantAnalysis(solver='lsqr',shrinkage=0.5)",raw_primary_with_maturity,best_candidate,"{""shrinkage"": 0.5, ""solver"": ""lsqr""}"
lda_classifier__best_candidate,lda,classification,bbob_validation,dimension,dimension=10,,10.0,,21600,1470,0.06805555555555555,-0.040708791525251226,-0.036659214049790265,260.3480860696287,,,,0.321866046354661,0.15191260148101998,0.8178733132597301,0.19814985570379942,0.10518234144951508,0.01977152420337422,lda_classifier__raw_primary_with_maturity__best_candidate__shrinkage_0p5__solver_lsqr,lda_classifier,"LinearDiscriminantAnalysis(solver='lsqr',shrinkage=0.5)",raw_primary_with_maturity,best_candidate,"{""shrinkage"": 0.5, ""solver"": ""lsqr""}"
lda_classifier__best_candidate,lda,classification,bbob_validation,dimension,dimension=20,,20.0,,21600,1908,0.08833333333333333,-0.05664202206459035,-0.0679457754312032,392.4289080321196,,,,0.46536018498250664,0.27108440170784215,0.8187317924549594,0.2718580720570707,0.10218241373886856,0.01898677112101113,lda_classifier__raw_primary_with_maturity__best_candidate__shrinkage_0p5__solver_lsqr,lda_classifier,"LinearDiscriminantAnalysis(solver='lsqr',shrinkage=0.5)",raw_primary_with_maturity,best_candidate,"{""shrinkage"": 0.5, ""solver"": ""lsqr""}"
lda_classifier__best_candidate,lda,classification,bbob_validation,dimension,dimension=40,,40.0,,21600,367,0.01699074074074074,-0.17723740317137815,-0.16708161511555475,90.26154048980496,,,,0.13262161824514393,0.03725527966566192,0.7838649185095792,0.0670322973559795,0.10192761415497376,0.020576260936068985,lda_classifier__raw_primary_with_maturity__best_candidate__shrinkage_0p5__solver_lsqr,lda_classifier,"LinearDiscriminantAnalysis(solver='lsqr',shrinkage=0.5)",raw_primary_with_maturity,best_candidate,"{""shrinkage"": 0.5, ""solver"": ""lsqr""}"
lda_classifier__best_candidate,lda,classification,bbob_validation,FE_ratio,FE_ratio=0.2,,,0.2,6480,296,0.04567901234567901,-0.07854640971495502,-0.05432046807708305,38.557426800468264,,,,0.04082934463018666,-0.044566036918235366,0.7695606141393657,0.08647242696963998,0.021863597794996536,0.018474254401913748,lda_classifier__raw_primary_with_maturity__best_candidate__shrinkage_0p5__solver_lsqr,lda_classifier,"LinearDiscriminantAnalysis(solver='lsqr',shrinkage=0.5)",raw_primary_with_maturity,best_candidate,"{""shrinkage"": 0.5, ""solver"": ""lsqr""}"
lda_classifier__best_candidate,lda,classification,bbob_validation,FE_ratio,FE_ratio=0.25,,,0.25,6480,292,0.04506172839506173,-0.08209066348445634,-0.05811985784400571,35.463735190300596,,,,0.05507885840527364,-0.07492089535071894,0.7791250852290335,0.08744653601747297,0.11163617368438179,0.030495996516730958,lda_classifier__raw_primary_with_maturity__best_candidate__shrinkage_0p5__solver_lsqr,lda_classifier,"LinearDiscriminantAnalysis(solver='lsqr',shrinkage=0.5)",raw_primary_with_maturity,best_candidate,"{""shrinkage"": 0.5, ""solver"": ""lsqr""}"
lda_classifier__best_candidate,lda,classification,bbob_validation,FE_ratio,FE_ratio=0.28,,,0.28,6480,274,0.042283950617283954,-0.08549062609263769,-0.060059978976886724,32.16164278161452,,,,0.058584010482934074,-0.07110746318121455,0.7694290432381189,0.07943733073353738,0.1137892854931329,0.028781399655741502,lda_classifier__raw_primary_with_maturity__best_candidate__shrinkage_0p5__solver_lsqr,lda_classifier,"LinearDiscriminantAnalysis(solver='lsqr',shrinkage=0.5)",raw_primary_with_maturity,best_candidate,"{""shrinkage"": 0.5, ""solver"": ""lsqr""}"
lda_classifier__best_candidate,lda,classification,bbob_validation,FE_ratio,FE_ratio=0.3,,,0.3,6480,284,0.043827160493827164,-0.08706332924379373,-0.061481761258876125,31.652929735382077,,,,0.07326564560566805,-0.02009899253183456,0.7587329171932824,0.07859397716657593,0.13806941496717073,0.02513114871919337,lda_classifier__raw_primary_with_maturity__best_candidate__shrinkage_0p5__solver_lsqr,lda_classifier,"LinearDiscriminantAnalysis(solver='lsqr',shrinkage=0.5)",raw_primary_with_maturity,best_candidate,"{""shrinkage"": 0.5, ""solver"": ""lsqr""}"
lda_classifier__best_candidate,lda,classification,bbob_validation,FE_ratio,FE_ratio=0.35,,,0.35,6480,256,0.03950617283950617,-0.09341559547051581,-0.06664570006608084,26.439322897806413,,,,0.06678584592548813,-0.01641969668024809,0.7623984525626607,0.0721398830582811,0.12021429315858066,0.021116619208469037,lda_classifier__raw_primary_with_maturity__best_candidate__shrinkage_0p5__solver_lsqr,lda_classifier,"LinearDiscriminantAnalysis(solver='lsqr',shrinkage=0.5)",raw_primary_with_maturity,best_candidate,"{""shrinkage"": 0.5, ""solver"": ""lsqr""}"
lda_classifier__best_candidate,lda,classification,bbob_validation,FE_ratio,FE_ratio=0.4,,,0.4,6480,800,0.12345679012345678,-0.07290554260108724,-0.07056462486829276,174.15917724891835,,,,0.4834628576073646,0.1392955769819832,0.8366463468309859,0.4160400582925795,0.11543263421427416,0.01914684358801854,lda_classifier__raw_primary_with_maturity__best_candidate__shrinkage_0p5__solver_lsqr,lda_classifier,"LinearDiscriminantAnalysis(solver='lsqr',shrinkage=0.5)",raw_primary_with_maturity,best_candidate,"{""shrinkage"": 0.5, ""solver"": ""lsqr""}"
lda_classifier__best_candidate,lda,classification,bbob_validation,FE_ratio,FE_ratio=0.45,,,0.45,6480,243,0.0375,-0.10186903427734409,-0.07939845101548082,50.56190594132994,,,,0.2277402322989155,-0.010884106870100038,0.7974849415178634,0.09537698202263284,0.1105558461425609,0.01642900345540917,lda_classifier__raw_primary_with_maturity__best_candidate__shrinkage_0p5__solver_lsqr,lda_classifier,"LinearDiscriminantAnalysis(solver='lsqr',shrinkage=0.5)",raw_primary_with_maturity,best_candidate,"{""shrinkage"": 0.5, ""solver"": ""lsqr""}"
lda_classifier__best_candidate,lda,classification,bbob_validation,FE_ratio,FE_ratio=0.5,,,0.5,6480,477,0.07361111111111111,-0.08578559846269349,-0.08202974076197492,151.15391573733473,,,,0.5639946882883033,0.064924005689934,0.8881258182928102,0.5247014762211623,0.10493823754318642,0.014485206535432331,lda_classifier__raw_primary_with_maturity__best_candidate__shrinkage_0p5__solver_lsqr,lda_classifier,"LinearDiscriminantAnalysis(solver='lsqr',shrinkage=0.5)",raw_primary_with_maturity,best_candidate,"{""shrinkage"": 0.5, ""solver"": ""lsqr""}"
lda_classifier__best_candidate,lda,classification,bbob_validation,FE_ratio,FE_ratio=0.55,,,0.55,6480,376,0.05802469135802469,-0.11228594071878435,-0.09215825578698267,79.68497550744864,,,,0.31188090045922756,0.03299968754831103,0.8162257570898749,0.20224179007226592,0.09980177455020962,0.013079147159814085,lda_classifier__raw_primary_with_maturity__best_candidate__shrinkage_0p5__solver_lsqr,lda_classifier,"LinearDiscriminantAnalysis(solver='lsqr',shrinkage=0.5)",raw_primary_with_maturity,best_candidate,"{""shrinkage"": 0.5, ""solver"": ""lsqr""}"
lda_classifier__best_candidate,lda,classification,bbob_validation,FE_ratio,FE_ratio=0.6,,,0.6,6480,447,0.06898148148148148,-0.11584131580446465,-0.10228898920926656,123.20350275094972,,,,0.4709617303021422,0.06454581326102218,0.8635647117587052,0.36347244438341636,0.09467330692936432,0.011614483214673732,lda_classifier__raw_primary_with_maturity__best_candidate__shrinkage_0p5__solver_lsqr,lda_classifier,"LinearDiscriminantAnalysis(solver='lsqr',shrinkage=0.5)",raw_primary_with_maturity,best_candidate,"{""shrinkage"": 0.5, ""solver"": ""lsqr""}"
softmax_logistic_classifier__baseline,softmax_logistic,classification,bbob_train,all,all,,,,194400,11921,0.06132201646090535,-0.08855738467265091,-0.06544428361600368,2511.1122661377594,,,,0.10816361419495658,0.16339045772821087,0.8043442362403836,0.1954332122639792,0.37736294972862344,0.36328155924246697,softmax_logistic_classifier__raw_primary_with_maturity__baseline__C_1p0__class_weight_balanced__penalty_l2,softmax_logistic_classifier,"LogisticRegression(C=1.0,class_weight='balanced')",raw_primary_with_maturity,baseline,"{""C"": 1.0, ""class_weight"": ""balanced"", ""penalty"": ""l2""}"
softmax_logistic_classifier__baseline,softmax_logistic,classification,bbob_train,label_source,label_source=changed_algorithm,changed_algorithm,,,74400,8470,0.11384408602150538,-0.05859081542569486,-0.06280283172738645,1678.8603444230114,,,,0.26300237751772193,0.27124680164709775,0.8443048125708799,0.3421170622704097,0.37446543973608915,0.34353241200939894,softmax_logistic_classifier__raw_primary_with_maturity__baseline__C_1p0__class_weight_balanced__penalty_l2,softmax_logistic_classifier,"LogisticRegression(C=1.0,class_weight='balanced')",raw_primary_with_maturity,baseline,"{""C"": 1.0, ""class_weight"": ""balanced"", ""penalty"": ""l2""}"
softmax_logistic_classifier__baseline,softmax_logistic,classification,bbob_train,label_source,label_source=same_algorithm,same_algorithm,,,120000,3451,0.028758333333333334,-0.10713665760576366,-0.06743423570665175,832.2519217147483,,,,0.02649148695707967,0.09630271948681964,0.7098140369990598,0.056057484563239536,0.37915940592399466,0.3711946577452937,softmax_logistic_classifier__raw_primary_with_maturity__baseline__C_1p0__class_weight_balanced__penalty_l2,softmax_logistic_classifier,"LogisticRegression(C=1.0,class_weight='balanced')",raw_primary_with_maturity,baseline,"{""C"": 1.0, ""class_weight"": ""balanced"", ""penalty"": ""l2""}"
softmax_logistic_classifier__baseline,softmax_logistic,classification,bbob_train,dimension,dimension=10,,10.0,,64800,2405,0.037114197530864194,-0.04022633237538057,-0.03715828153278458,308.0180086184804,,,,0.08506734983728297,0.39425712433141635,0.8110082918513081,0.14156201336432164,0.35154222313902006,0.32335260425104134,softmax_logistic_classifier__raw_primary_with_maturity__baseline__C_1p0__class_weight_balanced__penalty_l2,softmax_logistic_classifier,"LogisticRegression(C=1.0,class_weight='balanced')",raw_primary_with_maturity,baseline,"{""C"": 1.0, ""class_weight"": ""balanced"", ""penalty"": ""l2""}"
softmax_logistic_classifier__baseline,softmax_logistic,classification,bbob_train,dimension,dimension=20,,20.0,,64800,3858,0.059537037037037034,-0.07228172978918257,-0.06716881295115272,823.0687800379324,,,,0.11362191593591399,0.35705319547506303,0.8099976515245977,0.2123512931535156,0.3778716583002677,0.36161459968988563,softmax_logistic_classifier__raw_primary_with_maturity__baseline__C_1p0__class_weight_balanced__penalty_l2,softmax_logistic_classifier,"LogisticRegression(C=1.0,class_weight='balanced')",raw_primary_with_maturity,baseline,"{""C"": 1.0, ""class_weight"": ""balanced"", ""penalty"": ""l2""}"
softmax_logistic_classifier__baseline,softmax_logistic,classification,bbob_train,dimension,dimension=40,,40.0,,64800,5658,0.08731481481481482,-0.1531640918533896,-0.14272675969545875,1380.025477481347,,,,0.192034216405612,0.39518925598571664,0.7859058807472126,0.22538255354638795,0.4026749677465825,0.40431787783515016,softmax_logistic_classifier__raw_primary_with_maturity__baseline__C_1p0__class_weight_balanced__penalty_l2,softmax_logistic_classifier,"LogisticRegression(C=1.0,class_weight='balanced')",raw_primary_with_maturity,baseline,"{""C"": 1.0, ""class_weight"": ""balanced"", ""penalty"": ""l2""}"
softmax_logistic_classifier__baseline,softmax_logistic,classification,bbob_train,FE_ratio,FE_ratio=0.2,,,0.2,19440,1637,0.08420781893004116,-0.06196176210011554,-0.05049860667501493,304.44205064313394,,,,0.08412154262931394,0.014462434325293597,0.663135097209118,0.16338019419259742,0.47258116621769464,0.4667110748255665,softmax_logistic_classifier__raw_primary_with_maturity__baseline__C_1p0__class_weight_balanced__penalty_l2,softmax_logistic_classifier,"LogisticRegression(C=1.0,class_weight='balanced')",raw_primary_with_maturity,baseline,"{""C"": 1.0, ""class_weight"": ""balanced"", ""penalty"": ""l2""}"
softmax_logistic_classifier__baseline,softmax_logistic,classification,bbob_train,FE_ratio,FE_ratio=0.25,,,0.25,19440,1530,0.0787037037037037,-0.06684412289960417,-0.05379598025536793,289.0381601639173,,,,0.07988126548908385,0.06557547383590392,0.7721841962171059,0.20639898308826699,0.5267094482695928,0.5535590442463606,softmax_logistic_classifier__raw_primary_with_maturity__baseline__C_1p0__class_weight_balanced__penalty_l2,softmax_logistic_classifier,"LogisticRegression(C=1.0,class_weight='balanced')",raw_primary_with_maturity,baseline,"{""C"": 1.0, ""class_weight"": ""balanced"", ""penalty"": ""l2""}"
softmax_logistic_classifier__baseline,softmax_logistic,classification,bbob_train,FE_ratio,FE_ratio=0.28,,,0.28,19440,1516,0.07798353909465021,-0.06678863875638497,-0.05595944523593056,294.83506110374555,,,,0.0916974743715898,0.08316222789933606,0.7721262201178944,0.20427097204459768,0.4937265129987143,0.5008258116889813,softmax_logistic_classifier__raw_primary_with_maturity__baseline__C_1p0__class_weight_balanced__penalty_l2,softmax_logistic_classifier,"LogisticRegression(C=1.0,class_weight='balanced')",raw_primary_with_maturity,baseline,"{""C"": 1.0, ""class_weight"": ""balanced"", ""penalty"": ""l2""}"
softmax_logistic_classifier__baseline,softmax_logistic,classification,bbob_train,FE_ratio,FE_ratio=0.3,,,0.3,19440,1403,0.07217078189300412,-0.07045501341769796,-0.05769358257385397,275.8794546370344,,,,0.11141025673824388,0.15097358619192847,0.8107796632968479,0.23207935294947285,0.47487188956276194,0.4583194398768582,softmax_logistic_classifier__raw_primary_with_maturity__baseline__C_1p0__class_weight_balanced__penalty_l2,softmax_logistic_classifier,"LogisticRegression(C=1.0,class_weight='balanced')",raw_primary_with_maturity,baseline,"{""C"": 1.0, ""class_weight"": ""balanced"", ""penalty"": ""l2""}"
softmax_logistic_classifier__baseline,softmax_logistic,classification,bbob_train,FE_ratio,FE_ratio=0.35,,,0.35,19440,1388,0.07139917695473251,-0.07482964941049443,-0.062069321341436653,257.6511044439708,,,,0.12437794705491807,0.1289250988439703,0.8322673819021706,0.24471026214088093,0.38300097415860423,0.334274948898592,softmax_logistic_classifier__raw_primary_with_maturity__baseline__C_1p0__class_weight_balanced__penalty_l2,softmax_logistic_classifier,"LogisticRegression(C=1.0,class_weight='balanced')",raw_primary_with_maturity,baseline,"{""C"": 1.0, ""class_weight"": ""balanced"", ""penalty"": ""l2""}"
softmax_logistic_classifier__baseline,softmax_logistic,classification,bbob_train,FE_ratio,FE_ratio=0.4,,,0.4,19440,1376,0.07078189300411522,-0.08176159053440116,-0.06731035034538017,252.55187921031478,,,,0.11127747372639571,0.12736970173386766,0.8335752997739305,0.23180731039573924,0.3376756216333341,0.2688324093682226,softmax_logistic_classifier__raw_primary_with_maturity__baseline__C_1p0__class_weight_balanced__penalty_l2,softmax_logistic_classifier,"LogisticRegression(C=1.0,class_weight='balanced')",raw_primary_with_maturity,baseline,"{""C"": 1.0, ""class_weight"": ""balanced"", ""penalty"": ""l2""}"
softmax_logistic_classifier__baseline,softmax_logistic,classification,bbob_train,FE_ratio,FE_ratio=0.45,,,0.45,19440,911,0.04686213991769547,-0.09574364894010993,-0.0740343803226563,214.80823720368133,,,,0.06185371979517241,0.02179712626474683,0.8495502259222926,0.2098942896385787,0.3028474568659046,0.2188139324483511,softmax_logistic_classifier__raw_primary_with_maturity__baseline__C_1p0__class_weight_balanced__penalty_l2,softmax_logistic_classifier,"LogisticRegression(C=1.0,class_weight='balanced')",raw_primary_with_maturity,baseline,"{""C"": 1.0, ""class_weight"": ""balanced"", ""penalty"": ""l2""}"
softmax_logistic_classifier__baseline,softmax_logistic,classification,bbob_train,FE_ratio,FE_ratio=0.5,,,0.5,19440,752,0.03868312757201646,-0.10761678906395437,-0.08153801385084204,216.74610973067038,,,,0.03195571567104681,-0.024594071292725027,0.8547917596455115,0.1843306323115849,0.2795632225482177,0.19567565612237983,softmax_logistic_classifier__raw_primary_with_maturity__baseline__C_1p0__class_weight_balanced__penalty_l2,softmax_logistic_classifier,"LogisticRegression(C=1.0,class_weight='balanced')",raw_primary_with_maturity,baseline,"{""C"": 1.0, ""class_weight"": ""balanced"", ""penalty"": ""l2""}"
softmax_logistic_classifier__baseline,softmax_logistic,classification,bbob_train,FE_ratio,FE_ratio=0.55,,,0.55,19440,784,0.040329218106995884,-0.12055088341199817,-0.09047622006570433,212.50845114181092,,,,-0.002111030636961017,-0.05728321714373242,0.8354243833575453,0.16655376525328697,0.25984679849638537,0.1772336934783789,softmax_logistic_classifier__raw_primary_with_maturity__baseline__C_1p0__class_weight_balanced__penalty_l2,softmax_logistic_classifier,"LogisticRegression(C=1.0,class_weight='balanced')",raw_primary_with_maturity,baseline,"{""C"": 1.0, ""class_weight"": ""balanced"", ""penalty"": ""l2""}"
softmax_logistic_classifier__baseline,softmax_logistic,classification,bbob_train,FE_ratio,FE_ratio=0.6,,,0.6,19440,624,0.03209876543209877,-0.13902174819174842,-0.10198680721304745,192.65175785948037,,,,-0.03697683997468123,-0.09955425118509988,0.819894484236002,0.11119361487269915,0.24280640653502483,0.160130922244559,softmax_logistic_classifier__raw_primary_with_maturity__baseline__C_1p0__class_weight_balanced__penalty_l2,softmax_logistic_classifier,"LogisticRegression(C=1.0,class_weight='balanced')",raw_primary_with_maturity,baseline,"{""C"": 1.0, ""class_weight"": ""balanced"", ""penalty"": ""l2""}"
softmax_logistic_classifier__baseline,softmax_logistic,classification,bbob_validation,all,all,,,,64800,3745,0.05779320987654321,-0.09152940558707323,-0.07597107961327272,743.0385345915533,,,,0.16060799161486036,0.09123984657986212,0.8117948108465314,0.1761930310399025,0.3902027820469274,0.3536216491577153,softmax_logistic_classifier__raw_primary_with_maturity__baseline__C_1p0__class_weight_balanced__penalty_l2,softmax_logistic_classifier,"LogisticRegression(C=1.0,class_weight='balanced')",raw_primary_with_maturity,baseline,"{""C"": 1.0, ""class_weight"": ""balanced"", ""penalty"": ""l2""}"
softmax_logistic_classifier__baseline,softmax_logistic,classification,bbob_validation,label_source,label_source=changed_algorithm,changed_algorithm,,,16560,2549,0.15392512077294687,-0.05116247729341551,-0.06176568779918107,607.1864253523988,,,,0.3948780748446725,0.32522731079762024,0.8620522030566187,0.5928747079277082,0.3896697161246958,0.373712773713178,softmax_logistic_classifier__raw_primary_with_maturity__baseline__C_1p0__class_weight_balanced__penalty_l2,softmax_logistic_classifier,"LogisticRegression(C=1.0,class_weight='balanced')",raw_primary_with_maturity,baseline,"{""C"": 1.0, ""class_weight"": ""balanced"", ""penalty"": ""l2""}"
softmax_logistic_classifier__baseline,softmax_logistic,classification,bbob_validation,label_source,label_source=same_algorithm,same_algorithm,,,48240,1196,0.024792703150912105,-0.10538670932967216,-0.08462815497687234,135.85210923915443,,,,0.008828219649690761,0.01952512485875227,0.7725503150967471,0.050709946366334524,0.39038577482620085,0.3467643343636241,softmax_logistic_classifier__raw_primary_with_maturity__baseline__C_1p0__class_weight_balanced__penalty_l2,softmax_logistic_classifier,"LogisticRegression(C=1.0,class_weight='balanced')",raw_primary_with_maturity,baseline,"{""C"": 1.0, ""class_weight"": ""balanced"", ""penalty"": ""l2""}"
softmax_logistic_classifier__baseline,softmax_logistic,classification,bbob_validation,dimension,dimension=10,,10.0,,21600,1470,0.06805555555555555,-0.040708791525251226,-0.036659214049790265,260.3480860696287,,,,0.17710072602793436,0.14642267579006193,0.8164021614607095,0.20418594338779633,0.38409188501225006,0.3557150294658884,softmax_logistic_classifier__raw_primary_with_maturity__baseline__C_1p0__class_weight_balanced__penalty_l2,softmax_logistic_classifier,"LogisticRegression(C=1.0,class_weight='balanced')",raw_primary_with_maturity,baseline,"{""C"": 1.0, ""class_weight"": ""balanced"", ""penalty"": ""l2""}"
softmax_logistic_classifier__baseline,softmax_logistic,classification,bbob_validation,dimension,dimension=20,,20.0,,21600,1908,0.08833333333333333,-0.05664202206459035,-0.0679457754312032,392.4289080321196,,,,0.32083516624633385,0.3108441157042756,0.824158125276001,0.28167709417864395,0.3864657946751529,0.34898970474474306,softmax_logistic_classifier__raw_primary_with_maturity__baseline__C_1p0__class_weight_balanced__penalty_l2,softmax_logistic_classifier,"LogisticRegression(C=1.0,class_weight='balanced')",raw_primary_with_maturity,baseline,"{""C"": 1.0, ""class_weight"": ""balanced"", ""penalty"": ""l2""}"
softmax_logistic_classifier__baseline,softmax_logistic,classification,bbob_validation,dimension,dimension=40,,40.0,,21600,367,0.01699074074074074,-0.17723740317137815,-0.16708161511555475,90.26154048980496,,,,0.06329091724075442,0.0826463561371973,0.8181274302981414,0.07400564997667511,0.40005066645337894,0.3558093202018422,softmax_logistic_classifier__raw_primary_with_maturity__baseline__C_1p0__class_weight_balanced__penalty_l2,softmax_logistic_classifier,"LogisticRegression(C=1.0,class_weight='balanced')",raw_primary_with_maturity,baseline,"{""C"": 1.0, ""class_weight"": ""balanced"", ""penalty"": ""l2""}"
softmax_logistic_classifier__baseline,softmax_logistic,classification,bbob_validation,FE_ratio,FE_ratio=0.2,,,0.2,6480,296,0.04567901234567901,-0.07854640971495502,-0.05432046807708305,38.557426800468264,,,,-0.0110497661705009,-0.11191907505472086,0.7018728584664873,0.07089182156140644,0.45943244400441025,0.46393215212697536,softmax_logistic_classifier__raw_primary_with_maturity__baseline__C_1p0__class_weight_balanced__penalty_l2,softmax_logistic_classifier,"LogisticRegression(C=1.0,class_weight='balanced')",raw_primary_with_maturity,baseline,"{""C"": 1.0, ""class_weight"": ""balanced"", ""penalty"": ""l2""}"
softmax_logistic_classifier__baseline,softmax_logistic,classification,bbob_validation,FE_ratio,FE_ratio=0.25,,,0.25,6480,292,0.04506172839506173,-0.08209066348445634,-0.05811985784400571,35.463735190300596,,,,-0.06368587603553068,-0.11926548087072374,0.7148408098750565,0.0775143164663155,0.48458485566210385,0.5077374237937871,softmax_logistic_classifier__raw_primary_with_maturity__baseline__C_1p0__class_weight_balanced__penalty_l2,softmax_logistic_classifier,"LogisticRegression(C=1.0,class_weight='balanced')",raw_primary_with_maturity,baseline,"{""C"": 1.0, ""class_weight"": ""balanced"", ""penalty"": ""l2""}"
softmax_logistic_classifier__baseline,softmax_logistic,classification,bbob_validation,FE_ratio,FE_ratio=0.28,,,0.28,6480,274,0.042283950617283954,-0.08549062609263769,-0.060059978976886724,32.16164278161452,,,,-0.06180863232864398,-0.10415830122816314,0.7389275977332979,0.0783790732929167,0.459478590041575,0.44087495444754876,softmax_logistic_classifier__raw_primary_with_maturity__baseline__C_1p0__class_weight_balanced__penalty_l2,softmax_logistic_classifier,"LogisticRegression(C=1.0,class_weight='balanced')",raw_primary_with_maturity,baseline,"{""C"": 1.0, ""class_weight"": ""balanced"", ""penalty"": ""l2""}"
softmax_logistic_classifier__baseline,softmax_logistic,classification,bbob_validation,FE_ratio,FE_ratio=0.3,,,0.3,6480,284,0.043827160493827164,-0.08706332924379373,-0.061481761258876125,31.652929735382077,,,,0.01092402501381256,-0.04309569630205589,0.7756543294628975,0.08384685110919898,0.46105337194559676,0.3765701979016992,softmax_logistic_classifier__raw_primary_with_maturity__baseline__C_1p0__class_weight_balanced__penalty_l2,softmax_logistic_classifier,"LogisticRegression(C=1.0,class_weight='balanced')",raw_primary_with_maturity,baseline,"{""C"": 1.0, ""class_weight"": ""balanced"", ""penalty"": ""l2""}"
softmax_logistic_classifier__baseline,softmax_logistic,classification,bbob_validation,FE_ratio,FE_ratio=0.35,,,0.35,6480,256,0.03950617283950617,-0.09341559547051581,-0.06664570006608084,26.439322897806413,,,,0.016271270064018722,-0.04007692200520605,0.7870905466741644,0.08034037108823973,0.3991759115263926,0.2868438591045288,softmax_logistic_classifier__raw_primary_with_maturity__baseline__C_1p0__class_weight_balanced__penalty_l2,softmax_logistic_classifier,"LogisticRegression(C=1.0,class_weight='balanced')",raw_primary_with_maturity,baseline,"{""C"": 1.0, ""class_weight"": ""balanced"", ""penalty"": ""l2""}"
softmax_logistic_classifier__baseline,softmax_logistic,classification,bbob_validation,FE_ratio,FE_ratio=0.4,,,0.4,6480,800,0.12345679012345678,-0.07290554260108724,-0.07056462486829276,174.15917724891835,,,,0.31775275352705323,0.1408247686674615,0.863106073943662,0.4358239161768008,0.37242362534171203,0.24432769481835778,softmax_logistic_classifier__raw_primary_with_maturity__baseline__C_1p0__class_weight_balanced__penalty_l2,softmax_logistic_classifier,"LogisticRegression(C=1.0,class_weight='balanced')",raw_primary_with_maturity,baseline,"{""C"": 1.0, ""class_weight"": ""balanced"", ""penalty"": ""l2""}"
softmax_logistic_classifier__baseline,softmax_logistic,classification,bbob_validation,FE_ratio,FE_ratio=0.45,,,0.45,6480,243,0.0375,-0.10186903427734409,-0.07939845101548082,50.56190594132994,,,,0.09543644106017887,-0.04053118907874281,0.8064952879767695,0.09650095062593658,0.3476279738309805,0.1994127962948719,softmax_logistic_classifier__raw_primary_with_maturity__baseline__C_1p0__class_weight_balanced__penalty_l2,softmax_logistic_classifier,"LogisticRegression(C=1.0,class_weight='balanced')",raw_primary_with_maturity,baseline,"{""C"": 1.0, ""class_weight"": ""balanced"", ""penalty"": ""l2""}"
softmax_logistic_classifier__baseline,softmax_logistic,classification,bbob_validation,FE_ratio,FE_ratio=0.5,,,0.5,6480,477,0.07361111111111111,-0.08578559846269349,-0.08202974076197492,151.15391573733473,,,,0.2937861304402931,0.052200593837598196,0.8934718524734837,0.5137307123985047,0.3265651947202925,0.18677113095979983,softmax_logistic_classifier__raw_primary_with_maturity__baseline__C_1p0__class_weight_balanced__penalty_l2,softmax_logistic_classifier,"LogisticRegression(C=1.0,class_weight='balanced')",raw_primary_with_maturity,baseline,"{""C"": 1.0, ""class_weight"": ""balanced"", ""penalty"": ""l2""}"
softmax_logistic_classifier__baseline,softmax_logistic,classification,bbob_validation,FE_ratio,FE_ratio=0.55,,,0.55,6480,376,0.05802469135802469,-0.11228594071878435,-0.09215825578698267,79.68497550744864,,,,0.17449840952004586,0.03088437991014525,0.8294896440422743,0.20473690266457986,0.3070140928250182,0.1736885582829027,softmax_logistic_classifier__raw_primary_with_maturity__baseline__C_1p0__class_weight_balanced__penalty_l2,softmax_logistic_classifier,"LogisticRegression(C=1.0,class_weight='balanced')",raw_primary_with_maturity,baseline,"{""C"": 1.0, ""class_weight"": ""balanced"", ""penalty"": ""l2""}"
softmax_logistic_classifier__baseline,softmax_logistic,classification,bbob_validation,FE_ratio,FE_ratio=0.6,,,0.6,6480,447,0.06898148148148148,-0.11584131580446465,-0.10228898920926656,123.20350275094972,,,,0.26929328124708973,0.06455740932855746,0.8711453152330341,0.3511517640079673,0.284671760571192,0.1616928259755665,softmax_logistic_classifier__raw_primary_with_maturity__baseline__C_1p0__class_weight_balanced__penalty_l2,softmax_logistic_classifier,"LogisticRegression(C=1.0,class_weight='balanced')",raw_primary_with_maturity,baseline,"{""C"": 1.0, ""class_weight"": ""balanced"", ""penalty"": ""l2""}"
softmax_logistic_classifier__best_candidate,softmax_logistic,classification,bbob_train,all,all,,,,194400,11921,0.06132201646090535,-0.08855738467265091,-0.06544428361600368,2511.1122661377594,,,,0.1084343038632202,0.16402602633276334,0.8043919553896504,0.19511014392804973,0.37778216801478626,0.36377199603556043,softmax_logistic_classifier__raw_primary_with_maturity__best_candidate__C_0p03__class_weight_balanced__penalty_l2,softmax_logistic_classifier,"LogisticRegression(C=0.03,class_weight='balanced')",raw_primary_with_maturity,best_candidate,"{""C"": 0.03, ""class_weight"": ""balanced"", ""penalty"": ""l2""}"
softmax_logistic_classifier__best_candidate,softmax_logistic,classification,bbob_train,label_source,label_source=changed_algorithm,changed_algorithm,,,74400,8470,0.11384408602150538,-0.05859081542569486,-0.06280283172738645,1678.8603444230114,,,,0.26332537557060215,0.271801460828936,0.8442972233976467,0.3418730047353631,0.37511921079198224,0.345486415616978,softmax_logistic_classifier__raw_primary_with_maturity__best_candidate__C_0p03__class_weight_balanced__penalty_l2,softmax_logistic_classifier,"LogisticRegression(C=0.03,class_weight='balanced')",raw_primary_with_maturity,best_candidate,"{""C"": 0.03, ""class_weight"": ""balanced"", ""penalty"": ""l2""}"
softmax_logistic_classifier__best_candidate,softmax_logistic,classification,bbob_train,label_source,label_source=same_algorithm,same_algorithm,,,120000,3451,0.028758333333333334,-0.10713665760576366,-0.06743423570665175,832.2519217147483,,,,0.02660452061054299,0.09696035290660834,0.7098342751529528,0.055962282441076594,0.37943320149292487,0.37133978049780403,softmax_logistic_classifier__raw_primary_with_maturity__best_candidate__C_0p03__class_weight_balanced__penalty_l2,softmax_logistic_classifier,"LogisticRegression(C=0.03,class_weight='balanced')",raw_primary_with_maturity,best_candidate,"{""C"": 0.03, ""class_weight"": ""balanced"", ""penalty"": ""l2""}"
softmax_logistic_classifier__best_candidate,softmax_logistic,classification,bbob_train,dimension,dimension=10,,10.0,,64800,2405,0.037114197530864194,-0.04022633237538057,-0.03715828153278458,308.0180086184804,,,,0.08518317489416484,0.3947101283065068,0.8110853543724768,0.14156956681675736,0.35217199507359936,0.32455969866479606,softmax_logistic_classifier__raw_primary_with_maturity__best_candidate__C_0p03__class_weight_balanced__penalty_l2,softmax_logistic_classifier,"LogisticRegression(C=0.03,class_weight='balanced')",raw_primary_with_maturity,best_candidate,"{""C"": 0.03, ""class_weight"": ""balanced"", ""penalty"": ""l2""}"
softmax_logistic_classifier__best_candidate,softmax_logistic,classification,bbob_train,dimension,dimension=20,,20.0,,64800,3858,0.059537037037037034,-0.07228172978918257,-0.06716881295115272,823.0687800379324,,,,0.1138210435733407,0.3573938425427102,0.8098403960532615,0.21180413578774773,0.3782307227109904,0.36213519838867136,softmax_logistic_classifier__raw_primary_with_maturity__best_candidate__C_0p03__class_weight_balanced__penalty_l2,softmax_logistic_classifier,"LogisticRegression(C=0.03,class_weight='balanced')",raw_primary_with_maturity,best_candidate,"{""C"": 0.03, ""class_weight"": ""balanced"", ""penalty"": ""l2""}"
softmax_logistic_classifier__best_candidate,softmax_logistic,classification,bbob_train,dimension,dimension=40,,40.0,,64800,5658,0.08731481481481482,-0.1531640918533896,-0.14272675969545875,1380.025477481347,,,,0.19220576368493897,0.3956386173108284,0.7862033715811132,0.2249069864670499,0.4029437862597691,0.4042401487763244,softmax_logistic_classifier__raw_primary_with_maturity__best_candidate__C_0p03__class_weight_balanced__penalty_l2,softmax_logistic_classifier,"LogisticRegression(C=0.03,class_weight='balanced')",raw_primary_with_maturity,best_candidate,"{""C"": 0.03, ""class_weight"": ""balanced"", ""penalty"": ""l2""}"
softmax_logistic_classifier__best_candidate,softmax_logistic,classification,bbob_train,FE_ratio,FE_ratio=0.2,,,0.2,19440,1637,0.08420781893004116,-0.06196176210011554,-0.05049860667501493,304.44205064313394,,,,0.08493412424095148,0.020397042032827842,0.6681040249405777,0.16532308439166787,0.4705691924353955,0.4647151050183201,softmax_logistic_classifier__raw_primary_with_maturity__best_candidate__C_0p03__class_weight_balanced__penalty_l2,softmax_logistic_classifier,"LogisticRegression(C=0.03,class_weight='balanced')",raw_primary_with_maturity,best_candidate,"{""C"": 0.03, ""class_weight"": ""balanced"", ""penalty"": ""l2""}"
softmax_logistic_classifier__best_candidate,softmax_logistic,classification,bbob_train,FE_ratio,FE_ratio=0.25,,,0.25,19440,1530,0.0787037037037037,-0.06684412289960417,-0.05379598025536793,289.0381601639173,,,,0.07978444475690293,0.06578423918113557,0.7720647901818462,0.20536010419504885,0.5277335621403915,0.5536162997441915,softmax_logistic_classifier__raw_primary_with_maturity__best_candidate__C_0p03__class_weight_balanced__penalty_l2,softmax_logistic_classifier,"LogisticRegression(C=0.03,class_weight='balanced')",raw_primary_with_maturity,best_candidate,"{""C"": 0.03, ""class_weight"": ""balanced"", ""penalty"": ""l2""}"
softmax_logistic_classifier__best_candidate,softmax_logistic,classification,bbob_train,FE_ratio,FE_ratio=0.28,,,0.28,19440,1516,0.07798353909465021,-0.06678863875638497,-0.05595944523593056,294.83506110374555,,,,0.09198394359624246,0.08424345324014879,0.7728721135088696,0.20384978776551033,0.49500233994707377,0.5025388772397248,softmax_logistic_classifier__raw_primary_with_maturity__best_candidate__C_0p03__class_weight_balanced__penalty_l2,softmax_logistic_classifier,"LogisticRegression(C=0.03,class_weight='balanced')",raw_primary_with_maturity,best_candidate,"{""C"": 0.03, ""class_weight"": ""balanced"", ""penalty"": ""l2""}"
softmax_logistic_classifier__best_candidate,softmax_logistic,classification,bbob_train,FE_ratio,FE_ratio=0.3,,,0.3,19440,1403,0.07217078189300412,-0.07045501341769796,-0.05769358257385397,275.8794546370344,,,,0.11131324898574319,0.15126500709151788,0.8106566880757623,0.23170957621081678,0.4756557600285103,0.45931665687615125,softmax_logistic_classifier__raw_primary_with_maturity__best_candidate__C_0p03__class_weight_balanced__penalty_l2,softmax_logistic_classifier,"LogisticRegression(C=0.03,class_weight='balanced')",raw_primary_with_maturity,best_candidate,"{""C"": 0.03, ""class_weight"": ""balanced"", ""penalty"": ""l2""}"
softmax_logistic_classifier__best_candidate,softmax_logistic,classification,bbob_train,FE_ratio,FE_ratio=0.35,,,0.35,19440,1388,0.07139917695473251,-0.07482964941049443,-0.062069321341436653,257.6511044439708,,,,0.12429251623389982,0.12920861850256798,0.832015388142229,0.24421015584615377,0.3839014618111133,0.3350105899503787,softmax_logistic_classifier__raw_primary_with_maturity__best_candidate__C_0p03__class_weight_balanced__penalty_l2,softmax_logistic_classifier,"LogisticRegression(C=0.03,class_weight='balanced')",raw_primary_with_maturity,best_candidate,"{""C"": 0.03, ""class_weight"": ""balanced"", ""penalty"": ""l2""}"
softmax_logistic_classifier__best_candidate,softmax_logistic,classification,bbob_train,FE_ratio,FE_ratio=0.4,,,0.4,19440,1376,0.07078189300411522,-0.08176159053440116,-0.06731035034538017,252.55187921031478,,,,0.11138608037816178,0.12777617448165662,0.8333792510350794,0.2314189160270061,0.3384278339548992,0.26968572988511885,softmax_logistic_classifier__raw_primary_with_maturity__best_candidate__C_0p03__class_weight_balanced__penalty_l2,softmax_logistic_classifier,"LogisticRegression(C=0.03,class_weight='balanced')",raw_primary_with_maturity,best_candidate,"{""C"": 0.03, ""class_weight"": ""balanced"", ""penalty"": ""l2""}"
softmax_logistic_classifier__best_candidate,softmax_logistic,classification,bbob_train,FE_ratio,FE_ratio=0.45,,,0.45,19440,911,0.04686213991769547,-0.09574364894010993,-0.0740343803226563,214.80823720368133,,,,0.06208544549062949,0.022177139167715056,0.8495813872092631,0.20970195903028757,0.30347600655039325,0.2196079159951875,softmax_logistic_classifier__raw_primary_with_maturity__best_candidate__C_0p03__class_weight_balanced__penalty_l2,softmax_logistic_classifier,"LogisticRegression(C=0.03,class_weight='balanced')",raw_primary_with_maturity,best_candidate,"{""C"": 0.03, ""class_weight"": ""balanced"", ""penalty"": ""l2""}"
softmax_logistic_classifier__best_candidate,softmax_logistic,classification,bbob_train,FE_ratio,FE_ratio=0.5,,,0.5,19440,752,0.03868312757201646,-0.10761678906395437,-0.08153801385084204,216.74610973067038,,,,0.03197245887810724,-0.024124440560745312,0.8547899095562519,0.18411832940245168,0.2800234561926334,0.19644324214053743,softmax_logistic_classifier__raw_primary_with_maturity__best_candidate__C_0p03__class_weight_balanced__penalty_l2,softmax_logistic_classifier,"LogisticRegression(C=0.03,class_weight='balanced')",raw_primary_with_maturity,best_candidate,"{""C"": 0.03, ""class_weight"": ""balanced"", ""penalty"": ""l2""}"
softmax_logistic_classifier__best_candidate,softmax_logistic,classification,bbob_train,FE_ratio,FE_ratio=0.55,,,0.55,19440,784,0.040329218106995884,-0.12055088341199817,-0.09047622006570433,212.50845114181092,,,,-0.0020520521676350174,-0.05686238519571517,0.8354774384560857,0.16656035804868363,0.2601218605159997,0.17760631091130788,softmax_logistic_classifier__raw_primary_with_maturity__best_candidate__C_0p03__class_weight_balanced__penalty_l2,softmax_logistic_classifier,"LogisticRegression(C=0.03,class_weight='balanced')",raw_primary_with_maturity,best_candidate,"{""C"": 0.03, ""class_weight"": ""balanced"", ""penalty"": ""l2""}"
softmax_logistic_classifier__best_candidate,softmax_logistic,classification,bbob_train,FE_ratio,FE_ratio=0.6,,,0.6,19440,624,0.03209876543209877,-0.13902174819174842,-0.10198680721304745,192.65175785948037,,,,-0.03620820304740668,-0.09852208003642353,0.8199054712029042,0.11131555294653868,0.24291020657145293,0.16013650521992798,softmax_logistic_classifier__raw_primary_with_maturity__best_candidate__C_0p03__class_weight_balanced__penalty_l2,softmax_logistic_classifier,"LogisticRegression(C=0.03,class_weight='balanced')",raw_primary_with_maturity,best_candidate,"{""C"": 0.03, ""class_weight"": ""balanced"", ""penalty"": ""l2""}"
softmax_logistic_classifier__best_candidate,softmax_logistic,classification,bbob_validation,all,all,,,,64800,3745,0.05779320987654321,-0.09152940558707323,-0.07597107961327272,743.0385345915533,,,,0.16161209926586148,0.0925587356009837,0.8119739966120854,0.17615979127628834,0.3904869771796888,0.353946325217541,softmax_logistic_classifier__raw_primary_with_maturity__best_candidate__C_0p03__class_weight_balanced__penalty_l2,softmax_logistic_classifier,"LogisticRegression(C=0.03,class_weight='balanced')",raw_primary_with_maturity,best_candidate,"{""C"": 0.03, ""class_weight"": ""balanced"", ""penalty"": ""l2""}"
softmax_logistic_classifier__best_candidate,softmax_logistic,classification,bbob_validation,label_source,label_source=changed_algorithm,changed_algorithm,,,16560,2549,0.15392512077294687,-0.05116247729341551,-0.06176568779918107,607.1864253523988,,,,0.39619867494570365,0.3258843585342826,0.8622900646997669,0.5926146538568239,0.38976326885235757,0.37317862620855835,softmax_logistic_classifier__raw_primary_with_maturity__best_candidate__C_0p03__class_weight_balanced__penalty_l2,softmax_logistic_classifier,"LogisticRegression(C=0.03,class_weight='balanced')",raw_primary_with_maturity,best_candidate,"{""C"": 0.03, ""class_weight"": ""balanced"", ""penalty"": ""l2""}"
softmax_logistic_classifier__best_candidate,softmax_logistic,classification,bbob_validation,label_source,label_source=same_algorithm,same_algorithm,,,48240,1196,0.024792703150912105,-0.10538670932967216,-0.08462815497687234,135.85210923915443,,,,0.010043845159388914,0.021141052363235303,0.7731988575983375,0.05080873833896129,0.39073541436668296,0.3464626158242683,softmax_logistic_classifier__raw_primary_with_maturity__best_candidate__C_0p03__class_weight_balanced__penalty_l2,softmax_logistic_classifier,"LogisticRegression(C=0.03,class_weight='balanced')",raw_primary_with_maturity,best_candidate,"{""C"": 0.03, ""class_weight"": ""balanced"", ""penalty"": ""l2""}"
softmax_logistic_classifier__best_candidate,softmax_logistic,classification,bbob_validation,dimension,dimension=10,,10.0,,21600,1470,0.06805555555555555,-0.040708791525251226,-0.036659214049790265,260.3480860696287,,,,0.177897300859538,0.1478827108571057,0.81686307707385,0.2041954617751533,0.38468083783952906,0.3555335879035292,softmax_logistic_classifier__raw_primary_with_maturity__best_candidate__C_0p03__class_weight_balanced__penalty_l2,softmax_logistic_classifier,"LogisticRegression(C=0.03,class_weight='balanced')",raw_primary_with_maturity,best_candidate,"{""C"": 0.03, ""class_weight"": ""balanced"", ""penalty"": ""l2""}"
softmax_logistic_classifier__best_candidate,softmax_logistic,classification,bbob_validation,dimension,dimension=20,,20.0,,21600,1908,0.08833333333333333,-0.05664202206459035,-0.0679457754312032,392.4289080321196,,,,0.32151106462316775,0.3117630794422838,0.8241397340852057,0.2813408116775934,0.38671255048398895,0.3493652966765157,softmax_logistic_classifier__raw_primary_with_maturity__best_candidate__C_0p03__class_weight_balanced__penalty_l2,softmax_logistic_classifier,"LogisticRegression(C=0.03,class_weight='balanced')",raw_primary_with_maturity,best_candidate,"{""C"": 0.03, ""class_weight"": ""balanced"", ""penalty"": ""l2""}"
softmax_logistic_classifier__best_candidate,softmax_logistic,classification,bbob_validation,dimension,dimension=40,,40.0,,21600,367,0.01699074074074074,-0.17723740317137815,-0.16708161511555475,90.26154048980496,,,,0.06418220067641657,0.0838592971700987,0.8176281047277314,0.07374458822953707,0.40006754321554827,0.3562467663138867,softmax_logistic_classifier__raw_primary_with_maturity__best_candidate__C_0p03__class_weight_balanced__penalty_l2,softmax_logistic_classifier,"LogisticRegression(C=0.03,class_weight='balanced')",raw_primary_with_maturity,best_candidate,"{""C"": 0.03, ""class_weight"": ""balanced"", ""penalty"": ""l2""}"
softmax_logistic_classifier__best_candidate,softmax_logistic,classification,bbob_validation,FE_ratio,FE_ratio=0.2,,,0.2,6480,296,0.04567901234567901,-0.07854640971495502,-0.05432046807708305,38.557426800468264,,,,-0.00993206632192805,-0.10737041252023816,0.7103510366770394,0.07286361344752305,0.4573054949773728,0.4617390711163977,softmax_logistic_classifier__raw_primary_with_maturity__best_candidate__C_0p03__class_weight_balanced__penalty_l2,softmax_logistic_classifier,"LogisticRegression(C=0.03,class_weight='balanced')",raw_primary_with_maturity,best_candidate,"{""C"": 0.03, ""class_weight"": ""balanced"", ""penalty"": ""l2""}"
softmax_logistic_classifier__best_candidate,softmax_logistic,classification,bbob_validation,FE_ratio,FE_ratio=0.25,,,0.25,6480,292,0.04506172839506173,-0.08209066348445634,-0.05811985784400571,35.463735190300596,,,,-0.06270147076077917,-0.11795174334310807,0.7172393983937093,0.07798675747593142,0.4853124079849025,0.510770365859635,softmax_logistic_classifier__raw_primary_with_maturity__best_candidate__C_0p03__class_weight_balanced__penalty_l2,softmax_logistic_classifier,"LogisticRegression(C=0.03,class_weight='balanced')",raw_primary_with_maturity,best_candidate,"{""C"": 0.03, ""class_weight"": ""balanced"", ""penalty"": ""l2""}"
softmax_logistic_classifier__best_candidate,softmax_logistic,classification,bbob_validation,FE_ratio,FE_ratio=0.28,,,0.28,6480,274,0.042283950617283954,-0.08549062609263769,-0.060059978976886724,32.16164278161452,,,,-0.06063874057371209,-0.10267688615583676,0.7414128310017855,0.0788017057925949,0.4605127410149048,0.44270553696387105,softmax_logistic_classifier__raw_primary_with_maturity__best_candidate__C_0p03__class_weight_balanced__penalty_l2,softmax_logistic_classifier,"LogisticRegression(C=0.03,class_weight='balanced')",raw_primary_with_maturity,best_candidate,"{""C"": 0.03, ""class_weight"": ""balanced"", ""penalty"": ""l2""}"
softmax_logistic_classifier__best_candidate,softmax_logistic,classification,bbob_validation,FE_ratio,FE_ratio=0.3,,,0.3,6480,284,0.043827160493827164,-0.08706332924379373,-0.061481761258876125,31.652929735382077,,,,0.011577754494418986,-0.0415444055146483,0.7752462970203401,0.08369373414708087,0.4617738827167536,0.3765287423237395,softmax_logistic_classifier__raw_primary_with_maturity__best_candidate__C_0p03__class_weight_balanced__penalty_l2,softmax_logistic_classifier,"LogisticRegression(C=0.03,class_weight='balanced')",raw_primary_with_maturity,best_candidate,"{""C"": 0.03, ""class_weight"": ""balanced"", ""penalty"": ""l2""}"
softmax_logistic_classifier__best_candidate,softmax_logistic,classification,bbob_validation,FE_ratio,FE_ratio=0.35,,,0.35,6480,256,0.03950617283950617,-0.09341559547051581,-0.06664570006608084,26.439322897806413,,,,0.01704041457947657,-0.03871962812176051,0.7864403418219794,0.08004711657822766,0.4000436256302919,0.28638439656885617,softmax_logistic_classifier__raw_primary_with_maturity__best_candidate__C_0p03__class_weight_balanced__penalty_l2,softmax_logistic_classifier,"LogisticRegression(C=0.03,class_weight='balanced')",raw_primary_with_maturity,best_candidate,"{""C"": 0.03, ""class_weight"": ""balanced"", ""penalty"": ""l2""}"
softmax_logistic_classifier__best_candidate,softmax_logistic,classification,bbob_validation,FE_ratio,FE_ratio=0.4,,,0.4,6480,800,0.12345679012345678,-0.07290554260108724,-0.07056462486829276,174.15917724891835,,,,0.3182438609810184,0.14172313179814666,0.862606073943662,0.4348951746693272,0.3730362837941254,0.24462662620543024,softmax_logistic_classifier__raw_primary_with_maturity__best_candidate__C_0p03__class_weight_balanced__penalty_l2,softmax_logistic_classifier,"LogisticRegression(C=0.03,class_weight='balanced')",raw_primary_with_maturity,best_candidate,"{""C"": 0.03, ""class_weight"": ""balanced"", ""penalty"": ""l2""}"
softmax_logistic_classifier__best_candidate,softmax_logistic,classification,bbob_validation,FE_ratio,FE_ratio=0.45,,,0.45,6480,243,0.0375,-0.10186903427734409,-0.07939845101548082,50.56190594132994,,,,0.0964455352851875,-0.03863201588352861,0.8060057099837621,0.09628271158931566,0.34815561201482376,0.20006379305577096,softmax_logistic_classifier__raw_primary_with_maturity__best_candidate__C_0p03__class_weight_balanced__penalty_l2,softmax_logistic_classifier,"LogisticRegression(C=0.03,class_weight='balanced')",raw_primary_with_maturity,best_candidate,"{""C"": 0.03, ""class_weight"": ""balanced"", ""penalty"": ""l2""}"
softmax_logistic_classifier__best_candidate,softmax_logistic,classification,bbob_validation,FE_ratio,FE_ratio=0.5,,,0.5,6480,477,0.07361111111111111,-0.08578559846269349,-0.08202974076197492,151.15391573733473,,,,0.2952080229435345,0.05407585679715477,0.8931596396071706,0.5133114344633489,0.32695006256336107,0.18765943478820188,softmax_logistic_classifier__raw_primary_with_maturity__best_candidate__C_0p03__class_weight_balanced__penalty_l2,softmax_logistic_classifier,"LogisticRegression(C=0.03,class_weight='balanced')",raw_primary_with_maturity,best_candidate,"{""C"": 0.03, ""class_weight"": ""balanced"", ""penalty"": ""l2""}"
softmax_logistic_classifier__best_candidate,softmax_logistic,classification,bbob_validation,FE_ratio,FE_ratio=0.55,,,0.55,6480,376,0.05802469135802469,-0.11228594071878435,-0.09215825578698267,79.68497550744864,,,,0.1758288866507285,0.03251851263924107,0.8290094915088814,0.20438551284374093,0.3071715813673096,0.17374766117426454,softmax_logistic_classifier__raw_primary_with_maturity__best_candidate__C_0p03__class_weight_balanced__penalty_l2,softmax_logistic_classifier,"LogisticRegression(C=0.03,class_weight='balanced')",raw_primary_with_maturity,best_candidate,"{""C"": 0.03, ""class_weight"": ""balanced"", ""penalty"": ""l2""}"
softmax_logistic_classifier__best_candidate,softmax_logistic,classification,bbob_validation,FE_ratio,FE_ratio=0.6,,,0.6,6480,447,0.06898148148148148,-0.11584131580446465,-0.10228898920926656,123.20350275094972,,,,0.27088151875603766,0.06586681118515783,0.87078710641064,0.3503326580814479,0.2846080797330422,0.16159539553356794,softmax_logistic_classifier__raw_primary_with_maturity__best_candidate__C_0p03__class_weight_balanced__penalty_l2,softmax_logistic_classifier,"LogisticRegression(C=0.03,class_weight='balanced')",raw_primary_with_maturity,best_candidate,"{""C"": 0.03, ""class_weight"": ""balanced"", ""penalty"": ""l2""}"
linear_svm_classifier__baseline,linear_svm,classification,bbob_train,all,all,,,,194400,11921,0.06132201646090535,-0.08855738467265091,-0.06544428361600368,2511.1122661377594,,,,0.10593955726211152,0.16481674300002816,0.8016895924536368,0.19313950838868243,-0.25234739510774146,-0.20817503209122248,linear_svm_classifier__raw_primary_with_maturity__baseline__C_1p0__class_weight_balanced,linear_svm_classifier,"LinearSVC(C=1.0,class_weight='balanced',tol=1e-2)",raw_primary_with_maturity,baseline,"{""C"": 1.0, ""class_weight"": ""balanced""}"
linear_svm_classifier__baseline,linear_svm,classification,bbob_train,label_source,label_source=changed_algorithm,changed_algorithm,,,74400,8470,0.11384408602150538,-0.05859081542569486,-0.06280283172738645,1678.8603444230114,,,,0.2547294186341546,0.2702669606771403,0.843233610976258,0.3417224722156648,-0.2683689418524903,-0.23466700947431673,linear_svm_classifier__raw_primary_with_maturity__baseline__C_1p0__class_weight_balanced,linear_svm_classifier,"LinearSVC(C=1.0,class_weight='balanced',tol=1e-2)",raw_primary_with_maturity,baseline,"{""C"": 1.0, ""class_weight"": ""balanced""}"
linear_svm_classifier__baseline,linear_svm,classification,bbob_train,label_source,label_source=same_algorithm,same_algorithm,,,120000,3451,0.028758333333333334,-0.10713665760576366,-0.06743423570665175,832.2519217147483,,,,0.02868513130171242,0.09969852048312489,0.7038490251222843,0.05481508308986888,-0.24241403612599727,-0.19612815190346927,linear_svm_classifier__raw_primary_with_maturity__baseline__C_1p0__class_weight_balanced,linear_svm_classifier,"LinearSVC(C=1.0,class_weight='balanced',tol=1e-2)",raw_primary_with_maturity,baseline,"{""C"": 1.0, ""class_weight"": ""balanced""}"
linear_svm_classifier__baseline,linear_svm,classification,bbob_train,dimension,dimension=10,,10.0,,64800,2405,0.037114197530864194,-0.04022633237538057,-0.03715828153278458,308.0180086184804,,,,0.09266035614142007,0.3942515420426326,0.807950701044699,0.14139389419977588,-0.31193641519258175,-0.2640115974425782,linear_svm_classifier__raw_primary_with_maturity__baseline__C_1p0__class_weight_balanced,linear_svm_classifier,"LinearSVC(C=1.0,class_weight='balanced',tol=1e-2)",raw_primary_with_maturity,baseline,"{""C"": 1.0, ""class_weight"": ""balanced""}"
linear_svm_classifier__baseline,linear_svm,classification,bbob_train,dimension,dimension=20,,20.0,,64800,3858,0.059537037037037034,-0.07228172978918257,-0.06716881295115272,823.0687800379324,,,,0.11705364245690258,0.35417564580085453,0.8094200727173321,0.21244887291422593,-0.25000436899723744,-0.21097905642068465,linear_svm_classifier__raw_primary_with_maturity__baseline__C_1p0__class_weight_balanced,linear_svm_classifier,"LinearSVC(C=1.0,class_weight='balanced',tol=1e-2)",raw_primary_with_maturity,baseline,"{""C"": 1.0, ""class_weight"": ""balanced""}"
linear_svm_classifier__baseline,linear_svm,classification,bbob_train,dimension,dimension=40,,40.0,,64800,5658,0.08731481481481482,-0.1531640918533896,-0.14272675969545875,1380.025477481347,,,,0.19052740665984838,0.38895390471046604,0.7826683115625437,0.21978878262132687,-0.19510140113340538,-0.14344768360687218,linear_svm_classifier__raw_primary_with_maturity__baseline__C_1p0__class_weight_balanced,linear_svm_classifier,"LinearSVC(C=1.0,class_weight='balanced',tol=1e-2)",raw_primary_with_maturity,baseline,"{""C"": 1.0, ""class_weight"": ""balanced""}"
linear_svm_classifier__baseline,linear_svm,classification,bbob_train,FE_ratio,FE_ratio=0.2,,,0.2,19440,1637,0.08420781893004116,-0.06196176210011554,-0.05049860667501493,304.44205064313394,,,,0.07739332657672712,0.014548456113844538,0.6774241785761503,0.17037762008462376,-0.049786002770737206,-0.05413322018316123,linear_svm_classifier__raw_primary_with_maturity__baseline__C_1p0__class_weight_balanced,linear_svm_classifier,"LinearSVC(C=1.0,class_weight='balanced',tol=1e-2)",raw_primary_with_maturity,baseline,"{""C"": 1.0, ""class_weight"": ""balanced""}"
linear_svm_classifier__baseline,linear_svm,classification,bbob_train,FE_ratio,FE_ratio=0.25,,,0.25,19440,1530,0.0787037037037037,-0.06684412289960417,-0.05379598025536793,289.0381601639173,,,,0.09242353433782645,0.08161856754667915,0.7657592245906365,0.20243177833837475,0.06435036938205713,0.09324221458235457,linear_svm_classifier__raw_primary_with_maturity__baseline__C_1p0__class_weight_balanced,linear_svm_classifier,"LinearSVC(C=1.0,class_weight='balanced',tol=1e-2)",raw_primary_with_maturity,baseline,"{""C"": 1.0, ""class_weight"": ""balanced""}"
linear_svm_classifier__baseline,linear_svm,classification,bbob_train,FE_ratio,FE_ratio=0.28,,,0.28,19440,1516,0.07798353909465021,-0.06678863875638497,-0.05595944523593056,294.83506110374555,,,,0.10143728494294474,0.10057994123906665,0.7689629814891253,0.1999816259089372,0.012932920132390781,0.028546212155551087,linear_svm_classifier__raw_primary_with_maturity__baseline__C_1p0__class_weight_balanced,linear_svm_classifier,"LinearSVC(C=1.0,class_weight='balanced',tol=1e-2)",raw_primary_with_maturity,baseline,"{""C"": 1.0, ""class_weight"": ""balanced""}"
linear_svm_classifier__baseline,linear_svm,classification,bbob_train,FE_ratio,FE_ratio=0.3,,,0.3,19440,1403,0.07217078189300412,-0.07045501341769796,-0.05769358257385397,275.8794546370344,,,,0.12131232074194233,0.15851133750355356,0.8076503548913927,0.2279061029717547,-0.022740600474419708,-0.04802092600475755,linear_svm_classifier__raw_primary_with_maturity__baseline__C_1p0__class_weight_balanced,linear_svm_classifier,"LinearSVC(C=1.0,class_weight='balanced',tol=1e-2)",raw_primary_with_maturity,baseline,"{""C"": 1.0, ""class_weight"": ""balanced""}"
linear_svm_classifier__baseline,linear_svm,classification,bbob_train,FE_ratio,FE_ratio=0.35,,,0.35,19440,1388,0.07139917695473251,-0.07482964941049443,-0.062069321341436653,257.6511044439708,,,,0.12769180285576204,0.1316563383543178,0.8287429813711398,0.24252553872109892,-0.21464639120666532,-0.25226899189920615,linear_svm_classifier__raw_primary_with_maturity__baseline__C_1p0__class_weight_balanced,linear_svm_classifier,"LinearSVC(C=1.0,class_weight='balanced',tol=1e-2)",raw_primary_with_maturity,baseline,"{""C"": 1.0, ""class_weight"": ""balanced""}"
linear_svm_classifier__baseline,linear_svm,classification,bbob_train,FE_ratio,FE_ratio=0.4,,,0.4,19440,1376,0.07078189300411522,-0.08176159053440116,-0.06731035034538017,252.55187921031478,,,,0.11071510230973851,0.12941116896456942,0.8314040791011803,0.229812534863598,-0.31851459638427027,-0.37122997232943344,linear_svm_classifier__raw_primary_with_maturity__baseline__C_1p0__class_weight_balanced,linear_svm_classifier,"LinearSVC(C=1.0,class_weight='balanced',tol=1e-2)",raw_primary_with_maturity,baseline,"{""C"": 1.0, ""class_weight"": ""balanced""}"
linear_svm_classifier__baseline,linear_svm,classification,bbob_train,FE_ratio,FE_ratio=0.45,,,0.45,19440,911,0.04686213991769547,-0.09574364894010993,-0.0740343803226563,214.80823720368133,,,,0.05831001347994041,0.02223029945222878,0.8480003369684417,0.20779568875808654,-0.4063293640859201,-0.47430484871258943,linear_svm_classifier__raw_primary_with_maturity__baseline__C_1p0__class_weight_balanced,linear_svm_classifier,"LinearSVC(C=1.0,class_weight='balanced',tol=1e-2)",raw_primary_with_maturity,baseline,"{""C"": 1.0, ""class_weight"": ""balanced""}"
linear_svm_classifier__baseline,linear_svm,classification,bbob_train,FE_ratio,FE_ratio=0.5,,,0.5,19440,752,0.03868312757201646,-0.10761678906395437,-0.08153801385084204,216.74610973067038,,,,0.020900653316321016,-0.025493217675861695,0.8518023711882468,0.1809552996825073,-0.4738378196371578,-0.5270815094934325,linear_svm_classifier__raw_primary_with_maturity__baseline__C_1p0__class_weight_balanced,linear_svm_classifier,"LinearSVC(C=1.0,class_weight='balanced',tol=1e-2)",raw_primary_with_maturity,baseline,"{""C"": 1.0, ""class_weight"": ""balanced""}"
linear_svm_classifier__baseline,linear_svm,classification,bbob_train,FE_ratio,FE_ratio=0.55,,,0.55,19440,784,0.040329218106995884,-0.12055088341199817,-0.09047622006570433,212.50845114181092,,,,-0.016721016713252847,-0.05842391922851481,0.8341204312449679,0.16390657960004726,-0.5315494649831178,-0.5716956785326166,linear_svm_classifier__raw_primary_with_maturity__baseline__C_1p0__class_weight_balanced,linear_svm_classifier,"LinearSVC(C=1.0,class_weight='balanced',tol=1e-2)",raw_primary_with_maturity,baseline,"{""C"": 1.0, ""class_weight"": ""balanced""}"
linear_svm_classifier__baseline,linear_svm,classification,bbob_train,FE_ratio,FE_ratio=0.6,,,0.6,19440,624,0.03209876543209877,-0.13902174819174842,-0.10198680721304745,192.65175785948037,,,,-0.051768333739309,-0.09877997294120483,0.8176873814429619,0.10949123542393098,-0.5833530010495748,-0.6129548455385074,linear_svm_classifier__raw_primary_with_maturity__baseline__C_1p0__class_weight_balanced,linear_svm_classifier,"LinearSVC(C=1.0,class_weight='balanced',tol=1e-2)",raw_primary_with_maturity,baseline,"{""C"": 1.0, ""class_weight"": ""balanced""}"
linear_svm_classifier__baseline,linear_svm,classification,bbob_validation,all,all,,,,64800,3745,0.05779320987654321,-0.09152940558707323,-0.07597107961327272,743.0385345915533,,,,0.015260230228049667,0.09019889730401773,0.8128348195322587,0.17453655817406466,-0.24837161871868568,-0.23272415728250448,linear_svm_classifier__raw_primary_with_maturity__baseline__C_1p0__class_weight_balanced,linear_svm_classifier,"LinearSVC(C=1.0,class_weight='balanced',tol=1e-2)",raw_primary_with_maturity,baseline,"{""C"": 1.0, ""class_weight"": ""balanced""}"
linear_svm_classifier__baseline,linear_svm,classification,bbob_validation,label_source,label_source=changed_algorithm,changed_algorithm,,,16560,2549,0.15392512077294687,-0.05116247729341551,-0.06176568779918107,607.1864253523988,,,,0.4324085487968941,0.33080108106708744,0.8648122941233278,0.5933880512366014,-0.23202527655878738,-0.2096546192509416,linear_svm_classifier__raw_primary_with_maturity__baseline__C_1p0__class_weight_balanced,linear_svm_classifier,"LinearSVC(C=1.0,class_weight='balanced',tol=1e-2)",raw_primary_with_maturity,baseline,"{""C"": 1.0, ""class_weight"": ""balanced""}"
linear_svm_classifier__baseline,linear_svm,classification,bbob_validation,label_source,label_source=same_algorithm,same_algorithm,,,48240,1196,0.024792703150912105,-0.10538670932967216,-0.08462815497687234,135.85210923915443,,,,0.002483369188134655,0.01683110685368105,0.7740805306012531,0.05083688328255518,-0.253983049609397,-0.24396867569272357,linear_svm_classifier__raw_primary_with_maturity__baseline__C_1p0__class_weight_balanced,linear_svm_classifier,"LinearSVC(C=1.0,class_weight='balanced',tol=1e-2)",raw_primary_with_maturity,baseline,"{""C"": 1.0, ""class_weight"": ""balanced""}"
linear_svm_classifier__baseline,linear_svm,classification,bbob_validation,dimension,dimension=10,,10.0,,21600,1470,0.06805555555555555,-0.040708791525251226,-0.036659214049790265,260.3480860696287,,,,0.18745234180475714,0.1458935229302064,0.8180115980818555,0.2032307657078766,-0.244861694491007,-0.23733449525029637,linear_svm_classifier__raw_primary_with_maturity__baseline__C_1p0__class_weight_balanced,linear_svm_classifier,"LinearSVC(C=1.0,class_weight='balanced',tol=1e-2)",raw_primary_with_maturity,baseline,"{""C"": 1.0, ""class_weight"": ""balanced""}"
linear_svm_classifier__baseline,linear_svm,classification,bbob_validation,dimension,dimension=20,,20.0,,21600,1908,0.08833333333333333,-0.05664202206459035,-0.0679457754312032,392.4289080321196,,,,0.3614217431504902,0.30820017798691757,0.8251192845714996,0.2781176843608487,-0.22749448480967405,-0.23925441085920895,linear_svm_classifier__raw_primary_with_maturity__baseline__C_1p0__class_weight_balanced,linear_svm_classifier,"LinearSVC(C=1.0,class_weight='balanced',tol=1e-2)",raw_primary_with_maturity,baseline,"{""C"": 1.0, ""class_weight"": ""balanced""}"
linear_svm_classifier__baseline,linear_svm,classification,bbob_validation,dimension,dimension=40,,40.0,,21600,367,0.01699074074074074,-0.17723740317137815,-0.16708161511555475,90.26154048980496,,,,0.0024137902432512003,0.07749888470372109,0.8165328223469943,0.07104850816497961,-0.27275867685537597,-0.2208076653523478,linear_svm_classifier__raw_primary_with_maturity__baseline__C_1p0__class_weight_balanced,linear_svm_classifier,"LinearSVC(C=1.0,class_weight='balanced',tol=1e-2)",raw_primary_with_maturity,baseline,"{""C"": 1.0, ""class_weight"": ""balanced""}"
linear_svm_classifier__baseline,linear_svm,classification,bbob_validation,FE_ratio,FE_ratio=0.2,,,0.2,6480,296,0.04567901234567901,-0.07854640971495502,-0.05432046807708305,38.557426800468264,,,,-0.02048434507527911,-0.10549812879918744,0.713127928219293,0.072726519162368,-0.07249717379733484,-0.05989966311915092,linear_svm_classifier__raw_primary_with_maturity__baseline__C_1p0__class_weight_balanced,linear_svm_classifier,"LinearSVC(C=1.0,class_weight='balanced',tol=1e-2)",raw_primary_with_maturity,baseline,"{""C"": 1.0, ""class_weight"": ""balanced""}"
linear_svm_classifier__baseline,linear_svm,classification,bbob_validation,FE_ratio,FE_ratio=0.25,,,0.25,6480,292,0.04506172839506173,-0.08209066348445634,-0.05811985784400571,35.463735190300596,,,,-0.05734928206662226,-0.10560043302202916,0.7248696106472093,0.07982457763342021,-0.018187650721096467,0.019574682653364622,linear_svm_classifier__raw_primary_with_maturity__baseline__C_1p0__class_weight_balanced,linear_svm_classifier,"LinearSVC(C=1.0,class_weight='balanced',tol=1e-2)",raw_primary_with_maturity,baseline,"{""C"": 1.0, ""class_weight"": ""balanced""}"
linear_svm_classifier__baseline,linear_svm,classification,bbob_validation,FE_ratio,FE_ratio=0.28,,,0.28,6480,274,0.042283950617283954,-0.08549062609263769,-0.060059978976886724,32.16164278161452,,,,-0.054914406218900765,-0.09191099030861287,0.7493072397562047,0.08054772942430294,-0.05715802052537928,-0.07578817826788999,linear_svm_classifier__raw_primary_with_maturity__baseline__C_1p0__class_weight_balanced,linear_svm_classifier,"LinearSVC(C=1.0,class_weight='balanced',tol=1e-2)",raw_primary_with_maturity,baseline,"{""C"": 1.0, ""class_weight"": ""balanced""}"
linear_svm_classifier__baseline,linear_svm,classification,bbob_validation,FE_ratio,FE_ratio=0.3,,,0.3,6480,284,0.043827160493827164,-0.08706332924379373,-0.061481761258876125,31.652929735382077,,,,0.003841051029532234,-0.04056537083313557,0.77328114912847,0.08292074787439623,-0.04610048280211592,-0.18737172905079452,linear_svm_classifier__raw_primary_with_maturity__baseline__C_1p0__class_weight_balanced,linear_svm_classifier,"LinearSVC(C=1.0,class_weight='balanced',tol=1e-2)",raw_primary_with_maturity,baseline,"{""C"": 1.0, ""class_weight"": ""balanced""}"
linear_svm_classifier__baseline,linear_svm,classification,bbob_validation,FE_ratio,FE_ratio=0.35,,,0.35,6480,256,0.03950617283950617,-0.09341559547051581,-0.06664570006608084,26.439322897806413,,,,0.006666895289350098,-0.04186753599529256,0.7851167105157455,0.07942126005997856,-0.1828799646976587,-0.3534527150577357,linear_svm_classifier__raw_primary_with_maturity__baseline__C_1p0__class_weight_balanced,linear_svm_classifier,"LinearSVC(C=1.0,class_weight='balanced',tol=1e-2)",raw_primary_with_maturity,baseline,"{""C"": 1.0, ""class_weight"": ""balanced""}"
linear_svm_classifier__baseline,linear_svm,classification,bbob_validation,FE_ratio,FE_ratio=0.4,,,0.4,6480,800,0.12345679012345678,-0.07290554260108724,-0.07056462486829276,174.15917724891835,,,,0.3432367491671623,0.13890258273283115,0.8617189700704224,0.42937430209649136,-0.24909567995317014,-0.4299146210224597,linear_svm_classifier__raw_primary_with_maturity__baseline__C_1p0__class_weight_balanced,linear_svm_classifier,"LinearSVC(C=1.0,class_weight='balanced',tol=1e-2)",raw_primary_with_maturity,baseline,"{""C"": 1.0, ""class_weight"": ""balanced""}"
linear_svm_classifier__baseline,linear_svm,classification,bbob_validation,FE_ratio,FE_ratio=0.45,,,0.45,6480,243,0.0375,-0.10186903427734409,-0.07939845101548082,50.56190594132994,,,,0.007492150003938651,-0.041731054518881636,0.8045290583013491,0.09494786164574585,-0.6201142923666058,-0.5219264973063448,linear_svm_classifier__raw_primary_with_maturity__baseline__C_1p0__class_weight_balanced,linear_svm_classifier,"LinearSVC(C=1.0,class_weight='balanced',tol=1e-2)",raw_primary_with_maturity,baseline,"{""C"": 1.0, ""class_weight"": ""balanced""}"
linear_svm_classifier__baseline,linear_svm,classification,bbob_validation,FE_ratio,FE_ratio=0.5,,,0.5,6480,477,0.07361111111111111,-0.08578559846269349,-0.08202974076197492,151.15391573733473,,,,0.33810992999677764,0.05032914295227806,0.8924161259691608,0.5056826743839361,-0.3611196574784141,-0.5482988046713959,linear_svm_classifier__raw_primary_with_maturity__baseline__C_1p0__class_weight_balanced,linear_svm_classifier,"LinearSVC(C=1.0,class_weight='balanced',tol=1e-2)",raw_primary_with_maturity,baseline,"{""C"": 1.0, ""class_weight"": ""balanced""}"
linear_svm_classifier__baseline,linear_svm,classification,bbob_validation,FE_ratio,FE_ratio=0.55,,,0.55,6480,376,0.05802469135802469,-0.11228594071878435,-0.09215825578698267,79.68497550744864,,,,0.1860961548372982,0.030251173832610095,0.8277738176570647,0.20382182358080642,-0.40882737787372175,-0.5807407287608982,linear_svm_classifier__raw_primary_with_maturity__baseline__C_1p0__class_weight_balanced,linear_svm_classifier,"LinearSVC(C=1.0,class_weight='balanced',tol=1e-2)",raw_primary_with_maturity,baseline,"{""C"": 1.0, ""class_weight"": ""balanced""}"
linear_svm_classifier__baseline,linear_svm,classification,bbob_validation,FE_ratio,FE_ratio=0.6,,,0.6,6480,447,0.06898148148148148,-0.11584131580446465,-0.10228898920926656,123.20350275094972,,,,0.2686078572261617,0.06258243046195838,0.8692934572009059,0.34542327944321555,-0.4677358869713599,-0.6154019550514735,linear_svm_classifier__raw_primary_with_maturity__baseline__C_1p0__class_weight_balanced,linear_svm_classifier,"LinearSVC(C=1.0,class_weight='balanced',tol=1e-2)",raw_primary_with_maturity,baseline,"{""C"": 1.0, ""class_weight"": ""balanced""}"
linear_svm_classifier__best_candidate,linear_svm,classification,bbob_train,all,all,,,,194400,11921,0.06132201646090535,-0.08855738467265091,-0.06544428361600368,2511.1122661377594,,,,0.10253284271466101,0.13148853352082265,0.8046493303370503,0.20233999674533226,-0.9083940213801205,-0.905772104583789,linear_svm_classifier__raw_primary_with_maturity__best_candidate__C_0p03__class_weight_null,linear_svm_classifier,"LinearSVC(C=0.03,class_weight=None,tol=1e-2)",raw_primary_with_maturity,best_candidate,"{""C"": 0.03, ""class_weight"": null}"
linear_svm_classifier__best_candidate,linear_svm,classification,bbob_train,label_source,label_source=changed_algorithm,changed_algorithm,,,74400,8470,0.11384408602150538,-0.05859081542569486,-0.06280283172738645,1678.8603444230114,,,,0.25257878775101594,0.2502649715307045,0.8456232335429278,0.34276171969271324,-0.9068803695309989,-0.9113318473147587,linear_svm_classifier__raw_primary_with_maturity__best_candidate__C_0p03__class_weight_null,linear_svm_classifier,"LinearSVC(C=0.03,class_weight=None,tol=1e-2)",raw_primary_with_maturity,best_candidate,"{""C"": 0.03, ""class_weight"": null}"
linear_svm_classifier__best_candidate,linear_svm,classification,bbob_train,label_source,label_source=same_algorithm,same_algorithm,,,120000,3451,0.028758333333333334,-0.10713665760576366,-0.06743423570665175,832.2519217147483,,,,0.01120144909605799,0.05412385874592526,0.695966279098478,0.053293665515530296,-0.9093324855265755,-0.9034183202302963,linear_svm_classifier__raw_primary_with_maturity__best_candidate__C_0p03__class_weight_null,linear_svm_classifier,"LinearSVC(C=0.03,class_weight=None,tol=1e-2)",raw_primary_with_maturity,best_candidate,"{""C"": 0.03, ""class_weight"": null}"
linear_svm_classifier__best_candidate,linear_svm,classification,bbob_train,dimension,dimension=10,,10.0,,64800,2405,0.037114197530864194,-0.04022633237538057,-0.03715828153278458,308.0180086184804,,,,0.09391810211985682,0.3792225037030423,0.8128413855859966,0.15137826215089695,-0.9343921949183311,-0.9316050063750309,linear_svm_classifier__raw_primary_with_maturity__best_candidate__C_0p03__class_weight_null,linear_svm_classifier,"LinearSVC(C=0.03,class_weight=None,tol=1e-2)",raw_primary_with_maturity,best_candidate,"{""C"": 0.03, ""class_weight"": null}"
linear_svm_classifier__best_candidate,linear_svm,classification,bbob_train,dimension,dimension=20,,20.0,,64800,3858,0.059537037037037034,-0.07228172978918257,-0.06716881295115272,823.0687800379324,,,,0.1266224493476183,0.3442939285657351,0.812660876051759,0.2237508945779682,-0.9067254735999164,-0.9052136273582558,linear_svm_classifier__raw_primary_with_maturity__best_candidate__C_0p03__class_weight_null,linear_svm_classifier,"LinearSVC(C=0.03,class_weight=None,tol=1e-2)",raw_primary_with_maturity,best_candidate,"{""C"": 0.03, ""class_weight"": null}"
linear_svm_classifier__best_candidate,linear_svm,classification,bbob_train,dimension,dimension=40,,40.0,,64800,5658,0.08731481481481482,-0.1531640918533896,-0.14272675969545875,1380.025477481347,,,,0.19818323308563854,0.38153916774457225,0.7795504672872507,0.22822803372415076,-0.8840643956221134,-0.8796395389787086,linear_svm_classifier__raw_primary_with_maturity__best_candidate__C_0p03__class_weight_null,linear_svm_classifier,"LinearSVC(C=0.03,class_weight=None,tol=1e-2)",raw_primary_with_maturity,best_candidate,"{""C"": 0.03, ""class_weight"": null}"
linear_svm_classifier__best_candidate,linear_svm,classification,bbob_train,FE_ratio,FE_ratio=0.2,,,0.2,19440,1637,0.08420781893004116,-0.06196176210011554,-0.05049860667501493,304.44205064313394,,,,0.056981281740349596,-0.04576683134266059,0.6448151013788284,0.15827586205804728,-0.8458210134489025,-0.8443100010555752,linear_svm_classifier__raw_primary_with_maturity__best_candidate__C_0p03__class_weight_null,linear_svm_classifier,"LinearSVC(C=0.03,class_weight=None,tol=1e-2)",raw_primary_with_maturity,best_candidate,"{""C"": 0.03, ""class_weight"": null}"
linear_svm_classifier__best_candidate,linear_svm,classification,bbob_train,FE_ratio,FE_ratio=0.25,,,0.25,19440,1530,0.0787037037037037,-0.06684412289960417,-0.05379598025536793,289.0381601639173,,,,0.10256108167754359,0.05774080869758295,0.792603869018294,0.23167263324851023,-0.8170864591436499,-0.8183133997284114,linear_svm_classifier__raw_primary_with_maturity__best_candidate__C_0p03__class_weight_null,linear_svm_classifier,"LinearSVC(C=0.03,class_weight=None,tol=1e-2)",raw_primary_with_maturity,best_candidate,"{""C"": 0.03, ""class_weight"": null}"
linear_svm_classifier__best_candidate,linear_svm,classification,bbob_train,FE_ratio,FE_ratio=0.28,,,0.28,19440,1516,0.07798353909465021,-0.06678863875638497,-0.05595944523593056,294.83506110374555,,,,0.1147196466292094,0.06474775849198507,0.7980907661136231,0.23675871780905253,-0.839706931672517,-0.8465100556136701,linear_svm_classifier__raw_primary_with_maturity__best_candidate__C_0p03__class_weight_null,linear_svm_classifier,"LinearSVC(C=0.03,class_weight=None,tol=1e-2)",raw_primary_with_maturity,best_candidate,"{""C"": 0.03, ""class_weight"": null}"
linear_svm_classifier__best_candidate,linear_svm,classification,bbob_train,FE_ratio,FE_ratio=0.3,,,0.3,19440,1403,0.07217078189300412,-0.07045501341769796,-0.05769358257385397,275.8794546370344,,,,0.11710259528747204,0.11202800561332396,0.8114952668568225,0.2385107573571011,-0.8497541125190387,-0.8677254747693526,linear_svm_classifier__raw_primary_with_maturity__best_candidate__C_0p03__class_weight_null,linear_svm_classifier,"LinearSVC(C=0.03,class_weight=None,tol=1e-2)",raw_primary_with_maturity,best_candidate,"{""C"": 0.03, ""class_weight"": null}"
linear_svm_classifier__best_candidate,linear_svm,classification,bbob_train,FE_ratio,FE_ratio=0.35,,,0.35,19440,1388,0.07139917695473251,-0.07482964941049443,-0.062069321341436653,257.6511044439708,,,,0.12461649568455649,0.0912114445036038,0.8285639436760023,0.24472725376564222,-0.8964745169798701,-0.9179703944474196,linear_svm_classifier__raw_primary_with_maturity__best_candidate__C_0p03__class_weight_null,linear_svm_classifier,"LinearSVC(C=0.03,class_weight=None,tol=1e-2)",raw_primary_with_maturity,best_candidate,"{""C"": 0.03, ""class_weight"": null}"
linear_svm_classifier__best_candidate,linear_svm,classification,bbob_train,FE_ratio,FE_ratio=0.4,,,0.4,19440,1376,0.07078189300411522,-0.08176159053440116,-0.06731035034538017,252.55187921031478,,,,0.11139160344584914,0.09281156675277612,0.8312722400457289,0.23661089105369276,-0.9257598211018525,-0.9497695315956614,linear_svm_classifier__raw_primary_with_maturity__best_candidate__C_0p03__class_weight_null,linear_svm_classifier,"LinearSVC(C=0.03,class_weight=None,tol=1e-2)",raw_primary_with_maturity,best_candidate,"{""C"": 0.03, ""class_weight"": null}"
linear_svm_classifier__best_candidate,linear_svm,classification,bbob_train,FE_ratio,FE_ratio=0.45,,,0.45,19440,911,0.04686213991769547,-0.09574364894010993,-0.0740343803226563,214.80823720368133,,,,0.061834019712702165,-0.013344640228332674,0.8456176833549971,0.20756604624801214,-0.9510720276856148,-0.9779372227068718,linear_svm_classifier__raw_primary_with_maturity__best_candidate__C_0p03__class_weight_null,linear_svm_classifier,"LinearSVC(C=0.03,class_weight=None,tol=1e-2)",raw_primary_with_maturity,best_candidate,"{""C"": 0.03, ""class_weight"": null}"
linear_svm_classifier__best_candidate,linear_svm,classification,bbob_train,FE_ratio,FE_ratio=0.5,,,0.5,19440,752,0.03868312757201646,-0.10761678906395437,-0.08153801385084204,216.74610973067038,,,,0.027760133373608904,-0.05617221212062362,0.8471657628743443,0.1845522570637987,-0.9701068533745123,-0.9933086794911993,linear_svm_classifier__raw_primary_with_maturity__best_candidate__C_0p03__class_weight_null,linear_svm_classifier,"LinearSVC(C=0.03,class_weight=None,tol=1e-2)",raw_primary_with_maturity,best_candidate,"{""C"": 0.03, ""class_weight"": null}"
linear_svm_classifier__best_candidate,linear_svm,classification,bbob_train,FE_ratio,FE_ratio=0.55,,,0.55,19440,784,0.040329218106995884,-0.12055088341199817,-0.09047622006570433,212.50845114181092,,,,-0.012291303095692877,-0.08508794950675916,0.8275764677118704,0.16818825907878,-0.9867955244803159,-1.007236877640263,linear_svm_classifier__raw_primary_with_maturity__best_candidate__C_0p03__class_weight_null,linear_svm_classifier,"LinearSVC(C=0.03,class_weight=None,tol=1e-2)",raw_primary_with_maturity,best_candidate,"{""C"": 0.03, ""class_weight"": null}"
linear_svm_classifier__best_candidate,linear_svm,classification,bbob_train,FE_ratio,FE_ratio=0.6,,,0.6,19440,624,0.03209876543209877,-0.13902174819174842,-0.10198680721304745,192.65175785948037,,,,-0.04799550525186614,-0.12128913661304111,0.8107374009299233,0.11052482502919102,-1.0013629533949293,-1.0220903561509176,linear_svm_classifier__raw_primary_with_maturity__best_candidate__C_0p03__class_weight_null,linear_svm_classifier,"LinearSVC(C=0.03,class_weight=None,tol=1e-2)",raw_primary_with_maturity,best_candidate,"{""C"": 0.03, ""class_weight"": null}"
linear_svm_classifier__best_candidate,linear_svm,classification,bbob_validation,all,all,,,,64800,3745,0.05779320987654321,-0.09152940558707323,-0.07597107961327272,743.0385345915533,,,,0.0405901487620711,0.07257625916444681,0.8139822670775841,0.17529080457445853,-0.884052915511256,-0.9074527242141467,linear_svm_classifier__raw_primary_with_maturity__best_candidate__C_0p03__class_weight_null,linear_svm_classifier,"LinearSVC(C=0.03,class_weight=None,tol=1e-2)",raw_primary_with_maturity,best_candidate,"{""C"": 0.03, ""class_weight"": null}"
linear_svm_classifier__best_candidate,linear_svm,classification,bbob_validation,label_source,label_source=changed_algorithm,changed_algorithm,,,16560,2549,0.15392512077294687,-0.05116247729341551,-0.06176568779918107,607.1864253523988,,,,0.5267963911880075,0.3379119770170297,0.8764374704300458,0.615483663825596,-0.8861174192138408,-0.9038682448723452,linear_svm_classifier__raw_primary_with_maturity__best_candidate__C_0p03__class_weight_null,linear_svm_classifier,"LinearSVC(C=0.03,class_weight=None,tol=1e-2)",raw_primary_with_maturity,best_candidate,"{""C"": 0.03, ""class_weight"": null}"
linear_svm_classifier__best_candidate,linear_svm,classification,bbob_validation,label_source,label_source=same_algorithm,same_algorithm,,,48240,1196,0.024792703150912105,-0.10538670932967216,-0.08462815497687234,135.85210923915443,,,,0.0014825707684512884,-0.007269128142524729,0.7659370477620183,0.04778628222271316,-0.8833442052849954,-0.9096614557927647,linear_svm_classifier__raw_primary_with_maturity__best_candidate__C_0p03__class_weight_null,linear_svm_classifier,"LinearSVC(C=0.03,class_weight=None,tol=1e-2)",raw_primary_with_maturity,best_candidate,"{""C"": 0.03, ""class_weight"": null}"
linear_svm_classifier__best_candidate,linear_svm,classification,bbob_validation,dimension,dimension=10,,10.0,,21600,1470,0.06805555555555555,-0.040708791525251226,-0.036659214049790265,260.3480860696287,,,,0.24625987907975974,0.14932954558270053,0.822149261095397,0.2036517083269547,-0.8951979117719033,-0.9124066223737259,linear_svm_classifier__raw_primary_with_maturity__best_candidate__C_0p03__class_weight_null,linear_svm_classifier,"LinearSVC(C=0.03,class_weight=None,tol=1e-2)",raw_primary_with_maturity,best_candidate,"{""C"": 0.03, ""class_weight"": null}"
linear_svm_classifier__best_candidate,linear_svm,classification,bbob_validation,dimension,dimension=20,,20.0,,21600,1908,0.08833333333333333,-0.05664202206459035,-0.0679457754312032,392.4289080321196,,,,0.4205660615839992,0.3086365748507925,0.8260491442427216,0.28242801769560605,-0.8819599531937119,-0.909545385734461,linear_svm_classifier__raw_primary_with_maturity__best_candidate__C_0p03__class_weight_null,linear_svm_classifier,"LinearSVC(C=0.03,class_weight=None,tol=1e-2)",raw_primary_with_maturity,best_candidate,"{""C"": 0.03, ""class_weight"": null}"
linear_svm_classifier__best_candidate,linear_svm,classification,bbob_validation,dimension,dimension=40,,40.0,,21600,367,0.01699074074074074,-0.17723740317137815,-0.16708161511555475,90.26154048980496,,,,0.011174925106480896,0.08305892364981325,0.8171201811585509,0.07397557527811344,-0.8750008815681526,-0.9005516246019516,linear_svm_classifier__raw_primary_with_maturity__best_candidate__C_0p03__class_weight_null,linear_svm_classifier,"LinearSVC(C=0.03,class_weight=None,tol=1e-2)",raw_primary_with_maturity,best_candidate,"{""C"": 0.03, ""class_weight"": null}"
linear_svm_classifier__best_candidate,linear_svm,classification,bbob_validation,FE_ratio,FE_ratio=0.2,,,0.2,6480,296,0.04567901234567901,-0.07854640971495502,-0.05432046807708305,38.557426800468264,,,,-0.04573789769494503,-0.15318720853309775,0.6272426007831894,0.05553093168935615,-0.8512345650038854,-0.8439712326122237,linear_svm_classifier__raw_primary_with_maturity__best_candidate__C_0p03__class_weight_null,linear_svm_classifier,"LinearSVC(C=0.03,class_weight=None,tol=1e-2)",raw_primary_with_maturity,best_candidate,"{""C"": 0.03, ""class_weight"": null}"
linear_svm_classifier__best_candidate,linear_svm,classification,bbob_validation,FE_ratio,FE_ratio=0.25,,,0.25,6480,292,0.04506172839506173,-0.08209066348445634,-0.05811985784400571,35.463735190300596,,,,-0.03482063931577585,-0.11675882696532178,0.7512773286342989,0.08361423842068837,-0.8259839158856043,-0.8381013557864515,linear_svm_classifier__raw_primary_with_maturity__best_candidate__C_0p03__class_weight_null,linear_svm_classifier,"LinearSVC(C=0.03,class_weight=None,tol=1e-2)",raw_primary_with_maturity,best_candidate,"{""C"": 0.03, ""class_weight"": null}"
linear_svm_classifier__best_candidate,linear_svm,classification,bbob_validation,FE_ratio,FE_ratio=0.28,,,0.28,6480,274,0.042283950617283954,-0.08549062609263769,-0.060059978976886724,32.16164278161452,,,,-0.03177171082546644,-0.12201408450940898,0.7574968655245337,0.08009156059337481,-0.8356126069672537,-0.867849058882844,linear_svm_classifier__raw_primary_with_maturity__best_candidate__C_0p03__class_weight_null,linear_svm_classifier,"LinearSVC(C=0.03,class_weight=None,tol=1e-2)",raw_primary_with_maturity,best_candidate,"{""C"": 0.03, ""class_weight"": null}"
linear_svm_classifier__best_candidate,linear_svm,classification,bbob_validation,FE_ratio,FE_ratio=0.3,,,0.3,6480,284,0.043827160493827164,-0.08706332924379373,-0.061481761258876125,31.652929735382077,,,,0.010469463879326788,-0.07476870844446493,0.7670646214277271,0.08096482542212326,-0.8309178708529941,-0.9027995363538265,linear_svm_classifier__raw_primary_with_maturity__best_candidate__C_0p03__class_weight_null,linear_svm_classifier,"LinearSVC(C=0.03,class_weight=None,tol=1e-2)",raw_primary_with_maturity,best_candidate,"{""C"": 0.03, ""class_weight"": null}"
linear_svm_classifier__best_candidate,linear_svm,classification,bbob_validation,FE_ratio,FE_ratio=0.35,,,0.35,6480,256,0.03950617283950617,-0.09341559547051581,-0.06664570006608084,26.439322897806413,,,,0.01563794580156691,-0.05721161124715411,0.7820414172959511,0.07868477363010917,-0.8660525919055705,-0.9389507661781421,linear_svm_classifier__raw_primary_with_maturity__best_candidate__C_0p03__class_weight_null,linear_svm_classifier,"LinearSVC(C=0.03,class_weight=None,tol=1e-2)",raw_primary_with_maturity,best_candidate,"{""C"": 0.03, ""class_weight"": null}"
linear_svm_classifier__best_candidate,linear_svm,classification,bbob_validation,FE_ratio,FE_ratio=0.4,,,0.4,6480,800,0.12345679012345678,-0.07290554260108724,-0.07056462486829276,174.15917724891835,,,,0.397697860719466,0.12360929786699316,0.8588285651408453,0.4337509731030851,-0.8840396178286412,-0.9580147662916372,linear_svm_classifier__raw_primary_with_maturity__best_candidate__C_0p03__class_weight_null,linear_svm_classifier,"LinearSVC(C=0.03,class_weight=None,tol=1e-2)",raw_primary_with_maturity,best_candidate,"{""C"": 0.03, ""class_weight"": null}"
linear_svm_classifier__best_candidate,linear_svm,classification,bbob_validation,FE_ratio,FE_ratio=0.45,,,0.45,6480,243,0.0375,-0.10186903427734409,-0.07939845101548082,50.56190594132994,,,,0.01366398625983072,-0.06382184571015047,0.8079250932474528,0.09741431506429116,-0.9501892955747401,-0.9821537865256994,linear_svm_classifier__raw_primary_with_maturity__best_candidate__C_0p03__class_weight_null,linear_svm_classifier,"LinearSVC(C=0.03,class_weight=None,tol=1e-2)",raw_primary_with_maturity,best_candidate,"{""C"": 0.03, ""class_weight"": null}"
linear_svm_classifier__best_candidate,linear_svm,classification,bbob_validation,FE_ratio,FE_ratio=0.5,,,0.5,6480,477,0.07361111111111111,-0.08578559846269349,-0.08202974076197492,151.15391573733473,,,,0.41546161124460607,0.02159692273507611,0.8940704350829476,0.5207421129431661,-0.9174478231829092,-0.9938184243391345,linear_svm_classifier__raw_primary_with_maturity__best_candidate__C_0p03__class_weight_null,linear_svm_classifier,"LinearSVC(C=0.03,class_weight=None,tol=1e-2)",raw_primary_with_maturity,best_candidate,"{""C"": 0.03, ""class_weight"": null}"
linear_svm_classifier__best_candidate,linear_svm,classification,bbob_validation,FE_ratio,FE_ratio=0.55,,,0.55,6480,376,0.05802469135802469,-0.11228594071878435,-0.09215825578698267,79.68497550744864,,,,0.2164846218366756,-0.00028376160300736523,0.8293245099132764,0.2039132759866451,-0.9308944266219322,-1.0082603367451366,linear_svm_classifier__raw_primary_with_maturity__best_candidate__C_0p03__class_weight_null,linear_svm_classifier,"LinearSVC(C=0.03,class_weight=None,tol=1e-2)",raw_primary_with_maturity,best_candidate,"{""C"": 0.03, ""class_weight"": null}"
linear_svm_classifier__best_candidate,linear_svm,classification,bbob_validation,FE_ratio,FE_ratio=0.6,,,0.6,6480,447,0.06898148148148148,-0.11584131580446465,-0.10228898920926656,123.20350275094972,,,,0.328172464554573,0.03827749531541503,0.8717567917838911,0.357349662382449,-0.9481564412890283,-1.0209947276898332,linear_svm_classifier__raw_primary_with_maturity__best_candidate__C_0p03__class_weight_null,linear_svm_classifier,"LinearSVC(C=0.03,class_weight=None,tol=1e-2)",raw_primary_with_maturity,best_candidate,"{""C"": 0.03, ""class_weight"": null}"
