model_name,model_family,objective,eval_split,layer,group,label_source,dimension,FE_ratio,rows,u_gt_zero_rows,u_gt_zero_rate,mean_observed_utility,median_observed_utility,positive_utility_sum,threshold_mode,threshold,decision_ela_call_rows,decision_ela_call_rate,mean_observed_utility_under_calls,positive_rows_captured,positive_row_capture_rate,utility_capture_rate,precision_u_gt_zero_under_calls,unhelpful_call_rows,unhelpful_call_rate_within_calls,unhelpful_call_cost_sum,decision_utility_sum,decision_mean_utility,always_ela_mean_utility,never_ela_mean_utility,best_observed_action_mean_utility,candidate_id,base_model_name,estimator,feature_scheme,role,params_json
lda_classifier__baseline,lda,classification,bbob_train,all,all,,,,194400,11921,0.06132201646090535,-0.08855738467265091,-0.06544428361600368,2511.1122661377594,zero,0.0,194400,1.0,-0.08855738467265091,11921,1.0,1.0,0.06132201646090535,182479,0.9386779835390946,19726.667846501095,-17215.555580363336,-0.08855738467265091,-0.08855738467265091,0.0,0.012917244167375308,lda_classifier__raw_primary_with_maturity__baseline__shrinkage_null__solver_svd,lda_classifier,LinearDiscriminantAnalysis(),raw_primary_with_maturity,baseline,"{""shrinkage"": null, ""solver"": ""svd""}"
lda_classifier__baseline,lda,classification,bbob_train,all,all,,,,194400,11921,0.06132201646090535,-0.08855738467265091,-0.06544428361600368,2511.1122661377594,train_utility,0.4640292684462041,3416,0.01757201646090535,0.017409889653135977,1103,0.09252579481587116,0.10412479844407485,0.32289227166276346,2313,0.6771077283372365,201.99687552692575,59.47218305511251,0.0003059268675674512,-0.08855738467265091,0.0,0.012917244167375308,lda_classifier__raw_primary_with_maturity__baseline__shrinkage_null__solver_svd,lda_classifier,LinearDiscriminantAnalysis(),raw_primary_with_maturity,baseline,"{""shrinkage"": null, ""solver"": ""svd""}"
lda_classifier__baseline,lda,classification,bbob_train,all,all,,,,194400,11921,0.06132201646090535,-0.08855738467265091,-0.06544428361600368,2511.1122661377594,top_05,0.250643046175719,9719,0.049994855967078186,-0.015944399020277323,2594,0.21759919469843134,0.22756146891661633,0.26689988681963167,7125,0.7331001131803684,726.396009974917,-154.96361407807527,-0.0007971379325003872,-0.08855738467265091,0.0,0.012917244167375308,lda_classifier__raw_primary_with_maturity__baseline__shrinkage_null__solver_svd,lda_classifier,LinearDiscriminantAnalysis(),raw_primary_with_maturity,baseline,"{""shrinkage"": null, ""solver"": ""svd""}"
lda_classifier__baseline,lda,classification,bbob_train,all,all,,,,194400,11921,0.06132201646090535,-0.08855738467265091,-0.06544428361600368,2511.1122661377594,top_10,0.1404896787392948,19439,0.09999485596707819,-0.032466191030505485,4305,0.3611274221961245,0.4105170291879015,0.22146200936262153,15134,0.7785379906373785,1661.964634894168,-631.1102874419962,-0.0032464520958950423,-0.08855738467265091,0.0,0.012917244167375308,lda_classifier__raw_primary_with_maturity__baseline__shrinkage_null__solver_svd,lda_classifier,LinearDiscriminantAnalysis(),raw_primary_with_maturity,baseline,"{""shrinkage"": null, ""solver"": ""svd""}"
lda_classifier__baseline,lda,classification,bbob_train,all,all,,,,194400,11921,0.06132201646090535,-0.08855738467265091,-0.06544428361600368,2511.1122661377594,top_20,0.07563254382540906,38879,0.1999948559670782,-0.060215846419325224,6674,0.5598523613790789,0.5945555785791539,0.1716607937446951,32205,0.8283392062553049,3834.127699207691,-2341.131892936946,-0.012042859531568651,-0.08855738467265091,0.0,0.012917244167375308,lda_classifier__raw_primary_with_maturity__baseline__shrinkage_null__solver_svd,lda_classifier,LinearDiscriminantAnalysis(),raw_primary_with_maturity,baseline,"{""shrinkage"": null, ""solver"": ""svd""}"
lda_classifier__baseline,lda,classification,bbob_train,label_source,label_source=changed_algorithm,changed_algorithm,,,74400,8470,0.11384408602150538,-0.05859081542569486,-0.06280283172738645,1678.8603444230114,zero,0.0,74400,1.0,-0.05859081542569486,8470,1.0,1.0,0.11384408602150538,65930,0.8861559139784946,6038.01701209471,-4359.1566676716975,-0.05859081542569486,-0.05859081542569486,0.0,0.022565327209986715,lda_classifier__raw_primary_with_maturity__baseline__shrinkage_null__solver_svd,lda_classifier,LinearDiscriminantAnalysis(),raw_primary_with_maturity,baseline,"{""shrinkage"": null, ""solver"": ""svd""}"
lda_classifier__baseline,lda,classification,bbob_train,label_source,label_source=changed_algorithm,changed_algorithm,,,74400,8470,0.11384408602150538,-0.05859081542569486,-0.06280283172738645,1678.8603444230114,train_utility,0.4640292684462041,2652,0.03564516129032258,0.041982581543961686,1056,0.12467532467532468,0.1448812107128967,0.39819004524886875,1596,0.6018099547511312,131.8975130632902,111.33780625458638,0.0014964758905186342,-0.05859081542569486,0.0,0.022565327209986715,lda_classifier__raw_primary_with_maturity__baseline__shrinkage_null__solver_svd,lda_classifier,LinearDiscriminantAnalysis(),raw_primary_with_maturity,baseline,"{""shrinkage"": null, ""solver"": ""svd""}"
lda_classifier__baseline,lda,classification,bbob_train,label_source,label_source=changed_algorithm,changed_algorithm,,,74400,8470,0.11384408602150538,-0.05859081542569486,-0.06280283172738645,1678.8603444230114,top_05,0.250643046175719,6225,0.08366935483870967,0.02752035714643129,2363,0.27898465171192444,0.2953836515051356,0.3795983935742972,3862,0.6204016064257029,324.59367566630397,171.31422323653476,0.002302610527372779,-0.05859081542569486,0.0,0.022565327209986715,lda_classifier__raw_primary_with_maturity__baseline__shrinkage_null__solver_svd,lda_classifier,LinearDiscriminantAnalysis(),raw_primary_with_maturity,baseline,"{""shrinkage"": null, ""solver"": ""svd""}"
lda_classifier__baseline,lda,classification,bbob_train,label_source,label_source=changed_algorithm,changed_algorithm,,,74400,8470,0.11384408602150538,-0.05859081542569486,-0.06280283172738645,1678.8603444230114,top_10,0.1404896787392948,10106,0.13583333333333333,0.029450378165681152,3734,0.44085005903187724,0.5069324651468239,0.36948347516326935,6372,0.6305165248367307,553.4432912932291,297.6255217423736,0.004000343034171689,-0.05859081542569486,0.0,0.022565327209986715,lda_classifier__raw_primary_with_maturity__baseline__shrinkage_null__solver_svd,lda_classifier,LinearDiscriminantAnalysis(),raw_primary_with_maturity,baseline,"{""shrinkage"": null, ""solver"": ""svd""}"
lda_classifier__baseline,lda,classification,bbob_train,label_source,label_source=changed_algorithm,changed_algorithm,,,74400,8470,0.11384408602150538,-0.05859081542569486,-0.06280283172738645,1678.8603444230114,top_20,0.07563254382540906,16822,0.2261021505376344,0.003675951582268726,5447,0.6430932703659976,0.6919663990000484,0.32380216383307575,11375,0.6761978361669243,1099.878089437448,61.836857516924454,0.0008311405580231782,-0.05859081542569486,0.0,0.022565327209986715,lda_classifier__raw_primary_with_maturity__baseline__shrinkage_null__solver_svd,lda_classifier,LinearDiscriminantAnalysis(),raw_primary_with_maturity,baseline,"{""shrinkage"": null, ""solver"": ""svd""}"
lda_classifier__baseline,lda,classification,bbob_train,label_source,label_source=same_algorithm,same_algorithm,,,120000,3451,0.028758333333333334,-0.10713665760576366,-0.06743423570665175,832.2519217147483,zero,0.0,120000,1.0,-0.10713665760576366,3451,1.0,1.0,0.028758333333333334,116549,0.9712416666666667,13688.650834406388,-12856.398912691639,-0.10713665760576366,-0.10713665760576366,0.0,0.006935432680956236,lda_classifier__raw_primary_with_maturity__baseline__shrinkage_null__solver_svd,lda_classifier,LinearDiscriminantAnalysis(),raw_primary_with_maturity,baseline,"{""shrinkage"": null, ""solver"": ""svd""}"
lda_classifier__baseline,lda,classification,bbob_train,label_source,label_source=same_algorithm,same_algorithm,,,120000,3451,0.028758333333333334,-0.10713665760576366,-0.06743423570665175,832.2519217147483,train_utility,0.4640292684462041,764,0.006366666666666666,-0.06788694136056792,47,0.013619240799768183,0.021908918187408154,0.061518324607329845,717,0.9384816753926701,70.09936246363552,-51.86562319947389,-0.0004322135266622824,-0.10713665760576366,0.0,0.006935432680956236,lda_classifier__raw_primary_with_maturity__baseline__shrinkage_null__solver_svd,lda_classifier,LinearDiscriminantAnalysis(),raw_primary_with_maturity,baseline,"{""shrinkage"": null, ""solver"": ""svd""}"
lda_classifier__baseline,lda,classification,bbob_train,label_source,label_source=same_algorithm,same_algorithm,,,120000,3451,0.028758333333333334,-0.10713665760576366,-0.06743423570665175,832.2519217147483,top_05,0.250643046175719,3494,0.029116666666666666,-0.09338232321540071,231,0.06693711967545639,0.09074715843058018,0.06611333714939897,3263,0.9338866628506011,401.8023343086131,-326.27783731461005,-0.0027189819776217506,-0.10713665760576366,0.0,0.006935432680956236,lda_classifier__raw_primary_with_maturity__baseline__shrinkage_null__solver_svd,lda_classifier,LinearDiscriminantAnalysis(),raw_primary_with_maturity,baseline,"{""shrinkage"": null, ""solver"": ""svd""}"
lda_classifier__baseline,lda,classification,bbob_train,label_source,label_source=same_algorithm,same_algorithm,,,120000,3451,0.028758333333333334,-0.10713665760576366,-0.06743423570665175,832.2519217147483,top_10,0.1404896787392948,9333,0.077775,-0.09951096208982854,571,0.16545928716314112,0.21602297300334747,0.0611807564555877,8762,0.9388192435444123,1108.521343600939,-928.7358091843698,-0.007739465076536415,-0.10713665760576366,0.0,0.006935432680956236,lda_classifier__raw_primary_with_maturity__baseline__shrinkage_null__solver_svd,lda_classifier,LinearDiscriminantAnalysis(),raw_primary_with_maturity,baseline,"{""shrinkage"": null, ""solver"": ""svd""}"
lda_classifier__baseline,lda,classification,bbob_train,label_source,label_source=same_algorithm,same_algorithm,,,120000,3451,0.028758333333333334,-0.10713665760576366,-0.06743423570665175,832.2519217147483,top_20,0.07563254382540906,22057,0.18380833333333332,-0.10894358935729564,1227,0.3555491161982034,0.3980535829028928,0.05562859863082015,20830,0.9443714013691799,2734.2496097702433,-2402.96875045387,-0.020024739587115585,-0.10713665760576366,0.0,0.006935432680956236,lda_classifier__raw_primary_with_maturity__baseline__shrinkage_null__solver_svd,lda_classifier,LinearDiscriminantAnalysis(),raw_primary_with_maturity,baseline,"{""shrinkage"": null, ""solver"": ""svd""}"
lda_classifier__baseline,lda,classification,bbob_train,dimension,dimension=10,,10.0,,64800,2405,0.037114197530864194,-0.04022633237538057,-0.03715828153278458,308.0180086184804,zero,0.0,64800,1.0,-0.04022633237538057,2405,1.0,1.0,0.037114197530864194,62395,0.9628858024691358,2914.684346543141,-2606.666337924661,-0.04022633237538057,-0.04022633237538057,0.0,0.004753364330532104,lda_classifier__raw_primary_with_maturity__baseline__shrinkage_null__solver_svd,lda_classifier,LinearDiscriminantAnalysis(),raw_primary_with_maturity,baseline,"{""shrinkage"": null, ""solver"": ""svd""}"
lda_classifier__baseline,lda,classification,bbob_train,dimension,dimension=10,,10.0,,64800,2405,0.037114197530864194,-0.04022633237538057,-0.03715828153278458,308.0180086184804,train_utility,0.4640292684462041,1037,0.016003086419753086,-0.013099061708035063,234,0.0972972972972973,0.10728247898029304,0.2256509161041466,803,0.7743490838958534,46.628662526396205,-13.583726991232364,-0.00020962541653136364,-0.04022633237538057,0.0,0.004753364330532104,lda_classifier__raw_primary_with_maturity__baseline__shrinkage_null__solver_svd,lda_classifier,LinearDiscriminantAnalysis(),raw_primary_with_maturity,baseline,"{""shrinkage"": null, ""solver"": ""svd""}"
lda_classifier__baseline,lda,classification,bbob_train,dimension,dimension=10,,10.0,,64800,2405,0.037114197530864194,-0.04022633237538057,-0.03715828153278458,308.0180086184804,top_05,0.250643046175719,3022,0.046635802469135804,-0.017334491483068926,656,0.2727650727650728,0.27452944272826757,0.21707478491065518,2366,0.7829252150893448,136.94484551813645,-52.38483326183429,-0.0008084079207073192,-0.04022633237538057,0.0,0.004753364330532104,lda_classifier__raw_primary_with_maturity__baseline__shrinkage_null__solver_svd,lda_classifier,LinearDiscriminantAnalysis(),raw_primary_with_maturity,baseline,"{""shrinkage"": null, ""solver"": ""svd""}"
lda_classifier__baseline,lda,classification,bbob_train,dimension,dimension=10,,10.0,,64800,2405,0.037114197530864194,-0.04022633237538057,-0.03715828153278458,308.0180086184804,top_10,0.1404896787392948,6000,0.09259259259259259,-0.01954155063551781,1052,0.43742203742203745,0.4790408397729947,0.17533333333333334,4948,0.8246666666666667,264.8025093269092,-117.24930381310686,-0.0018094028366220196,-0.04022633237538057,0.0,0.004753364330532104,lda_classifier__raw_primary_with_maturity__baseline__shrinkage_null__solver_svd,lda_classifier,LinearDiscriminantAnalysis(),raw_primary_with_maturity,baseline,"{""shrinkage"": null, ""solver"": ""svd""}"
lda_classifier__baseline,lda,classification,bbob_train,dimension,dimension=10,,10.0,,64800,2405,0.037114197530864194,-0.04022633237538057,-0.03715828153278458,308.0180086184804,top_20,0.07563254382540906,11352,0.1751851851851852,-0.028726052889122774,1455,0.604989604989605,0.6553324954026695,0.12817124735729388,9897,0.8718287526427061,527.9523626142314,-326.09815239732177,-0.005032378895020398,-0.04022633237538057,0.0,0.004753364330532104,lda_classifier__raw_primary_with_maturity__baseline__shrinkage_null__solver_svd,lda_classifier,LinearDiscriminantAnalysis(),raw_primary_with_maturity,baseline,"{""shrinkage"": null, ""solver"": ""svd""}"
lda_classifier__baseline,lda,classification,bbob_train,dimension,dimension=20,,20.0,,64800,3858,0.059537037037037034,-0.07228172978918257,-0.06716881295115272,823.0687800379324,zero,0.0,64800,1.0,-0.07228172978918257,3858,1.0,1.0,0.059537037037037034,60942,0.940462962962963,5506.924870376963,-4683.856090339031,-0.07228172978918257,-0.07228172978918257,0.0,0.01270167870428908,lda_classifier__raw_primary_with_maturity__baseline__shrinkage_null__solver_svd,lda_classifier,LinearDiscriminantAnalysis(),raw_primary_with_maturity,baseline,"{""shrinkage"": null, ""solver"": ""svd""}"
lda_classifier__baseline,lda,classification,bbob_train,dimension,dimension=20,,20.0,,64800,3858,0.059537037037037034,-0.07228172978918257,-0.06716881295115272,823.0687800379324,train_utility,0.4640292684462041,1225,0.01890432098765432,0.03944024926107851,431,0.11171591498185589,0.13983077015820503,0.35183673469387755,794,0.6481632653061224,66.77603606105717,48.31430534482118,0.0007455911318645244,-0.07228172978918257,0.0,0.01270167870428908,lda_classifier__raw_primary_with_maturity__baseline__shrinkage_null__solver_svd,lda_classifier,LinearDiscriminantAnalysis(),raw_primary_with_maturity,baseline,"{""shrinkage"": null, ""solver"": ""svd""}"
lda_classifier__baseline,lda,classification,bbob_train,dimension,dimension=20,,20.0,,64800,3858,0.059537037037037034,-0.07228172978918257,-0.06716881295115272,823.0687800379324,top_05,0.250643046175719,3138,0.04842592592592593,0.009123463063990249,1008,0.26127527216174184,0.3097218855652212,0.32122370936902483,2130,0.6787762906309751,226.29298740841327,28.629427094801386,0.00044181214652471275,-0.07228172978918257,0.0,0.01270167870428908,lda_classifier__raw_primary_with_maturity__baseline__shrinkage_null__solver_svd,lda_classifier,LinearDiscriminantAnalysis(),raw_primary_with_maturity,baseline,"{""shrinkage"": null, ""solver"": ""svd""}"
lda_classifier__baseline,lda,classification,bbob_train,dimension,dimension=20,,20.0,,64800,3858,0.059537037037037034,-0.07228172978918257,-0.06716881295115272,823.0687800379324,top_10,0.1404896787392948,6286,0.09700617283950617,-0.013792396123716735,1603,0.4155002592016589,0.5017057492510442,0.25501113585746105,4683,0.744988864142539,499.6373410077572,-86.69900203368343,-0.001337947562248201,-0.07228172978918257,0.0,0.01270167870428908,lda_classifier__raw_primary_with_maturity__baseline__shrinkage_null__solver_svd,lda_classifier,LinearDiscriminantAnalysis(),raw_primary_with_maturity,baseline,"{""shrinkage"": null, ""solver"": ""svd""}"
lda_classifier__baseline,lda,classification,bbob_train,dimension,dimension=20,,20.0,,64800,3858,0.059537037037037034,-0.07228172978918257,-0.06716881295115272,823.0687800379324,top_20,0.07563254382540906,12543,0.19356481481481483,-0.04255671822777738,2280,0.5909797822706065,0.6737256410630675,0.18177469504903132,10263,0.8182253049509687,1088.3114582010646,-533.7889167310118,-0.008237483282885984,-0.07228172978918257,0.0,0.01270167870428908,lda_classifier__raw_primary_with_maturity__baseline__shrinkage_null__solver_svd,lda_classifier,LinearDiscriminantAnalysis(),raw_primary_with_maturity,baseline,"{""shrinkage"": null, ""solver"": ""svd""}"
lda_classifier__baseline,lda,classification,bbob_train,dimension,dimension=40,,40.0,,64800,5658,0.08731481481481482,-0.1531640918533896,-0.14272675969545875,1380.025477481347,zero,0.0,64800,1.0,-0.1531640918533896,5658,1.0,1.0,0.08731481481481482,59142,0.9126851851851852,11305.058629580992,-9925.033152099646,-0.1531640918533896,-0.1531640918533896,0.0,0.021296689467304737,lda_classifier__raw_primary_with_maturity__baseline__shrinkage_null__solver_svd,lda_classifier,LinearDiscriminantAnalysis(),raw_primary_with_maturity,baseline,"{""shrinkage"": null, ""solver"": ""svd""}"
lda_classifier__baseline,lda,classification,bbob_train,dimension,dimension=40,,40.0,,64800,5658,0.08731481481481482,-0.1531640918533896,-0.14272675969545875,1380.025477481347,train_utility,0.4640292684462041,1154,0.017808641975308643,0.021439865425930408,438,0.07741251325556733,0.08212441254913565,0.37954939341421146,716,0.6204506065857885,88.59217693947238,24.741604701523688,0.00038181488736919273,-0.1531640918533896,0.0,0.021296689467304737,lda_classifier__raw_primary_with_maturity__baseline__shrinkage_null__solver_svd,lda_classifier,LinearDiscriminantAnalysis(),raw_primary_with_maturity,baseline,"{""shrinkage"": null, ""solver"": ""svd""}"
lda_classifier__baseline,lda,classification,bbob_train,dimension,dimension=40,,40.0,,64800,5658,0.08731481481481482,-0.1531640918533896,-0.14272675969545875,1380.025477481347,top_05,0.250643046175719,3559,0.05492283950617284,-0.036866593962079905,930,0.16436903499469777,0.16807658476034187,0.2613093565608317,2629,0.7386906434391683,363.15817704836735,-131.2082079110424,-0.0020248180233185553,-0.1531640918533896,0.0,0.021296689467304737,lda_classifier__raw_primary_with_maturity__baseline__shrinkage_null__solver_svd,lda_classifier,LinearDiscriminantAnalysis(),raw_primary_with_maturity,baseline,"{""shrinkage"": null, ""solver"": ""svd""}"
lda_classifier__baseline,lda,classification,bbob_train,dimension,dimension=40,,40.0,,64800,5658,0.08731481481481482,-0.1531640918533896,-0.14272675969545875,1380.025477481347,top_10,0.1404896787392948,7153,0.1103858024691358,-0.059717878036516944,1650,0.2916224814422057,0.3408363183430093,0.23067244512791835,5503,0.7693275548720816,897.5247845595018,-427.16198159520576,-0.006592005888814903,-0.1531640918533896,0.0,0.021296689467304737,lda_classifier__raw_primary_with_maturity__baseline__shrinkage_null__solver_svd,lda_classifier,LinearDiscriminantAnalysis(),raw_primary_with_maturity,baseline,"{""shrinkage"": null, ""solver"": ""svd""}"
lda_classifier__baseline,lda,classification,bbob_train,dimension,dimension=40,,40.0,,64800,5658,0.08731481481481482,-0.1531640918533896,-0.14272675969545875,1380.025477481347,top_20,0.07563254382540906,14984,0.23123456790123456,-0.09885510036095915,2939,0.5194414987628138,0.5337720691419188,0.1961425520555259,12045,0.8038574479444741,2217.8638783923952,-1481.2448238086122,-0.02285871641679957,-0.1531640918533896,0.0,0.021296689467304737,lda_classifier__raw_primary_with_maturity__baseline__shrinkage_null__solver_svd,lda_classifier,LinearDiscriminantAnalysis(),raw_primary_with_maturity,baseline,"{""shrinkage"": null, ""solver"": ""svd""}"
lda_classifier__baseline,lda,classification,bbob_train,FE_ratio,FE_ratio=0.2,,,0.2,19440,1637,0.08420781893004116,-0.06196176210011554,-0.05049860667501493,304.44205064313394,zero,0.0,19440,1.0,-0.06196176210011554,1637,1.0,1.0,0.08420781893004116,17803,0.9157921810699589,1508.9787058693798,-1204.536655226246,-0.06196176210011554,-0.06196176210011554,0.0,0.015660599312918414,lda_classifier__raw_primary_with_maturity__baseline__shrinkage_null__solver_svd,lda_classifier,LinearDiscriminantAnalysis(),raw_primary_with_maturity,baseline,"{""shrinkage"": null, ""solver"": ""svd""}"
lda_classifier__baseline,lda,classification,bbob_train,FE_ratio,FE_ratio=0.2,,,0.2,19440,1637,0.08420781893004116,-0.06196176210011554,-0.05049860667501493,304.44205064313394,train_utility,0.4640292684462041,0,0.0,0.0,0,0.0,0.0,0.0,0,0.0,-0.0,0.0,0.0,-0.06196176210011554,0.0,0.015660599312918414,lda_classifier__raw_primary_with_maturity__baseline__shrinkage_null__solver_svd,lda_classifier,LinearDiscriminantAnalysis(),raw_primary_with_maturity,baseline,"{""shrinkage"": null, ""solver"": ""svd""}"
lda_classifier__baseline,lda,classification,bbob_train,FE_ratio,FE_ratio=0.2,,,0.2,19440,1637,0.08420781893004116,-0.06196176210011554,-0.05049860667501493,304.44205064313394,top_05,0.250643046175719,0,0.0,0.0,0,0.0,0.0,0.0,0,0.0,-0.0,0.0,0.0,-0.06196176210011554,0.0,0.015660599312918414,lda_classifier__raw_primary_with_maturity__baseline__shrinkage_null__solver_svd,lda_classifier,LinearDiscriminantAnalysis(),raw_primary_with_maturity,baseline,"{""shrinkage"": null, ""solver"": ""svd""}"
lda_classifier__baseline,lda,classification,bbob_train,FE_ratio,FE_ratio=0.2,,,0.2,19440,1637,0.08420781893004116,-0.06196176210011554,-0.05049860667501493,304.44205064313394,top_10,0.1404896787392948,225,0.011574074074074073,0.03149136978203405,69,0.042150274893097125,0.05557103740971318,0.30666666666666664,156,0.6933333333333334,9.832602384421731,7.085558200957657,0.0003644834465513198,-0.06196176210011554,0.0,0.015660599312918414,lda_classifier__raw_primary_with_maturity__baseline__shrinkage_null__solver_svd,lda_classifier,LinearDiscriminantAnalysis(),raw_primary_with_maturity,baseline,"{""shrinkage"": null, ""solver"": ""svd""}"
lda_classifier__baseline,lda,classification,bbob_train,FE_ratio,FE_ratio=0.2,,,0.2,19440,1637,0.08420781893004116,-0.06196176210011554,-0.05049860667501493,304.44205064313394,top_20,0.07563254382540906,1551,0.07978395061728395,-0.011491447135541514,334,0.20403176542455712,0.2639775164127608,0.21534493874919408,1217,0.784655061250806,98.18909092760734,-17.823234507224907,-0.0009168330507831743,-0.06196176210011554,0.0,0.015660599312918414,lda_classifier__raw_primary_with_maturity__baseline__shrinkage_null__solver_svd,lda_classifier,LinearDiscriminantAnalysis(),raw_primary_with_maturity,baseline,"{""shrinkage"": null, ""solver"": ""svd""}"
lda_classifier__baseline,lda,classification,bbob_train,FE_ratio,FE_ratio=0.25,,,0.25,19440,1530,0.0787037037037037,-0.06684412289960417,-0.05379598025536793,289.0381601639173,zero,0.0,19440,1.0,-0.06684412289960417,1530,1.0,1.0,0.0787037037037037,17910,0.9212962962962963,1588.4879093322224,-1299.449749168305,-0.06684412289960417,-0.06684412289960417,0.0,0.014868218115427843,lda_classifier__raw_primary_with_maturity__baseline__shrinkage_null__solver_svd,lda_classifier,LinearDiscriminantAnalysis(),raw_primary_with_maturity,baseline,"{""shrinkage"": null, ""solver"": ""svd""}"
lda_classifier__baseline,lda,classification,bbob_train,FE_ratio,FE_ratio=0.25,,,0.25,19440,1530,0.0787037037037037,-0.06684412289960417,-0.05379598025536793,289.0381601639173,train_utility,0.4640292684462041,558,0.028703703703703703,0.03547363983787428,190,0.12418300653594772,0.17108250825782356,0.34050179211469533,368,0.6594982078853047,29.655082393535665,19.79429102953385,0.0010182248471982433,-0.06684412289960417,0.0,0.014868218115427843,lda_classifier__raw_primary_with_maturity__baseline__shrinkage_null__solver_svd,lda_classifier,LinearDiscriminantAnalysis(),raw_primary_with_maturity,baseline,"{""shrinkage"": null, ""solver"": ""svd""}"
lda_classifier__baseline,lda,classification,bbob_train,FE_ratio,FE_ratio=0.25,,,0.25,19440,1530,0.0787037037037037,-0.06684412289960417,-0.05379598025536793,289.0381601639173,top_05,0.250643046175719,1408,0.07242798353909465,0.011012351210291003,400,0.26143790849673204,0.3336924997395779,0.2840909090909091,1008,0.7159090909090909,80.94447568113631,15.505390504089725,0.0007976023921856854,-0.06684412289960417,0.0,0.014868218115427843,lda_classifier__raw_primary_with_maturity__baseline__shrinkage_null__solver_svd,lda_classifier,LinearDiscriminantAnalysis(),raw_primary_with_maturity,baseline,"{""shrinkage"": null, ""solver"": ""svd""}"
lda_classifier__baseline,lda,classification,bbob_train,FE_ratio,FE_ratio=0.25,,,0.25,19440,1530,0.0787037037037037,-0.06684412289960417,-0.05379598025536793,289.0381601639173,top_10,0.1404896787392948,3150,0.16203703703703703,-0.025548514548400878,659,0.43071895424836604,0.520990778195876,0.2092063492063492,2491,0.7907936507936508,231.06403681956633,-80.47782082746278,-0.004139805598120513,-0.06684412289960417,0.0,0.014868218115427843,lda_classifier__raw_primary_with_maturity__baseline__shrinkage_null__solver_svd,lda_classifier,LinearDiscriminantAnalysis(),raw_primary_with_maturity,baseline,"{""shrinkage"": null, ""solver"": ""svd""}"
lda_classifier__baseline,lda,classification,bbob_train,FE_ratio,FE_ratio=0.25,,,0.25,19440,1530,0.0787037037037037,-0.06684412289960417,-0.05379598025536793,289.0381601639173,top_20,0.07563254382540906,7149,0.3677469135802469,-0.04902687719788133,1217,0.7954248366013071,0.820414647741962,0.1702335991047699,5932,0.8297664008952301,587.6242854425187,-350.49314508765366,-0.018029482771998645,-0.06684412289960417,0.0,0.014868218115427843,lda_classifier__raw_primary_with_maturity__baseline__shrinkage_null__solver_svd,lda_classifier,LinearDiscriminantAnalysis(),raw_primary_with_maturity,baseline,"{""shrinkage"": null, ""solver"": ""svd""}"
lda_classifier__baseline,lda,classification,bbob_train,FE_ratio,FE_ratio=0.28,,,0.28,19440,1516,0.07798353909465021,-0.06678863875638497,-0.05595944523593056,294.83506110374555,zero,0.0,19440,1.0,-0.06678863875638497,1516,1.0,1.0,0.07798353909465021,17924,0.9220164609053498,1593.2061985278692,-1298.3711374241238,-0.06678863875638497,-0.06678863875638497,0.0,0.01516641260821736,lda_classifier__raw_primary_with_maturity__baseline__shrinkage_null__solver_svd,lda_classifier,LinearDiscriminantAnalysis(),raw_primary_with_maturity,baseline,"{""shrinkage"": null, ""solver"": ""svd""}"
lda_classifier__baseline,lda,classification,bbob_train,FE_ratio,FE_ratio=0.28,,,0.28,19440,1516,0.07798353909465021,-0.06678863875638497,-0.05595944523593056,294.83506110374555,train_utility,0.4640292684462041,407,0.020936213991769547,0.03831509503054104,153,0.10092348284960422,0.11862887626451224,0.3759213759213759,254,0.6240786240786241,19.38170830468593,15.5942436774302,0.0008021730286743929,-0.06678863875638497,0.0,0.01516641260821736,lda_classifier__raw_primary_with_maturity__baseline__shrinkage_null__solver_svd,lda_classifier,LinearDiscriminantAnalysis(),raw_primary_with_maturity,baseline,"{""shrinkage"": null, ""solver"": ""svd""}"
lda_classifier__baseline,lda,classification,bbob_train,FE_ratio,FE_ratio=0.28,,,0.28,19440,1516,0.07798353909465021,-0.06678863875638497,-0.05595944523593056,294.83506110374555,top_05,0.250643046175719,1182,0.06080246913580247,0.0028338747611748464,348,0.22955145118733508,0.266626445941602,0.29441624365482233,834,0.7055837563451777,75.26118451335806,3.3496399677086757,0.00017230658270106356,-0.06678863875638497,0.0,0.01516641260821736,lda_classifier__raw_primary_with_maturity__baseline__shrinkage_null__solver_svd,lda_classifier,LinearDiscriminantAnalysis(),raw_primary_with_maturity,baseline,"{""shrinkage"": null, ""solver"": ""svd""}"
lda_classifier__baseline,lda,classification,bbob_train,FE_ratio,FE_ratio=0.28,,,0.28,19440,1516,0.07798353909465021,-0.06678863875638497,-0.05595944523593056,294.83506110374555,top_10,0.1404896787392948,2538,0.13055555555555556,-0.016697936263823702,607,0.4003957783641161,0.4688654800576271,0.23916469661150513,1931,0.7608353033884949,180.61734469981207,-42.37936223758458,-0.0021800083455547625,-0.06678863875638497,0.0,0.01516641260821736,lda_classifier__raw_primary_with_maturity__baseline__shrinkage_null__solver_svd,lda_classifier,LinearDiscriminantAnalysis(),raw_primary_with_maturity,baseline,"{""shrinkage"": null, ""solver"": ""svd""}"
lda_classifier__baseline,lda,classification,bbob_train,FE_ratio,FE_ratio=0.28,,,0.28,19440,1516,0.07798353909465021,-0.06678863875638497,-0.05595944523593056,294.83506110374555,top_20,0.07563254382540906,5526,0.28425925925925927,-0.03989486816360966,1065,0.7025065963060686,0.7261786263215202,0.19272529858849077,4461,0.8072747014115093,434.56196113584645,-220.459041472107,-0.011340485672433488,-0.06678863875638497,0.0,0.01516641260821736,lda_classifier__raw_primary_with_maturity__baseline__shrinkage_null__solver_svd,lda_classifier,LinearDiscriminantAnalysis(),raw_primary_with_maturity,baseline,"{""shrinkage"": null, ""solver"": ""svd""}"
lda_classifier__baseline,lda,classification,bbob_train,FE_ratio,FE_ratio=0.3,,,0.3,19440,1403,0.07217078189300412,-0.07045501341769796,-0.05769358257385397,275.8794546370344,zero,0.0,19440,1.0,-0.07045501341769796,1403,1.0,1.0,0.07217078189300412,18037,0.9278292181069959,1645.5249154770827,-1369.6454608400484,-0.07045501341769796,-0.07045501341769796,0.0,0.014191329971040865,lda_classifier__raw_primary_with_maturity__baseline__shrinkage_null__solver_svd,lda_classifier,LinearDiscriminantAnalysis(),raw_primary_with_maturity,baseline,"{""shrinkage"": null, ""solver"": ""svd""}"
lda_classifier__baseline,lda,classification,bbob_train,FE_ratio,FE_ratio=0.3,,,0.3,19440,1403,0.07217078189300412,-0.07045501341769796,-0.05769358257385397,275.8794546370344,train_utility,0.4640292684462041,486,0.025,0.03856107018970084,171,0.12188168210976479,0.1569779878631045,0.35185185185185186,315,0.6481481481481481,24.566321569497674,18.74068011219461,0.0009640267547425211,-0.07045501341769796,0.0,0.014191329971040865,lda_classifier__raw_primary_with_maturity__baseline__shrinkage_null__solver_svd,lda_classifier,LinearDiscriminantAnalysis(),raw_primary_with_maturity,baseline,"{""shrinkage"": null, ""solver"": ""svd""}"
lda_classifier__baseline,lda,classification,bbob_train,FE_ratio,FE_ratio=0.3,,,0.3,19440,1403,0.07217078189300412,-0.07045501341769796,-0.05769358257385397,275.8794546370344,top_05,0.250643046175719,1327,0.06826131687242798,0.005164567123727778,396,0.28225231646471843,0.32372771999844,0.2984174830444612,931,0.7015825169555389,82.45644627087344,6.853380573186769,0.0003525401529417062,-0.07045501341769796,0.0,0.014191329971040865,lda_classifier__raw_primary_with_maturity__baseline__shrinkage_null__solver_svd,lda_classifier,LinearDiscriminantAnalysis(),raw_primary_with_maturity,baseline,"{""shrinkage"": null, ""solver"": ""svd""}"
lda_classifier__baseline,lda,classification,bbob_train,FE_ratio,FE_ratio=0.3,,,0.3,19440,1403,0.07217078189300412,-0.07045501341769796,-0.05769358257385397,275.8794546370344,top_10,0.1404896787392948,2515,0.1293724279835391,-0.018942659242627006,604,0.4305060584461867,0.49204593323372814,0.24015904572564611,1911,0.7598409542743538,183.38615171209852,-47.640787995206935,-0.0024506578186834845,-0.07045501341769796,0.0,0.014191329971040865,lda_classifier__raw_primary_with_maturity__baseline__shrinkage_null__solver_svd,lda_classifier,LinearDiscriminantAnalysis(),raw_primary_with_maturity,baseline,"{""shrinkage"": null, ""solver"": ""svd""}"
lda_classifier__baseline,lda,classification,bbob_train,FE_ratio,FE_ratio=0.3,,,0.3,19440,1403,0.07217078189300412,-0.07045501341769796,-0.05769358257385397,275.8794546370344,top_20,0.07563254382540906,5002,0.2573045267489712,-0.04557309430252526,865,0.616535994297933,0.6695796509860303,0.17293082766893242,4137,0.8270691723310676,412.6798866513133,-227.95661770123138,-0.011726163461997499,-0.07045501341769796,0.0,0.014191329971040865,lda_classifier__raw_primary_with_maturity__baseline__shrinkage_null__solver_svd,lda_classifier,LinearDiscriminantAnalysis(),raw_primary_with_maturity,baseline,"{""shrinkage"": null, ""solver"": ""svd""}"
lda_classifier__baseline,lda,classification,bbob_train,FE_ratio,FE_ratio=0.35,,,0.35,19440,1388,0.07139917695473251,-0.07482964941049443,-0.062069321341436653,257.6511044439708,zero,0.0,19440,1.0,-0.07482964941049443,1388,1.0,1.0,0.07139917695473251,18052,0.9286008230452675,1712.3394889839824,-1454.6883845400116,-0.07482964941049443,-0.07482964941049443,0.0,0.013253657636006727,lda_classifier__raw_primary_with_maturity__baseline__shrinkage_null__solver_svd,lda_classifier,LinearDiscriminantAnalysis(),raw_primary_with_maturity,baseline,"{""shrinkage"": null, ""solver"": ""svd""}"
lda_classifier__baseline,lda,classification,bbob_train,FE_ratio,FE_ratio=0.35,,,0.35,19440,1388,0.07139917695473251,-0.07482964941049443,-0.062069321341436653,257.6511044439708,train_utility,0.4640292684462041,434,0.022325102880658435,0.03853281022856492,159,0.11455331412103746,0.14555930288685257,0.3663594470046083,275,0.6336405529953917,20.78027551169485,16.72323963919717,0.0008602489526335994,-0.07482964941049443,0.0,0.013253657636006727,lda_classifier__raw_primary_with_maturity__baseline__shrinkage_null__solver_svd,lda_classifier,LinearDiscriminantAnalysis(),raw_primary_with_maturity,baseline,"{""shrinkage"": null, ""solver"": ""svd""}"
lda_classifier__baseline,lda,classification,bbob_train,FE_ratio,FE_ratio=0.35,,,0.35,19440,1388,0.07139917695473251,-0.07482964941049443,-0.062069321341436653,257.6511044439708,top_05,0.250643046175719,1091,0.05612139917695473,0.004026341509783041,338,0.24351585014409222,0.2832050028344027,0.30980751604032997,753,0.69019248395967,68.57534317716843,4.392738587173296,0.00022596391909327656,-0.07482964941049443,0.0,0.013253657636006727,lda_classifier__raw_primary_with_maturity__baseline__shrinkage_null__solver_svd,lda_classifier,LinearDiscriminantAnalysis(),raw_primary_with_maturity,baseline,"{""shrinkage"": null, ""solver"": ""svd""}"
lda_classifier__baseline,lda,classification,bbob_train,FE_ratio,FE_ratio=0.35,,,0.35,19440,1388,0.07139917695473251,-0.07482964941049443,-0.062069321341436653,257.6511044439708,top_10,0.1404896787392948,2003,0.10303497942386831,-0.011584206604978642,535,0.3854466858789625,0.44342024319300993,0.2670993509735397,1468,0.7329006490264603,137.45088122126532,-23.203165829772225,-0.001193578489185814,-0.07482964941049443,0.0,0.013253657636006727,lda_classifier__raw_primary_with_maturity__baseline__shrinkage_null__solver_svd,lda_classifier,LinearDiscriminantAnalysis(),raw_primary_with_maturity,baseline,"{""shrinkage"": null, ""solver"": ""svd""}"
lda_classifier__baseline,lda,classification,bbob_train,FE_ratio,FE_ratio=0.35,,,0.35,19440,1388,0.07139917695473251,-0.07482964941049443,-0.062069321341436653,257.6511044439708,top_20,0.07563254382540906,3794,0.19516460905349794,-0.03762491846193288,793,0.5713256484149856,0.6462292057285218,0.20901423299947286,3001,0.7909857670005271,309.250609224477,-142.74894064457334,-0.007343052502292867,-0.07482964941049443,0.0,0.013253657636006727,lda_classifier__raw_primary_with_maturity__baseline__shrinkage_null__solver_svd,lda_classifier,LinearDiscriminantAnalysis(),raw_primary_with_maturity,baseline,"{""shrinkage"": null, ""solver"": ""svd""}"
lda_classifier__baseline,lda,classification,bbob_train,FE_ratio,FE_ratio=0.4,,,0.4,19440,1376,0.07078189300411522,-0.08176159053440116,-0.06731035034538017,252.55187921031478,zero,0.0,19440,1.0,-0.08176159053440116,1376,1.0,1.0,0.07078189300411522,18064,0.9292181069958848,1841.9971991990733,-1589.4453199887585,-0.08176159053440116,-0.08176159053440116,0.0,0.012991351811230182,lda_classifier__raw_primary_with_maturity__baseline__shrinkage_null__solver_svd,lda_classifier,LinearDiscriminantAnalysis(),raw_primary_with_maturity,baseline,"{""shrinkage"": null, ""solver"": ""svd""}"
lda_classifier__baseline,lda,classification,bbob_train,FE_ratio,FE_ratio=0.4,,,0.4,19440,1376,0.07078189300411522,-0.08176159053440116,-0.06731035034538017,252.55187921031478,train_utility,0.4640292684462041,341,0.017541152263374486,0.025266842423262596,116,0.08430232558139535,0.10321572730766579,0.34017595307917886,225,0.6598240469208211,17.451332629277854,8.615993266332545,0.00044320953016113913,-0.08176159053440116,0.0,0.012991351811230182,lda_classifier__raw_primary_with_maturity__baseline__shrinkage_null__solver_svd,lda_classifier,LinearDiscriminantAnalysis(),raw_primary_with_maturity,baseline,"{""shrinkage"": null, ""solver"": ""svd""}"
lda_classifier__baseline,lda,classification,bbob_train,FE_ratio,FE_ratio=0.4,,,0.4,19440,1376,0.07078189300411522,-0.08176159053440116,-0.06731035034538017,252.55187921031478,top_05,0.250643046175719,1032,0.05308641975308642,-0.007716858266609558,304,0.22093023255813954,0.23901049561494506,0.29457364341085274,728,0.7054263565891473,68.32634754968413,-7.963797731141057,-0.0004096603771163095,-0.08176159053440116,0.0,0.012991351811230182,lda_classifier__raw_primary_with_maturity__baseline__shrinkage_null__solver_svd,lda_classifier,LinearDiscriminantAnalysis(),raw_primary_with_maturity,baseline,"{""shrinkage"": null, ""solver"": ""svd""}"
lda_classifier__baseline,lda,classification,bbob_train,FE_ratio,FE_ratio=0.4,,,0.4,19440,1376,0.07078189300411522,-0.08176159053440116,-0.06731035034538017,252.55187921031478,top_10,0.1404896787392948,1927,0.09912551440329218,-0.018768129427723476,507,0.3684593023255814,0.4540506059748209,0.26310326933056566,1420,0.7368967306694344,150.8375192027463,-36.16618540722311,-0.0018604004839106539,-0.08176159053440116,0.0,0.012991351811230182,lda_classifier__raw_primary_with_maturity__baseline__shrinkage_null__solver_svd,lda_classifier,LinearDiscriminantAnalysis(),raw_primary_with_maturity,baseline,"{""shrinkage"": null, ""solver"": ""svd""}"
lda_classifier__baseline,lda,classification,bbob_train,FE_ratio,FE_ratio=0.4,,,0.4,19440,1376,0.07078189300411522,-0.08176159053440116,-0.06731035034538017,252.55187921031478,top_20,0.07563254382540906,3374,0.173559670781893,-0.04443656323361662,693,0.5036337209302325,0.5983441265711152,0.2053941908713693,2681,0.7946058091286307,301.04189793021203,-149.92896435022243,-0.007712395285505269,-0.08176159053440116,0.0,0.012991351811230182,lda_classifier__raw_primary_with_maturity__baseline__shrinkage_null__solver_svd,lda_classifier,LinearDiscriminantAnalysis(),raw_primary_with_maturity,baseline,"{""shrinkage"": null, ""solver"": ""svd""}"
lda_classifier__baseline,lda,classification,bbob_train,FE_ratio,FE_ratio=0.45,,,0.45,19440,911,0.04686213991769547,-0.09574364894010993,-0.0740343803226563,214.80823720368133,zero,0.0,19440,1.0,-0.09574364894010993,911,1.0,1.0,0.04686213991769547,18529,0.9531378600823045,2076.0647725994186,-1861.256535395737,-0.09574364894010993,-0.09574364894010993,0.0,0.011049806440518587,lda_classifier__raw_primary_with_maturity__baseline__shrinkage_null__solver_svd,lda_classifier,LinearDiscriminantAnalysis(),raw_primary_with_maturity,baseline,"{""shrinkage"": null, ""solver"": ""svd""}"
lda_classifier__baseline,lda,classification,bbob_train,FE_ratio,FE_ratio=0.45,,,0.45,19440,911,0.04686213991769547,-0.09574364894010993,-0.0740343803226563,214.80823720368133,train_utility,0.4640292684462041,325,0.016718106995884774,0.00508667861544762,109,0.11964873765093303,0.10027410284772778,0.3353846153846154,216,0.6646153846153846,19.886532719880577,1.6531705500204743,8.503963734673222e-05,-0.09574364894010993,0.0,0.011049806440518587,lda_classifier__raw_primary_with_maturity__baseline__shrinkage_null__solver_svd,lda_classifier,LinearDiscriminantAnalysis(),raw_primary_with_maturity,baseline,"{""shrinkage"": null, ""solver"": ""svd""}"
lda_classifier__baseline,lda,classification,bbob_train,FE_ratio,FE_ratio=0.45,,,0.45,19440,911,0.04686213991769547,-0.09574364894010993,-0.0740343803226563,214.80823720368133,top_05,0.250643046175719,965,0.049639917695473254,-0.033093325424677474,243,0.2667398463227223,0.22364086077539136,0.25181347150259065,722,0.7481865284974093,79.9749581046895,-31.93505903481376,-0.001642749950350502,-0.09574364894010993,0.0,0.011049806440518587,lda_classifier__raw_primary_with_maturity__baseline__shrinkage_null__solver_svd,lda_classifier,LinearDiscriminantAnalysis(),raw_primary_with_maturity,baseline,"{""shrinkage"": null, ""solver"": ""svd""}"
lda_classifier__baseline,lda,classification,bbob_train,FE_ratio,FE_ratio=0.45,,,0.45,19440,911,0.04686213991769547,-0.09574364894010993,-0.0740343803226563,214.80823720368133,top_10,0.1404896787392948,1871,0.09624485596707819,-0.03736189891770881,411,0.45115257958287597,0.4687421630485866,0.21966862640299306,1460,0.780331373597007,170.59379062254064,-69.90411287503318,-0.0035958905799914186,-0.09574364894010993,0.0,0.011049806440518587,lda_classifier__raw_primary_with_maturity__baseline__shrinkage_null__solver_svd,lda_classifier,LinearDiscriminantAnalysis(),raw_primary_with_maturity,baseline,"{""shrinkage"": null, ""solver"": ""svd""}"
lda_classifier__baseline,lda,classification,bbob_train,FE_ratio,FE_ratio=0.45,,,0.45,19440,911,0.04686213991769547,-0.09574364894010993,-0.0740343803226563,214.80823720368133,top_20,0.07563254382540906,3107,0.15982510288065843,-0.06570586728167013,523,0.5740944017563118,0.5870153456311505,0.16832957837141937,2584,0.8316704216285806,330.2438612506862,-204.1481296441491,-0.010501446998155818,-0.09574364894010993,0.0,0.011049806440518587,lda_classifier__raw_primary_with_maturity__baseline__shrinkage_null__solver_svd,lda_classifier,LinearDiscriminantAnalysis(),raw_primary_with_maturity,baseline,"{""shrinkage"": null, ""solver"": ""svd""}"
lda_classifier__baseline,lda,classification,bbob_train,FE_ratio,FE_ratio=0.5,,,0.5,19440,752,0.03868312757201646,-0.10761678906395437,-0.08153801385084204,216.74610973067038,zero,0.0,19440,1.0,-0.10761678906395437,752,1.0,1.0,0.03868312757201646,18688,0.9613168724279836,2308.8164891339434,-2092.070379403273,-0.10761678906395437,-0.10761678906395437,0.0,0.011149491241289628,lda_classifier__raw_primary_with_maturity__baseline__shrinkage_null__solver_svd,lda_classifier,LinearDiscriminantAnalysis(),raw_primary_with_maturity,baseline,"{""shrinkage"": null, ""solver"": ""svd""}"
lda_classifier__baseline,lda,classification,bbob_train,FE_ratio,FE_ratio=0.5,,,0.5,19440,752,0.03868312757201646,-0.10761678906395437,-0.08153801385084204,216.74610973067038,train_utility,0.4640292684462041,308,0.015843621399176954,-0.008730287957173415,83,0.11037234042553191,0.08471355631086111,0.2694805194805195,225,0.7305194805194806,21.050262462638635,-2.688928690809411,-0.00013831937709924956,-0.10761678906395437,0.0,0.011149491241289628,lda_classifier__raw_primary_with_maturity__baseline__shrinkage_null__solver_svd,lda_classifier,LinearDiscriminantAnalysis(),raw_primary_with_maturity,baseline,"{""shrinkage"": null, ""solver"": ""svd""}"
lda_classifier__baseline,lda,classification,bbob_train,FE_ratio,FE_ratio=0.5,,,0.5,19440,752,0.03868312757201646,-0.10761678906395437,-0.08153801385084204,216.74610973067038,top_05,0.250643046175719,955,0.04912551440329218,-0.029224120995833686,233,0.3098404255319149,0.2472164019281291,0.24397905759162303,722,0.7560209424083769,81.49222893055696,-27.909035551021177,-0.0014356499769043816,-0.10761678906395437,0.0,0.011149491241289628,lda_classifier__raw_primary_with_maturity__baseline__shrinkage_null__solver_svd,lda_classifier,LinearDiscriminantAnalysis(),raw_primary_with_maturity,baseline,"{""shrinkage"": null, ""solver"": ""svd""}"
lda_classifier__baseline,lda,classification,bbob_train,FE_ratio,FE_ratio=0.5,,,0.5,19440,752,0.03868312757201646,-0.10761678906395437,-0.08153801385084204,216.74610973067038,top_10,0.1404896787392948,1827,0.09398148148148149,-0.04507862664064582,354,0.47074468085106386,0.4774860987669603,0.19376026272577998,1473,0.80623973727422,185.8519052306732,-82.35865087245989,-0.004236556114838472,-0.10761678906395437,0.0,0.011149491241289628,lda_classifier__raw_primary_with_maturity__baseline__shrinkage_null__solver_svd,lda_classifier,LinearDiscriminantAnalysis(),raw_primary_with_maturity,baseline,"{""shrinkage"": null, ""solver"": ""svd""}"
lda_classifier__baseline,lda,classification,bbob_train,FE_ratio,FE_ratio=0.5,,,0.5,19440,752,0.03868312757201646,-0.10761678906395437,-0.08153801385084204,216.74610973067038,top_20,0.07563254382540906,3040,0.15637860082304528,-0.08005081419406744,445,0.5917553191489362,0.5678177125626975,0.14638157894736842,2595,0.8536184210526315,366.42675538409776,-243.35447514996503,-0.012518234318413838,-0.10761678906395437,0.0,0.011149491241289628,lda_classifier__raw_primary_with_maturity__baseline__shrinkage_null__solver_svd,lda_classifier,LinearDiscriminantAnalysis(),raw_primary_with_maturity,baseline,"{""shrinkage"": null, ""solver"": ""svd""}"
lda_classifier__baseline,lda,classification,bbob_train,FE_ratio,FE_ratio=0.55,,,0.55,19440,784,0.040329218106995884,-0.12055088341199817,-0.09047622006570433,212.50845114181092,zero,0.0,19440,1.0,-0.12055088341199817,784,1.0,1.0,0.040329218106995884,18656,0.9596707818930041,2556.0176246710553,-2343.5091735292444,-0.12055088341199817,-0.12055088341199817,0.0,0.010931504688364757,lda_classifier__raw_primary_with_maturity__baseline__shrinkage_null__solver_svd,lda_classifier,LinearDiscriminantAnalysis(),raw_primary_with_maturity,baseline,"{""shrinkage"": null, ""solver"": ""svd""}"
lda_classifier__baseline,lda,classification,bbob_train,FE_ratio,FE_ratio=0.55,,,0.55,19440,784,0.040329218106995884,-0.12055088341199817,-0.09047622006570433,212.50845114181092,train_utility,0.4640292684462041,284,0.014609053497942387,-0.016986793477887122,76,0.09693877551020408,0.08317793334278092,0.2676056338028169,208,0.7323943661971831,22.500263131571113,-4.824249347719942,-0.00024816097467695176,-0.12055088341199817,0.0,0.010931504688364757,lda_classifier__raw_primary_with_maturity__baseline__shrinkage_null__solver_svd,lda_classifier,LinearDiscriminantAnalysis(),raw_primary_with_maturity,baseline,"{""shrinkage"": null, ""solver"": ""svd""}"
lda_classifier__baseline,lda,classification,bbob_train,FE_ratio,FE_ratio=0.55,,,0.55,19440,784,0.040329218106995884,-0.12055088341199817,-0.09047622006570433,212.50845114181092,top_05,0.250643046175719,891,0.04583333333333333,-0.05354024809727593,199,0.2538265306122449,0.20154640627142903,0.22334455667789002,692,0.77665544332211,90.53467568461241,-47.70436105467285,-0.0024539280377918133,-0.12055088341199817,0.0,0.010931504688364757,lda_classifier__raw_primary_with_maturity__baseline__shrinkage_null__solver_svd,lda_classifier,LinearDiscriminantAnalysis(),raw_primary_with_maturity,baseline,"{""shrinkage"": null, ""solver"": ""svd""}"
lda_classifier__baseline,lda,classification,bbob_train,FE_ratio,FE_ratio=0.55,,,0.55,19440,784,0.040329218106995884,-0.12055088341199817,-0.09047622006570433,212.50845114181092,top_10,0.1404896787392948,1721,0.08852880658436214,-0.06607682343685674,326,0.41581632653061223,0.406710984841148,0.189424753050552,1395,0.810575246949448,200.14773458578335,-113.71821313483045,-0.005849702321750538,-0.12055088341199817,0.0,0.010931504688364757,lda_classifier__raw_primary_with_maturity__baseline__shrinkage_null__solver_svd,lda_classifier,LinearDiscriminantAnalysis(),raw_primary_with_maturity,baseline,"{""shrinkage"": null, ""solver"": ""svd""}"
lda_classifier__baseline,lda,classification,bbob_train,FE_ratio,FE_ratio=0.55,,,0.55,19440,784,0.040329218106995884,-0.12055088341199817,-0.09047622006570433,212.50845114181092,top_20,0.07563254382540906,3110,0.15997942386831276,-0.10611494958334698,424,0.5408163265306123,0.5256613283440786,0.13633440514469453,2686,0.8636655948553055,441.7249679157562,-330.01749320420913,-0.016976208498158906,-0.12055088341199817,0.0,0.010931504688364757,lda_classifier__raw_primary_with_maturity__baseline__shrinkage_null__solver_svd,lda_classifier,LinearDiscriminantAnalysis(),raw_primary_with_maturity,baseline,"{""shrinkage"": null, ""solver"": ""svd""}"
lda_classifier__baseline,lda,classification,bbob_train,FE_ratio,FE_ratio=0.6,,,0.6,19440,624,0.03209876543209877,-0.13902174819174842,-0.10198680721304745,192.65175785948037,zero,0.0,19440,1.0,-0.13902174819174842,624,1.0,1.0,0.03209876543209877,18816,0.9679012345679012,2895.2345427070695,-2702.582784847589,-0.13902174819174842,-0.13902174819174842,0.0,0.009910069848738701,lda_classifier__raw_primary_with_maturity__baseline__shrinkage_null__solver_svd,lda_classifier,LinearDiscriminantAnalysis(),raw_primary_with_maturity,baseline,"{""shrinkage"": null, ""solver"": ""svd""}"
lda_classifier__baseline,lda,classification,bbob_train,FE_ratio,FE_ratio=0.6,,,0.6,19440,624,0.03209876543209877,-0.13902174819174842,-0.10198680721304745,192.65175785948037,train_utility,0.4640292684462041,273,0.01404320987654321,-0.05178116183541028,46,0.07371794871794872,0.06534505453232722,0.1684981684981685,227,0.8315018315018315,26.72509680414345,-14.136257181067004,-0.0007271737233059158,-0.13902174819174842,0.0,0.009910069848738701,lda_classifier__raw_primary_with_maturity__baseline__shrinkage_null__solver_svd,lda_classifier,LinearDiscriminantAnalysis(),raw_primary_with_maturity,baseline,"{""shrinkage"": null, ""solver"": ""svd""}"
lda_classifier__baseline,lda,classification,bbob_train,FE_ratio,FE_ratio=0.6,,,0.6,19440,624,0.03209876543209877,-0.13902174819174842,-0.10198680721304745,192.65175785948037,top_05,0.250643046175719,868,0.04465020576131687,-0.080129620205743,133,0.21314102564102563,0.1519728657010649,0.1532258064516129,735,0.8467741935483871,98.83035006283781,-69.55251033858492,-0.003577804029762599,-0.13902174819174842,0.0,0.009910069848738701,lda_classifier__raw_primary_with_maturity__baseline__shrinkage_null__solver_svd,lda_classifier,LinearDiscriminantAnalysis(),raw_primary_with_maturity,baseline,"{""shrinkage"": null, ""solver"": ""svd""}"
lda_classifier__baseline,lda,classification,bbob_train,FE_ratio,FE_ratio=0.6,,,0.6,19440,624,0.03209876543209877,-0.13902174819174842,-0.10198680721304745,192.65175785948037,top_10,0.1404896787392948,1662,0.08549382716049382,-0.08564834323909785,233,0.3733974358974359,0.3624940811742683,0.14019253910950663,1429,0.8598074608904934,212.18266841526057,-142.34754646338064,-0.007322404653466082,-0.13902174819174842,0.0,0.009910069848738701,lda_classifier__raw_primary_with_maturity__baseline__shrinkage_null__solver_svd,lda_classifier,LinearDiscriminantAnalysis(),raw_primary_with_maturity,baseline,"{""shrinkage"": null, ""solver"": ""svd""}"
lda_classifier__baseline,lda,classification,bbob_train,FE_ratio,FE_ratio=0.6,,,0.6,19440,624,0.03209876543209877,-0.13902174819174842,-0.10198680721304745,192.65175785948037,top_20,0.07563254382540906,3226,0.16594650205761316,-0.14079412621686596,315,0.5048076923076923,0.5096373542627146,0.09764414135151891,2911,0.9023558586484811,552.3843833451763,-454.2018511756096,-0.023364292755946994,-0.13902174819174842,0.0,0.009910069848738701,lda_classifier__raw_primary_with_maturity__baseline__shrinkage_null__solver_svd,lda_classifier,LinearDiscriminantAnalysis(),raw_primary_with_maturity,baseline,"{""shrinkage"": null, ""solver"": ""svd""}"
lda_classifier__baseline,lda,classification,bbob_validation,all,all,,,,64800,3745,0.05779320987654321,-0.09152940558707323,-0.07597107961327272,743.0385345915533,zero,0.0,64800,1.0,-0.09152940558707323,3745,1.0,1.0,0.05779320987654321,61055,0.9422067901234568,6674.1440166339,-5931.105482042345,-0.09152940558707323,-0.09152940558707323,0.0,0.011466644052338786,lda_classifier__raw_primary_with_maturity__baseline__shrinkage_null__solver_svd,lda_classifier,LinearDiscriminantAnalysis(),raw_primary_with_maturity,baseline,"{""shrinkage"": null, ""solver"": ""svd""}"
lda_classifier__baseline,lda,classification,bbob_validation,all,all,,,,64800,3745,0.05779320987654321,-0.09152940558707323,-0.07597107961327272,743.0385345915533,train_utility,0.4640292684462041,2452,0.03783950617283951,0.11429775928386893,767,0.20480640854472631,0.5610328332488974,0.3128058727569331,1685,0.6871941272430668,136.61090851096142,280.25810576404655,0.004324970767963681,-0.09152940558707323,0.0,0.011466644052338786,lda_classifier__raw_primary_with_maturity__baseline__shrinkage_null__solver_svd,lda_classifier,LinearDiscriminantAnalysis(),raw_primary_with_maturity,baseline,"{""shrinkage"": null, ""solver"": ""svd""}"
lda_classifier__baseline,lda,classification,bbob_validation,all,all,,,,64800,3745,0.05779320987654321,-0.09152940558707323,-0.07597107961327272,743.0385345915533,top_05,0.250643046175719,3823,0.05899691358024691,0.03529166534879013,874,0.23337783711615487,0.5822855680548916,0.2286162699450693,2949,0.7713837300549307,297.7405785728923,134.9200366284246,0.002082099330685565,-0.09152940558707323,0.0,0.011466644052338786,lda_classifier__raw_primary_with_maturity__baseline__shrinkage_null__solver_svd,lda_classifier,LinearDiscriminantAnalysis(),raw_primary_with_maturity,baseline,"{""shrinkage"": null, ""solver"": ""svd""}"
lda_classifier__baseline,lda,classification,bbob_validation,all,all,,,,64800,3745,0.05779320987654321,-0.09152940558707323,-0.07597107961327272,743.0385345915533,top_10,0.1404896787392948,9252,0.14277777777777778,-0.04626116946571436,1454,0.3882510013351135,0.6884158130094307,0.15715520968439256,7798,0.8428447903156074,939.5278167849694,-428.0083398967893,-0.0066050669737158845,-0.09152940558707323,0.0,0.011466644052338786,lda_classifier__raw_primary_with_maturity__baseline__shrinkage_null__solver_svd,lda_classifier,LinearDiscriminantAnalysis(),raw_primary_with_maturity,baseline,"{""shrinkage"": null, ""solver"": ""svd""}"
lda_classifier__baseline,lda,classification,bbob_validation,all,all,,,,64800,3745,0.05779320987654321,-0.09152940558707323,-0.07597107961327272,743.0385345915533,top_20,0.07563254382540906,17373,0.26810185185185187,-0.06348153699883215,2612,0.6974632843791723,0.8429092903080136,0.15034824152420423,14761,0.8496517584757958,1729.1788261447837,-1102.864742280711,-0.01701951762778875,-0.09152940558707323,0.0,0.011466644052338786,lda_classifier__raw_primary_with_maturity__baseline__shrinkage_null__solver_svd,lda_classifier,LinearDiscriminantAnalysis(),raw_primary_with_maturity,baseline,"{""shrinkage"": null, ""solver"": ""svd""}"
lda_classifier__baseline,lda,classification,bbob_validation,label_source,label_source=changed_algorithm,changed_algorithm,,,16560,2549,0.15392512077294687,-0.05116247729341551,-0.06176568779918107,607.1864253523988,zero,0.0,16560,1.0,-0.05116247729341551,2549,1.0,1.0,0.15392512077294687,14011,0.8460748792270532,1454.43704933136,-847.2506239789609,-0.05116247729341551,-0.05116247729341551,0.0,0.036665846941569984,lda_classifier__raw_primary_with_maturity__baseline__shrinkage_null__solver_svd,lda_classifier,LinearDiscriminantAnalysis(),raw_primary_with_maturity,baseline,"{""shrinkage"": null, ""solver"": ""svd""}"
lda_classifier__baseline,lda,classification,bbob_validation,label_source,label_source=changed_algorithm,changed_algorithm,,,16560,2549,0.15392512077294687,-0.05116247729341551,-0.06176568779918107,607.1864253523988,train_utility,0.4640292684462041,784,0.04734299516908213,0.5257852270754195,737,0.2891329933307179,0.6805605984791985,0.9400510204081632,47,0.05994897959183673,1.011538999144808,412.21561802712887,0.024892247465406334,-0.05116247729341551,0.0,0.036665846941569984,lda_classifier__raw_primary_with_maturity__baseline__shrinkage_null__solver_svd,lda_classifier,LinearDiscriminantAnalysis(),raw_primary_with_maturity,baseline,"{""shrinkage"": null, ""solver"": ""svd""}"
lda_classifier__baseline,lda,classification,bbob_validation,label_source,label_source=changed_algorithm,changed_algorithm,,,16560,2549,0.15392512077294687,-0.05116247729341551,-0.06176568779918107,607.1864253523988,top_05,0.250643046175719,1012,0.06111111111111111,0.40253409869888757,809,0.31737936445664966,0.695849733465423,0.799407114624506,203,0.20059288537549408,15.146004362015375,407.36450788327426,0.024599306031598687,-0.05116247729341551,0.0,0.036665846941569984,lda_classifier__raw_primary_with_maturity__baseline__shrinkage_null__solver_svd,lda_classifier,LinearDiscriminantAnalysis(),raw_primary_with_maturity,baseline,"{""shrinkage"": null, ""solver"": ""svd""}"
lda_classifier__baseline,lda,classification,bbob_validation,label_source,label_source=changed_algorithm,changed_algorithm,,,16560,2549,0.15392512077294687,-0.05116247729341551,-0.06176568779918107,607.1864253523988,top_10,0.1404896787392948,2100,0.12681159420289856,0.18445906018525451,1159,0.4546881129854845,0.770657902115218,0.5519047619047619,941,0.4480952380952381,80.5689903658836,387.36402638903445,0.023391547487260536,-0.05116247729341551,0.0,0.036665846941569984,lda_classifier__raw_primary_with_maturity__baseline__shrinkage_null__solver_svd,lda_classifier,LinearDiscriminantAnalysis(),raw_primary_with_maturity,baseline,"{""shrinkage"": null, ""solver"": ""svd""}"
lda_classifier__baseline,lda,classification,bbob_validation,label_source,label_source=changed_algorithm,changed_algorithm,,,16560,2549,0.15392512077294687,-0.05116247729341551,-0.06176568779918107,607.1864253523988,top_20,0.07563254382540906,3986,0.24070048309178743,0.09183703803314357,1869,0.7332287171439781,0.8914049263348572,0.4688911189162067,2117,0.5311088810837933,175.18653716267005,366.06243360011024,0.022105219420296512,-0.05116247729341551,0.0,0.036665846941569984,lda_classifier__raw_primary_with_maturity__baseline__shrinkage_null__solver_svd,lda_classifier,LinearDiscriminantAnalysis(),raw_primary_with_maturity,baseline,"{""shrinkage"": null, ""solver"": ""svd""}"
lda_classifier__baseline,lda,classification,bbob_validation,label_source,label_source=same_algorithm,same_algorithm,,,48240,1196,0.024792703150912105,-0.10538670932967216,-0.08462815497687234,135.85210923915443,zero,0.0,48240,1.0,-0.10538670932967216,1196,1.0,1.0,0.024792703150912105,47044,0.9752072968490879,5219.70696730254,-5083.854858063385,-0.10538670932967216,-0.10538670932967216,0.0,0.0028161714187221066,lda_classifier__raw_primary_with_maturity__baseline__shrinkage_null__solver_svd,lda_classifier,LinearDiscriminantAnalysis(),raw_primary_with_maturity,baseline,"{""shrinkage"": null, ""solver"": ""svd""}"
lda_classifier__baseline,lda,classification,bbob_validation,label_source,label_source=same_algorithm,same_algorithm,,,48240,1196,0.024792703150912105,-0.10538670932967216,-0.08462815497687234,135.85210923915443,train_utility,0.4640292684462041,1668,0.0345771144278607,-0.07911121838314288,30,0.02508361204013378,0.02680751347278049,0.017985611510791366,1638,0.9820143884892086,135.5993695118166,-131.95751226308235,-0.0027354376505614084,-0.10538670932967216,0.0,0.0028161714187221066,lda_classifier__raw_primary_with_maturity__baseline__shrinkage_null__solver_svd,lda_classifier,LinearDiscriminantAnalysis(),raw_primary_with_maturity,baseline,"{""shrinkage"": null, ""solver"": ""svd""}"
lda_classifier__baseline,lda,classification,bbob_validation,label_source,label_source=same_algorithm,same_algorithm,,,48240,1196,0.024792703150912105,-0.10538670932967216,-0.08462815497687234,135.85210923915443,top_05,0.250643046175719,2811,0.05827114427860697,-0.09692083644782983,65,0.05434782608695652,0.07471435675804627,0.02312344361437211,2746,0.9768765563856279,282.5945742108769,-272.44447125484965,-0.00564768804425476,-0.10538670932967216,0.0,0.0028161714187221066,lda_classifier__raw_primary_with_maturity__baseline__shrinkage_null__solver_svd,lda_classifier,LinearDiscriminantAnalysis(),raw_primary_with_maturity,baseline,"{""shrinkage"": null, ""solver"": ""svd""}"
lda_classifier__baseline,lda,classification,bbob_validation,label_source,label_source=same_algorithm,same_algorithm,,,48240,1196,0.024792703150912105,-0.10538670932967216,-0.08462815497687234,135.85210923915443,top_10,0.1404896787392948,7152,0.1482587064676617,-0.11400620333974044,295,0.24665551839464883,0.32083756650794715,0.04124720357941834,6857,0.9587527964205816,858.9588264190859,-815.3723662858238,-0.016902412236439134,-0.10538670932967216,0.0,0.0028161714187221066,lda_classifier__raw_primary_with_maturity__baseline__shrinkage_null__solver_svd,lda_classifier,LinearDiscriminantAnalysis(),raw_primary_with_maturity,baseline,"{""shrinkage"": null, ""solver"": ""svd""}"
lda_classifier__baseline,lda,classification,bbob_validation,label_source,label_source=same_algorithm,same_algorithm,,,48240,1196,0.024792703150912105,-0.10538670932967216,-0.08462815497687234,135.85210923915443,top_20,0.07563254382540906,13387,0.27750829187396353,-0.10972788346013455,743,0.6212374581939799,0.626159678916309,0.05550160603570628,12644,0.9444983939642937,1553.9922889821132,-1468.9271758808213,-0.030450397509967274,-0.10538670932967216,0.0,0.0028161714187221066,lda_classifier__raw_primary_with_maturity__baseline__shrinkage_null__solver_svd,lda_classifier,LinearDiscriminantAnalysis(),raw_primary_with_maturity,baseline,"{""shrinkage"": null, ""solver"": ""svd""}"
lda_classifier__baseline,lda,classification,bbob_validation,dimension,dimension=10,,10.0,,21600,1470,0.06805555555555555,-0.040708791525251226,-0.036659214049790265,260.3480860696287,zero,0.0,21600,1.0,-0.040708791525251226,1470,1.0,1.0,0.06805555555555555,20130,0.9319444444444445,1139.657983015055,-879.3098969454265,-0.040708791525251226,-0.040708791525251226,0.0,0.01205315213285318,lda_classifier__raw_primary_with_maturity__baseline__shrinkage_null__solver_svd,lda_classifier,LinearDiscriminantAnalysis(),raw_primary_with_maturity,baseline,"{""shrinkage"": null, ""solver"": ""svd""}"
lda_classifier__baseline,lda,classification,bbob_validation,dimension,dimension=10,,10.0,,21600,1470,0.06805555555555555,-0.040708791525251226,-0.036659214049790265,260.3480860696287,train_utility,0.4640292684462041,813,0.03763888888888889,0.17382043505855527,282,0.19183673469387755,0.6033664837945194,0.34686346863468637,531,0.6531365313653137,15.769295551859337,141.31601370260543,0.0065424080417872885,-0.040708791525251226,0.0,0.01205315213285318,lda_classifier__raw_primary_with_maturity__baseline__shrinkage_null__solver_svd,lda_classifier,LinearDiscriminantAnalysis(),raw_primary_with_maturity,baseline,"{""shrinkage"": null, ""solver"": ""svd""}"
lda_classifier__baseline,lda,classification,bbob_validation,dimension,dimension=10,,10.0,,21600,1470,0.06805555555555555,-0.040708791525251226,-0.036659214049790265,260.3480860696287,top_05,0.250643046175719,1109,0.05134259259259259,0.11688639812379238,307,0.20884353741496597,0.6123204429835786,0.2768259693417493,802,0.7231740306582507,29.789439872796187,129.62701551928572,0.00600125071848545,-0.040708791525251226,0.0,0.01205315213285318,lda_classifier__raw_primary_with_maturity__baseline__shrinkage_null__solver_svd,lda_classifier,LinearDiscriminantAnalysis(),raw_primary_with_maturity,baseline,"{""shrinkage"": null, ""solver"": ""svd""}"
lda_classifier__baseline,lda,classification,bbob_validation,dimension,dimension=10,,10.0,,21600,1470,0.06805555555555555,-0.040708791525251226,-0.036659214049790265,260.3480860696287,top_10,0.1404896787392948,2618,0.1212037037037037,0.02688545588464783,485,0.3299319727891156,0.6784384088547095,0.1852559205500382,2133,0.8147440794499619,106.24401775543983,70.38612350600798,0.003258616828981851,-0.040708791525251226,0.0,0.01205315213285318,lda_classifier__raw_primary_with_maturity__baseline__shrinkage_null__solver_svd,lda_classifier,LinearDiscriminantAnalysis(),raw_primary_with_maturity,baseline,"{""shrinkage"": null, ""solver"": ""svd""}"
lda_classifier__baseline,lda,classification,bbob_validation,dimension,dimension=10,,10.0,,21600,1470,0.06805555555555555,-0.040708791525251226,-0.036659214049790265,260.3480860696287,top_20,0.07563254382540906,5830,0.26990740740740743,-0.01152857922699503,1002,0.6816326530612244,0.8401953229012666,0.17186963979416808,4828,0.8281303602058319,285.9548611353795,-67.21161689338103,-0.003111648930249122,-0.040708791525251226,0.0,0.01205315213285318,lda_classifier__raw_primary_with_maturity__baseline__shrinkage_null__solver_svd,lda_classifier,LinearDiscriminantAnalysis(),raw_primary_with_maturity,baseline,"{""shrinkage"": null, ""solver"": ""svd""}"
lda_classifier__baseline,lda,classification,bbob_validation,dimension,dimension=20,,20.0,,21600,1908,0.08833333333333333,-0.05664202206459035,-0.0679457754312032,392.4289080321196,zero,0.0,21600,1.0,-0.05664202206459035,1908,1.0,1.0,0.08833333333333333,19692,0.9116666666666666,1615.8965846272713,-1223.4676765951515,-0.05664202206459035,-0.05664202206459035,0.0,0.018168005001487023,lda_classifier__raw_primary_with_maturity__baseline__shrinkage_null__solver_svd,lda_classifier,LinearDiscriminantAnalysis(),raw_primary_with_maturity,baseline,"{""shrinkage"": null, ""solver"": ""svd""}"
lda_classifier__baseline,lda,classification,bbob_validation,dimension,dimension=20,,20.0,,21600,1908,0.08833333333333333,-0.05664202206459035,-0.0679457754312032,392.4289080321196,train_utility,0.4640292684462041,818,0.037870370370370374,0.25446649512102754,394,0.20649895178197064,0.5859854755018773,0.48166259168704156,424,0.5183374083129584,21.804047264883543,208.15359300900056,0.009636740417083359,-0.05664202206459035,0.0,0.018168005001487023,lda_classifier__raw_primary_with_maturity__baseline__shrinkage_null__solver_svd,lda_classifier,LinearDiscriminantAnalysis(),raw_primary_with_maturity,baseline,"{""shrinkage"": null, ""solver"": ""svd""}"
lda_classifier__baseline,lda,classification,bbob_validation,dimension,dimension=20,,20.0,,21600,1908,0.08833333333333333,-0.05664202206459035,-0.0679457754312032,392.4289080321196,top_05,0.250643046175719,1269,0.05875,0.14432286586281526,443,0.2321802935010482,0.6001634741846015,0.3490937746256895,826,0.6509062253743105,52.37578003511376,183.1457167799126,0.008478968369440398,-0.05664202206459035,0.0,0.018168005001487023,lda_classifier__raw_primary_with_maturity__baseline__shrinkage_null__solver_svd,lda_classifier,LinearDiscriminantAnalysis(),raw_primary_with_maturity,baseline,"{""shrinkage"": null, ""solver"": ""svd""}"
lda_classifier__baseline,lda,classification,bbob_validation,dimension,dimension=20,,20.0,,21600,1908,0.08833333333333333,-0.05664202206459035,-0.0679457754312032,392.4289080321196,top_10,0.1404896787392948,3065,0.14189814814814813,0.03295819881899965,764,0.40041928721174,0.7025492710000506,0.24926590538336052,2301,0.7507340946166394,174.68376387707764,101.01687938023389,0.0046767073787145315,-0.05664202206459035,0.0,0.018168005001487023,lda_classifier__raw_primary_with_maturity__baseline__shrinkage_null__solver_svd,lda_classifier,LinearDiscriminantAnalysis(),raw_primary_with_maturity,baseline,"{""shrinkage"": null, ""solver"": ""svd""}"
lda_classifier__baseline,lda,classification,bbob_validation,dimension,dimension=20,,20.0,,21600,1908,0.08833333333333333,-0.05664202206459035,-0.0679457754312032,392.4289080321196,top_20,0.07563254382540906,5789,0.2680092592592593,-0.0023077189264660777,1343,0.7038784067085954,0.8566851698767316,0.23199170841250646,4446,0.7680082915874935,349.5474106073488,-13.359384865312165,-0.0006184900400607484,-0.05664202206459035,0.0,0.018168005001487023,lda_classifier__raw_primary_with_maturity__baseline__shrinkage_null__solver_svd,lda_classifier,LinearDiscriminantAnalysis(),raw_primary_with_maturity,baseline,"{""shrinkage"": null, ""solver"": ""svd""}"
lda_classifier__baseline,lda,classification,bbob_validation,dimension,dimension=40,,40.0,,21600,367,0.01699074074074074,-0.17723740317137815,-0.16708161511555475,90.26154048980496,zero,0.0,21600,1.0,-0.17723740317137815,367,1.0,1.0,0.01699074074074074,21233,0.9830092592592593,3918.5894489915727,-3828.327908501768,-0.17723740317137815,-0.17723740317137815,0.0,0.004178775022676155,lda_classifier__raw_primary_with_maturity__baseline__shrinkage_null__solver_svd,lda_classifier,LinearDiscriminantAnalysis(),raw_primary_with_maturity,baseline,"{""shrinkage"": null, ""solver"": ""svd""}"
lda_classifier__baseline,lda,classification,bbob_validation,dimension,dimension=40,,40.0,,21600,367,0.01699074074074074,-0.17723740317137815,-0.16708161511555475,90.26154048980496,train_utility,0.4640292684462041,821,0.038009259259259257,-0.0843014627863087,91,0.24795640326975477,0.3304404576390756,0.11084043848964677,730,0.8891595615103532,99.03756569421853,-69.21150094755943,-0.003204236154979603,-0.17723740317137815,0.0,0.004178775022676155,lda_classifier__raw_primary_with_maturity__baseline__shrinkage_null__solver_svd,lda_classifier,LinearDiscriminantAnalysis(),raw_primary_with_maturity,baseline,"{""shrinkage"": null, ""solver"": ""svd""}"
lda_classifier__baseline,lda,classification,bbob_validation,dimension,dimension=40,,40.0,,21600,367,0.01699074074074074,-0.17723740317137815,-0.16708161511555475,90.26154048980496,top_05,0.250643046175719,1445,0.06689814814814815,-0.12308145029119287,124,0.33787465940054495,0.4179262041120313,0.08581314878892733,1321,0.9141868512110727,215.57535866498233,-177.8526956707737,-0.008233921095869153,-0.17723740317137815,0.0,0.004178775022676155,lda_classifier__raw_primary_with_maturity__baseline__shrinkage_null__solver_svd,lda_classifier,LinearDiscriminantAnalysis(),raw_primary_with_maturity,baseline,"{""shrinkage"": null, ""solver"": ""svd""}"
lda_classifier__baseline,lda,classification,bbob_validation,dimension,dimension=40,,40.0,,21600,367,0.01699074074074074,-0.17723740317137815,-0.16708161511555475,90.26154048980496,top_10,0.1404896787392948,3569,0.16523148148148148,-0.16794938155870864,205,0.55858310626703,0.6557465344401714,0.05743905855982068,3364,0.9425609414401793,658.600035152452,-599.4113427830312,-0.027750525128844034,-0.17723740317137815,0.0,0.004178775022676155,lda_classifier__raw_primary_with_maturity__baseline__shrinkage_null__solver_svd,lda_classifier,LinearDiscriminantAnalysis(),raw_primary_with_maturity,baseline,"{""shrinkage"": null, ""solver"": ""svd""}"
lda_classifier__baseline,lda,classification,bbob_validation,dimension,dimension=40,,40.0,,21600,367,0.01699074074074074,-0.17723740317137815,-0.16708161511555475,90.26154048980496,top_20,0.07563254382540906,5754,0.2663888888888889,-0.17766662157143165,267,0.7275204359673024,0.7908441789568191,0.04640250260688217,5487,0.9535974973931178,1093.6765544020552,-1022.2937405220177,-0.04732841391305638,-0.17723740317137815,0.0,0.004178775022676155,lda_classifier__raw_primary_with_maturity__baseline__shrinkage_null__solver_svd,lda_classifier,LinearDiscriminantAnalysis(),raw_primary_with_maturity,baseline,"{""shrinkage"": null, ""solver"": ""svd""}"
lda_classifier__baseline,lda,classification,bbob_validation,FE_ratio,FE_ratio=0.2,,,0.2,6480,296,0.04567901234567901,-0.07854640971495502,-0.05432046807708305,38.557426800468264,zero,0.0,6480,1.0,-0.07854640971495502,296,1.0,1.0,0.04567901234567901,6184,0.9543209876543209,547.5381617533768,-508.98073495290856,-0.07854640971495502,-0.07854640971495502,0.0,0.005950220185257448,lda_classifier__raw_primary_with_maturity__baseline__shrinkage_null__solver_svd,lda_classifier,LinearDiscriminantAnalysis(),raw_primary_with_maturity,baseline,"{""shrinkage"": null, ""solver"": ""svd""}"
lda_classifier__baseline,lda,classification,bbob_validation,FE_ratio,FE_ratio=0.2,,,0.2,6480,296,0.04567901234567901,-0.07854640971495502,-0.05432046807708305,38.557426800468264,train_utility,0.4640292684462041,0,0.0,0.0,0,0.0,0.0,0.0,0,0.0,-0.0,0.0,0.0,-0.07854640971495502,0.0,0.005950220185257448,lda_classifier__raw_primary_with_maturity__baseline__shrinkage_null__solver_svd,lda_classifier,LinearDiscriminantAnalysis(),raw_primary_with_maturity,baseline,"{""shrinkage"": null, ""solver"": ""svd""}"
lda_classifier__baseline,lda,classification,bbob_validation,FE_ratio,FE_ratio=0.2,,,0.2,6480,296,0.04567901234567901,-0.07854640971495502,-0.05432046807708305,38.557426800468264,top_05,0.250643046175719,1,0.00015432098765432098,-0.10680172392417987,0,0.0,0.0,0.0,1,1.0,0.10680172392417987,-0.10680172392417987,-1.648174751916356e-05,-0.07854640971495502,0.0,0.005950220185257448,lda_classifier__raw_primary_with_maturity__baseline__shrinkage_null__solver_svd,lda_classifier,LinearDiscriminantAnalysis(),raw_primary_with_maturity,baseline,"{""shrinkage"": null, ""solver"": ""svd""}"
lda_classifier__baseline,lda,classification,bbob_validation,FE_ratio,FE_ratio=0.2,,,0.2,6480,296,0.04567901234567901,-0.07854640971495502,-0.05432046807708305,38.557426800468264,top_10,0.1404896787392948,1,0.00015432098765432098,-0.10680172392417987,0,0.0,0.0,0.0,1,1.0,0.10680172392417987,-0.10680172392417987,-1.648174751916356e-05,-0.07854640971495502,0.0,0.005950220185257448,lda_classifier__raw_primary_with_maturity__baseline__shrinkage_null__solver_svd,lda_classifier,LinearDiscriminantAnalysis(),raw_primary_with_maturity,baseline,"{""shrinkage"": null, ""solver"": ""svd""}"
lda_classifier__baseline,lda,classification,bbob_validation,FE_ratio,FE_ratio=0.2,,,0.2,6480,296,0.04567901234567901,-0.07854640971495502,-0.05432046807708305,38.557426800468264,top_20,0.07563254382540906,268,0.04135802469135803,-0.05532797586585223,6,0.02027027027027027,0.011222612757383187,0.022388059701492536,262,0.9776119402985075,15.260612601951202,-14.827897532048398,-0.0022882557919827774,-0.07854640971495502,0.0,0.005950220185257448,lda_classifier__raw_primary_with_maturity__baseline__shrinkage_null__solver_svd,lda_classifier,LinearDiscriminantAnalysis(),raw_primary_with_maturity,baseline,"{""shrinkage"": null, ""solver"": ""svd""}"
lda_classifier__baseline,lda,classification,bbob_validation,FE_ratio,FE_ratio=0.25,,,0.25,6480,292,0.04506172839506173,-0.08209066348445634,-0.05811985784400571,35.463735190300596,zero,0.0,6480,1.0,-0.08209066348445634,292,1.0,1.0,0.04506172839506173,6188,0.9549382716049383,567.4112345695777,-531.9474993792771,-0.08209066348445634,-0.08209066348445634,0.0,0.005472798640478487,lda_classifier__raw_primary_with_maturity__baseline__shrinkage_null__solver_svd,lda_classifier,LinearDiscriminantAnalysis(),raw_primary_with_maturity,baseline,"{""shrinkage"": null, ""solver"": ""svd""}"
lda_classifier__baseline,lda,classification,bbob_validation,FE_ratio,FE_ratio=0.25,,,0.25,6480,292,0.04506172839506173,-0.08209066348445634,-0.05811985784400571,35.463735190300596,train_utility,0.4640292684462041,273,0.04212962962962963,-0.060908892421359544,1,0.003424657534246575,0.0015276801238412149,0.003663003663003663,272,0.9963369963369964,16.682304874398543,-16.628127631031155,-0.0025660690788628327,-0.08209066348445634,0.0,0.005472798640478487,lda_classifier__raw_primary_with_maturity__baseline__shrinkage_null__solver_svd,lda_classifier,LinearDiscriminantAnalysis(),raw_primary_with_maturity,baseline,"{""shrinkage"": null, ""solver"": ""svd""}"
lda_classifier__baseline,lda,classification,bbob_validation,FE_ratio,FE_ratio=0.25,,,0.25,6480,292,0.04506172839506173,-0.08209066348445634,-0.05811985784400571,35.463735190300596,top_05,0.250643046175719,370,0.05709876543209876,-0.07355429297642906,4,0.0136986301369863,0.013232649404585236,0.010810810810810811,366,0.9891891891891892,27.684367575629047,-27.215088401278752,-0.004199859321184993,-0.08209066348445634,0.0,0.005472798640478487,lda_classifier__raw_primary_with_maturity__baseline__shrinkage_null__solver_svd,lda_classifier,LinearDiscriminantAnalysis(),raw_primary_with_maturity,baseline,"{""shrinkage"": null, ""solver"": ""svd""}"
lda_classifier__baseline,lda,classification,bbob_validation,FE_ratio,FE_ratio=0.25,,,0.25,6480,292,0.04506172839506173,-0.08209066348445634,-0.05811985784400571,35.463735190300596,top_10,0.1404896787392948,851,0.13132716049382717,-0.08087140262162273,68,0.2328767123287671,0.3340426288229843,0.0799059929494712,783,0.9200940070505288,80.66796296185113,-68.82156363100094,-0.010620611671450763,-0.08209066348445634,0.0,0.005472798640478487,lda_classifier__raw_primary_with_maturity__baseline__shrinkage_null__solver_svd,lda_classifier,LinearDiscriminantAnalysis(),raw_primary_with_maturity,baseline,"{""shrinkage"": null, ""solver"": ""svd""}"
lda_classifier__baseline,lda,classification,bbob_validation,FE_ratio,FE_ratio=0.25,,,0.25,6480,292,0.04506172839506173,-0.08209066348445634,-0.05811985784400571,35.463735190300596,top_20,0.07563254382540906,1938,0.29907407407407405,-0.07346068879872476,212,0.726027397260274,0.7553977067475991,0.10939112487100103,1726,0.890608875128999,169.15603912738578,-142.36681489192858,-0.02197018748332231,-0.08209066348445634,0.0,0.005472798640478487,lda_classifier__raw_primary_with_maturity__baseline__shrinkage_null__solver_svd,lda_classifier,LinearDiscriminantAnalysis(),raw_primary_with_maturity,baseline,"{""shrinkage"": null, ""solver"": ""svd""}"
lda_classifier__baseline,lda,classification,bbob_validation,FE_ratio,FE_ratio=0.28,,,0.28,6480,274,0.042283950617283954,-0.08549062609263769,-0.060059978976886724,32.16164278161452,zero,0.0,6480,1.0,-0.08549062609263769,274,1.0,1.0,0.042283950617283954,6206,0.957716049382716,586.1408998619067,-553.9792570802922,-0.08549062609263769,-0.08549062609263769,0.0,0.004963216478644216,lda_classifier__raw_primary_with_maturity__baseline__shrinkage_null__solver_svd,lda_classifier,LinearDiscriminantAnalysis(),raw_primary_with_maturity,baseline,"{""shrinkage"": null, ""solver"": ""svd""}"
lda_classifier__baseline,lda,classification,bbob_validation,FE_ratio,FE_ratio=0.28,,,0.28,6480,274,0.042283950617283954,-0.08549062609263769,-0.060059978976886724,32.16164278161452,train_utility,0.4640292684462041,271,0.04182098765432099,-0.05979978945911571,7,0.025547445255474453,0.018277926977257115,0.025830258302583026,264,0.974169741697417,16.793591101651337,-16.20574294342036,-0.002500886256700673,-0.08549062609263769,0.0,0.004963216478644216,lda_classifier__raw_primary_with_maturity__baseline__shrinkage_null__solver_svd,lda_classifier,LinearDiscriminantAnalysis(),raw_primary_with_maturity,baseline,"{""shrinkage"": null, ""solver"": ""svd""}"
lda_classifier__baseline,lda,classification,bbob_validation,FE_ratio,FE_ratio=0.28,,,0.28,6480,274,0.042283950617283954,-0.08549062609263769,-0.060059978976886724,32.16164278161452,top_05,0.250643046175719,379,0.05848765432098765,-0.07225997903543521,12,0.043795620437956206,0.04525755326677385,0.0316622691292876,367,0.9683377308707124,28.842089315765815,-27.386532054429942,-0.004226316675066349,-0.08549062609263769,0.0,0.004963216478644216,lda_classifier__raw_primary_with_maturity__baseline__shrinkage_null__solver_svd,lda_classifier,LinearDiscriminantAnalysis(),raw_primary_with_maturity,baseline,"{""shrinkage"": null, ""solver"": ""svd""}"
lda_classifier__baseline,lda,classification,bbob_validation,FE_ratio,FE_ratio=0.28,,,0.28,6480,274,0.042283950617283954,-0.08549062609263769,-0.060059978976886724,32.16164278161452,top_10,0.1404896787392948,932,0.14382716049382716,-0.08782135805662909,64,0.23357664233576642,0.2906961277843766,0.06866952789699571,868,0.9313304721030042,91.198770728578,-81.84950570877831,-0.012631096559996653,-0.08549062609263769,0.0,0.004963216478644216,lda_classifier__raw_primary_with_maturity__baseline__shrinkage_null__solver_svd,lda_classifier,LinearDiscriminantAnalysis(),raw_primary_with_maturity,baseline,"{""shrinkage"": null, ""solver"": ""svd""}"
lda_classifier__baseline,lda,classification,bbob_validation,FE_ratio,FE_ratio=0.28,,,0.28,6480,274,0.042283950617283954,-0.08549062609263769,-0.060059978976886724,32.16164278161452,top_20,0.07563254382540906,2001,0.3087962962962963,-0.0790797267121561,200,0.7299270072992701,0.7695138201851529,0.09995002498750624,1801,0.9000499750124937,182.9873617513348,-158.2385331510244,-0.0244195267208371,-0.08549062609263769,0.0,0.004963216478644216,lda_classifier__raw_primary_with_maturity__baseline__shrinkage_null__solver_svd,lda_classifier,LinearDiscriminantAnalysis(),raw_primary_with_maturity,baseline,"{""shrinkage"": null, ""solver"": ""svd""}"
lda_classifier__baseline,lda,classification,bbob_validation,FE_ratio,FE_ratio=0.3,,,0.3,6480,284,0.043827160493827164,-0.08706332924379373,-0.061481761258876125,31.652929735382077,zero,0.0,6480,1.0,-0.08706332924379373,284,1.0,1.0,0.043827160493827164,6196,0.9561728395061728,595.8233032351654,-564.1703734997834,-0.08706332924379373,-0.08706332924379373,0.0,0.004884711378916987,lda_classifier__raw_primary_with_maturity__baseline__shrinkage_null__solver_svd,lda_classifier,LinearDiscriminantAnalysis(),raw_primary_with_maturity,baseline,"{""shrinkage"": null, ""solver"": ""svd""}"
lda_classifier__baseline,lda,classification,bbob_validation,FE_ratio,FE_ratio=0.3,,,0.3,6480,284,0.043827160493827164,-0.08706332924379373,-0.061481761258876125,31.652929735382077,train_utility,0.4640292684462041,276,0.04259259259259259,-0.0633652817845979,4,0.014084507042253521,0.011546872930859795,0.014492753623188406,272,0.9855072463768116,17.85431013009291,-17.48881777254902,-0.0026988916315662066,-0.08706332924379373,0.0,0.004884711378916987,lda_classifier__raw_primary_with_maturity__baseline__shrinkage_null__solver_svd,lda_classifier,LinearDiscriminantAnalysis(),raw_primary_with_maturity,baseline,"{""shrinkage"": null, ""solver"": ""svd""}"
lda_classifier__baseline,lda,classification,bbob_validation,FE_ratio,FE_ratio=0.3,,,0.3,6480,284,0.043827160493827164,-0.08706332924379373,-0.061481761258876125,31.652929735382077,top_05,0.250643046175719,579,0.08935185185185185,-0.07579904485746697,21,0.07394366197183098,0.10227295254072734,0.03626943005181347,558,0.9637305699481865,47.12488555307508,-43.88764697247338,-0.006772785026616262,-0.08706332924379373,0.0,0.004884711378916987,lda_classifier__raw_primary_with_maturity__baseline__shrinkage_null__solver_svd,lda_classifier,LinearDiscriminantAnalysis(),raw_primary_with_maturity,baseline,"{""shrinkage"": null, ""solver"": ""svd""}"
lda_classifier__baseline,lda,classification,bbob_validation,FE_ratio,FE_ratio=0.3,,,0.3,6480,284,0.043827160493827164,-0.08706332924379373,-0.061481761258876125,31.652929735382077,top_10,0.1404896787392948,1452,0.22407407407407406,-0.07856141260855126,116,0.4084507042253521,0.4602142910634631,0.07988980716253444,1336,0.9201101928374655,128.6383017258669,-114.07117110761641,-0.01760357578821241,-0.08706332924379373,0.0,0.004884711378916987,lda_classifier__raw_primary_with_maturity__baseline__shrinkage_null__solver_svd,lda_classifier,LinearDiscriminantAnalysis(),raw_primary_with_maturity,baseline,"{""shrinkage"": null, ""solver"": ""svd""}"
lda_classifier__baseline,lda,classification,bbob_validation,FE_ratio,FE_ratio=0.3,,,0.3,6480,284,0.043827160493827164,-0.08706332924379373,-0.061481761258876125,31.652929735382077,top_20,0.07563254382540906,2277,0.35138888888888886,-0.07737792812386131,253,0.8908450704225352,0.911748403010779,0.1111111111111111,2024,0.8888888888888888,205.04905047487927,-176.1895423380322,-0.02718974418796793,-0.08706332924379373,0.0,0.004884711378916987,lda_classifier__raw_primary_with_maturity__baseline__shrinkage_null__solver_svd,lda_classifier,LinearDiscriminantAnalysis(),raw_primary_with_maturity,baseline,"{""shrinkage"": null, ""solver"": ""svd""}"
lda_classifier__baseline,lda,classification,bbob_validation,FE_ratio,FE_ratio=0.35,,,0.35,6480,256,0.03950617283950617,-0.09341559547051581,-0.06664570006608084,26.439322897806413,zero,0.0,6480,1.0,-0.09341559547051581,256,1.0,1.0,0.03950617283950617,6224,0.9604938271604938,631.7723815467489,-605.3330586489425,-0.09341559547051581,-0.09341559547051581,0.0,0.00408014242250099,lda_classifier__raw_primary_with_maturity__baseline__shrinkage_null__solver_svd,lda_classifier,LinearDiscriminantAnalysis(),raw_primary_with_maturity,baseline,"{""shrinkage"": null, ""solver"": ""svd""}"
lda_classifier__baseline,lda,classification,bbob_validation,FE_ratio,FE_ratio=0.35,,,0.35,6480,256,0.03950617283950617,-0.09341559547051581,-0.06664570006608084,26.439322897806413,train_utility,0.4640292684462041,276,0.04259259259259259,-0.06659638644293855,5,0.01953125,0.024201301803879992,0.018115942028985508,271,0.9818840579710145,19.020468691191084,-18.380602658251036,-0.0028365127559029377,-0.09341559547051581,0.0,0.00408014242250099,lda_classifier__raw_primary_with_maturity__baseline__shrinkage_null__solver_svd,lda_classifier,LinearDiscriminantAnalysis(),raw_primary_with_maturity,baseline,"{""shrinkage"": null, ""solver"": ""svd""}"
lda_classifier__baseline,lda,classification,bbob_validation,FE_ratio,FE_ratio=0.35,,,0.35,6480,256,0.03950617283950617,-0.09341559547051581,-0.06664570006608084,26.439322897806413,top_05,0.250643046175719,449,0.06929012345679013,-0.08098735235798539,19,0.07421875,0.12715010247384226,0.042316258351893093,430,0.9576837416481069,39.725083824530536,-36.36332120873544,-0.005611623643323371,-0.09341559547051581,0.0,0.00408014242250099,lda_classifier__raw_primary_with_maturity__baseline__shrinkage_null__solver_svd,lda_classifier,LinearDiscriminantAnalysis(),raw_primary_with_maturity,baseline,"{""shrinkage"": null, ""solver"": ""svd""}"
lda_classifier__baseline,lda,classification,bbob_validation,FE_ratio,FE_ratio=0.35,,,0.35,6480,256,0.03950617283950617,-0.09341559547051581,-0.06664570006608084,26.439322897806413,top_10,0.1404896787392948,1163,0.1794753086419753,-0.09102043842286071,80,0.3125,0.4031237709434069,0.06878761822871883,1083,0.9312123817712812,116.51508943354108,-105.856769885787,-0.016335921278670833,-0.09341559547051581,0.0,0.00408014242250099,lda_classifier__raw_primary_with_maturity__baseline__shrinkage_null__solver_svd,lda_classifier,LinearDiscriminantAnalysis(),raw_primary_with_maturity,baseline,"{""shrinkage"": null, ""solver"": ""svd""}"
lda_classifier__baseline,lda,classification,bbob_validation,FE_ratio,FE_ratio=0.35,,,0.35,6480,256,0.03950617283950617,-0.09341559547051581,-0.06664570006608084,26.439322897806413,top_20,0.07563254382540906,2004,0.30925925925925923,-0.08616229214134709,186,0.7265625,0.7546576178177365,0.09281437125748503,1818,0.907185628742515,192.6218698860321,-172.6692334512596,-0.026646486643712903,-0.09341559547051581,0.0,0.00408014242250099,lda_classifier__raw_primary_with_maturity__baseline__shrinkage_null__solver_svd,lda_classifier,LinearDiscriminantAnalysis(),raw_primary_with_maturity,baseline,"{""shrinkage"": null, ""solver"": ""svd""}"
lda_classifier__baseline,lda,classification,bbob_validation,FE_ratio,FE_ratio=0.4,,,0.4,6480,800,0.12345679012345678,-0.07290554260108724,-0.07056462486829276,174.15917724891835,zero,0.0,6480,1.0,-0.07290554260108724,800,1.0,1.0,0.12345679012345678,5680,0.8765432098765432,646.5870933039637,-472.42791605504533,-0.07290554260108724,-0.07290554260108724,0.0,0.02687641624211703,lda_classifier__raw_primary_with_maturity__baseline__shrinkage_null__solver_svd,lda_classifier,LinearDiscriminantAnalysis(),raw_primary_with_maturity,baseline,"{""shrinkage"": null, ""solver"": ""svd""}"
lda_classifier__baseline,lda,classification,bbob_validation,FE_ratio,FE_ratio=0.4,,,0.4,6480,800,0.12345679012345678,-0.07290554260108724,-0.07056462486829276,174.15917724891835,train_utility,0.4640292684462041,274,0.042283950617283954,0.3488211326552535,210,0.2625,0.5978001040775015,0.7664233576642335,64,0.23357664233576642,8.535383937915967,95.57699034753945,0.014749535547459792,-0.07290554260108724,0.0,0.02687641624211703,lda_classifier__raw_primary_with_maturity__baseline__shrinkage_null__solver_svd,lda_classifier,LinearDiscriminantAnalysis(),raw_primary_with_maturity,baseline,"{""shrinkage"": null, ""solver"": ""svd""}"
lda_classifier__baseline,lda,classification,bbob_validation,FE_ratio,FE_ratio=0.4,,,0.4,6480,800,0.12345679012345678,-0.07290554260108724,-0.07056462486829276,174.15917724891835,top_05,0.250643046175719,438,0.06759259259259259,0.1928434158733736,247,0.30875,0.6300413081426985,0.5639269406392694,191,0.4360730593607306,25.262059706426996,84.46541615253763,0.013034786443292843,-0.07290554260108724,0.0,0.02687641624211703,lda_classifier__raw_primary_with_maturity__baseline__shrinkage_null__solver_svd,lda_classifier,LinearDiscriminantAnalysis(),raw_primary_with_maturity,baseline,"{""shrinkage"": null, ""solver"": ""svd""}"
lda_classifier__baseline,lda,classification,bbob_validation,FE_ratio,FE_ratio=0.4,,,0.4,6480,800,0.12345679012345678,-0.07290554260108724,-0.07056462486829276,174.15917724891835,top_10,0.1404896787392948,1070,0.16512345679012347,0.03837785439736812,375,0.46875,0.7366506270822369,0.35046728971962615,695,0.6495327102803738,87.23016292735828,41.06430420518388,0.006337083982281463,-0.07290554260108724,0.0,0.02687641624211703,lda_classifier__raw_primary_with_maturity__baseline__shrinkage_null__solver_svd,lda_classifier,LinearDiscriminantAnalysis(),raw_primary_with_maturity,baseline,"{""shrinkage"": null, ""solver"": ""svd""}"
lda_classifier__baseline,lda,classification,bbob_validation,FE_ratio,FE_ratio=0.4,,,0.4,6480,800,0.12345679012345678,-0.07290554260108724,-0.07056462486829276,174.15917724891835,top_20,0.07563254382540906,1949,0.3007716049382716,0.00024379836397540395,606,0.7575,0.8848812258574601,0.31092868137506413,1343,0.6890713186249359,153.63502324696148,0.4751630113880765,7.332762521420933e-05,-0.07290554260108724,0.0,0.02687641624211703,lda_classifier__raw_primary_with_maturity__baseline__shrinkage_null__solver_svd,lda_classifier,LinearDiscriminantAnalysis(),raw_primary_with_maturity,baseline,"{""shrinkage"": null, ""solver"": ""svd""}"
lda_classifier__baseline,lda,classification,bbob_validation,FE_ratio,FE_ratio=0.45,,,0.45,6480,243,0.0375,-0.10186903427734409,-0.07939845101548082,50.56190594132994,zero,0.0,6480,1.0,-0.10186903427734409,243,1.0,1.0,0.0375,6237,0.9625,710.6732480585196,-660.1113421171897,-0.10186903427734409,-0.10186903427734409,0.0,0.007802763262550918,lda_classifier__raw_primary_with_maturity__baseline__shrinkage_null__solver_svd,lda_classifier,LinearDiscriminantAnalysis(),raw_primary_with_maturity,baseline,"{""shrinkage"": null, ""solver"": ""svd""}"
lda_classifier__baseline,lda,classification,bbob_validation,FE_ratio,FE_ratio=0.45,,,0.45,6480,243,0.0375,-0.10186903427734409,-0.07939845101548082,50.56190594132994,train_utility,0.4640292684462041,271,0.04182098765432099,0.04343563113915407,37,0.1522633744855967,0.627280405751647,0.13653136531365315,234,0.8634686346863468,19.94543683574331,11.771056038710746,0.0018165209936282015,-0.10186903427734409,0.0,0.007802763262550918,lda_classifier__raw_primary_with_maturity__baseline__shrinkage_null__solver_svd,lda_classifier,LinearDiscriminantAnalysis(),raw_primary_with_maturity,baseline,"{""shrinkage"": null, ""solver"": ""svd""}"
lda_classifier__baseline,lda,classification,bbob_validation,FE_ratio,FE_ratio=0.45,,,0.45,6480,243,0.0375,-0.10186903427734409,-0.07939845101548082,50.56190594132994,top_05,0.250643046175719,417,0.06435185185185185,-0.01865673481605749,43,0.17695473251028807,0.6407210000147768,0.10311750599520383,374,0.8968824940047961,40.17593335567798,-7.77985841829598,-0.0012005954349222192,-0.10186903427734409,0.0,0.007802763262550918,lda_classifier__raw_primary_with_maturity__baseline__shrinkage_null__solver_svd,lda_classifier,LinearDiscriminantAnalysis(),raw_primary_with_maturity,baseline,"{""shrinkage"": null, ""solver"": ""svd""}"
lda_classifier__baseline,lda,classification,bbob_validation,FE_ratio,FE_ratio=0.45,,,0.45,6480,243,0.0375,-0.10186903427734409,-0.07939845101548082,50.56190594132994,top_10,0.1404896787392948,1031,0.15910493827160493,-0.07592281093556655,90,0.37037037037037035,0.7558725532248418,0.08729388942774007,941,0.9127061105722599,116.49477501435643,-78.27641807456908,-0.012079694147310043,-0.10186903427734409,0.0,0.007802763262550918,lda_classifier__raw_primary_with_maturity__baseline__shrinkage_null__solver_svd,lda_classifier,LinearDiscriminantAnalysis(),raw_primary_with_maturity,baseline,"{""shrinkage"": null, ""solver"": ""svd""}"
lda_classifier__baseline,lda,classification,bbob_validation,FE_ratio,FE_ratio=0.45,,,0.45,6480,243,0.0375,-0.10186903427734409,-0.07939845101548082,50.56190594132994,top_20,0.07563254382540906,1872,0.28888888888888886,-0.08681949617402439,175,0.720164609053498,0.8996868814506127,0.09348290598290598,1697,0.906517094017094,208.01598031432795,-162.52609683777362,-0.02508118778360704,-0.10186903427734409,0.0,0.007802763262550918,lda_classifier__raw_primary_with_maturity__baseline__shrinkage_null__solver_svd,lda_classifier,LinearDiscriminantAnalysis(),raw_primary_with_maturity,baseline,"{""shrinkage"": null, ""solver"": ""svd""}"
lda_classifier__baseline,lda,classification,bbob_validation,FE_ratio,FE_ratio=0.5,,,0.5,6480,477,0.07361111111111111,-0.08578559846269349,-0.08202974076197492,151.15391573733473,zero,0.0,6480,1.0,-0.08578559846269349,477,1.0,1.0,0.07361111111111111,6003,0.9263888888888889,707.0445937755885,-555.8906780382538,-0.08578559846269349,-0.08578559846269349,0.0,0.023326221564403508,lda_classifier__raw_primary_with_maturity__baseline__shrinkage_null__solver_svd,lda_classifier,LinearDiscriminantAnalysis(),raw_primary_with_maturity,baseline,"{""shrinkage"": null, ""solver"": ""svd""}"
lda_classifier__baseline,lda,classification,bbob_validation,FE_ratio,FE_ratio=0.5,,,0.5,6480,477,0.07361111111111111,-0.08578559846269349,-0.08202974076197492,151.15391573733473,train_utility,0.4640292684462041,270,0.041666666666666664,0.4614701613534597,229,0.480083857442348,0.8574143888831406,0.8481481481481481,41,0.15185185185185185,5.004598723786459,124.59694356543415,0.01922792338972749,-0.08578559846269349,0.0,0.023326221564403508,lda_classifier__raw_primary_with_maturity__baseline__shrinkage_null__solver_svd,lda_classifier,LinearDiscriminantAnalysis(),raw_primary_with_maturity,baseline,"{""shrinkage"": null, ""solver"": ""svd""}"
lda_classifier__baseline,lda,classification,bbob_validation,FE_ratio,FE_ratio=0.5,,,0.5,6480,477,0.07361111111111111,-0.08578559846269349,-0.08202974076197492,151.15391573733473,top_05,0.250643046175719,408,0.06296296296296296,0.26846319029907,241,0.5052410901467506,0.866658542441935,0.5906862745098039,167,0.40931372549019607,21.465850655289007,109.53298164202057,0.016903237907719224,-0.08578559846269349,0.0,0.023326221564403508,lda_classifier__raw_primary_with_maturity__baseline__shrinkage_null__solver_svd,lda_classifier,LinearDiscriminantAnalysis(),raw_primary_with_maturity,baseline,"{""shrinkage"": null, ""solver"": ""svd""}"
lda_classifier__baseline,lda,classification,bbob_validation,FE_ratio,FE_ratio=0.5,,,0.5,6480,477,0.07361111111111111,-0.08578559846269349,-0.08202974076197492,151.15391573733473,top_10,0.1404896787392948,973,0.15015432098765433,0.038025852381007086,280,0.5870020964360587,0.899334255989448,0.28776978417266186,693,0.7122302158273381,98.93873998280773,36.99915436671992,0.005709746044246901,-0.08578559846269349,0.0,0.023326221564403508,lda_classifier__raw_primary_with_maturity__baseline__shrinkage_null__solver_svd,lda_classifier,LinearDiscriminantAnalysis(),raw_primary_with_maturity,baseline,"{""shrinkage"": null, ""solver"": ""svd""}"
lda_classifier__baseline,lda,classification,bbob_validation,FE_ratio,FE_ratio=0.5,,,0.5,6480,477,0.07361111111111111,-0.08578559846269349,-0.08202974076197492,151.15391573733473,top_20,0.07563254382540906,1769,0.2729938271604938,-0.02411095389026717,375,0.7861635220125787,0.9504913020671122,0.211984171848502,1394,0.7880158281514981,186.3227596136045,-42.652277431882624,-0.0065821415789942325,-0.08578559846269349,0.0,0.023326221564403508,lda_classifier__raw_primary_with_maturity__baseline__shrinkage_null__solver_svd,lda_classifier,LinearDiscriminantAnalysis(),raw_primary_with_maturity,baseline,"{""shrinkage"": null, ""solver"": ""svd""}"
lda_classifier__baseline,lda,classification,bbob_validation,FE_ratio,FE_ratio=0.55,,,0.55,6480,376,0.05802469135802469,-0.11228594071878435,-0.09215825578698267,79.68497550744864,zero,0.0,6480,1.0,-0.11228594071878435,376,1.0,1.0,0.05802469135802469,6104,0.9419753086419753,807.2978713651713,-727.6128958577226,-0.11228594071878435,-0.11228594071878435,0.0,0.01229706412151985,lda_classifier__raw_primary_with_maturity__baseline__shrinkage_null__solver_svd,lda_classifier,LinearDiscriminantAnalysis(),raw_primary_with_maturity,baseline,"{""shrinkage"": null, ""solver"": ""svd""}"
lda_classifier__baseline,lda,classification,bbob_validation,FE_ratio,FE_ratio=0.55,,,0.55,6480,376,0.05802469135802469,-0.11228594071878435,-0.09215825578698267,79.68497550744864,train_utility,0.4640292684462041,271,0.04182098765432099,0.11184577592050444,96,0.2553191489361702,0.6332104147026835,0.35424354243542433,175,0.6457564575645757,20.14715111218803,30.3102052744567,0.004677500813959367,-0.11228594071878435,0.0,0.01229706412151985,lda_classifier__raw_primary_with_maturity__baseline__shrinkage_null__solver_svd,lda_classifier,LinearDiscriminantAnalysis(),raw_primary_with_maturity,baseline,"{""shrinkage"": null, ""solver"": ""svd""}"
lda_classifier__baseline,lda,classification,bbob_validation,FE_ratio,FE_ratio=0.55,,,0.55,6480,376,0.05802469135802469,-0.11228594071878435,-0.09215825578698267,79.68497550744864,top_05,0.250643046175719,391,0.06033950617283951,0.036353487678883176,105,0.27925531914893614,0.6405813900828403,0.26854219948849106,286,0.731457800511509,36.830498696835214,14.214213682443319,0.002193551494204216,-0.11228594071878435,0.0,0.01229706412151985,lda_classifier__raw_primary_with_maturity__baseline__shrinkage_null__solver_svd,lda_classifier,LinearDiscriminantAnalysis(),raw_primary_with_maturity,baseline,"{""shrinkage"": null, ""solver"": ""svd""}"
lda_classifier__baseline,lda,classification,bbob_validation,FE_ratio,FE_ratio=0.55,,,0.55,6480,376,0.05802469135802469,-0.11228594071878435,-0.09215825578698267,79.68497550744864,top_10,0.1404896787392948,938,0.1447530864197531,-0.06468484536244143,152,0.40425531914893614,0.7200663700051863,0.16204690831556504,786,0.837953091684435,118.05285600757078,-60.674384949970054,-0.009363331010797848,-0.11228594071878435,0.0,0.01229706412151985,lda_classifier__raw_primary_with_maturity__baseline__shrinkage_null__solver_svd,lda_classifier,LinearDiscriminantAnalysis(),raw_primary_with_maturity,baseline,"{""shrinkage"": null, ""solver"": ""svd""}"
lda_classifier__baseline,lda,classification,bbob_validation,FE_ratio,FE_ratio=0.55,,,0.55,6480,376,0.05802469135802469,-0.11228594071878435,-0.09215825578698267,79.68497550744864,top_20,0.07563254382540906,1703,0.2628086419753086,-0.08345510551153648,263,0.699468085106383,0.8664310046180691,0.15443335290663535,1440,0.8455666470933646,211.1655780680316,-142.12404468614662,-0.021932722945392998,-0.11228594071878435,0.0,0.01229706412151985,lda_classifier__raw_primary_with_maturity__baseline__shrinkage_null__solver_svd,lda_classifier,LinearDiscriminantAnalysis(),raw_primary_with_maturity,baseline,"{""shrinkage"": null, ""solver"": ""svd""}"
lda_classifier__baseline,lda,classification,bbob_validation,FE_ratio,FE_ratio=0.6,,,0.6,6480,447,0.06898148148148148,-0.11584131580446465,-0.10228898920926656,123.20350275094972,zero,0.0,6480,1.0,-0.11584131580446465,447,1.0,1.0,0.06898148148148148,6033,0.9310185185185185,873.8552291638805,-750.6517264129309,-0.11584131580446465,-0.11584131580446465,0.0,0.019012886226998416,lda_classifier__raw_primary_with_maturity__baseline__shrinkage_null__solver_svd,lda_classifier,LinearDiscriminantAnalysis(),raw_primary_with_maturity,baseline,"{""shrinkage"": null, ""solver"": ""svd""}"
lda_classifier__baseline,lda,classification,bbob_validation,FE_ratio,FE_ratio=0.6,,,0.6,6480,447,0.06898148148148148,-0.11584131580446465,-0.10228898920926656,123.20350275094972,train_utility,0.4640292684462041,270,0.041666666666666664,0.3211340797894707,178,0.3982102908277405,0.8062584458166726,0.6592592592592592,92,0.34074074074074073,12.627663103993772,86.70620154315708,0.01338058665789461,-0.11584131580446465,0.0,0.019012886226998416,lda_classifier__raw_primary_with_maturity__baseline__shrinkage_null__solver_svd,lda_classifier,LinearDiscriminantAnalysis(),raw_primary_with_maturity,baseline,"{""shrinkage"": null, ""solver"": ""svd""}"
lda_classifier__baseline,lda,classification,bbob_validation,FE_ratio,FE_ratio=0.6,,,0.6,6480,447,0.06898148148148148,-0.11584131580446465,-0.10228898920926656,123.20350275094972,top_05,0.250643046175719,391,0.06033950617283951,0.17761297680450328,182,0.407158836689038,0.8114191550087937,0.46547314578005117,209,0.5345268542199488,30.523008165738425,69.44667393056076,0.010717079310271722,-0.11584131580446465,0.0,0.019012886226998416,lda_classifier__raw_primary_with_maturity__baseline__shrinkage_null__solver_svd,lda_classifier,LinearDiscriminantAnalysis(),raw_primary_with_maturity,baseline,"{""shrinkage"": null, ""solver"": ""svd""}"
lda_classifier__baseline,lda,classification,bbob_validation,FE_ratio,FE_ratio=0.6,,,0.6,6480,447,0.06898148148148148,-0.11584131580446465,-0.10228898920926656,123.20350275094972,top_10,0.1404896787392948,841,0.12978395061728396,0.0042625643435825955,229,0.5123042505592841,0.8544332794244065,0.272294887039239,612,0.727705112960761,101.6843562791149,3.584816612952949,0.0005532124402705168,-0.11584131580446465,0.0,0.019012886226998416,lda_classifier__raw_primary_with_maturity__baseline__shrinkage_null__solver_svd,lda_classifier,LinearDiscriminantAnalysis(),raw_primary_with_maturity,baseline,"{""shrinkage"": null, ""solver"": ""svd""}"
lda_classifier__baseline,lda,classification,bbob_validation,FE_ratio,FE_ratio=0.6,,,0.6,6480,447,0.06898148148148148,-0.11584131580446465,-0.10228898920926656,123.20350275094972,top_20,0.07563254382540906,1592,0.24567901234567902,-0.05762906091206218,336,0.7516778523489933,0.9189599610421723,0.21105527638190955,1256,0.7889447236180904,204.9645510602749,-91.74546497200302,-0.014158250767284417,-0.11584131580446465,0.0,0.019012886226998416,lda_classifier__raw_primary_with_maturity__baseline__shrinkage_null__solver_svd,lda_classifier,LinearDiscriminantAnalysis(),raw_primary_with_maturity,baseline,"{""shrinkage"": null, ""solver"": ""svd""}"
lda_classifier__best_candidate,lda,classification,bbob_train,all,all,,,,194400,11921,0.06132201646090535,-0.08855738467265091,-0.06544428361600368,2511.1122661377594,zero,0.0,194400,1.0,-0.08855738467265091,11921,1.0,1.0,0.06132201646090535,182479,0.9386779835390946,19726.667846501095,-17215.555580363336,-0.08855738467265091,-0.08855738467265091,0.0,0.012917244167375308,lda_classifier__raw_primary_with_maturity__best_candidate__shrinkage_0p5__solver_lsqr,lda_classifier,"LinearDiscriminantAnalysis(solver='lsqr',shrinkage=0.5)",raw_primary_with_maturity,best_candidate,"{""shrinkage"": 0.5, ""solver"": ""lsqr""}"
lda_classifier__best_candidate,lda,classification,bbob_train,all,all,,,,194400,11921,0.06132201646090535,-0.08855738467265091,-0.06544428361600368,2511.1122661377594,train_utility,0.8085229551552867,1842,0.009475308641975308,0.018352355934597626,569,0.047730895059139335,0.05181393234705409,0.30890336590662326,1273,0.6910966340933767,96.30556144199073,33.805039631528835,0.00017389423678769976,-0.08855738467265091,0.0,0.012917244167375308,lda_classifier__raw_primary_with_maturity__best_candidate__shrinkage_0p5__solver_lsqr,lda_classifier,"LinearDiscriminantAnalysis(solver='lsqr',shrinkage=0.5)",raw_primary_with_maturity,best_candidate,"{""shrinkage"": 0.5, ""solver"": ""lsqr""}"
lda_classifier__best_candidate,lda,classification,bbob_train,all,all,,,,194400,11921,0.06132201646090535,-0.08855738467265091,-0.06544428361600368,2511.1122661377594,top_05,0.46261727302963146,9719,0.049994855967078186,-0.02048217723754237,2455,0.20593909906887006,0.21518041696504683,0.25259800390986725,7264,0.7474019960901327,739.408465045241,-199.06628057167427,-0.0010240035008830981,-0.08855738467265091,0.0,0.012917244167375308,lda_classifier__raw_primary_with_maturity__best_candidate__shrinkage_0p5__solver_lsqr,lda_classifier,"LinearDiscriminantAnalysis(solver='lsqr',shrinkage=0.5)",raw_primary_with_maturity,best_candidate,"{""shrinkage"": 0.5, ""solver"": ""lsqr""}"
lda_classifier__best_candidate,lda,classification,bbob_train,all,all,,,,194400,11921,0.06132201646090535,-0.08855738467265091,-0.06544428361600368,2511.1122661377594,top_10,0.2244357227359923,19439,0.09999485596707819,-0.03642511816592484,4175,0.3502222967871823,0.4043062957565411,0.21477442255260043,15264,0.7852255774473995,1723.3263705783838,-708.0678720274129,-0.0036423244445854576,-0.08855738467265091,0.0,0.012917244167375308,lda_classifier__raw_primary_with_maturity__best_candidate__shrinkage_0p5__solver_lsqr,lda_classifier,"LinearDiscriminantAnalysis(solver='lsqr',shrinkage=0.5)",raw_primary_with_maturity,best_candidate,"{""shrinkage"": 0.5, ""solver"": ""lsqr""}"
lda_classifier__best_candidate,lda,classification,bbob_train,all,all,,,,194400,11921,0.06132201646090535,-0.08855738467265091,-0.06544428361600368,2511.1122661377594,top_20,0.08751491796105101,38879,0.1999948559670782,-0.06233943711051349,6032,0.5059978189749182,0.5607785427827925,0.15514802335451014,32847,0.8448519766454898,3831.8728527883827,-2423.694975419654,-0.012467566745985875,-0.08855738467265091,0.0,0.012917244167375308,lda_classifier__raw_primary_with_maturity__best_candidate__shrinkage_0p5__solver_lsqr,lda_classifier,"LinearDiscriminantAnalysis(solver='lsqr',shrinkage=0.5)",raw_primary_with_maturity,best_candidate,"{""shrinkage"": 0.5, ""solver"": ""lsqr""}"
lda_classifier__best_candidate,lda,classification,bbob_train,label_source,label_source=changed_algorithm,changed_algorithm,,,74400,8470,0.11384408602150538,-0.05859081542569486,-0.06280283172738645,1678.8603444230114,zero,0.0,74400,1.0,-0.05859081542569486,8470,1.0,1.0,0.11384408602150538,65930,0.8861559139784946,6038.01701209471,-4359.1566676716975,-0.05859081542569486,-0.05859081542569486,0.0,0.022565327209986715,lda_classifier__raw_primary_with_maturity__best_candidate__shrinkage_0p5__solver_lsqr,lda_classifier,"LinearDiscriminantAnalysis(solver='lsqr',shrinkage=0.5)",raw_primary_with_maturity,best_candidate,"{""shrinkage"": 0.5, ""solver"": ""lsqr""}"
lda_classifier__best_candidate,lda,classification,bbob_train,label_source,label_source=changed_algorithm,changed_algorithm,,,74400,8470,0.11384408602150538,-0.05859081542569486,-0.06280283172738645,1678.8603444230114,train_utility,0.8085229551552867,1504,0.02021505376344086,0.03239750690833204,538,0.06351829988193625,0.07193419905959002,0.35771276595744683,966,0.6422872340425532,72.04162381884535,48.72585039013138,0.0006549173439533788,-0.05859081542569486,0.0,0.022565327209986715,lda_classifier__raw_primary_with_maturity__best_candidate__shrinkage_0p5__solver_lsqr,lda_classifier,"LinearDiscriminantAnalysis(solver='lsqr',shrinkage=0.5)",raw_primary_with_maturity,best_candidate,"{""shrinkage"": 0.5, ""solver"": ""lsqr""}"
lda_classifier__best_candidate,lda,classification,bbob_train,label_source,label_source=changed_algorithm,changed_algorithm,,,74400,8470,0.11384408602150538,-0.05859081542569486,-0.06280283172738645,1678.8603444230114,top_05,0.46261727302963146,5957,0.08006720430107526,0.02176900595962138,2186,0.2580873671782763,0.26385578534055015,0.3669632365284539,3771,0.633036763471546,313.2990461533757,129.67796850146453,0.0017429834476003297,-0.05859081542569486,0.0,0.022565327209986715,lda_classifier__raw_primary_with_maturity__best_candidate__shrinkage_0p5__solver_lsqr,lda_classifier,"LinearDiscriminantAnalysis(solver='lsqr',shrinkage=0.5)",raw_primary_with_maturity,best_candidate,"{""shrinkage"": 0.5, ""solver"": ""lsqr""}"
lda_classifier__best_candidate,lda,classification,bbob_train,label_source,label_source=changed_algorithm,changed_algorithm,,,74400,8470,0.11384408602150538,-0.05859081542569486,-0.06280283172738645,1678.8603444230114,top_10,0.2244357227359923,9936,0.1335483870967742,0.02669892916948662,3575,0.42207792207792205,0.48240937246995536,0.3598027375201288,6361,0.6401972624798712,544.6174049897791,265.280560228019,0.0035655989277959543,-0.05859081542569486,0.0,0.022565327209986715,lda_classifier__raw_primary_with_maturity__best_candidate__shrinkage_0p5__solver_lsqr,lda_classifier,"LinearDiscriminantAnalysis(solver='lsqr',shrinkage=0.5)",raw_primary_with_maturity,best_candidate,"{""shrinkage"": 0.5, ""solver"": ""lsqr""}"
lda_classifier__best_candidate,lda,classification,bbob_train,label_source,label_source=changed_algorithm,changed_algorithm,,,74400,8470,0.11384408602150538,-0.05859081542569486,-0.06280283172738645,1678.8603444230114,top_20,0.08751491796105101,16080,0.2161290322580645,0.0025417222984790203,4746,0.5603305785123966,0.634546023932516,0.29514925373134326,11334,0.7048507462686567,1024.4432617320535,40.87089455954256,0.000549339980639013,-0.05859081542569486,0.0,0.022565327209986715,lda_classifier__raw_primary_with_maturity__best_candidate__shrinkage_0p5__solver_lsqr,lda_classifier,"LinearDiscriminantAnalysis(solver='lsqr',shrinkage=0.5)",raw_primary_with_maturity,best_candidate,"{""shrinkage"": 0.5, ""solver"": ""lsqr""}"
lda_classifier__best_candidate,lda,classification,bbob_train,label_source,label_source=same_algorithm,same_algorithm,,,120000,3451,0.028758333333333334,-0.10713665760576366,-0.06743423570665175,832.2519217147483,zero,0.0,120000,1.0,-0.10713665760576366,3451,1.0,1.0,0.028758333333333334,116549,0.9712416666666667,13688.650834406388,-12856.398912691639,-0.10713665760576366,-0.10713665760576366,0.0,0.006935432680956236,lda_classifier__raw_primary_with_maturity__best_candidate__shrinkage_0p5__solver_lsqr,lda_classifier,"LinearDiscriminantAnalysis(solver='lsqr',shrinkage=0.5)",raw_primary_with_maturity,best_candidate,"{""shrinkage"": 0.5, ""solver"": ""lsqr""}"
lda_classifier__best_candidate,lda,classification,bbob_train,label_source,label_source=same_algorithm,same_algorithm,,,120000,3451,0.028758333333333334,-0.10713665760576366,-0.06743423570665175,832.2519217147483,train_utility,0.8085229551552867,338,0.0028166666666666665,-0.044144410528409894,31,0.008982903506230079,0.01122632056564376,0.09171597633136094,307,0.908284023668639,24.26393762314536,-14.920810758602546,-0.00012434008965502122,-0.10713665760576366,0.0,0.006935432680956236,lda_classifier__raw_primary_with_maturity__best_candidate__shrinkage_0p5__solver_lsqr,lda_classifier,"LinearDiscriminantAnalysis(solver='lsqr',shrinkage=0.5)",raw_primary_with_maturity,best_candidate,"{""shrinkage"": 0.5, ""solver"": ""lsqr""}"
lda_classifier__best_candidate,lda,classification,bbob_train,label_source,label_source=same_algorithm,same_algorithm,,,120000,3451,0.028758333333333334,-0.10713665760576366,-0.06743423570665175,832.2519217147483,top_05,0.46261727302963146,3762,0.03135,-0.08738549948780935,269,0.0779484207476094,0.11699002102406447,0.07150451887293993,3493,0.92849548112706,426.1094188918653,-328.7442490731388,-0.002739535408942823,-0.10713665760576366,0.0,0.006935432680956236,lda_classifier__raw_primary_with_maturity__best_candidate__shrinkage_0p5__solver_lsqr,lda_classifier,"LinearDiscriminantAnalysis(solver='lsqr',shrinkage=0.5)",raw_primary_with_maturity,best_candidate,"{""shrinkage"": 0.5, ""solver"": ""lsqr""}"
lda_classifier__best_candidate,lda,classification,bbob_train,label_source,label_source=same_algorithm,same_algorithm,,,120000,3451,0.028758333333333334,-0.10713665760576366,-0.06743423570665175,832.2519217147483,top_10,0.2244357227359923,9503,0.07919166666666666,-0.10242538485272357,600,0.17386264850767894,0.2467528496780806,0.06313795643481006,8903,0.93686204356519,1178.708965588605,-973.3484322554319,-0.008111236935461933,-0.10713665760576366,0.0,0.006935432680956236,lda_classifier__raw_primary_with_maturity__best_candidate__shrinkage_0p5__solver_lsqr,lda_classifier,"LinearDiscriminantAnalysis(solver='lsqr',shrinkage=0.5)",raw_primary_with_maturity,best_candidate,"{""shrinkage"": 0.5, ""solver"": ""lsqr""}"
lda_classifier__best_candidate,lda,classification,bbob_train,label_source,label_source=same_algorithm,same_algorithm,,,120000,3451,0.028758333333333334,-0.10713665760576366,-0.06743423570665175,832.2519217147483,top_20,0.08751491796105101,22799,0.18999166666666667,-0.10809973551380311,1286,0.3726456099681252,0.4119710776644479,0.05640598271854029,21513,0.9435940172814598,2807.4295910563296,-2464.565869979197,-0.020538048916493308,-0.10713665760576366,0.0,0.006935432680956236,lda_classifier__raw_primary_with_maturity__best_candidate__shrinkage_0p5__solver_lsqr,lda_classifier,"LinearDiscriminantAnalysis(solver='lsqr',shrinkage=0.5)",raw_primary_with_maturity,best_candidate,"{""shrinkage"": 0.5, ""solver"": ""lsqr""}"
lda_classifier__best_candidate,lda,classification,bbob_train,dimension,dimension=10,,10.0,,64800,2405,0.037114197530864194,-0.04022633237538057,-0.03715828153278458,308.0180086184804,zero,0.0,64800,1.0,-0.04022633237538057,2405,1.0,1.0,0.037114197530864194,62395,0.9628858024691358,2914.684346543141,-2606.666337924661,-0.04022633237538057,-0.04022633237538057,0.0,0.004753364330532104,lda_classifier__raw_primary_with_maturity__best_candidate__shrinkage_0p5__solver_lsqr,lda_classifier,"LinearDiscriminantAnalysis(solver='lsqr',shrinkage=0.5)",raw_primary_with_maturity,best_candidate,"{""shrinkage"": 0.5, ""solver"": ""lsqr""}"
lda_classifier__best_candidate,lda,classification,bbob_train,dimension,dimension=10,,10.0,,64800,2405,0.037114197530864194,-0.04022633237538057,-0.03715828153278458,308.0180086184804,train_utility,0.8085229551552867,827,0.012762345679012346,-0.010694013873184622,192,0.07983367983367984,0.09128475311533733,0.23216444981862153,635,0.7678355501813785,36.96129734493952,-8.843949473123685,-0.00013648070174573587,-0.04022633237538057,0.0,0.004753364330532104,lda_classifier__raw_primary_with_maturity__best_candidate__shrinkage_0p5__solver_lsqr,lda_classifier,"LinearDiscriminantAnalysis(solver='lsqr',shrinkage=0.5)",raw_primary_with_maturity,best_candidate,"{""shrinkage"": 0.5, ""solver"": ""lsqr""}"
lda_classifier__best_candidate,lda,classification,bbob_train,dimension,dimension=10,,10.0,,64800,2405,0.037114197530864194,-0.04022633237538057,-0.03715828153278458,308.0180086184804,top_05,0.46261727302963146,3340,0.05154320987654321,-0.01918822066358808,677,0.2814968814968815,0.2777254586437287,0.2026946107784431,2663,0.7973053892215569,149.63309973047964,-64.08865701638419,-0.0009890224848207437,-0.04022633237538057,0.0,0.004753364330532104,lda_classifier__raw_primary_with_maturity__best_candidate__shrinkage_0p5__solver_lsqr,lda_classifier,"LinearDiscriminantAnalysis(solver='lsqr',shrinkage=0.5)",raw_primary_with_maturity,best_candidate,"{""shrinkage"": 0.5, ""solver"": ""lsqr""}"
lda_classifier__best_candidate,lda,classification,bbob_train,dimension,dimension=10,,10.0,,64800,2405,0.037114197530864194,-0.04022633237538057,-0.03715828153278458,308.0180086184804,top_10,0.2244357227359923,6621,0.10217592592592592,-0.022854946634936788,1057,0.4395010395010395,0.4782805952146101,0.15964355837486785,5564,0.8403564416251321,298.64163816878215,-151.32260166991648,-0.0023352253344122915,-0.04022633237538057,0.0,0.004753364330532104,lda_classifier__raw_primary_with_maturity__best_candidate__shrinkage_0p5__solver_lsqr,lda_classifier,"LinearDiscriminantAnalysis(solver='lsqr',shrinkage=0.5)",raw_primary_with_maturity,best_candidate,"{""shrinkage"": 0.5, ""solver"": ""lsqr""}"
lda_classifier__best_candidate,lda,classification,bbob_train,dimension,dimension=10,,10.0,,64800,2405,0.037114197530864194,-0.04022633237538057,-0.03715828153278458,308.0180086184804,top_20,0.08751491796105101,12795,0.19745370370370371,-0.03103203567328104,1435,0.5966735966735967,0.6550951632593468,0.11215318483782728,11360,0.8878468151621727,598.8360040823732,-397.05489643963085,-0.006127390377154797,-0.04022633237538057,0.0,0.004753364330532104,lda_classifier__raw_primary_with_maturity__best_candidate__shrinkage_0p5__solver_lsqr,lda_classifier,"LinearDiscriminantAnalysis(solver='lsqr',shrinkage=0.5)",raw_primary_with_maturity,best_candidate,"{""shrinkage"": 0.5, ""solver"": ""lsqr""}"
lda_classifier__best_candidate,lda,classification,bbob_train,dimension,dimension=20,,20.0,,64800,3858,0.059537037037037034,-0.07228172978918257,-0.06716881295115272,823.0687800379324,zero,0.0,64800,1.0,-0.07228172978918257,3858,1.0,1.0,0.059537037037037034,60942,0.940462962962963,5506.924870376963,-4683.856090339031,-0.07228172978918257,-0.07228172978918257,0.0,0.01270167870428908,lda_classifier__raw_primary_with_maturity__best_candidate__shrinkage_0p5__solver_lsqr,lda_classifier,"LinearDiscriminantAnalysis(solver='lsqr',shrinkage=0.5)",raw_primary_with_maturity,best_candidate,"{""shrinkage"": 0.5, ""solver"": ""lsqr""}"
lda_classifier__best_candidate,lda,classification,bbob_train,dimension,dimension=20,,20.0,,64800,3858,0.059537037037037034,-0.07228172978918257,-0.06716881295115272,823.0687800379324,train_utility,0.8085229551552867,725,0.011188271604938271,0.040646316320983415,258,0.06687402799377916,0.08395416862504916,0.35586206896551725,467,0.6441379310344828,39.63147581660509,29.468579332712977,0.0004547620267393978,-0.07228172978918257,0.0,0.01270167870428908,lda_classifier__raw_primary_with_maturity__best_candidate__shrinkage_0p5__solver_lsqr,lda_classifier,"LinearDiscriminantAnalysis(solver='lsqr',shrinkage=0.5)",raw_primary_with_maturity,best_candidate,"{""shrinkage"": 0.5, ""solver"": ""lsqr""}"
lda_classifier__best_candidate,lda,classification,bbob_train,dimension,dimension=20,,20.0,,64800,3858,0.059537037037037034,-0.07228172978918257,-0.06716881295115272,823.0687800379324,top_05,0.46261727302963146,3262,0.050339506172839506,0.003819134002989938,1004,0.26023846552617935,0.325869753057904,0.3077866339668915,2258,0.6922133660331086,255.7552049828781,12.458015117753199,0.00019225331971841356,-0.07228172978918257,0.0,0.01270167870428908,lda_classifier__raw_primary_with_maturity__best_candidate__shrinkage_0p5__solver_lsqr,lda_classifier,"LinearDiscriminantAnalysis(solver='lsqr',shrinkage=0.5)",raw_primary_with_maturity,best_candidate,"{""shrinkage"": 0.5, ""solver"": ""lsqr""}"
lda_classifier__best_candidate,lda,classification,bbob_train,dimension,dimension=20,,20.0,,64800,3858,0.059537037037037034,-0.07228172978918257,-0.06716881295115272,823.0687800379324,top_10,0.2244357227359923,6262,0.0966358024691358,-0.0198801983511365,1565,0.40565059616381544,0.49813558697596594,0.24992015330565315,4697,0.7500798466943469,534.4896519406043,-124.4898020748167,-0.001921138920907665,-0.07228172978918257,0.0,0.01270167870428908,lda_classifier__raw_primary_with_maturity__best_candidate__shrinkage_0p5__solver_lsqr,lda_classifier,"LinearDiscriminantAnalysis(solver='lsqr',shrinkage=0.5)",raw_primary_with_maturity,best_candidate,"{""shrinkage"": 0.5, ""solver"": ""lsqr""}"
lda_classifier__best_candidate,lda,classification,bbob_train,dimension,dimension=20,,20.0,,64800,3858,0.059537037037037034,-0.07228172978918257,-0.06716881295115272,823.0687800379324,top_20,0.08751491796105101,12464,0.19234567901234567,-0.04309245242329887,2163,0.5606531881804043,0.647933366719223,0.1735397946084724,10301,0.8264602053915276,1070.398052695458,-537.1043270039971,-0.008288647021666623,-0.07228172978918257,0.0,0.01270167870428908,lda_classifier__raw_primary_with_maturity__best_candidate__shrinkage_0p5__solver_lsqr,lda_classifier,"LinearDiscriminantAnalysis(solver='lsqr',shrinkage=0.5)",raw_primary_with_maturity,best_candidate,"{""shrinkage"": 0.5, ""solver"": ""lsqr""}"
lda_classifier__best_candidate,lda,classification,bbob_train,dimension,dimension=40,,40.0,,64800,5658,0.08731481481481482,-0.1531640918533896,-0.14272675969545875,1380.025477481347,zero,0.0,64800,1.0,-0.1531640918533896,5658,1.0,1.0,0.08731481481481482,59142,0.9126851851851852,11305.058629580992,-9925.033152099646,-0.1531640918533896,-0.1531640918533896,0.0,0.021296689467304737,lda_classifier__raw_primary_with_maturity__best_candidate__shrinkage_0p5__solver_lsqr,lda_classifier,"LinearDiscriminantAnalysis(solver='lsqr',shrinkage=0.5)",raw_primary_with_maturity,best_candidate,"{""shrinkage"": 0.5, ""solver"": ""lsqr""}"
lda_classifier__best_candidate,lda,classification,bbob_train,dimension,dimension=40,,40.0,,64800,5658,0.08731481481481482,-0.1531640918533896,-0.14272675969545875,1380.025477481347,train_utility,0.8085229551552867,290,0.004475308641975309,0.04544968886875705,119,0.021032166843407564,0.023835210718296508,0.4103448275862069,171,0.5896551724137931,19.71278828044611,13.18040977193954,0.00020340138536943737,-0.1531640918533896,0.0,0.021296689467304737,lda_classifier__raw_primary_with_maturity__best_candidate__shrinkage_0p5__solver_lsqr,lda_classifier,"LinearDiscriminantAnalysis(solver='lsqr',shrinkage=0.5)",raw_primary_with_maturity,best_candidate,"{""shrinkage"": 0.5, ""solver"": ""lsqr""}"
lda_classifier__best_candidate,lda,classification,bbob_train,dimension,dimension=40,,40.0,,64800,5658,0.08731481481481482,-0.1531640918533896,-0.14272675969545875,1380.025477481347,top_05,0.46261727302963146,3117,0.048101851851851854,-0.047300493639089905,774,0.13679745493107104,0.13520367899248578,0.24831568816169394,2343,0.7516843118383061,334.0201603318832,-147.43563867304323,-0.0022752413375469634,-0.1531640918533896,0.0,0.021296689467304737,lda_classifier__raw_primary_with_maturity__best_candidate__shrinkage_0p5__solver_lsqr,lda_classifier,"LinearDiscriminantAnalysis(solver='lsqr',shrinkage=0.5)",raw_primary_with_maturity,best_candidate,"{""shrinkage"": 0.5, ""solver"": ""lsqr""}"
lda_classifier__best_candidate,lda,classification,bbob_train,dimension,dimension=40,,40.0,,64800,5658,0.08731481481481482,-0.1531640918533896,-0.14272675969545875,1380.025477481347,top_10,0.2244357227359923,6556,0.10117283950617284,-0.06593280480211712,1553,0.2744786143513609,0.33183417238215984,0.236882245271507,5003,0.763117754728493,890.1950804689975,-432.25546828267983,-0.006670609078436417,-0.1531640918533896,0.0,0.021296689467304737,lda_classifier__raw_primary_with_maturity__best_candidate__shrinkage_0p5__solver_lsqr,lda_classifier,"LinearDiscriminantAnalysis(solver='lsqr',shrinkage=0.5)",raw_primary_with_maturity,best_candidate,"{""shrinkage"": 0.5, ""solver"": ""lsqr""}"
lda_classifier__best_candidate,lda,classification,bbob_train,dimension,dimension=40,,40.0,,64800,5658,0.08731481481481482,-0.1531640918533896,-0.14272675969545875,1380.025477481347,top_20,0.08751491796105101,13620,0.2101851851851852,-0.1093638584417053,2434,0.4301873453517144,0.4877468242564552,0.1787077826725404,11186,0.8212922173274596,2162.6387960105512,-1489.535751976026,-0.022986662839136203,-0.1531640918533896,0.0,0.021296689467304737,lda_classifier__raw_primary_with_maturity__best_candidate__shrinkage_0p5__solver_lsqr,lda_classifier,"LinearDiscriminantAnalysis(solver='lsqr',shrinkage=0.5)",raw_primary_with_maturity,best_candidate,"{""shrinkage"": 0.5, ""solver"": ""lsqr""}"
lda_classifier__best_candidate,lda,classification,bbob_train,FE_ratio,FE_ratio=0.2,,,0.2,19440,1637,0.08420781893004116,-0.06196176210011554,-0.05049860667501493,304.44205064313394,zero,0.0,19440,1.0,-0.06196176210011554,1637,1.0,1.0,0.08420781893004116,17803,0.9157921810699589,1508.9787058693798,-1204.536655226246,-0.06196176210011554,-0.06196176210011554,0.0,0.015660599312918414,lda_classifier__raw_primary_with_maturity__best_candidate__shrinkage_0p5__solver_lsqr,lda_classifier,"LinearDiscriminantAnalysis(solver='lsqr',shrinkage=0.5)",raw_primary_with_maturity,best_candidate,"{""shrinkage"": 0.5, ""solver"": ""lsqr""}"
lda_classifier__best_candidate,lda,classification,bbob_train,FE_ratio,FE_ratio=0.2,,,0.2,19440,1637,0.08420781893004116,-0.06196176210011554,-0.05049860667501493,304.44205064313394,train_utility,0.8085229551552867,0,0.0,0.0,0,0.0,0.0,0.0,0,0.0,-0.0,0.0,0.0,-0.06196176210011554,0.0,0.015660599312918414,lda_classifier__raw_primary_with_maturity__best_candidate__shrinkage_0p5__solver_lsqr,lda_classifier,"LinearDiscriminantAnalysis(solver='lsqr',shrinkage=0.5)",raw_primary_with_maturity,best_candidate,"{""shrinkage"": 0.5, ""solver"": ""lsqr""}"
lda_classifier__best_candidate,lda,classification,bbob_train,FE_ratio,FE_ratio=0.2,,,0.2,19440,1637,0.08420781893004116,-0.06196176210011554,-0.05049860667501493,304.44205064313394,top_05,0.46261727302963146,0,0.0,0.0,0,0.0,0.0,0.0,0,0.0,-0.0,0.0,0.0,-0.06196176210011554,0.0,0.015660599312918414,lda_classifier__raw_primary_with_maturity__best_candidate__shrinkage_0p5__solver_lsqr,lda_classifier,"LinearDiscriminantAnalysis(solver='lsqr',shrinkage=0.5)",raw_primary_with_maturity,best_candidate,"{""shrinkage"": 0.5, ""solver"": ""lsqr""}"
lda_classifier__best_candidate,lda,classification,bbob_train,FE_ratio,FE_ratio=0.2,,,0.2,19440,1637,0.08420781893004116,-0.06196176210011554,-0.05049860667501493,304.44205064313394,top_10,0.2244357227359923,0,0.0,0.0,0,0.0,0.0,0.0,0,0.0,-0.0,0.0,0.0,-0.06196176210011554,0.0,0.015660599312918414,lda_classifier__raw_primary_with_maturity__best_candidate__shrinkage_0p5__solver_lsqr,lda_classifier,"LinearDiscriminantAnalysis(solver='lsqr',shrinkage=0.5)",raw_primary_with_maturity,best_candidate,"{""shrinkage"": 0.5, ""solver"": ""lsqr""}"
lda_classifier__best_candidate,lda,classification,bbob_train,FE_ratio,FE_ratio=0.2,,,0.2,19440,1637,0.08420781893004116,-0.06196176210011554,-0.05049860667501493,304.44205064313394,top_20,0.08751491796105101,292,0.015020576131687243,0.022048881507827214,89,0.05436774587660354,0.06300759599081299,0.3047945205479452,203,0.6952054794520548,12.743888329251664,6.438273400285546,0.00033118690330686965,-0.06196176210011554,0.0,0.015660599312918414,lda_classifier__raw_primary_with_maturity__best_candidate__shrinkage_0p5__solver_lsqr,lda_classifier,"LinearDiscriminantAnalysis(solver='lsqr',shrinkage=0.5)",raw_primary_with_maturity,best_candidate,"{""shrinkage"": 0.5, ""solver"": ""lsqr""}"
lda_classifier__best_candidate,lda,classification,bbob_train,FE_ratio,FE_ratio=0.25,,,0.25,19440,1530,0.0787037037037037,-0.06684412289960417,-0.05379598025536793,289.0381601639173,zero,0.0,19440,1.0,-0.06684412289960417,1530,1.0,1.0,0.0787037037037037,17910,0.9212962962962963,1588.4879093322224,-1299.449749168305,-0.06684412289960417,-0.06684412289960417,0.0,0.014868218115427843,lda_classifier__raw_primary_with_maturity__best_candidate__shrinkage_0p5__solver_lsqr,lda_classifier,"LinearDiscriminantAnalysis(solver='lsqr',shrinkage=0.5)",raw_primary_with_maturity,best_candidate,"{""shrinkage"": 0.5, ""solver"": ""lsqr""}"
lda_classifier__best_candidate,lda,classification,bbob_train,FE_ratio,FE_ratio=0.25,,,0.25,19440,1530,0.0787037037037037,-0.06684412289960417,-0.05379598025536793,289.0381601639173,train_utility,0.8085229551552867,260,0.013374485596707819,0.047560145293991336,91,0.05947712418300653,0.07877531387624254,0.35,169,0.65,10.4034340126865,12.365637776437747,0.0006360924782118182,-0.06684412289960417,0.0,0.014868218115427843,lda_classifier__raw_primary_with_maturity__best_candidate__shrinkage_0p5__solver_lsqr,lda_classifier,"LinearDiscriminantAnalysis(solver='lsqr',shrinkage=0.5)",raw_primary_with_maturity,best_candidate,"{""shrinkage"": 0.5, ""solver"": ""lsqr""}"
lda_classifier__best_candidate,lda,classification,bbob_train,FE_ratio,FE_ratio=0.25,,,0.25,19440,1530,0.0787037037037037,-0.06684412289960417,-0.05379598025536793,289.0381601639173,top_05,0.46261727302963146,1233,0.06342592592592593,0.01421848279346817,375,0.24509803921568626,0.2914497308577372,0.30413625304136255,858,0.6958637469586375,66.70870470304297,17.531389284346254,0.0009018204364375645,-0.06684412289960417,0.0,0.014868218115427843,lda_classifier__raw_primary_with_maturity__best_candidate__shrinkage_0p5__solver_lsqr,lda_classifier,"LinearDiscriminantAnalysis(solver='lsqr',shrinkage=0.5)",raw_primary_with_maturity,best_candidate,"{""shrinkage"": 0.5, ""solver"": ""lsqr""}"
lda_classifier__best_candidate,lda,classification,bbob_train,FE_ratio,FE_ratio=0.25,,,0.25,19440,1530,0.0787037037037037,-0.06684412289960417,-0.05379598025536793,289.0381601639173,top_10,0.2244357227359923,2596,0.13353909465020578,-0.010476135763157242,589,0.38496732026143793,0.47753362722897186,0.22688751926040063,2007,0.7731124807395994,165.22148947182018,-27.196048441156208,-0.001398973685244661,-0.06684412289960417,0.0,0.014868218115427843,lda_classifier__raw_primary_with_maturity__best_candidate__shrinkage_0p5__solver_lsqr,lda_classifier,"LinearDiscriminantAnalysis(solver='lsqr',shrinkage=0.5)",raw_primary_with_maturity,best_candidate,"{""shrinkage"": 0.5, ""solver"": ""lsqr""}"
lda_classifier__best_candidate,lda,classification,bbob_train,FE_ratio,FE_ratio=0.25,,,0.25,19440,1530,0.0787037037037037,-0.06684412289960417,-0.05379598025536793,289.0381601639173,top_20,0.08751491796105101,6693,0.3442901234567901,-0.04787230180877933,984,0.6431372549019608,0.7259149766187115,0.14701927386822053,5709,0.8529807261317794,530.2264452834655,-320.4093160061601,-0.016481960699905356,-0.06684412289960417,0.0,0.014868218115427843,lda_classifier__raw_primary_with_maturity__best_candidate__shrinkage_0p5__solver_lsqr,lda_classifier,"LinearDiscriminantAnalysis(solver='lsqr',shrinkage=0.5)",raw_primary_with_maturity,best_candidate,"{""shrinkage"": 0.5, ""solver"": ""lsqr""}"
lda_classifier__best_candidate,lda,classification,bbob_train,FE_ratio,FE_ratio=0.28,,,0.28,19440,1516,0.07798353909465021,-0.06678863875638497,-0.05595944523593056,294.83506110374555,zero,0.0,19440,1.0,-0.06678863875638497,1516,1.0,1.0,0.07798353909465021,17924,0.9220164609053498,1593.2061985278692,-1298.3711374241238,-0.06678863875638497,-0.06678863875638497,0.0,0.01516641260821736,lda_classifier__raw_primary_with_maturity__best_candidate__shrinkage_0p5__solver_lsqr,lda_classifier,"LinearDiscriminantAnalysis(solver='lsqr',shrinkage=0.5)",raw_primary_with_maturity,best_candidate,"{""shrinkage"": 0.5, ""solver"": ""lsqr""}"
lda_classifier__best_candidate,lda,classification,bbob_train,FE_ratio,FE_ratio=0.28,,,0.28,19440,1516,0.07798353909465021,-0.06678863875638497,-0.05595944523593056,294.83506110374555,train_utility,0.8085229551552867,143,0.0073559670781893,0.04529421231707309,51,0.033641160949868076,0.039488646116234115,0.35664335664335667,92,0.6433566433566433,5.165565029242617,6.477072361341452,0.00033318273463690595,-0.06678863875638497,0.0,0.01516641260821736,lda_classifier__raw_primary_with_maturity__best_candidate__shrinkage_0p5__solver_lsqr,lda_classifier,"LinearDiscriminantAnalysis(solver='lsqr',shrinkage=0.5)",raw_primary_with_maturity,best_candidate,"{""shrinkage"": 0.5, ""solver"": ""lsqr""}"
lda_classifier__best_candidate,lda,classification,bbob_train,FE_ratio,FE_ratio=0.28,,,0.28,19440,1516,0.07798353909465021,-0.06678863875638497,-0.05595944523593056,294.83506110374555,top_05,0.46261727302963146,1083,0.05570987654320988,0.0072685541181897705,330,0.21767810026385223,0.2529781211258771,0.3047091412742382,753,0.6952908587257618,66.71497569005919,7.871844109999522,0.00040493025257199187,-0.06678863875638497,0.0,0.01516641260821736,lda_classifier__raw_primary_with_maturity__best_candidate__shrinkage_0p5__solver_lsqr,lda_classifier,"LinearDiscriminantAnalysis(solver='lsqr',shrinkage=0.5)",raw_primary_with_maturity,best_candidate,"{""shrinkage"": 0.5, ""solver"": ""lsqr""}"
lda_classifier__best_candidate,lda,classification,bbob_train,FE_ratio,FE_ratio=0.28,,,0.28,19440,1516,0.07798353909465021,-0.06678863875638497,-0.05595944523593056,294.83506110374555,top_10,0.2244357227359923,2227,0.11455761316872427,-0.010959055696166923,553,0.36477572559366755,0.4311598536589518,0.24831612034126627,1674,0.7516838796587337,151.5268588343828,-24.405817035363732,-0.0012554432631359945,-0.06678863875638497,0.0,0.01516641260821736,lda_classifier__raw_primary_with_maturity__best_candidate__shrinkage_0p5__solver_lsqr,lda_classifier,"LinearDiscriminantAnalysis(solver='lsqr',shrinkage=0.5)",raw_primary_with_maturity,best_candidate,"{""shrinkage"": 0.5, ""solver"": ""lsqr""}"
lda_classifier__best_candidate,lda,classification,bbob_train,FE_ratio,FE_ratio=0.28,,,0.28,19440,1516,0.07798353909465021,-0.06678863875638497,-0.05595944523593056,294.83506110374555,top_20,0.08751491796105101,5659,0.29110082304526746,-0.04438602895006987,931,0.6141160949868074,0.6742207141051403,0.16451669906343877,4728,0.8354833009365612,449.96444326904543,-251.1805378284454,-0.01292080955907641,-0.06678863875638497,0.0,0.01516641260821736,lda_classifier__raw_primary_with_maturity__best_candidate__shrinkage_0p5__solver_lsqr,lda_classifier,"LinearDiscriminantAnalysis(solver='lsqr',shrinkage=0.5)",raw_primary_with_maturity,best_candidate,"{""shrinkage"": 0.5, ""solver"": ""lsqr""}"
lda_classifier__best_candidate,lda,classification,bbob_train,FE_ratio,FE_ratio=0.3,,,0.3,19440,1403,0.07217078189300412,-0.07045501341769796,-0.05769358257385397,275.8794546370344,zero,0.0,19440,1.0,-0.07045501341769796,1403,1.0,1.0,0.07217078189300412,18037,0.9278292181069959,1645.5249154770827,-1369.6454608400484,-0.07045501341769796,-0.07045501341769796,0.0,0.014191329971040865,lda_classifier__raw_primary_with_maturity__best_candidate__shrinkage_0p5__solver_lsqr,lda_classifier,"LinearDiscriminantAnalysis(solver='lsqr',shrinkage=0.5)",raw_primary_with_maturity,best_candidate,"{""shrinkage"": 0.5, ""solver"": ""lsqr""}"
lda_classifier__best_candidate,lda,classification,bbob_train,FE_ratio,FE_ratio=0.3,,,0.3,19440,1403,0.07217078189300412,-0.07045501341769796,-0.05769358257385397,275.8794546370344,train_utility,0.8085229551552867,308,0.015843621399176954,0.029240287591392914,105,0.07483962936564505,0.08533161978045768,0.3409090909090909,203,0.6590909090909091,14.535232150178423,9.006008578149022,0.00046327204620108135,-0.07045501341769796,0.0,0.014191329971040865,lda_classifier__raw_primary_with_maturity__best_candidate__shrinkage_0p5__solver_lsqr,lda_classifier,"LinearDiscriminantAnalysis(solver='lsqr',shrinkage=0.5)",raw_primary_with_maturity,best_candidate,"{""shrinkage"": 0.5, ""solver"": ""lsqr""}"
lda_classifier__best_candidate,lda,classification,bbob_train,FE_ratio,FE_ratio=0.3,,,0.3,19440,1403,0.07217078189300412,-0.07045501341769796,-0.05769358257385397,275.8794546370344,top_05,0.46261727302963146,1406,0.07232510288065844,-0.008158933879654037,377,0.26870990734141126,0.3044353552748981,0.2681365576102418,1029,0.7318634423897582,95.45892082026431,-11.471461034793581,-0.0005900957322424682,-0.07045501341769796,0.0,0.014191329971040865,lda_classifier__raw_primary_with_maturity__best_candidate__shrinkage_0p5__solver_lsqr,lda_classifier,"LinearDiscriminantAnalysis(solver='lsqr',shrinkage=0.5)",raw_primary_with_maturity,best_candidate,"{""shrinkage"": 0.5, ""solver"": ""lsqr""}"
lda_classifier__best_candidate,lda,classification,bbob_train,FE_ratio,FE_ratio=0.3,,,0.3,19440,1403,0.07217078189300412,-0.07045501341769796,-0.05769358257385397,275.8794546370344,top_10,0.2244357227359923,2816,0.1448559670781893,-0.028723238616585232,603,0.42979330007127586,0.5161999087093121,0.21413352272727273,2213,0.7858664772727273,223.293589242716,-80.88463994430401,-0.004160732507423046,-0.07045501341769796,0.0,0.014191329971040865,lda_classifier__raw_primary_with_maturity__best_candidate__shrinkage_0p5__solver_lsqr,lda_classifier,"LinearDiscriminantAnalysis(solver='lsqr',shrinkage=0.5)",raw_primary_with_maturity,best_candidate,"{""shrinkage"": 0.5, ""solver"": ""lsqr""}"
lda_classifier__best_candidate,lda,classification,bbob_train,FE_ratio,FE_ratio=0.3,,,0.3,19440,1403,0.07217078189300412,-0.07045501341769796,-0.05769358257385397,275.8794546370344,top_20,0.08751491796105101,5281,0.27165637860082303,-0.04626486713347825,820,0.5844618674269423,0.6476141346939207,0.1552736224199962,4461,0.8447263775800038,422.9881976264925,-244.32476333189868,-0.012568146261928944,-0.07045501341769796,0.0,0.014191329971040865,lda_classifier__raw_primary_with_maturity__best_candidate__shrinkage_0p5__solver_lsqr,lda_classifier,"LinearDiscriminantAnalysis(solver='lsqr',shrinkage=0.5)",raw_primary_with_maturity,best_candidate,"{""shrinkage"": 0.5, ""solver"": ""lsqr""}"
lda_classifier__best_candidate,lda,classification,bbob_train,FE_ratio,FE_ratio=0.35,,,0.35,19440,1388,0.07139917695473251,-0.07482964941049443,-0.062069321341436653,257.6511044439708,zero,0.0,19440,1.0,-0.07482964941049443,1388,1.0,1.0,0.07139917695473251,18052,0.9286008230452675,1712.3394889839824,-1454.6883845400116,-0.07482964941049443,-0.07482964941049443,0.0,0.013253657636006727,lda_classifier__raw_primary_with_maturity__best_candidate__shrinkage_0p5__solver_lsqr,lda_classifier,"LinearDiscriminantAnalysis(solver='lsqr',shrinkage=0.5)",raw_primary_with_maturity,best_candidate,"{""shrinkage"": 0.5, ""solver"": ""lsqr""}"
lda_classifier__best_candidate,lda,classification,bbob_train,FE_ratio,FE_ratio=0.35,,,0.35,19440,1388,0.07139917695473251,-0.07482964941049443,-0.062069321341436653,257.6511044439708,train_utility,0.8085229551552867,305,0.015689300411522635,0.02507053334598991,97,0.06988472622478387,0.08935951527458767,0.3180327868852459,208,0.6819672131147541,15.37706513254847,7.646512670526921,0.0003933391291423313,-0.07482964941049443,0.0,0.013253657636006727,lda_classifier__raw_primary_with_maturity__best_candidate__shrinkage_0p5__solver_lsqr,lda_classifier,"LinearDiscriminantAnalysis(solver='lsqr',shrinkage=0.5)",raw_primary_with_maturity,best_candidate,"{""shrinkage"": 0.5, ""solver"": ""lsqr""}"
lda_classifier__best_candidate,lda,classification,bbob_train,FE_ratio,FE_ratio=0.35,,,0.35,19440,1388,0.07139917695473251,-0.07482964941049443,-0.062069321341436653,257.6511044439708,top_05,0.46261727302963146,1234,0.06347736625514404,-0.006857856830101339,328,0.23631123919308358,0.28394025786906163,0.26580226904376014,906,0.7341977309562399,81.62011636441463,-8.462595328345042,-0.0004353186897296832,-0.07482964941049443,0.0,0.013253657636006727,lda_classifier__raw_primary_with_maturity__best_candidate__shrinkage_0p5__solver_lsqr,lda_classifier,"LinearDiscriminantAnalysis(solver='lsqr',shrinkage=0.5)",raw_primary_with_maturity,best_candidate,"{""shrinkage"": 0.5, ""solver"": ""lsqr""}"
lda_classifier__best_candidate,lda,classification,bbob_train,FE_ratio,FE_ratio=0.35,,,0.35,19440,1388,0.07139917695473251,-0.07482964941049443,-0.062069321341436653,257.6511044439708,top_10,0.2244357227359923,2294,0.11800411522633746,-0.022439957442089632,556,0.40057636887608067,0.475517790367784,0.24237140366172624,1738,0.7576285963382737,173.99494624316975,-51.47726237215362,-0.0026480073236704537,-0.07482964941049443,0.0,0.013253657636006727,lda_classifier__raw_primary_with_maturity__best_candidate__shrinkage_0p5__solver_lsqr,lda_classifier,"LinearDiscriminantAnalysis(solver='lsqr',shrinkage=0.5)",raw_primary_with_maturity,best_candidate,"{""shrinkage"": 0.5, ""solver"": ""lsqr""}"
lda_classifier__best_candidate,lda,classification,bbob_train,FE_ratio,FE_ratio=0.35,,,0.35,19440,1388,0.07139917695473251,-0.07482964941049443,-0.062069321341436653,257.6511044439708,top_20,0.08751491796105101,4029,0.2072530864197531,-0.041987917049975655,727,0.5237752161383286,0.6265460628600514,0.18044179697195334,3302,0.8195582030280467,330.5996028752657,-169.1693177943519,-0.008702125400944028,-0.07482964941049443,0.0,0.013253657636006727,lda_classifier__raw_primary_with_maturity__best_candidate__shrinkage_0p5__solver_lsqr,lda_classifier,"LinearDiscriminantAnalysis(solver='lsqr',shrinkage=0.5)",raw_primary_with_maturity,best_candidate,"{""shrinkage"": 0.5, ""solver"": ""lsqr""}"
lda_classifier__best_candidate,lda,classification,bbob_train,FE_ratio,FE_ratio=0.4,,,0.4,19440,1376,0.07078189300411522,-0.08176159053440116,-0.06731035034538017,252.55187921031478,zero,0.0,19440,1.0,-0.08176159053440116,1376,1.0,1.0,0.07078189300411522,18064,0.9292181069958848,1841.9971991990733,-1589.4453199887585,-0.08176159053440116,-0.08176159053440116,0.0,0.012991351811230182,lda_classifier__raw_primary_with_maturity__best_candidate__shrinkage_0p5__solver_lsqr,lda_classifier,"LinearDiscriminantAnalysis(solver='lsqr',shrinkage=0.5)",raw_primary_with_maturity,best_candidate,"{""shrinkage"": 0.5, ""solver"": ""lsqr""}"
lda_classifier__best_candidate,lda,classification,bbob_train,FE_ratio,FE_ratio=0.4,,,0.4,19440,1376,0.07078189300411522,-0.08176159053440116,-0.06731035034538017,252.55187921031478,train_utility,0.8085229551552867,223,0.01147119341563786,0.011976561326118896,70,0.050872093023255814,0.055877561683749966,0.31390134529147984,153,0.6860986547085202,11.441210033196818,2.670773175724515,0.0001373854514261582,-0.08176159053440116,0.0,0.012991351811230182,lda_classifier__raw_primary_with_maturity__best_candidate__shrinkage_0p5__solver_lsqr,lda_classifier,"LinearDiscriminantAnalysis(solver='lsqr',shrinkage=0.5)",raw_primary_with_maturity,best_candidate,"{""shrinkage"": 0.5, ""solver"": ""lsqr""}"
lda_classifier__best_candidate,lda,classification,bbob_train,FE_ratio,FE_ratio=0.4,,,0.4,19440,1376,0.07078189300411522,-0.08176159053440116,-0.06731035034538017,252.55187921031478,top_05,0.46261727302963146,1130,0.058127572016460904,-0.014930288484969427,299,0.21729651162790697,0.23807669528223904,0.2646017699115044,831,0.7353982300884956,76.99794277772642,-16.87122598801545,-0.0008678614191365972,-0.08176159053440116,0.0,0.012991351811230182,lda_classifier__raw_primary_with_maturity__best_candidate__shrinkage_0p5__solver_lsqr,lda_classifier,"LinearDiscriminantAnalysis(solver='lsqr',shrinkage=0.5)",raw_primary_with_maturity,best_candidate,"{""shrinkage"": 0.5, ""solver"": ""lsqr""}"
lda_classifier__best_candidate,lda,classification,bbob_train,FE_ratio,FE_ratio=0.4,,,0.4,19440,1376,0.07078189300411522,-0.08176159053440116,-0.06731035034538017,252.55187921031478,top_10,0.2244357227359923,2144,0.1102880658436214,-0.02337265142151465,532,0.3866279069767442,0.4805219612396525,0.24813432835820895,1612,0.7518656716417911,171.4676889606277,-50.11096464772742,-0.0025777245189160195,-0.08176159053440116,0.0,0.012991351811230182,lda_classifier__raw_primary_with_maturity__best_candidate__shrinkage_0p5__solver_lsqr,lda_classifier,"LinearDiscriminantAnalysis(solver='lsqr',shrinkage=0.5)",raw_primary_with_maturity,best_candidate,"{""shrinkage"": 0.5, ""solver"": ""lsqr""}"
lda_classifier__best_candidate,lda,classification,bbob_train,FE_ratio,FE_ratio=0.4,,,0.4,19440,1376,0.07078189300411522,-0.08176159053440116,-0.06731035034538017,252.55187921031478,top_20,0.08751491796105101,3718,0.19125514403292182,-0.0470636085849708,681,0.4949127906976744,0.6171585943036932,0.18316299085529855,3037,0.8168370091447015,330.8470594811155,-174.98249671892145,-0.009001157238627646,-0.08176159053440116,0.0,0.012991351811230182,lda_classifier__raw_primary_with_maturity__best_candidate__shrinkage_0p5__solver_lsqr,lda_classifier,"LinearDiscriminantAnalysis(solver='lsqr',shrinkage=0.5)",raw_primary_with_maturity,best_candidate,"{""shrinkage"": 0.5, ""solver"": ""lsqr""}"
lda_classifier__best_candidate,lda,classification,bbob_train,FE_ratio,FE_ratio=0.45,,,0.45,19440,911,0.04686213991769547,-0.09574364894010993,-0.0740343803226563,214.80823720368133,zero,0.0,19440,1.0,-0.09574364894010993,911,1.0,1.0,0.04686213991769547,18529,0.9531378600823045,2076.0647725994186,-1861.256535395737,-0.09574364894010993,-0.09574364894010993,0.0,0.011049806440518587,lda_classifier__raw_primary_with_maturity__best_candidate__shrinkage_0p5__solver_lsqr,lda_classifier,"LinearDiscriminantAnalysis(solver='lsqr',shrinkage=0.5)",raw_primary_with_maturity,best_candidate,"{""shrinkage"": 0.5, ""solver"": ""lsqr""}"
lda_classifier__best_candidate,lda,classification,bbob_train,FE_ratio,FE_ratio=0.45,,,0.45,19440,911,0.04686213991769547,-0.09574364894010993,-0.0740343803226563,214.80823720368133,train_utility,0.8085229551552867,181,0.009310699588477366,-0.010872187446293207,51,0.05598243688254665,0.041265975564971136,0.281767955801105,130,0.7182320441988951,10.832137395380709,-1.967865927779072,-0.00010122767118205103,-0.09574364894010993,0.0,0.011049806440518587,lda_classifier__raw_primary_with_maturity__best_candidate__shrinkage_0p5__solver_lsqr,lda_classifier,"LinearDiscriminantAnalysis(solver='lsqr',shrinkage=0.5)",raw_primary_with_maturity,best_candidate,"{""shrinkage"": 0.5, ""solver"": ""lsqr""}"
lda_classifier__best_candidate,lda,classification,bbob_train,FE_ratio,FE_ratio=0.45,,,0.45,19440,911,0.04686213991769547,-0.09574364894010993,-0.0740343803226563,214.80823720368133,top_05,0.46261727302963146,1017,0.052314814814814814,-0.03488028427891097,246,0.270032930845225,0.23021840867328125,0.24188790560471976,771,0.7581120943952803,84.92605965059671,-35.473249111652464,-0.0018247556127393243,-0.09574364894010993,0.0,0.011049806440518587,lda_classifier__raw_primary_with_maturity__best_candidate__shrinkage_0p5__solver_lsqr,lda_classifier,"LinearDiscriminantAnalysis(solver='lsqr',shrinkage=0.5)",raw_primary_with_maturity,best_candidate,"{""shrinkage"": 0.5, ""solver"": ""lsqr""}"
lda_classifier__best_candidate,lda,classification,bbob_train,FE_ratio,FE_ratio=0.45,,,0.45,19440,911,0.04686213991769547,-0.09574364894010993,-0.0740343803226563,214.80823720368133,top_10,0.2244357227359923,2034,0.10462962962962963,-0.04443722314744428,432,0.47420417124039516,0.4898587012480486,0.21238938053097345,1602,0.7876106194690266,195.61099597587975,-90.38531188190167,-0.0046494501996863,-0.09574364894010993,0.0,0.011049806440518587,lda_classifier__raw_primary_with_maturity__best_candidate__shrinkage_0p5__solver_lsqr,lda_classifier,"LinearDiscriminantAnalysis(solver='lsqr',shrinkage=0.5)",raw_primary_with_maturity,best_candidate,"{""shrinkage"": 0.5, ""solver"": ""lsqr""}"
lda_classifier__best_candidate,lda,classification,bbob_train,FE_ratio,FE_ratio=0.45,,,0.45,19440,911,0.04686213991769547,-0.09574364894010993,-0.0740343803226563,214.80823720368133,top_20,0.08751491796105101,3453,0.17762345679012345,-0.06678657542369734,543,0.5960482985729967,0.6277867805328238,0.157254561251086,2910,0.8427454387489139,365.4678166040572,-230.61404493802695,-0.011862862393931427,-0.09574364894010993,0.0,0.011049806440518587,lda_classifier__raw_primary_with_maturity__best_candidate__shrinkage_0p5__solver_lsqr,lda_classifier,"LinearDiscriminantAnalysis(solver='lsqr',shrinkage=0.5)",raw_primary_with_maturity,best_candidate,"{""shrinkage"": 0.5, ""solver"": ""lsqr""}"
lda_classifier__best_candidate,lda,classification,bbob_train,FE_ratio,FE_ratio=0.5,,,0.5,19440,752,0.03868312757201646,-0.10761678906395437,-0.08153801385084204,216.74610973067038,zero,0.0,19440,1.0,-0.10761678906395437,752,1.0,1.0,0.03868312757201646,18688,0.9613168724279836,2308.8164891339434,-2092.070379403273,-0.10761678906395437,-0.10761678906395437,0.0,0.011149491241289628,lda_classifier__raw_primary_with_maturity__best_candidate__shrinkage_0p5__solver_lsqr,lda_classifier,"LinearDiscriminantAnalysis(solver='lsqr',shrinkage=0.5)",raw_primary_with_maturity,best_candidate,"{""shrinkage"": 0.5, ""solver"": ""lsqr""}"
lda_classifier__best_candidate,lda,classification,bbob_train,FE_ratio,FE_ratio=0.5,,,0.5,19440,752,0.03868312757201646,-0.10761678906395437,-0.08153801385084204,216.74610973067038,train_utility,0.8085229551552867,172,0.008847736625514403,0.011137138261170456,47,0.0625,0.05488085591639698,0.27325581395348836,125,0.7267441860465116,9.979624237647174,1.9155877809213182,9.853846609677563e-05,-0.10761678906395437,0.0,0.011149491241289628,lda_classifier__raw_primary_with_maturity__best_candidate__shrinkage_0p5__solver_lsqr,lda_classifier,"LinearDiscriminantAnalysis(solver='lsqr',shrinkage=0.5)",raw_primary_with_maturity,best_candidate,"{""shrinkage"": 0.5, ""solver"": ""lsqr""}"
lda_classifier__best_candidate,lda,classification,bbob_train,FE_ratio,FE_ratio=0.5,,,0.5,19440,752,0.03868312757201646,-0.10761678906395437,-0.08153801385084204,216.74610973067038,top_05,0.46261727302963146,964,0.04958847736625514,-0.035775732995726374,207,0.2752659574468085,0.2359076370661761,0.21473029045643152,757,0.7852697095435685,85.6198691977288,-34.48780660788022,-0.0017740641259197645,-0.10761678906395437,0.0,0.011149491241289628,lda_classifier__raw_primary_with_maturity__best_candidate__shrinkage_0p5__solver_lsqr,lda_classifier,"LinearDiscriminantAnalysis(solver='lsqr',shrinkage=0.5)",raw_primary_with_maturity,best_candidate,"{""shrinkage"": 0.5, ""solver"": ""lsqr""}"
lda_classifier__best_candidate,lda,classification,bbob_train,FE_ratio,FE_ratio=0.5,,,0.5,19440,752,0.03868312757201646,-0.10761678906395437,-0.08153801385084204,216.74610973067038,top_10,0.2244357227359923,1918,0.09866255144032922,-0.055393957391727616,356,0.4734042553191489,0.4704524480486319,0.18561001042752867,1562,0.8143899895724713,208.21434820514483,-106.24561027733358,-0.005465309170644732,-0.10761678906395437,0.0,0.011149491241289628,lda_classifier__raw_primary_with_maturity__best_candidate__shrinkage_0p5__solver_lsqr,lda_classifier,"LinearDiscriminantAnalysis(solver='lsqr',shrinkage=0.5)",raw_primary_with_maturity,best_candidate,"{""shrinkage"": 0.5, ""solver"": ""lsqr""}"
lda_classifier__best_candidate,lda,classification,bbob_train,FE_ratio,FE_ratio=0.5,,,0.5,19440,752,0.03868312757201646,-0.10761678906395437,-0.08153801385084204,216.74610973067038,top_20,0.08751491796105101,3315,0.1705246913580247,-0.08276501813394016,468,0.6223404255319149,0.59645347043703,0.1411764705882353,2847,0.8588235294117647,403.6450044665953,-274.36603511401165,-0.014113479172531463,-0.10761678906395437,0.0,0.011149491241289628,lda_classifier__raw_primary_with_maturity__best_candidate__shrinkage_0p5__solver_lsqr,lda_classifier,"LinearDiscriminantAnalysis(solver='lsqr',shrinkage=0.5)",raw_primary_with_maturity,best_candidate,"{""shrinkage"": 0.5, ""solver"": ""lsqr""}"
lda_classifier__best_candidate,lda,classification,bbob_train,FE_ratio,FE_ratio=0.55,,,0.55,19440,784,0.040329218106995884,-0.12055088341199817,-0.09047622006570433,212.50845114181092,zero,0.0,19440,1.0,-0.12055088341199817,784,1.0,1.0,0.040329218106995884,18656,0.9596707818930041,2556.0176246710553,-2343.5091735292444,-0.12055088341199817,-0.12055088341199817,0.0,0.010931504688364757,lda_classifier__raw_primary_with_maturity__best_candidate__shrinkage_0p5__solver_lsqr,lda_classifier,"LinearDiscriminantAnalysis(solver='lsqr',shrinkage=0.5)",raw_primary_with_maturity,best_candidate,"{""shrinkage"": 0.5, ""solver"": ""lsqr""}"
lda_classifier__best_candidate,lda,classification,bbob_train,FE_ratio,FE_ratio=0.55,,,0.55,19440,784,0.040329218106995884,-0.12055088341199817,-0.09047622006570433,212.50845114181092,train_utility,0.8085229551552867,137,0.007047325102880658,0.016809042019297372,44,0.05612244897959184,0.05109849394849307,0.32116788321167883,93,0.6788321167883211,8.55602304802972,2.302838756643741,0.00011845878377797022,-0.12055088341199817,0.0,0.010931504688364757,lda_classifier__raw_primary_with_maturity__best_candidate__shrinkage_0p5__solver_lsqr,lda_classifier,"LinearDiscriminantAnalysis(solver='lsqr',shrinkage=0.5)",raw_primary_with_maturity,best_candidate,"{""shrinkage"": 0.5, ""solver"": ""lsqr""}"
lda_classifier__best_candidate,lda,classification,bbob_train,FE_ratio,FE_ratio=0.55,,,0.55,19440,784,0.040329218106995884,-0.12055088341199817,-0.09047622006570433,212.50845114181092,top_05,0.46261727302963146,870,0.044753086419753084,-0.062463739493719195,184,0.23469387755102042,0.18106300052066046,0.21149425287356322,686,0.7885057471264367,92.82087115927015,-54.34345335953569,-0.0027954451316633583,-0.12055088341199817,0.0,0.010931504688364757,lda_classifier__raw_primary_with_maturity__best_candidate__shrinkage_0p5__solver_lsqr,lda_classifier,"LinearDiscriminantAnalysis(solver='lsqr',shrinkage=0.5)",raw_primary_with_maturity,best_candidate,"{""shrinkage"": 0.5, ""solver"": ""lsqr""}"
lda_classifier__best_candidate,lda,classification,bbob_train,FE_ratio,FE_ratio=0.55,,,0.55,19440,784,0.040329218106995884,-0.12055088341199817,-0.09047622006570433,212.50845114181092,top_10,0.2244357227359923,1805,0.09284979423868313,-0.0749376637817224,334,0.4260204081632653,0.4154099914213589,0.1850415512465374,1471,0.8149584487534626,223.54061699179485,-135.26248312600893,-0.006957946662860542,-0.12055088341199817,0.0,0.010931504688364757,lda_classifier__raw_primary_with_maturity__best_candidate__shrinkage_0p5__solver_lsqr,lda_classifier,"LinearDiscriminantAnalysis(solver='lsqr',shrinkage=0.5)",raw_primary_with_maturity,best_candidate,"{""shrinkage"": 0.5, ""solver"": ""lsqr""}"
lda_classifier__best_candidate,lda,classification,bbob_train,FE_ratio,FE_ratio=0.55,,,0.55,19440,784,0.040329218106995884,-0.12055088341199817,-0.09047622006570433,212.50845114181092,top_20,0.08751491796105101,3257,0.1675411522633745,-0.10622081238401336,446,0.5688775510204082,0.5505653190159271,0.13693583051888242,2811,0.8630641694811176,462.9609691312032,-345.9611859347316,-0.01779635730116932,-0.12055088341199817,0.0,0.010931504688364757,lda_classifier__raw_primary_with_maturity__best_candidate__shrinkage_0p5__solver_lsqr,lda_classifier,"LinearDiscriminantAnalysis(solver='lsqr',shrinkage=0.5)",raw_primary_with_maturity,best_candidate,"{""shrinkage"": 0.5, ""solver"": ""lsqr""}"
lda_classifier__best_candidate,lda,classification,bbob_train,FE_ratio,FE_ratio=0.6,,,0.6,19440,624,0.03209876543209877,-0.13902174819174842,-0.10198680721304745,192.65175785948037,zero,0.0,19440,1.0,-0.13902174819174842,624,1.0,1.0,0.03209876543209877,18816,0.9679012345679012,2895.2345427070695,-2702.582784847589,-0.13902174819174842,-0.13902174819174842,0.0,0.009910069848738701,lda_classifier__raw_primary_with_maturity__best_candidate__shrinkage_0p5__solver_lsqr,lda_classifier,"LinearDiscriminantAnalysis(solver='lsqr',shrinkage=0.5)",raw_primary_with_maturity,best_candidate,"{""shrinkage"": 0.5, ""solver"": ""lsqr""}"
lda_classifier__best_candidate,lda,classification,bbob_train,FE_ratio,FE_ratio=0.6,,,0.6,19440,624,0.03209876543209877,-0.13902174819174842,-0.10198680721304745,192.65175785948037,train_utility,0.8085229551552867,113,0.0058127572016460904,-0.05850907557908679,13,0.020833333333333332,0.017667862989997545,0.11504424778761062,100,0.8849557522123894,10.015270403080288,-6.611525540436807,-0.0003400990504339921,-0.13902174819174842,0.0,0.009910069848738701,lda_classifier__raw_primary_with_maturity__best_candidate__shrinkage_0p5__solver_lsqr,lda_classifier,"LinearDiscriminantAnalysis(solver='lsqr',shrinkage=0.5)",raw_primary_with_maturity,best_candidate,"{""shrinkage"": 0.5, ""solver"": ""lsqr""}"
lda_classifier__best_candidate,lda,classification,bbob_train,FE_ratio,FE_ratio=0.6,,,0.6,19440,624,0.03209876543209877,-0.13902174819174842,-0.10198680721304745,192.65175785948037,top_05,0.46261727302963146,782,0.04022633744855967,-0.08102266308925518,109,0.17467948717948717,0.13070881068579382,0.13938618925831203,673,0.860613810741688,88.54100468213775,-63.359722535797545,-0.003259244986409339,-0.13902174819174842,0.0,0.009910069848738701,lda_classifier__raw_primary_with_maturity__best_candidate__shrinkage_0p5__solver_lsqr,lda_classifier,"LinearDiscriminantAnalysis(solver='lsqr',shrinkage=0.5)",raw_primary_with_maturity,best_candidate,"{""shrinkage"": 0.5, ""solver"": ""lsqr""}"
lda_classifier__best_candidate,lda,classification,bbob_train,FE_ratio,FE_ratio=0.6,,,0.6,19440,624,0.03209876543209877,-0.13902174819174842,-0.10198680721304745,192.65175785948037,top_10,0.2244357227359923,1605,0.08256172839506173,-0.08853566000091208,220,0.3525641025641026,0.3548169147838404,0.13707165109034267,1385,0.8629283489096573,210.4558366528482,-142.09973430146388,-0.007309657114272833,-0.13902174819174842,0.0,0.009910069848738701,lda_classifier__raw_primary_with_maturity__best_candidate__shrinkage_0p5__solver_lsqr,lda_classifier,"LinearDiscriminantAnalysis(solver='lsqr',shrinkage=0.5)",raw_primary_with_maturity,best_candidate,"{""shrinkage"": 0.5, ""solver"": ""lsqr""}"
lda_classifier__best_candidate,lda,classification,bbob_train,FE_ratio,FE_ratio=0.6,,,0.6,19440,624,0.03209876543209877,-0.13902174819174842,-0.10198680721304745,192.65175785948037,top_20,0.08751491796105101,3182,0.16368312757201647,-0.13171764649698056,343,0.5496794871794872,0.5362207732557954,0.10779384035197989,2839,0.8922061596480201,522.429425721891,-419.12555115339217,-0.021559956335051037,-0.13902174819174842,0.0,0.009910069848738701,lda_classifier__raw_primary_with_maturity__best_candidate__shrinkage_0p5__solver_lsqr,lda_classifier,"LinearDiscriminantAnalysis(solver='lsqr',shrinkage=0.5)",raw_primary_with_maturity,best_candidate,"{""shrinkage"": 0.5, ""solver"": ""lsqr""}"
lda_classifier__best_candidate,lda,classification,bbob_validation,all,all,,,,64800,3745,0.05779320987654321,-0.09152940558707323,-0.07597107961327272,743.0385345915533,zero,0.0,64800,1.0,-0.09152940558707323,3745,1.0,1.0,0.05779320987654321,61055,0.9422067901234568,6674.1440166339,-5931.105482042345,-0.09152940558707323,-0.09152940558707323,0.0,0.011466644052338786,lda_classifier__raw_primary_with_maturity__best_candidate__shrinkage_0p5__solver_lsqr,lda_classifier,"LinearDiscriminantAnalysis(solver='lsqr',shrinkage=0.5)",raw_primary_with_maturity,best_candidate,"{""shrinkage"": 0.5, ""solver"": ""lsqr""}"
lda_classifier__best_candidate,lda,classification,bbob_validation,all,all,,,,64800,3745,0.05779320987654321,-0.09152940558707323,-0.07597107961327272,743.0385345915533,train_utility,0.8085229551552867,2428,0.03746913580246913,0.11631440410757275,765,0.20427236315086783,0.5609896149587004,0.31507413509060955,1663,0.6849258649093904,134.4255282468059,282.4113731731867,0.004358200203289918,-0.09152940558707323,0.0,0.011466644052338786,lda_classifier__raw_primary_with_maturity__best_candidate__shrinkage_0p5__solver_lsqr,lda_classifier,"LinearDiscriminantAnalysis(solver='lsqr',shrinkage=0.5)",raw_primary_with_maturity,best_candidate,"{""shrinkage"": 0.5, ""solver"": ""lsqr""}"
lda_classifier__best_candidate,lda,classification,bbob_validation,all,all,,,,64800,3745,0.05779320987654321,-0.09152940558707323,-0.07597107961327272,743.0385345915533,top_05,0.46261727302963146,2758,0.042561728395061726,0.09240765599568834,777,0.20747663551401868,0.5622463632460475,0.2817258883248731,1981,0.7182741116751269,162.91039858966494,254.86031523610845,0.0039330295561127845,-0.09152940558707323,0.0,0.011466644052338786,lda_classifier__raw_primary_with_maturity__best_candidate__shrinkage_0p5__solver_lsqr,lda_classifier,"LinearDiscriminantAnalysis(solver='lsqr',shrinkage=0.5)",raw_primary_with_maturity,best_candidate,"{""shrinkage"": 0.5, ""solver"": ""lsqr""}"
lda_classifier__best_candidate,lda,classification,bbob_validation,all,all,,,,64800,3745,0.05779320987654321,-0.09152940558707323,-0.07597107961327272,743.0385345915533,top_10,0.2244357227359923,8905,0.13742283950617284,-0.036932256207347254,1282,0.3423230974632844,0.638326893256055,0.14396406513194834,7623,0.8560359348680516,803.1832208817852,-328.8817415264273,-0.005075335517383137,-0.09152940558707323,0.0,0.011466644052338786,lda_classifier__raw_primary_with_maturity__best_candidate__shrinkage_0p5__solver_lsqr,lda_classifier,"LinearDiscriminantAnalysis(solver='lsqr',shrinkage=0.5)",raw_primary_with_maturity,best_candidate,"{""shrinkage"": 0.5, ""solver"": ""lsqr""}"
lda_classifier__best_candidate,lda,classification,bbob_validation,all,all,,,,64800,3745,0.05779320987654321,-0.09152940558707323,-0.07597107961327272,743.0385345915533,top_20,0.08751491796105101,17705,0.2732253086419753,-0.06201978907004078,2696,0.7198931909212283,0.8491312431685605,0.15227336910477265,15009,0.8477266308952274,1728.997600084943,-1098.060365485072,-0.0169453760105721,-0.09152940558707323,0.0,0.011466644052338786,lda_classifier__raw_primary_with_maturity__best_candidate__shrinkage_0p5__solver_lsqr,lda_classifier,"LinearDiscriminantAnalysis(solver='lsqr',shrinkage=0.5)",raw_primary_with_maturity,best_candidate,"{""shrinkage"": 0.5, ""solver"": ""lsqr""}"
lda_classifier__best_candidate,lda,classification,bbob_validation,label_source,label_source=changed_algorithm,changed_algorithm,,,16560,2549,0.15392512077294687,-0.05116247729341551,-0.06176568779918107,607.1864253523988,zero,0.0,16560,1.0,-0.05116247729341551,2549,1.0,1.0,0.15392512077294687,14011,0.8460748792270532,1454.43704933136,-847.2506239789609,-0.05116247729341551,-0.05116247729341551,0.0,0.036665846941569984,lda_classifier__raw_primary_with_maturity__best_candidate__shrinkage_0p5__solver_lsqr,lda_classifier,"LinearDiscriminantAnalysis(solver='lsqr',shrinkage=0.5)",raw_primary_with_maturity,best_candidate,"{""shrinkage"": 0.5, ""solver"": ""lsqr""}"
lda_classifier__best_candidate,lda,classification,bbob_validation,label_source,label_source=changed_algorithm,changed_algorithm,,,16560,2549,0.15392512077294687,-0.05116247729341551,-0.06176568779918107,607.1864253523988,train_utility,0.8085229551552867,778,0.04698067632850242,0.5301200958833796,735,0.2883483719105532,0.6805077105132055,0.9447300771208226,43,0.055269922879177376,0.7616095739889903,412.43343459726924,0.024905400639931716,-0.05116247729341551,0.0,0.036665846941569984,lda_classifier__raw_primary_with_maturity__best_candidate__shrinkage_0p5__solver_lsqr,lda_classifier,"LinearDiscriminantAnalysis(solver='lsqr',shrinkage=0.5)",raw_primary_with_maturity,best_candidate,"{""shrinkage"": 0.5, ""solver"": ""lsqr""}"
lda_classifier__best_candidate,lda,classification,bbob_validation,label_source,label_source=changed_algorithm,changed_algorithm,,,16560,2549,0.15392512077294687,-0.05116247729341551,-0.06176568779918107,607.1864253523988,top_05,0.46261727302963146,825,0.049818840579710144,0.49727655180407576,742,0.29109454688112985,0.68153716173744,0.8993939393939394,83,0.1006060606060606,3.5669577418133374,410.2531552383625,0.024773741258355225,-0.05116247729341551,0.0,0.036665846941569984,lda_classifier__raw_primary_with_maturity__best_candidate__shrinkage_0p5__solver_lsqr,lda_classifier,"LinearDiscriminantAnalysis(solver='lsqr',shrinkage=0.5)",raw_primary_with_maturity,best_candidate,"{""shrinkage"": 0.5, ""solver"": ""lsqr""}"
lda_classifier__best_candidate,lda,classification,bbob_validation,label_source,label_source=changed_algorithm,changed_algorithm,,,16560,2549,0.15392512077294687,-0.05116247729341551,-0.06176568779918107,607.1864253523988,top_10,0.2244357227359923,2076,0.12536231884057972,0.175465612251591,1030,0.4040800313848568,0.7356008136894672,0.49614643545279385,1046,0.5038535645472062,82.38021751612065,364.26661103430285,0.021996776028641477,-0.05116247729341551,0.0,0.036665846941569984,lda_classifier__raw_primary_with_maturity__best_candidate__shrinkage_0p5__solver_lsqr,lda_classifier,"LinearDiscriminantAnalysis(solver='lsqr',shrinkage=0.5)",raw_primary_with_maturity,best_candidate,"{""shrinkage"": 0.5, ""solver"": ""lsqr""}"
lda_classifier__best_candidate,lda,classification,bbob_validation,label_source,label_source=changed_algorithm,changed_algorithm,,,16560,2549,0.15392512077294687,-0.05116247729341551,-0.06176568779918107,607.1864253523988,top_20,0.08751491796105101,4148,0.2504830917874396,0.08653876483511003,1891,0.7418595527657905,0.8917858061130985,0.45588235294117646,2257,0.5441176470588235,182.51743925778334,358.9627965360365,0.02167649737536452,-0.05116247729341551,0.0,0.036665846941569984,lda_classifier__raw_primary_with_maturity__best_candidate__shrinkage_0p5__solver_lsqr,lda_classifier,"LinearDiscriminantAnalysis(solver='lsqr',shrinkage=0.5)",raw_primary_with_maturity,best_candidate,"{""shrinkage"": 0.5, ""solver"": ""lsqr""}"
lda_classifier__best_candidate,lda,classification,bbob_validation,label_source,label_source=same_algorithm,same_algorithm,,,48240,1196,0.024792703150912105,-0.10538670932967216,-0.08462815497687234,135.85210923915443,zero,0.0,48240,1.0,-0.10538670932967216,1196,1.0,1.0,0.024792703150912105,47044,0.9752072968490879,5219.70696730254,-5083.854858063385,-0.10538670932967216,-0.10538670932967216,0.0,0.0028161714187221066,lda_classifier__raw_primary_with_maturity__best_candidate__shrinkage_0p5__solver_lsqr,lda_classifier,"LinearDiscriminantAnalysis(solver='lsqr',shrinkage=0.5)",raw_primary_with_maturity,best_candidate,"{""shrinkage"": 0.5, ""solver"": ""lsqr""}"
lda_classifier__best_candidate,lda,classification,bbob_validation,label_source,label_source=same_algorithm,same_algorithm,,,48240,1196,0.024792703150912105,-0.10538670932967216,-0.08462815497687234,135.85210923915443,train_utility,0.8085229551552867,1650,0.034203980099502485,-0.07880124934792886,30,0.02508361204013378,0.02680751347278049,0.01818181818181818,1620,0.9818181818181818,133.6639186728169,-130.0220614240826,-0.002695316364512492,-0.10538670932967216,0.0,0.0028161714187221066,lda_classifier__raw_primary_with_maturity__best_candidate__shrinkage_0p5__solver_lsqr,lda_classifier,"LinearDiscriminantAnalysis(solver='lsqr',shrinkage=0.5)",raw_primary_with_maturity,best_candidate,"{""shrinkage"": 0.5, ""solver"": ""lsqr""}"
lda_classifier__best_candidate,lda,classification,bbob_validation,label_source,label_source=same_algorithm,same_algorithm,,,48240,1196,0.024792703150912105,-0.10538670932967216,-0.08462815497687234,135.85210923915443,top_05,0.46261727302963146,1933,0.04007048092868988,-0.08038946715067463,35,0.029264214046822744,0.02908015832601366,0.01810657009829281,1898,0.9818934299017071,159.34344084785158,-155.39284000225408,-0.00322124461032865,-0.10538670932967216,0.0,0.0028161714187221066,lda_classifier__raw_primary_with_maturity__best_candidate__shrinkage_0p5__solver_lsqr,lda_classifier,"LinearDiscriminantAnalysis(solver='lsqr',shrinkage=0.5)",raw_primary_with_maturity,best_candidate,"{""shrinkage"": 0.5, ""solver"": ""lsqr""}"
lda_classifier__best_candidate,lda,classification,bbob_validation,label_source,label_source=same_algorithm,same_algorithm,,,48240,1196,0.024792703150912105,-0.10538670932967216,-0.08462815497687234,135.85210923915443,top_10,0.2244357227359923,6829,0.14156301824212272,-0.10150071058145119,252,0.21070234113712374,0.20356438306196,0.03690144969980964,6577,0.9630985503001903,720.8030033656645,-693.14835256073,-0.01436874694363039,-0.10538670932967216,0.0,0.0028161714187221066,lda_classifier__raw_primary_with_maturity__best_candidate__shrinkage_0p5__solver_lsqr,lda_classifier,"LinearDiscriminantAnalysis(solver='lsqr',shrinkage=0.5)",raw_primary_with_maturity,best_candidate,"{""shrinkage"": 0.5, ""solver"": ""lsqr""}"
lda_classifier__best_candidate,lda,classification,bbob_validation,label_source,label_source=same_algorithm,same_algorithm,,,48240,1196,0.024792703150912105,-0.10538670932967216,-0.08462815497687234,135.85210923915443,top_20,0.08751491796105101,13557,0.2810323383084577,-0.10747386309811231,805,0.6730769230769231,0.6584881111309867,0.05937891863981707,12752,0.940621081360183,1546.48016082716,-1457.0231620211086,-0.03020363105350557,-0.10538670932967216,0.0,0.0028161714187221066,lda_classifier__raw_primary_with_maturity__best_candidate__shrinkage_0p5__solver_lsqr,lda_classifier,"LinearDiscriminantAnalysis(solver='lsqr',shrinkage=0.5)",raw_primary_with_maturity,best_candidate,"{""shrinkage"": 0.5, ""solver"": ""lsqr""}"
lda_classifier__best_candidate,lda,classification,bbob_validation,dimension,dimension=10,,10.0,,21600,1470,0.06805555555555555,-0.040708791525251226,-0.036659214049790265,260.3480860696287,zero,0.0,21600,1.0,-0.040708791525251226,1470,1.0,1.0,0.06805555555555555,20130,0.9319444444444445,1139.657983015055,-879.3098969454265,-0.040708791525251226,-0.040708791525251226,0.0,0.01205315213285318,lda_classifier__raw_primary_with_maturity__best_candidate__shrinkage_0p5__solver_lsqr,lda_classifier,"LinearDiscriminantAnalysis(solver='lsqr',shrinkage=0.5)",raw_primary_with_maturity,best_candidate,"{""shrinkage"": 0.5, ""solver"": ""lsqr""}"
lda_classifier__best_candidate,lda,classification,bbob_validation,dimension,dimension=10,,10.0,,21600,1470,0.06805555555555555,-0.040708791525251226,-0.036659214049790265,260.3480860696287,train_utility,0.8085229551552867,809,0.037453703703703704,0.17471953439258545,282,0.19183673469387755,0.6033664837945194,0.34857849196538937,527,0.6514215080346106,15.737205930863132,141.34810332360163,0.006543893672388964,-0.040708791525251226,0.0,0.01205315213285318,lda_classifier__raw_primary_with_maturity__best_candidate__shrinkage_0p5__solver_lsqr,lda_classifier,"LinearDiscriminantAnalysis(solver='lsqr',shrinkage=0.5)",raw_primary_with_maturity,best_candidate,"{""shrinkage"": 0.5, ""solver"": ""lsqr""}"
lda_classifier__best_candidate,lda,classification,bbob_validation,dimension,dimension=10,,10.0,,21600,1470,0.06805555555555555,-0.040708791525251226,-0.036659214049790265,260.3480860696287,top_05,0.46261727302963146,950,0.04398148148148148,0.1435008352778721,288,0.19591836734693877,0.6055963198845651,0.3031578947368421,662,0.6968421052631579,21.34004929877862,136.3257935139785,0.006311379329350857,-0.040708791525251226,0.0,0.01205315213285318,lda_classifier__raw_primary_with_maturity__best_candidate__shrinkage_0p5__solver_lsqr,lda_classifier,"LinearDiscriminantAnalysis(solver='lsqr',shrinkage=0.5)",raw_primary_with_maturity,best_candidate,"{""shrinkage"": 0.5, ""solver"": ""lsqr""}"
lda_classifier__best_candidate,lda,classification,bbob_validation,dimension,dimension=10,,10.0,,21600,1470,0.06805555555555555,-0.040708791525251226,-0.036659214049790265,260.3480860696287,top_10,0.2244357227359923,3006,0.13916666666666666,0.017791277340341805,496,0.33741496598639453,0.6709051271211195,0.1650033266799734,2510,0.8349966733200266,121.1882860952169,53.480579685067426,0.002475952763197566,-0.040708791525251226,0.0,0.01205315213285318,lda_classifier__raw_primary_with_maturity__best_candidate__shrinkage_0p5__solver_lsqr,lda_classifier,"LinearDiscriminantAnalysis(solver='lsqr',shrinkage=0.5)",raw_primary_with_maturity,best_candidate,"{""shrinkage"": 0.5, ""solver"": ""lsqr""}"
lda_classifier__best_candidate,lda,classification,bbob_validation,dimension,dimension=10,,10.0,,21600,1470,0.06805555555555555,-0.040708791525251226,-0.036659214049790265,260.3480860696287,top_20,0.08751491796105101,6232,0.2885185185185185,-0.013173749397510946,1086,0.7387755102040816,0.8637844899081286,0.17426187419768935,5146,0.8257381258023107,306.98344496950006,-82.09880624528824,-0.0038008706595040855,-0.040708791525251226,0.0,0.01205315213285318,lda_classifier__raw_primary_with_maturity__best_candidate__shrinkage_0p5__solver_lsqr,lda_classifier,"LinearDiscriminantAnalysis(solver='lsqr',shrinkage=0.5)",raw_primary_with_maturity,best_candidate,"{""shrinkage"": 0.5, ""solver"": ""lsqr""}"
lda_classifier__best_candidate,lda,classification,bbob_validation,dimension,dimension=20,,20.0,,21600,1908,0.08833333333333333,-0.05664202206459035,-0.0679457754312032,392.4289080321196,zero,0.0,21600,1.0,-0.05664202206459035,1908,1.0,1.0,0.08833333333333333,19692,0.9116666666666666,1615.8965846272713,-1223.4676765951515,-0.05664202206459035,-0.05664202206459035,0.0,0.018168005001487023,lda_classifier__raw_primary_with_maturity__best_candidate__shrinkage_0p5__solver_lsqr,lda_classifier,"LinearDiscriminantAnalysis(solver='lsqr',shrinkage=0.5)",raw_primary_with_maturity,best_candidate,"{""shrinkage"": 0.5, ""solver"": ""lsqr""}"
lda_classifier__best_candidate,lda,classification,bbob_validation,dimension,dimension=20,,20.0,,21600,1908,0.08833333333333333,-0.05664202206459035,-0.0679457754312032,392.4289080321196,train_utility,0.8085229551552867,810,0.0375,0.25755008537525403,394,0.20649895178197064,0.5859854755018773,0.48641975308641977,416,0.5135802469135803,21.342071119928303,208.6155691539558,0.009658128201572027,-0.05664202206459035,0.0,0.018168005001487023,lda_classifier__raw_primary_with_maturity__best_candidate__shrinkage_0p5__solver_lsqr,lda_classifier,"LinearDiscriminantAnalysis(solver='lsqr',shrinkage=0.5)",raw_primary_with_maturity,best_candidate,"{""shrinkage"": 0.5, ""solver"": ""lsqr""}"
lda_classifier__best_candidate,lda,classification,bbob_validation,dimension,dimension=20,,20.0,,21600,1908,0.08833333333333333,-0.05664202206459035,-0.0679457754312032,392.4289080321196,top_05,0.46261727302963146,917,0.0424537037037037,0.21985186220917977,398,0.20859538784067086,0.5868038810420899,0.4340239912758997,519,0.5659760087241004,28.674648620539294,201.60415764581785,0.009333525816936012,-0.05664202206459035,0.0,0.018168005001487023,lda_classifier__raw_primary_with_maturity__best_candidate__shrinkage_0p5__solver_lsqr,lda_classifier,"LinearDiscriminantAnalysis(solver='lsqr',shrinkage=0.5)",raw_primary_with_maturity,best_candidate,"{""shrinkage"": 0.5, ""solver"": ""lsqr""}"
lda_classifier__best_candidate,lda,classification,bbob_validation,dimension,dimension=20,,20.0,,21600,1908,0.08833333333333333,-0.05664202206459035,-0.0679457754312032,392.4289080321196,top_10,0.2244357227359923,2914,0.13490740740740742,0.03133227185023113,630,0.330188679245283,0.6500751971574872,0.21619766643788607,2284,0.7838023335621139,163.80605958770403,91.30224017157352,0.004226955563498774,-0.05664202206459035,0.0,0.018168005001487023,lda_classifier__raw_primary_with_maturity__best_candidate__shrinkage_0p5__solver_lsqr,lda_classifier,"LinearDiscriminantAnalysis(solver='lsqr',shrinkage=0.5)",raw_primary_with_maturity,best_candidate,"{""shrinkage"": 0.5, ""solver"": ""lsqr""}"
lda_classifier__best_candidate,lda,classification,bbob_validation,dimension,dimension=20,,20.0,,21600,1908,0.08833333333333333,-0.05664202206459035,-0.0679457754312032,392.4289080321196,top_20,0.08751491796105101,5871,0.2718055555555556,-0.003096732757618625,1352,0.7085953878406709,0.8552088109457359,0.23028444898654404,4519,0.769715551013456,353.78957783886153,-18.180918019978918,-0.0008417091675916166,-0.05664202206459035,0.0,0.018168005001487023,lda_classifier__raw_primary_with_maturity__best_candidate__shrinkage_0p5__solver_lsqr,lda_classifier,"LinearDiscriminantAnalysis(solver='lsqr',shrinkage=0.5)",raw_primary_with_maturity,best_candidate,"{""shrinkage"": 0.5, ""solver"": ""lsqr""}"
lda_classifier__best_candidate,lda,classification,bbob_validation,dimension,dimension=40,,40.0,,21600,367,0.01699074074074074,-0.17723740317137815,-0.16708161511555475,90.26154048980496,zero,0.0,21600,1.0,-0.17723740317137815,367,1.0,1.0,0.01699074074074074,21233,0.9830092592592593,3918.5894489915727,-3828.327908501768,-0.17723740317137815,-0.17723740317137815,0.0,0.004178775022676155,lda_classifier__raw_primary_with_maturity__best_candidate__shrinkage_0p5__solver_lsqr,lda_classifier,"LinearDiscriminantAnalysis(solver='lsqr',shrinkage=0.5)",raw_primary_with_maturity,best_candidate,"{""shrinkage"": 0.5, ""solver"": ""lsqr""}"
lda_classifier__best_candidate,lda,classification,bbob_validation,dimension,dimension=40,,40.0,,21600,367,0.01699074074074074,-0.17723740317137815,-0.16708161511555475,90.26154048980496,train_utility,0.8085229551552867,809,0.037453703703703704,-0.08350098801529146,89,0.24250681198910082,0.33008468202477553,0.1100123609394314,720,0.8899876390605687,97.34625119601445,-67.55229930437079,-0.00312742126409124,-0.17723740317137815,0.0,0.004178775022676155,lda_classifier__raw_primary_with_maturity__best_candidate__shrinkage_0p5__solver_lsqr,lda_classifier,"LinearDiscriminantAnalysis(solver='lsqr',shrinkage=0.5)",raw_primary_with_maturity,best_candidate,"{""shrinkage"": 0.5, ""solver"": ""lsqr""}"
lda_classifier__best_candidate,lda,classification,bbob_validation,dimension,dimension=40,,40.0,,21600,367,0.01699074074074074,-0.17723740317137815,-0.16708161511555475,90.26154048980496,top_05,0.46261727302963146,891,0.04125,-0.09323191461693368,91,0.24795640326975477,0.3304404576390756,0.10213243546576879,800,0.8978675645342312,112.89570067034703,-83.06963592368791,-0.0038458164779485143,-0.17723740317137815,0.0,0.004178775022676155,lda_classifier__raw_primary_with_maturity__best_candidate__shrinkage_0p5__solver_lsqr,lda_classifier,"LinearDiscriminantAnalysis(solver='lsqr',shrinkage=0.5)",raw_primary_with_maturity,best_candidate,"{""shrinkage"": 0.5, ""solver"": ""lsqr""}"
lda_classifier__best_candidate,lda,classification,bbob_validation,dimension,dimension=40,,40.0,,21600,367,0.01699074074074074,-0.17723740317137815,-0.16708161511555475,90.26154048980496,top_10,0.2244357227359923,2985,0.13819444444444445,-0.15868159510320543,156,0.4250681198910082,0.4932811203330294,0.05226130653266332,2829,0.9477386934673366,518.1888751988643,-473.6645613830682,-0.02192891487884575,-0.17723740317137815,0.0,0.004178775022676155,lda_classifier__raw_primary_with_maturity__best_candidate__shrinkage_0p5__solver_lsqr,lda_classifier,"LinearDiscriminantAnalysis(solver='lsqr',shrinkage=0.5)",raw_primary_with_maturity,best_candidate,"{""shrinkage"": 0.5, ""solver"": ""lsqr""}"
lda_classifier__best_candidate,lda,classification,bbob_validation,dimension,dimension=40,,40.0,,21600,367,0.01699074074074074,-0.17723740317137815,-0.16708161511555475,90.26154048980496,top_20,0.08751491796105101,5602,0.25935185185185183,-0.17811150325237504,258,0.7029972752043597,0.7804424306799119,0.04605498036415566,5344,0.9539450196358443,1068.2245772765818,-997.780641219805,-0.046193548204620606,-0.17723740317137815,0.0,0.004178775022676155,lda_classifier__raw_primary_with_maturity__best_candidate__shrinkage_0p5__solver_lsqr,lda_classifier,"LinearDiscriminantAnalysis(solver='lsqr',shrinkage=0.5)",raw_primary_with_maturity,best_candidate,"{""shrinkage"": 0.5, ""solver"": ""lsqr""}"
lda_classifier__best_candidate,lda,classification,bbob_validation,FE_ratio,FE_ratio=0.2,,,0.2,6480,296,0.04567901234567901,-0.07854640971495502,-0.05432046807708305,38.557426800468264,zero,0.0,6480,1.0,-0.07854640971495502,296,1.0,1.0,0.04567901234567901,6184,0.9543209876543209,547.5381617533768,-508.98073495290856,-0.07854640971495502,-0.07854640971495502,0.0,0.005950220185257448,lda_classifier__raw_primary_with_maturity__best_candidate__shrinkage_0p5__solver_lsqr,lda_classifier,"LinearDiscriminantAnalysis(solver='lsqr',shrinkage=0.5)",raw_primary_with_maturity,best_candidate,"{""shrinkage"": 0.5, ""solver"": ""lsqr""}"
lda_classifier__best_candidate,lda,classification,bbob_validation,FE_ratio,FE_ratio=0.2,,,0.2,6480,296,0.04567901234567901,-0.07854640971495502,-0.05432046807708305,38.557426800468264,train_utility,0.8085229551552867,0,0.0,0.0,0,0.0,0.0,0.0,0,0.0,-0.0,0.0,0.0,-0.07854640971495502,0.0,0.005950220185257448,lda_classifier__raw_primary_with_maturity__best_candidate__shrinkage_0p5__solver_lsqr,lda_classifier,"LinearDiscriminantAnalysis(solver='lsqr',shrinkage=0.5)",raw_primary_with_maturity,best_candidate,"{""shrinkage"": 0.5, ""solver"": ""lsqr""}"
lda_classifier__best_candidate,lda,classification,bbob_validation,FE_ratio,FE_ratio=0.2,,,0.2,6480,296,0.04567901234567901,-0.07854640971495502,-0.05432046807708305,38.557426800468264,top_05,0.46261727302963146,0,0.0,0.0,0,0.0,0.0,0.0,0,0.0,-0.0,0.0,0.0,-0.07854640971495502,0.0,0.005950220185257448,lda_classifier__raw_primary_with_maturity__best_candidate__shrinkage_0p5__solver_lsqr,lda_classifier,"LinearDiscriminantAnalysis(solver='lsqr',shrinkage=0.5)",raw_primary_with_maturity,best_candidate,"{""shrinkage"": 0.5, ""solver"": ""lsqr""}"
lda_classifier__best_candidate,lda,classification,bbob_validation,FE_ratio,FE_ratio=0.2,,,0.2,6480,296,0.04567901234567901,-0.07854640971495502,-0.05432046807708305,38.557426800468264,top_10,0.2244357227359923,0,0.0,0.0,0,0.0,0.0,0.0,0,0.0,-0.0,0.0,0.0,-0.07854640971495502,0.0,0.005950220185257448,lda_classifier__raw_primary_with_maturity__best_candidate__shrinkage_0p5__solver_lsqr,lda_classifier,"LinearDiscriminantAnalysis(solver='lsqr',shrinkage=0.5)",raw_primary_with_maturity,best_candidate,"{""shrinkage"": 0.5, ""solver"": ""lsqr""}"
lda_classifier__best_candidate,lda,classification,bbob_validation,FE_ratio,FE_ratio=0.2,,,0.2,6480,296,0.04567901234567901,-0.07854640971495502,-0.05432046807708305,38.557426800468264,top_20,0.08751491796105101,1,0.00015432098765432098,-0.10680172392417987,0,0.0,0.0,0.0,1,1.0,0.10680172392417987,-0.10680172392417987,-1.648174751916356e-05,-0.07854640971495502,0.0,0.005950220185257448,lda_classifier__raw_primary_with_maturity__best_candidate__shrinkage_0p5__solver_lsqr,lda_classifier,"LinearDiscriminantAnalysis(solver='lsqr',shrinkage=0.5)",raw_primary_with_maturity,best_candidate,"{""shrinkage"": 0.5, ""solver"": ""lsqr""}"
lda_classifier__best_candidate,lda,classification,bbob_validation,FE_ratio,FE_ratio=0.25,,,0.25,6480,292,0.04506172839506173,-0.08209066348445634,-0.05811985784400571,35.463735190300596,zero,0.0,6480,1.0,-0.08209066348445634,292,1.0,1.0,0.04506172839506173,6188,0.9549382716049383,567.4112345695777,-531.9474993792771,-0.08209066348445634,-0.08209066348445634,0.0,0.005472798640478487,lda_classifier__raw_primary_with_maturity__best_candidate__shrinkage_0p5__solver_lsqr,lda_classifier,"LinearDiscriminantAnalysis(solver='lsqr',shrinkage=0.5)",raw_primary_with_maturity,best_candidate,"{""shrinkage"": 0.5, ""solver"": ""lsqr""}"
lda_classifier__best_candidate,lda,classification,bbob_validation,FE_ratio,FE_ratio=0.25,,,0.25,6480,292,0.04506172839506173,-0.08209066348445634,-0.05811985784400571,35.463735190300596,train_utility,0.8085229551552867,269,0.041512345679012345,-0.060547698780749254,1,0.003424657534246575,0.0015276801238412149,0.0037174721189591076,268,0.9962825278810409,16.34150821538894,-16.28733097202155,-0.0025134770018551775,-0.08209066348445634,0.0,0.005472798640478487,lda_classifier__raw_primary_with_maturity__best_candidate__shrinkage_0p5__solver_lsqr,lda_classifier,"LinearDiscriminantAnalysis(solver='lsqr',shrinkage=0.5)",raw_primary_with_maturity,best_candidate,"{""shrinkage"": 0.5, ""solver"": ""lsqr""}"
lda_classifier__best_candidate,lda,classification,bbob_validation,FE_ratio,FE_ratio=0.25,,,0.25,6480,292,0.04506172839506173,-0.08209066348445634,-0.05811985784400571,35.463735190300596,top_05,0.46261727302963146,284,0.043827160493827164,-0.06075604328149448,1,0.003424657534246575,0.0015276801238412149,0.0035211267605633804,283,0.9964788732394366,17.308893535311825,-17.254716291944437,-0.0026627648598679687,-0.08209066348445634,0.0,0.005472798640478487,lda_classifier__raw_primary_with_maturity__best_candidate__shrinkage_0p5__solver_lsqr,lda_classifier,"LinearDiscriminantAnalysis(solver='lsqr',shrinkage=0.5)",raw_primary_with_maturity,best_candidate,"{""shrinkage"": 0.5, ""solver"": ""lsqr""}"
lda_classifier__best_candidate,lda,classification,bbob_validation,FE_ratio,FE_ratio=0.25,,,0.25,6480,292,0.04506172839506173,-0.08209066348445634,-0.05811985784400571,35.463735190300596,top_10,0.2244357227359923,759,0.11712962962962963,-0.07595484190051519,35,0.11986301369863013,0.12337000010790414,0.0461133069828722,724,0.9538866930171278,62.0248860167451,-57.64972500249103,-0.008896562500384418,-0.08209066348445634,0.0,0.005472798640478487,lda_classifier__raw_primary_with_maturity__best_candidate__shrinkage_0p5__solver_lsqr,lda_classifier,"LinearDiscriminantAnalysis(solver='lsqr',shrinkage=0.5)",raw_primary_with_maturity,best_candidate,"{""shrinkage"": 0.5, ""solver"": ""lsqr""}"
lda_classifier__best_candidate,lda,classification,bbob_validation,FE_ratio,FE_ratio=0.25,,,0.25,6480,292,0.04506172839506173,-0.08209066348445634,-0.05811985784400571,35.463735190300596,top_20,0.08751491796105101,2099,0.32391975308641974,-0.06985117752089472,245,0.839041095890411,0.8407960297613839,0.11672224868985231,1854,0.8832777513101477,176.43538936487184,-146.617621616358,-0.02262617617536389,-0.08209066348445634,0.0,0.005472798640478487,lda_classifier__raw_primary_with_maturity__best_candidate__shrinkage_0p5__solver_lsqr,lda_classifier,"LinearDiscriminantAnalysis(solver='lsqr',shrinkage=0.5)",raw_primary_with_maturity,best_candidate,"{""shrinkage"": 0.5, ""solver"": ""lsqr""}"
lda_classifier__best_candidate,lda,classification,bbob_validation,FE_ratio,FE_ratio=0.28,,,0.28,6480,274,0.042283950617283954,-0.08549062609263769,-0.060059978976886724,32.16164278161452,zero,0.0,6480,1.0,-0.08549062609263769,274,1.0,1.0,0.042283950617283954,6206,0.957716049382716,586.1408998619067,-553.9792570802922,-0.08549062609263769,-0.08549062609263769,0.0,0.004963216478644216,lda_classifier__raw_primary_with_maturity__best_candidate__shrinkage_0p5__solver_lsqr,lda_classifier,"LinearDiscriminantAnalysis(solver='lsqr',shrinkage=0.5)",raw_primary_with_maturity,best_candidate,"{""shrinkage"": 0.5, ""solver"": ""lsqr""}"
lda_classifier__best_candidate,lda,classification,bbob_validation,FE_ratio,FE_ratio=0.28,,,0.28,6480,274,0.042283950617283954,-0.08549062609263769,-0.060059978976886724,32.16164278161452,train_utility,0.8085229551552867,270,0.041666666666666664,-0.05981132910247292,7,0.025547445255474453,0.018277926977257115,0.025925925925925925,263,0.9740740740740741,16.73690701589867,-16.14905885766769,-0.0024921387126030387,-0.08549062609263769,0.0,0.004963216478644216,lda_classifier__raw_primary_with_maturity__best_candidate__shrinkage_0p5__solver_lsqr,lda_classifier,"LinearDiscriminantAnalysis(solver='lsqr',shrinkage=0.5)",raw_primary_with_maturity,best_candidate,"{""shrinkage"": 0.5, ""solver"": ""lsqr""}"
lda_classifier__best_candidate,lda,classification,bbob_validation,FE_ratio,FE_ratio=0.28,,,0.28,6480,274,0.042283950617283954,-0.08549062609263769,-0.060059978976886724,32.16164278161452,top_05,0.46261727302963146,281,0.0433641975308642,-0.05907205160028845,7,0.025547445255474453,0.018277926977257115,0.02491103202846975,274,0.9750889679715302,17.18709465791203,-16.59924649968105,-0.00256161211414831,-0.08549062609263769,0.0,0.004963216478644216,lda_classifier__raw_primary_with_maturity__best_candidate__shrinkage_0p5__solver_lsqr,lda_classifier,"LinearDiscriminantAnalysis(solver='lsqr',shrinkage=0.5)",raw_primary_with_maturity,best_candidate,"{""shrinkage"": 0.5, ""solver"": ""lsqr""}"
lda_classifier__best_candidate,lda,classification,bbob_validation,FE_ratio,FE_ratio=0.28,,,0.28,6480,274,0.042283950617283954,-0.08549062609263769,-0.060059978976886724,32.16164278161452,top_10,0.2244357227359923,860,0.13271604938271606,-0.07945225067802617,39,0.14233576642335766,0.1835492203005025,0.04534883720930233,821,0.9546511627906977,74.23218003925113,-68.32893558310252,-0.010544588824552859,-0.08549062609263769,0.0,0.004963216478644216,lda_classifier__raw_primary_with_maturity__best_candidate__shrinkage_0p5__solver_lsqr,lda_classifier,"LinearDiscriminantAnalysis(solver='lsqr',shrinkage=0.5)",raw_primary_with_maturity,best_candidate,"{""shrinkage"": 0.5, ""solver"": ""lsqr""}"
lda_classifier__best_candidate,lda,classification,bbob_validation,FE_ratio,FE_ratio=0.28,,,0.28,6480,274,0.042283950617283954,-0.08549062609263769,-0.060059978976886724,32.16164278161452,top_20,0.08751491796105101,2159,0.33317901234567904,-0.07612423462923938,236,0.8613138686131386,0.8489922895965661,0.10930986567855489,1923,0.8906901343214451,191.6572093068776,-164.35222256452784,-0.025362997309340714,-0.08549062609263769,0.0,0.004963216478644216,lda_classifier__raw_primary_with_maturity__best_candidate__shrinkage_0p5__solver_lsqr,lda_classifier,"LinearDiscriminantAnalysis(solver='lsqr',shrinkage=0.5)",raw_primary_with_maturity,best_candidate,"{""shrinkage"": 0.5, ""solver"": ""lsqr""}"
lda_classifier__best_candidate,lda,classification,bbob_validation,FE_ratio,FE_ratio=0.3,,,0.3,6480,284,0.043827160493827164,-0.08706332924379373,-0.061481761258876125,31.652929735382077,zero,0.0,6480,1.0,-0.08706332924379373,284,1.0,1.0,0.043827160493827164,6196,0.9561728395061728,595.8233032351654,-564.1703734997834,-0.08706332924379373,-0.08706332924379373,0.0,0.004884711378916987,lda_classifier__raw_primary_with_maturity__best_candidate__shrinkage_0p5__solver_lsqr,lda_classifier,"LinearDiscriminantAnalysis(solver='lsqr',shrinkage=0.5)",raw_primary_with_maturity,best_candidate,"{""shrinkage"": 0.5, ""solver"": ""lsqr""}"
lda_classifier__best_candidate,lda,classification,bbob_validation,FE_ratio,FE_ratio=0.3,,,0.3,6480,284,0.043827160493827164,-0.08706332924379373,-0.061481761258876125,31.652929735382077,train_utility,0.8085229551552867,270,0.041666666666666664,-0.06291633275115688,4,0.014084507042253521,0.011546872930859795,0.014814814814814815,266,0.9851851851851852,17.352902200356255,-16.98740984281236,-0.002621513864631537,-0.08706332924379373,0.0,0.004884711378916987,lda_classifier__raw_primary_with_maturity__best_candidate__shrinkage_0p5__solver_lsqr,lda_classifier,"LinearDiscriminantAnalysis(solver='lsqr',shrinkage=0.5)",raw_primary_with_maturity,best_candidate,"{""shrinkage"": 0.5, ""solver"": ""lsqr""}"
lda_classifier__best_candidate,lda,classification,bbob_validation,FE_ratio,FE_ratio=0.3,,,0.3,6480,284,0.043827160493827164,-0.08706332924379373,-0.061481761258876125,31.652929735382077,top_05,0.46261727302963146,362,0.0558641975308642,-0.06524636634316425,6,0.02112676056338028,0.01760714641964997,0.016574585635359115,356,0.9834254143646409,24.176502384687222,-23.61918461622546,-0.0036449358975656574,-0.08706332924379373,0.0,0.004884711378916987,lda_classifier__raw_primary_with_maturity__best_candidate__shrinkage_0p5__solver_lsqr,lda_classifier,"LinearDiscriminantAnalysis(solver='lsqr',shrinkage=0.5)",raw_primary_with_maturity,best_candidate,"{""shrinkage"": 0.5, ""solver"": ""lsqr""}"
lda_classifier__best_candidate,lda,classification,bbob_validation,FE_ratio,FE_ratio=0.3,,,0.3,6480,284,0.043827160493827164,-0.08706332924379373,-0.061481761258876125,31.652929735382077,top_10,0.2244357227359923,1527,0.23564814814814813,-0.07626088696838856,122,0.4295774647887324,0.41383816080094665,0.07989521938441388,1405,0.9201047806155861,129.54956462638148,-116.45037440072937,-0.017970736790236013,-0.08706332924379373,0.0,0.004884711378916987,lda_classifier__raw_primary_with_maturity__best_candidate__shrinkage_0p5__solver_lsqr,lda_classifier,"LinearDiscriminantAnalysis(solver='lsqr',shrinkage=0.5)",raw_primary_with_maturity,best_candidate,"{""shrinkage"": 0.5, ""solver"": ""lsqr""}"
lda_classifier__best_candidate,lda,classification,bbob_validation,FE_ratio,FE_ratio=0.3,,,0.3,6480,284,0.043827160493827164,-0.08706332924379373,-0.061481761258876125,31.652929735382077,top_20,0.08751491796105101,2293,0.353858024691358,-0.07690608509089185,256,0.9014084507042254,0.9165216686576881,0.11164413432184911,2037,0.888355865678151,205.35624909239198,-176.34565311341504,-0.027213835357008494,-0.08706332924379373,0.0,0.004884711378916987,lda_classifier__raw_primary_with_maturity__best_candidate__shrinkage_0p5__solver_lsqr,lda_classifier,"LinearDiscriminantAnalysis(solver='lsqr',shrinkage=0.5)",raw_primary_with_maturity,best_candidate,"{""shrinkage"": 0.5, ""solver"": ""lsqr""}"
lda_classifier__best_candidate,lda,classification,bbob_validation,FE_ratio,FE_ratio=0.35,,,0.35,6480,256,0.03950617283950617,-0.09341559547051581,-0.06664570006608084,26.439322897806413,zero,0.0,6480,1.0,-0.09341559547051581,256,1.0,1.0,0.03950617283950617,6224,0.9604938271604938,631.7723815467489,-605.3330586489425,-0.09341559547051581,-0.09341559547051581,0.0,0.00408014242250099,lda_classifier__raw_primary_with_maturity__best_candidate__shrinkage_0p5__solver_lsqr,lda_classifier,"LinearDiscriminantAnalysis(solver='lsqr',shrinkage=0.5)",raw_primary_with_maturity,best_candidate,"{""shrinkage"": 0.5, ""solver"": ""lsqr""}"
lda_classifier__best_candidate,lda,classification,bbob_validation,FE_ratio,FE_ratio=0.35,,,0.35,6480,256,0.03950617283950617,-0.09341559547051581,-0.06664570006608084,26.439322897806413,train_utility,0.8085229551552867,270,0.041666666666666664,-0.06542191330443445,5,0.01953125,0.024201301803879992,0.018518518518518517,265,0.9814814814814815,18.303782625137345,-17.663916592197296,-0.0027259130543514348,-0.09341559547051581,0.0,0.00408014242250099,lda_classifier__raw_primary_with_maturity__best_candidate__shrinkage_0p5__solver_lsqr,lda_classifier,"LinearDiscriminantAnalysis(solver='lsqr',shrinkage=0.5)",raw_primary_with_maturity,best_candidate,"{""shrinkage"": 0.5, ""solver"": ""lsqr""}"
lda_classifier__best_candidate,lda,classification,bbob_validation,FE_ratio,FE_ratio=0.35,,,0.35,6480,256,0.03950617283950617,-0.09341559547051581,-0.06664570006608084,26.439322897806413,top_05,0.46261727302963146,310,0.047839506172839504,-0.06816964905569427,6,0.0234375,0.027406493676259507,0.01935483870967742,304,0.9806451612903225,21.857200343068534,-21.132591207265218,-0.003261202346800188,-0.09341559547051581,0.0,0.00408014242250099,lda_classifier__raw_primary_with_maturity__best_candidate__shrinkage_0p5__solver_lsqr,lda_classifier,"LinearDiscriminantAnalysis(solver='lsqr',shrinkage=0.5)",raw_primary_with_maturity,best_candidate,"{""shrinkage"": 0.5, ""solver"": ""lsqr""}"
lda_classifier__best_candidate,lda,classification,bbob_validation,FE_ratio,FE_ratio=0.35,,,0.35,6480,256,0.03950617283950617,-0.09341559547051581,-0.06664570006608084,26.439322897806413,top_10,0.2244357227359923,1228,0.18950617283950616,-0.08405350739435606,79,0.30859375,0.35620938800143337,0.06433224755700326,1149,0.9356677524429967,112.63564210886915,-103.21770708026924,-0.015928658500041548,-0.09341559547051581,0.0,0.00408014242250099,lda_classifier__raw_primary_with_maturity__best_candidate__shrinkage_0p5__solver_lsqr,lda_classifier,"LinearDiscriminantAnalysis(solver='lsqr',shrinkage=0.5)",raw_primary_with_maturity,best_candidate,"{""shrinkage"": 0.5, ""solver"": ""lsqr""}"
lda_classifier__best_candidate,lda,classification,bbob_validation,FE_ratio,FE_ratio=0.35,,,0.35,6480,256,0.03950617283950617,-0.09341559547051581,-0.06664570006608084,26.439322897806413,top_20,0.08751491796105101,2029,0.3131172839506173,-0.08470884813753889,188,0.734375,0.7634361273443926,0.09265648102513553,1841,0.9073435189748644,192.0589871537756,-171.87425287106637,-0.026523804455411477,-0.09341559547051581,0.0,0.00408014242250099,lda_classifier__raw_primary_with_maturity__best_candidate__shrinkage_0p5__solver_lsqr,lda_classifier,"LinearDiscriminantAnalysis(solver='lsqr',shrinkage=0.5)",raw_primary_with_maturity,best_candidate,"{""shrinkage"": 0.5, ""solver"": ""lsqr""}"
lda_classifier__best_candidate,lda,classification,bbob_validation,FE_ratio,FE_ratio=0.4,,,0.4,6480,800,0.12345679012345678,-0.07290554260108724,-0.07056462486829276,174.15917724891835,zero,0.0,6480,1.0,-0.07290554260108724,800,1.0,1.0,0.12345679012345678,5680,0.8765432098765432,646.5870933039637,-472.42791605504533,-0.07290554260108724,-0.07290554260108724,0.0,0.02687641624211703,lda_classifier__raw_primary_with_maturity__best_candidate__shrinkage_0p5__solver_lsqr,lda_classifier,"LinearDiscriminantAnalysis(solver='lsqr',shrinkage=0.5)",raw_primary_with_maturity,best_candidate,"{""shrinkage"": 0.5, ""solver"": ""lsqr""}"
lda_classifier__best_candidate,lda,classification,bbob_validation,FE_ratio,FE_ratio=0.4,,,0.4,6480,800,0.12345679012345678,-0.07290554260108724,-0.07056462486829276,174.15917724891835,train_utility,0.8085229551552867,270,0.041666666666666664,0.35545768410126916,210,0.2625,0.5978001040775015,0.7777777777777778,60,0.2222222222222222,8.138799578112733,95.97357470734268,0.014810736837552883,-0.07290554260108724,0.0,0.02687641624211703,lda_classifier__raw_primary_with_maturity__best_candidate__shrinkage_0p5__solver_lsqr,lda_classifier,"LinearDiscriminantAnalysis(solver='lsqr',shrinkage=0.5)",raw_primary_with_maturity,best_candidate,"{""shrinkage"": 0.5, ""solver"": ""lsqr""}"
lda_classifier__best_candidate,lda,classification,bbob_validation,FE_ratio,FE_ratio=0.4,,,0.4,6480,800,0.12345679012345678,-0.07290554260108724,-0.07056462486829276,174.15917724891835,top_05,0.46261727302963146,301,0.04645061728395062,0.31144851964311365,212,0.265,0.5985223650154933,0.7043189368770764,89,0.2956810631229236,10.492158243597899,93.74600441257721,0.014466975989595248,-0.07290554260108724,0.0,0.02687641624211703,lda_classifier__raw_primary_with_maturity__best_candidate__shrinkage_0p5__solver_lsqr,lda_classifier,"LinearDiscriminantAnalysis(solver='lsqr',shrinkage=0.5)",raw_primary_with_maturity,best_candidate,"{""shrinkage"": 0.5, ""solver"": ""lsqr""}"
lda_classifier__best_candidate,lda,classification,bbob_validation,FE_ratio,FE_ratio=0.4,,,0.4,6480,800,0.12345679012345678,-0.07290554260108724,-0.07056462486829276,174.15917724891835,top_10,0.2244357227359923,1126,0.17376543209876544,0.027290132523209457,335,0.41875,0.6842279757737143,0.2975133214920071,791,0.7024866785079928,88.4358920903091,30.72868922113382,0.004742081669928059,-0.07290554260108724,0.0,0.02687641624211703,lda_classifier__raw_primary_with_maturity__best_candidate__shrinkage_0p5__solver_lsqr,lda_classifier,"LinearDiscriminantAnalysis(solver='lsqr',shrinkage=0.5)",raw_primary_with_maturity,best_candidate,"{""shrinkage"": 0.5, ""solver"": ""lsqr""}"
lda_classifier__best_candidate,lda,classification,bbob_validation,FE_ratio,FE_ratio=0.4,,,0.4,6480,800,0.12345679012345678,-0.07290554260108724,-0.07056462486829276,174.15917724891835,top_20,0.08751491796105101,1973,0.3044753086419753,1.896362385831995e-05,597,0.74625,0.8771053943964453,0.30258489609731376,1376,0.6974151039026862,152.7185386188005,0.03741522987243684,5.773955227227907e-06,-0.07290554260108724,0.0,0.02687641624211703,lda_classifier__raw_primary_with_maturity__best_candidate__shrinkage_0p5__solver_lsqr,lda_classifier,"LinearDiscriminantAnalysis(solver='lsqr',shrinkage=0.5)",raw_primary_with_maturity,best_candidate,"{""shrinkage"": 0.5, ""solver"": ""lsqr""}"
lda_classifier__best_candidate,lda,classification,bbob_validation,FE_ratio,FE_ratio=0.45,,,0.45,6480,243,0.0375,-0.10186903427734409,-0.07939845101548082,50.56190594132994,zero,0.0,6480,1.0,-0.10186903427734409,243,1.0,1.0,0.0375,6237,0.9625,710.6732480585196,-660.1113421171897,-0.10186903427734409,-0.10186903427734409,0.0,0.007802763262550918,lda_classifier__raw_primary_with_maturity__best_candidate__shrinkage_0p5__solver_lsqr,lda_classifier,"LinearDiscriminantAnalysis(solver='lsqr',shrinkage=0.5)",raw_primary_with_maturity,best_candidate,"{""shrinkage"": 0.5, ""solver"": ""lsqr""}"
lda_classifier__best_candidate,lda,classification,bbob_validation,FE_ratio,FE_ratio=0.45,,,0.45,6480,243,0.0375,-0.10186903427734409,-0.07939845101548082,50.56190594132994,train_utility,0.8085229551552867,272,0.04197530864197531,0.04243384232464855,37,0.1522633744855967,0.627280405751647,0.13602941176470587,235,0.8639705882352942,20.174487762149653,11.542005112304404,0.0017811736284420376,-0.10186903427734409,0.0,0.007802763262550918,lda_classifier__raw_primary_with_maturity__best_candidate__shrinkage_0p5__solver_lsqr,lda_classifier,"LinearDiscriminantAnalysis(solver='lsqr',shrinkage=0.5)",raw_primary_with_maturity,best_candidate,"{""shrinkage"": 0.5, ""solver"": ""lsqr""}"
lda_classifier__best_candidate,lda,classification,bbob_validation,FE_ratio,FE_ratio=0.45,,,0.45,6480,243,0.0375,-0.10186903427734409,-0.07939845101548082,50.56190594132994,top_05,0.46261727302963146,312,0.04814814814814815,0.025693924016788723,39,0.16049382716049382,0.6285800986433648,0.125,273,0.875,23.765703530959627,8.016504293238082,0.0012371148600676053,-0.10186903427734409,0.0,0.007802763262550918,lda_classifier__raw_primary_with_maturity__best_candidate__shrinkage_0p5__solver_lsqr,lda_classifier,"LinearDiscriminantAnalysis(solver='lsqr',shrinkage=0.5)",raw_primary_with_maturity,best_candidate,"{""shrinkage"": 0.5, ""solver"": ""lsqr""}"
lda_classifier__best_candidate,lda,classification,bbob_validation,FE_ratio,FE_ratio=0.45,,,0.45,6480,243,0.0375,-0.10186903427734409,-0.07939845101548082,50.56190594132994,top_10,0.2244357227359923,990,0.1527777777777778,-0.06561514998637112,80,0.3292181069958848,0.6913582200171563,0.08080808080808081,910,0.9191919191919192,99.91538777878016,-64.95899848650741,-0.010024536803473367,-0.10186903427734409,0.0,0.007802763262550918,lda_classifier__raw_primary_with_maturity__best_candidate__shrinkage_0p5__solver_lsqr,lda_classifier,"LinearDiscriminantAnalysis(solver='lsqr',shrinkage=0.5)",raw_primary_with_maturity,best_candidate,"{""shrinkage"": 0.5, ""solver"": ""lsqr""}"
lda_classifier__best_candidate,lda,classification,bbob_validation,FE_ratio,FE_ratio=0.45,,,0.45,6480,243,0.0375,-0.10186903427734409,-0.07939845101548082,50.56190594132994,top_20,0.08751491796105101,1919,0.296141975308642,-0.08430965184853129,178,0.7325102880658436,0.9015209819317889,0.09275664408546118,1741,0.9072433559145389,207.37284098990207,-161.79022189733155,-0.024967626836007954,-0.10186903427734409,0.0,0.007802763262550918,lda_classifier__raw_primary_with_maturity__best_candidate__shrinkage_0p5__solver_lsqr,lda_classifier,"LinearDiscriminantAnalysis(solver='lsqr',shrinkage=0.5)",raw_primary_with_maturity,best_candidate,"{""shrinkage"": 0.5, ""solver"": ""lsqr""}"
lda_classifier__best_candidate,lda,classification,bbob_validation,FE_ratio,FE_ratio=0.5,,,0.5,6480,477,0.07361111111111111,-0.08578559846269349,-0.08202974076197492,151.15391573733473,zero,0.0,6480,1.0,-0.08578559846269349,477,1.0,1.0,0.07361111111111111,6003,0.9263888888888889,707.0445937755885,-555.8906780382538,-0.08578559846269349,-0.08578559846269349,0.0,0.023326221564403508,lda_classifier__raw_primary_with_maturity__best_candidate__shrinkage_0p5__solver_lsqr,lda_classifier,"LinearDiscriminantAnalysis(solver='lsqr',shrinkage=0.5)",raw_primary_with_maturity,best_candidate,"{""shrinkage"": 0.5, ""solver"": ""lsqr""}"
lda_classifier__best_candidate,lda,classification,bbob_validation,FE_ratio,FE_ratio=0.5,,,0.5,6480,477,0.07361111111111111,-0.08578559846269349,-0.08202974076197492,151.15391573733473,train_utility,0.8085229551552867,269,0.041512345679012345,0.46308428614813835,228,0.4779874213836478,0.857233972838661,0.8475836431226765,41,0.1524163568773234,5.004598723786459,124.56967297384922,0.01922371496510019,-0.08578559846269349,0.0,0.023326221564403508,lda_classifier__raw_primary_with_maturity__best_candidate__shrinkage_0p5__solver_lsqr,lda_classifier,"LinearDiscriminantAnalysis(solver='lsqr',shrinkage=0.5)",raw_primary_with_maturity,best_candidate,"{""shrinkage"": 0.5, ""solver"": ""lsqr""}"
lda_classifier__best_candidate,lda,classification,bbob_validation,FE_ratio,FE_ratio=0.5,,,0.5,6480,477,0.07361111111111111,-0.08578559846269349,-0.08202974076197492,151.15391573733473,top_05,0.46261727302963146,310,0.047839506172839504,0.39047163308867383,231,0.48427672955974843,0.8596283850203434,0.7451612903225806,79,0.25483870967741934,8.889990217297242,121.04620625748892,0.01867997010146434,-0.08578559846269349,0.0,0.023326221564403508,lda_classifier__raw_primary_with_maturity__best_candidate__shrinkage_0p5__solver_lsqr,lda_classifier,"LinearDiscriminantAnalysis(solver='lsqr',shrinkage=0.5)",raw_primary_with_maturity,best_candidate,"{""shrinkage"": 0.5, ""solver"": ""lsqr""}"
lda_classifier__best_candidate,lda,classification,bbob_validation,FE_ratio,FE_ratio=0.5,,,0.5,6480,477,0.07361111111111111,-0.08578559846269349,-0.08202974076197492,151.15391573733473,top_10,0.2244357227359923,914,0.1410493827160494,0.060503239731094456,267,0.559748427672956,0.876312722427369,0.2921225382932166,647,0.7078774617067833,77.15813829112062,55.29996111422035,0.00853394461639203,-0.08578559846269349,0.0,0.023326221564403508,lda_classifier__raw_primary_with_maturity__best_candidate__shrinkage_0p5__solver_lsqr,lda_classifier,"LinearDiscriminantAnalysis(solver='lsqr',shrinkage=0.5)",raw_primary_with_maturity,best_candidate,"{""shrinkage"": 0.5, ""solver"": ""lsqr""}"
lda_classifier__best_candidate,lda,classification,bbob_validation,FE_ratio,FE_ratio=0.5,,,0.5,6480,477,0.07361111111111111,-0.08578559846269349,-0.08202974076197492,151.15391573733473,top_20,0.08751491796105101,1808,0.27901234567901234,-0.02211737240988307,389,0.8155136268343816,0.9562512493378353,0.21515486725663716,1419,0.7848451327433629,184.52933008320082,-39.988209317068595,-0.006171019956337746,-0.08578559846269349,0.0,0.023326221564403508,lda_classifier__raw_primary_with_maturity__best_candidate__shrinkage_0p5__solver_lsqr,lda_classifier,"LinearDiscriminantAnalysis(solver='lsqr',shrinkage=0.5)",raw_primary_with_maturity,best_candidate,"{""shrinkage"": 0.5, ""solver"": ""lsqr""}"
lda_classifier__best_candidate,lda,classification,bbob_validation,FE_ratio,FE_ratio=0.55,,,0.55,6480,376,0.05802469135802469,-0.11228594071878435,-0.09215825578698267,79.68497550744864,zero,0.0,6480,1.0,-0.11228594071878435,376,1.0,1.0,0.05802469135802469,6104,0.9419753086419753,807.2978713651713,-727.6128958577226,-0.11228594071878435,-0.11228594071878435,0.0,0.01229706412151985,lda_classifier__raw_primary_with_maturity__best_candidate__shrinkage_0p5__solver_lsqr,lda_classifier,"LinearDiscriminantAnalysis(solver='lsqr',shrinkage=0.5)",raw_primary_with_maturity,best_candidate,"{""shrinkage"": 0.5, ""solver"": ""lsqr""}"
lda_classifier__best_candidate,lda,classification,bbob_validation,FE_ratio,FE_ratio=0.55,,,0.55,6480,376,0.05802469135802469,-0.11228594071878435,-0.09215825578698267,79.68497550744864,train_utility,0.8085229551552867,269,0.041512345679012345,0.11417277830729619,96,0.2553191489361702,0.6332104147026835,0.35687732342007433,173,0.6431226765799256,19.744879021982058,30.712477364662668,0.0047395798402257204,-0.11228594071878435,0.0,0.01229706412151985,lda_classifier__raw_primary_with_maturity__best_candidate__shrinkage_0p5__solver_lsqr,lda_classifier,"LinearDiscriminantAnalysis(solver='lsqr',shrinkage=0.5)",raw_primary_with_maturity,best_candidate,"{""shrinkage"": 0.5, ""solver"": ""lsqr""}"
lda_classifier__best_candidate,lda,classification,bbob_validation,FE_ratio,FE_ratio=0.55,,,0.55,6480,376,0.05802469135802469,-0.11228594071878435,-0.09215825578698267,79.68497550744864,top_05,0.46261727302963146,299,0.046141975308641975,0.0926287645336476,97,0.2579787234042553,0.6344524748316486,0.32441471571906355,202,0.6755852842809364,22.860329322039462,27.69600059556063,0.004274074165981578,-0.11228594071878435,0.0,0.01229706412151985,lda_classifier__raw_primary_with_maturity__best_candidate__shrinkage_0p5__solver_lsqr,lda_classifier,"LinearDiscriminantAnalysis(solver='lsqr',shrinkage=0.5)",raw_primary_with_maturity,best_candidate,"{""shrinkage"": 0.5, ""solver"": ""lsqr""}"
lda_classifier__best_candidate,lda,classification,bbob_validation,FE_ratio,FE_ratio=0.55,,,0.55,6480,376,0.05802469135802469,-0.11228594071878435,-0.09215825578698267,79.68497550744864,top_10,0.2244357227359923,806,0.12438271604938271,-0.042800577180968795,124,0.32978723404255317,0.6707046743544189,0.15384615384615385,682,0.8461538461538461,87.94235075652405,-34.49726520786086,-0.005323652038250133,-0.11228594071878435,0.0,0.01229706412151985,lda_classifier__raw_primary_with_maturity__best_candidate__shrinkage_0p5__solver_lsqr,lda_classifier,"LinearDiscriminantAnalysis(solver='lsqr',shrinkage=0.5)",raw_primary_with_maturity,best_candidate,"{""shrinkage"": 0.5, ""solver"": ""lsqr""}"
lda_classifier__best_candidate,lda,classification,bbob_validation,FE_ratio,FE_ratio=0.55,,,0.55,6480,376,0.05802469135802469,-0.11228594071878435,-0.09215825578698267,79.68497550744864,top_20,0.08751491796105101,1755,0.2708333333333333,-0.08209413890317904,261,0.6941489361702128,0.8499872223547266,0.14871794871794872,1494,0.8512820512820513,211.8064247700599,-144.0752137750792,-0.022233829286277654,-0.11228594071878435,0.0,0.01229706412151985,lda_classifier__raw_primary_with_maturity__best_candidate__shrinkage_0p5__solver_lsqr,lda_classifier,"LinearDiscriminantAnalysis(solver='lsqr',shrinkage=0.5)",raw_primary_with_maturity,best_candidate,"{""shrinkage"": 0.5, ""solver"": ""lsqr""}"
lda_classifier__best_candidate,lda,classification,bbob_validation,FE_ratio,FE_ratio=0.6,,,0.6,6480,447,0.06898148148148148,-0.11584131580446465,-0.10228898920926656,123.20350275094972,zero,0.0,6480,1.0,-0.11584131580446465,447,1.0,1.0,0.06898148148148148,6033,0.9310185185185185,873.8552291638805,-750.6517264129309,-0.11584131580446465,-0.11584131580446465,0.0,0.019012886226998416,lda_classifier__raw_primary_with_maturity__best_candidate__shrinkage_0p5__solver_lsqr,lda_classifier,"LinearDiscriminantAnalysis(solver='lsqr',shrinkage=0.5)",raw_primary_with_maturity,best_candidate,"{""shrinkage"": 0.5, ""solver"": ""lsqr""}"
lda_classifier__best_candidate,lda,classification,bbob_validation,FE_ratio,FE_ratio=0.6,,,0.6,6480,447,0.06898148148148148,-0.11584131580446465,-0.10228898920926656,123.20350275094972,train_utility,0.8085229551552867,269,0.041512345679012345,0.32230988579824005,177,0.3959731543624161,0.8062191428478251,0.6579925650557621,92,0.3420074349442379,12.627663103993772,86.70135927972657,0.013379839395019534,-0.11584131580446465,0.0,0.019012886226998416,lda_classifier__raw_primary_with_maturity__best_candidate__shrinkage_0p5__solver_lsqr,lda_classifier,"LinearDiscriminantAnalysis(solver='lsqr',shrinkage=0.5)",raw_primary_with_maturity,best_candidate,"{""shrinkage"": 0.5, ""solver"": ""lsqr""}"
lda_classifier__best_candidate,lda,classification,bbob_validation,FE_ratio,FE_ratio=0.6,,,0.6,6480,447,0.06898148148148148,-0.11584131580446465,-0.10228898920926656,123.20350275094972,top_05,0.46261727302963146,299,0.046141975308641975,0.277462669874113,178,0.3982102908277405,0.8062584458166726,0.5953177257525084,121,0.40468227424749165,16.37252635479108,82.96133829235977,0.0128026756624012,-0.11584131580446465,0.0,0.019012886226998416,lda_classifier__raw_primary_with_maturity__best_candidate__shrinkage_0p5__solver_lsqr,lda_classifier,"LinearDiscriminantAnalysis(solver='lsqr',shrinkage=0.5)",raw_primary_with_maturity,best_candidate,"{""shrinkage"": 0.5, ""solver"": ""lsqr""}"
lda_classifier__best_candidate,lda,classification,bbob_validation,FE_ratio,FE_ratio=0.6,,,0.6,6480,447,0.06898148148148148,-0.11584131580446465,-0.10228898920926656,123.20350275094972,top_10,0.2244357227359923,695,0.10725308641975309,0.04344260992687632,201,0.44966442953020136,0.823692434119542,0.2892086330935252,494,0.7107913669064748,71.28917917380441,30.192613899179037,0.004659353996786888,-0.11584131580446465,0.0,0.019012886226998416,lda_classifier__raw_primary_with_maturity__best_candidate__shrinkage_0p5__solver_lsqr,lda_classifier,"LinearDiscriminantAnalysis(solver='lsqr',shrinkage=0.5)",raw_primary_with_maturity,best_candidate,"{""shrinkage"": 0.5, ""solver"": ""lsqr""}"
lda_classifier__best_candidate,lda,classification,bbob_validation,FE_ratio,FE_ratio=0.6,,,0.6,6480,447,0.06898148148148148,-0.11584131580446465,-0.10228898920926656,123.20350275094972,top_20,0.08751491796105101,1669,0.25756172839506175,-0.05569058348482557,346,0.7740492170022372,0.9253652907533588,0.20730976632714201,1323,0.792690233672858,206.95582898113872,-92.94758383617389,-0.014343762937681156,-0.11584131580446465,0.0,0.019012886226998416,lda_classifier__raw_primary_with_maturity__best_candidate__shrinkage_0p5__solver_lsqr,lda_classifier,"LinearDiscriminantAnalysis(solver='lsqr',shrinkage=0.5)",raw_primary_with_maturity,best_candidate,"{""shrinkage"": 0.5, ""solver"": ""lsqr""}"
softmax_logistic_classifier__baseline,softmax_logistic,classification,bbob_train,all,all,,,,194400,11921,0.06132201646090535,-0.08855738467265091,-0.06544428361600368,2511.1122661377594,zero,0.0,194400,1.0,-0.08855738467265091,11921,1.0,1.0,0.06132201646090535,182479,0.9386779835390946,19726.667846501095,-17215.555580363336,-0.08855738467265091,-0.08855738467265091,0.0,0.012917244167375308,softmax_logistic_classifier__raw_primary_with_maturity__baseline__C_1p0__class_weight_balanced__penalty_l2,softmax_logistic_classifier,"LogisticRegression(C=1.0,class_weight='balanced')",raw_primary_with_maturity,baseline,"{""C"": 1.0, ""class_weight"": ""balanced"", ""penalty"": ""l2""}"
softmax_logistic_classifier__baseline,softmax_logistic,classification,bbob_train,all,all,,,,194400,11921,0.06132201646090535,-0.08855738467265091,-0.06544428361600368,2511.1122661377594,train_utility,0.918385202109539,2343,0.01205246913580247,0.0211136822255157,783,0.06568240919385958,0.07702709945176191,0.33418693982074266,1560,0.6658130601792573,143.95433680394913,49.46935745438327,0.0002544720033661691,-0.08855738467265091,0.0,0.012917244167375308,softmax_logistic_classifier__raw_primary_with_maturity__baseline__C_1p0__class_weight_balanced__penalty_l2,softmax_logistic_classifier,"LogisticRegression(C=1.0,class_weight='balanced')",raw_primary_with_maturity,baseline,"{""C"": 1.0, ""class_weight"": ""balanced"", ""penalty"": ""l2""}"
softmax_logistic_classifier__baseline,softmax_logistic,classification,bbob_train,all,all,,,,194400,11921,0.06132201646090535,-0.08855738467265091,-0.06544428361600368,2511.1122661377594,top_05,0.8244550129584487,9719,0.049994855967078186,-0.01859266195876243,2470,0.20719738276990185,0.22197865163474606,0.25414137256919433,7249,0.7458586274308057,738.1153965179435,-180.70208157721206,-0.0009295374566729016,-0.08855738467265091,0.0,0.012917244167375308,softmax_logistic_classifier__raw_primary_with_maturity__baseline__C_1p0__class_weight_balanced__penalty_l2,softmax_logistic_classifier,"LogisticRegression(C=1.0,class_weight='balanced')",raw_primary_with_maturity,baseline,"{""C"": 1.0, ""class_weight"": ""balanced"", ""penalty"": ""l2""}"
softmax_logistic_classifier__baseline,softmax_logistic,classification,bbob_train,all,all,,,,194400,11921,0.06132201646090535,-0.08855738467265091,-0.06544428361600368,2511.1122661377594,top_10,0.7441338675491187,19439,0.09999485596707819,-0.03893554339953864,4141,0.34737018706484357,0.3602046629746749,0.21302536138690262,15298,0.7869746386130974,1661.3823756593556,-756.8680281436318,-0.003893354054236789,-0.08855738467265091,0.0,0.012917244167375308,softmax_logistic_classifier__raw_primary_with_maturity__baseline__C_1p0__class_weight_balanced__penalty_l2,softmax_logistic_classifier,"LogisticRegression(C=1.0,class_weight='balanced')",raw_primary_with_maturity,baseline,"{""C"": 1.0, ""class_weight"": ""balanced"", ""penalty"": ""l2""}"
softmax_logistic_classifier__baseline,softmax_logistic,classification,bbob_train,all,all,,,,194400,11921,0.06132201646090535,-0.08855738467265091,-0.06544428361600368,2511.1122661377594,top_20,0.6200315578158618,38879,0.1999948559670782,-0.0565545923713861,6771,0.5679892626457512,0.5827858403517372,0.17415571388152987,32108,0.8258442861184702,3662.22666904577,-2198.7859968071207,-0.011310627555592185,-0.08855738467265091,0.0,0.012917244167375308,softmax_logistic_classifier__raw_primary_with_maturity__baseline__C_1p0__class_weight_balanced__penalty_l2,softmax_logistic_classifier,"LogisticRegression(C=1.0,class_weight='balanced')",raw_primary_with_maturity,baseline,"{""C"": 1.0, ""class_weight"": ""balanced"", ""penalty"": ""l2""}"
softmax_logistic_classifier__baseline,softmax_logistic,classification,bbob_train,label_source,label_source=changed_algorithm,changed_algorithm,,,74400,8470,0.11384408602150538,-0.05859081542569486,-0.06280283172738645,1678.8603444230114,zero,0.0,74400,1.0,-0.05859081542569486,8470,1.0,1.0,0.11384408602150538,65930,0.8861559139784946,6038.01701209471,-4359.1566676716975,-0.05859081542569486,-0.05859081542569486,0.0,0.022565327209986715,softmax_logistic_classifier__raw_primary_with_maturity__baseline__C_1p0__class_weight_balanced__penalty_l2,softmax_logistic_classifier,"LogisticRegression(C=1.0,class_weight='balanced')",raw_primary_with_maturity,baseline,"{""C"": 1.0, ""class_weight"": ""balanced"", ""penalty"": ""l2""}"
softmax_logistic_classifier__baseline,softmax_logistic,classification,bbob_train,label_source,label_source=changed_algorithm,changed_algorithm,,,74400,8470,0.11384408602150538,-0.05859081542569486,-0.06280283172738645,1678.8603444230114,train_utility,0.918385202109539,1682,0.02260752688172043,0.0579027758661592,733,0.08654073199527745,0.10500995108510161,0.4357907253269917,949,0.5642092746730083,78.90457363969747,97.3924690068798,0.0013090385619204273,-0.05859081542569486,0.0,0.022565327209986715,softmax_logistic_classifier__raw_primary_with_maturity__baseline__C_1p0__class_weight_balanced__penalty_l2,softmax_logistic_classifier,"LogisticRegression(C=1.0,class_weight='balanced')",raw_primary_with_maturity,baseline,"{""C"": 1.0, ""class_weight"": ""balanced"", ""penalty"": ""l2""}"
softmax_logistic_classifier__baseline,softmax_logistic,classification,bbob_train,label_source,label_source=changed_algorithm,changed_algorithm,,,74400,8470,0.11384408602150538,-0.05859081542569486,-0.06280283172738645,1678.8603444230114,top_05,0.8244550129584487,5463,0.07342741935483871,0.03508002213522655,2161,0.2551357733175915,0.28241174420116705,0.395570199524071,3302,0.604429800475929,282.4877172139321,191.64216092474263,0.002575835496300304,-0.05859081542569486,0.0,0.022565327209986715,softmax_logistic_classifier__raw_primary_with_maturity__baseline__C_1p0__class_weight_balanced__penalty_l2,softmax_logistic_classifier,"LogisticRegression(C=1.0,class_weight='balanced')",raw_primary_with_maturity,baseline,"{""C"": 1.0, ""class_weight"": ""balanced"", ""penalty"": ""l2""}"
softmax_logistic_classifier__baseline,softmax_logistic,classification,bbob_train,label_source,label_source=changed_algorithm,changed_algorithm,,,74400,8470,0.11384408602150538,-0.05859081542569486,-0.06280283172738645,1678.8603444230114,top_10,0.7441338675491187,9622,0.12932795698924732,0.0191480160276507,3499,0.41310507674144037,0.43990230270815156,0.36364581168156307,6123,0.6363541883184369,554.2923212190283,184.24221021805505,0.0024763737932534283,-0.05859081542569486,0.0,0.022565327209986715,softmax_logistic_classifier__raw_primary_with_maturity__baseline__C_1p0__class_weight_balanced__penalty_l2,softmax_logistic_classifier,"LogisticRegression(C=1.0,class_weight='balanced')",raw_primary_with_maturity,baseline,"{""C"": 1.0, ""class_weight"": ""balanced"", ""penalty"": ""l2""}"
softmax_logistic_classifier__baseline,softmax_logistic,classification,bbob_train,label_source,label_source=changed_algorithm,changed_algorithm,,,74400,8470,0.11384408602150538,-0.05859081542569486,-0.06280283172738645,1678.8603444230114,top_20,0.6200315578158618,16612,0.2232795698924731,0.0036880893063323513,5462,0.6448642266824085,0.6748906175075636,0.3287984589453407,11150,0.6712015410546592,1071.7805549998138,61.26653955679299,0.0008234749940429166,-0.05859081542569486,0.0,0.022565327209986715,softmax_logistic_classifier__raw_primary_with_maturity__baseline__C_1p0__class_weight_balanced__penalty_l2,softmax_logistic_classifier,"LogisticRegression(C=1.0,class_weight='balanced')",raw_primary_with_maturity,baseline,"{""C"": 1.0, ""class_weight"": ""balanced"", ""penalty"": ""l2""}"
softmax_logistic_classifier__baseline,softmax_logistic,classification,bbob_train,label_source,label_source=same_algorithm,same_algorithm,,,120000,3451,0.028758333333333334,-0.10713665760576366,-0.06743423570665175,832.2519217147483,zero,0.0,120000,1.0,-0.10713665760576366,3451,1.0,1.0,0.028758333333333334,116549,0.9712416666666667,13688.650834406388,-12856.398912691639,-0.10713665760576366,-0.10713665760576366,0.0,0.006935432680956236,softmax_logistic_classifier__raw_primary_with_maturity__baseline__C_1p0__class_weight_balanced__penalty_l2,softmax_logistic_classifier,"LogisticRegression(C=1.0,class_weight='balanced')",raw_primary_with_maturity,baseline,"{""C"": 1.0, ""class_weight"": ""balanced"", ""penalty"": ""l2""}"
softmax_logistic_classifier__baseline,softmax_logistic,classification,bbob_train,label_source,label_source=same_algorithm,same_algorithm,,,120000,3451,0.028758333333333334,-0.10713665760576366,-0.06743423570665175,832.2519217147483,train_utility,0.918385202109539,661,0.005508333333333333,-0.07250092519288433,50,0.014488554042306577,0.020578686771269773,0.07564296520423601,611,0.924357034795764,65.04976316425166,-47.92311155249653,-0.00039935926293747107,-0.10713665760576366,0.0,0.006935432680956236,softmax_logistic_classifier__raw_primary_with_maturity__baseline__C_1p0__class_weight_balanced__penalty_l2,softmax_logistic_classifier,"LogisticRegression(C=1.0,class_weight='balanced')",raw_primary_with_maturity,baseline,"{""C"": 1.0, ""class_weight"": ""balanced"", ""penalty"": ""l2""}"
softmax_logistic_classifier__baseline,softmax_logistic,classification,bbob_train,label_source,label_source=same_algorithm,same_algorithm,,,120000,3451,0.028758333333333334,-0.10713665760576366,-0.06743423570665175,832.2519217147483,top_05,0.8244550129584487,4256,0.03546666666666667,-0.0874868990841059,309,0.08953926398145465,0.1000699843749977,0.07260338345864661,3947,0.9273966165413534,455.6276793040113,-372.3442425019547,-0.003102868687516289,-0.10713665760576366,0.0,0.006935432680956236,softmax_logistic_classifier__raw_primary_with_maturity__baseline__C_1p0__class_weight_balanced__penalty_l2,softmax_logistic_classifier,"LogisticRegression(C=1.0,class_weight='balanced')",raw_primary_with_maturity,baseline,"{""C"": 1.0, ""class_weight"": ""balanced"", ""penalty"": ""l2""}"
softmax_logistic_classifier__baseline,softmax_logistic,classification,bbob_train,label_source,label_source=same_algorithm,same_algorithm,,,120000,3451,0.028758333333333334,-0.10713665760576366,-0.06743423570665175,832.2519217147483,top_10,0.7441338675491187,9817,0.08180833333333333,-0.0958653599227551,642,0.18603303390321646,0.19943458434636052,0.06539676072119792,9175,0.9346032392788021,1107.0900544403275,-941.1102383616869,-0.007842585319680724,-0.10713665760576366,0.0,0.006935432680956236,softmax_logistic_classifier__raw_primary_with_maturity__baseline__C_1p0__class_weight_balanced__penalty_l2,softmax_logistic_classifier,"LogisticRegression(C=1.0,class_weight='balanced')",raw_primary_with_maturity,baseline,"{""C"": 1.0, ""class_weight"": ""balanced"", ""penalty"": ""l2""}"
softmax_logistic_classifier__baseline,softmax_logistic,classification,bbob_train,label_source,label_source=same_algorithm,same_algorithm,,,120000,3451,0.028758333333333334,-0.10713665760576366,-0.06743423570665175,832.2519217147483,top_20,0.6200315578158618,22267,0.18555833333333333,-0.10149784597673299,1309,0.3793103448275862,0.3969874614423343,0.05878654511160013,20958,0.9412134548883999,2590.446114045956,-2260.0525363639135,-0.018833771136365945,-0.10713665760576366,0.0,0.006935432680956236,softmax_logistic_classifier__raw_primary_with_maturity__baseline__C_1p0__class_weight_balanced__penalty_l2,softmax_logistic_classifier,"LogisticRegression(C=1.0,class_weight='balanced')",raw_primary_with_maturity,baseline,"{""C"": 1.0, ""class_weight"": ""balanced"", ""penalty"": ""l2""}"
softmax_logistic_classifier__baseline,softmax_logistic,classification,bbob_train,dimension,dimension=10,,10.0,,64800,2405,0.037114197530864194,-0.04022633237538057,-0.03715828153278458,308.0180086184804,zero,0.0,64800,1.0,-0.04022633237538057,2405,1.0,1.0,0.037114197530864194,62395,0.9628858024691358,2914.684346543141,-2606.666337924661,-0.04022633237538057,-0.04022633237538057,0.0,0.004753364330532104,softmax_logistic_classifier__raw_primary_with_maturity__baseline__C_1p0__class_weight_balanced__penalty_l2,softmax_logistic_classifier,"LogisticRegression(C=1.0,class_weight='balanced')",raw_primary_with_maturity,baseline,"{""C"": 1.0, ""class_weight"": ""balanced"", ""penalty"": ""l2""}"
softmax_logistic_classifier__baseline,softmax_logistic,classification,bbob_train,dimension,dimension=10,,10.0,,64800,2405,0.037114197530864194,-0.04022633237538057,-0.03715828153278458,308.0180086184804,train_utility,0.918385202109539,580,0.008950617283950617,-0.01929299605540126,135,0.056133056133056136,0.0524493261830121,0.23275862068965517,445,0.7672413793103449,27.345274716405243,-11.18993771213273,-0.0001726842239526656,-0.04022633237538057,0.0,0.004753364330532104,softmax_logistic_classifier__raw_primary_with_maturity__baseline__C_1p0__class_weight_balanced__penalty_l2,softmax_logistic_classifier,"LogisticRegression(C=1.0,class_weight='balanced')",raw_primary_with_maturity,baseline,"{""C"": 1.0, ""class_weight"": ""balanced"", ""penalty"": ""l2""}"
softmax_logistic_classifier__baseline,softmax_logistic,classification,bbob_train,dimension,dimension=10,,10.0,,64800,2405,0.037114197530864194,-0.04022633237538057,-0.03715828153278458,308.0180086184804,top_05,0.8244550129584487,2811,0.04337962962962963,-0.01674940188834531,562,0.2336798336798337,0.2559717840913567,0.199928850942725,2249,0.8000711490572749,125.92648790647797,-47.08256870813867,-0.0007265828504342388,-0.04022633237538057,0.0,0.004753364330532104,softmax_logistic_classifier__raw_primary_with_maturity__baseline__C_1p0__class_weight_balanced__penalty_l2,softmax_logistic_classifier,"LogisticRegression(C=1.0,class_weight='balanced')",raw_primary_with_maturity,baseline,"{""C"": 1.0, ""class_weight"": ""balanced"", ""penalty"": ""l2""}"
softmax_logistic_classifier__baseline,softmax_logistic,classification,bbob_train,dimension,dimension=10,,10.0,,64800,2405,0.037114197530864194,-0.04022633237538057,-0.03715828153278458,308.0180086184804,top_10,0.7441338675491187,5586,0.0862037037037037,-0.023264903620430197,905,0.3762993762993763,0.40927731137512197,0.16201217329036877,4681,0.8379878267096312,256.0225340462139,-129.95775162372308,-0.0020055208583907884,-0.04022633237538057,0.0,0.004753364330532104,softmax_logistic_classifier__raw_primary_with_maturity__baseline__C_1p0__class_weight_balanced__penalty_l2,softmax_logistic_classifier,"LogisticRegression(C=1.0,class_weight='balanced')",raw_primary_with_maturity,baseline,"{""C"": 1.0, ""class_weight"": ""balanced"", ""penalty"": ""l2""}"
softmax_logistic_classifier__baseline,softmax_logistic,classification,bbob_train,dimension,dimension=10,,10.0,,64800,2405,0.037114197530864194,-0.04022633237538057,-0.03715828153278458,308.0180086184804,top_20,0.6200315578158618,11097,0.17125,-0.029908013503977676,1394,0.5796257796257797,0.6067873235692004,0.12561953681175092,9703,0.874380463188249,518.7906489143629,-331.8892258536403,-0.005121747312556177,-0.04022633237538057,0.0,0.004753364330532104,softmax_logistic_classifier__raw_primary_with_maturity__baseline__C_1p0__class_weight_balanced__penalty_l2,softmax_logistic_classifier,"LogisticRegression(C=1.0,class_weight='balanced')",raw_primary_with_maturity,baseline,"{""C"": 1.0, ""class_weight"": ""balanced"", ""penalty"": ""l2""}"
softmax_logistic_classifier__baseline,softmax_logistic,classification,bbob_train,dimension,dimension=20,,20.0,,64800,3858,0.059537037037037034,-0.07228172978918257,-0.06716881295115272,823.0687800379324,zero,0.0,64800,1.0,-0.07228172978918257,3858,1.0,1.0,0.059537037037037034,60942,0.940462962962963,5506.924870376963,-4683.856090339031,-0.07228172978918257,-0.07228172978918257,0.0,0.01270167870428908,softmax_logistic_classifier__raw_primary_with_maturity__baseline__C_1p0__class_weight_balanced__penalty_l2,softmax_logistic_classifier,"LogisticRegression(C=1.0,class_weight='balanced')",raw_primary_with_maturity,baseline,"{""C"": 1.0, ""class_weight"": ""balanced"", ""penalty"": ""l2""}"
softmax_logistic_classifier__baseline,softmax_logistic,classification,bbob_train,dimension,dimension=20,,20.0,,64800,3858,0.059537037037037034,-0.07228172978918257,-0.06716881295115272,823.0687800379324,train_utility,0.918385202109539,871,0.013441358024691359,0.04387988124136587,315,0.08164852255054432,0.10763226135617285,0.3616532721010333,556,0.6383467278989667,50.36937748591942,38.21937656122966,0.0005898051938461367,-0.07228172978918257,0.0,0.01270167870428908,softmax_logistic_classifier__raw_primary_with_maturity__baseline__C_1p0__class_weight_balanced__penalty_l2,softmax_logistic_classifier,"LogisticRegression(C=1.0,class_weight='balanced')",raw_primary_with_maturity,baseline,"{""C"": 1.0, ""class_weight"": ""balanced"", ""penalty"": ""l2""}"
softmax_logistic_classifier__baseline,softmax_logistic,classification,bbob_train,dimension,dimension=20,,20.0,,64800,3858,0.059537037037037034,-0.07228172978918257,-0.06716881295115272,823.0687800379324,top_05,0.8244550129584487,3221,0.04970679012345679,0.004438937456097605,932,0.24157594608605495,0.2861133005127031,0.2893511331884508,2289,0.7106488668115493,221.19310765952645,14.297817546090378,0.00022064533250139472,-0.07228172978918257,0.0,0.01270167870428908,softmax_logistic_classifier__raw_primary_with_maturity__baseline__C_1p0__class_weight_balanced__penalty_l2,softmax_logistic_classifier,"LogisticRegression(C=1.0,class_weight='balanced')",raw_primary_with_maturity,baseline,"{""C"": 1.0, ""class_weight"": ""balanced"", ""penalty"": ""l2""}"
softmax_logistic_classifier__baseline,softmax_logistic,classification,bbob_train,dimension,dimension=20,,20.0,,64800,3858,0.059537037037037034,-0.07228172978918257,-0.06716881295115272,823.0687800379324,top_10,0.7441338675491187,6433,0.09927469135802469,-0.02174910005533347,1475,0.3823224468636599,0.42894215383170603,0.22928649152805844,4958,0.7707135084719415,492.9608559170656,-139.91196065596026,-0.002159135195308029,-0.07228172978918257,0.0,0.01270167870428908,softmax_logistic_classifier__raw_primary_with_maturity__baseline__C_1p0__class_weight_balanced__penalty_l2,softmax_logistic_classifier,"LogisticRegression(C=1.0,class_weight='balanced')",raw_primary_with_maturity,baseline,"{""C"": 1.0, ""class_weight"": ""balanced"", ""penalty"": ""l2""}"
softmax_logistic_classifier__baseline,softmax_logistic,classification,bbob_train,dimension,dimension=20,,20.0,,64800,3858,0.059537037037037034,-0.07228172978918257,-0.06716881295115272,823.0687800379324,top_20,0.6200315578158618,13045,0.20131172839506173,-0.0436627604832425,2285,0.5922757905650596,0.6492527595955053,0.17516289766193943,10760,0.8248371023380605,1103.9603872804319,-569.5807105038984,-0.00878982577938115,-0.07228172978918257,0.0,0.01270167870428908,softmax_logistic_classifier__raw_primary_with_maturity__baseline__C_1p0__class_weight_balanced__penalty_l2,softmax_logistic_classifier,"LogisticRegression(C=1.0,class_weight='balanced')",raw_primary_with_maturity,baseline,"{""C"": 1.0, ""class_weight"": ""balanced"", ""penalty"": ""l2""}"
softmax_logistic_classifier__baseline,softmax_logistic,classification,bbob_train,dimension,dimension=40,,40.0,,64800,5658,0.08731481481481482,-0.1531640918533896,-0.14272675969545875,1380.025477481347,zero,0.0,64800,1.0,-0.1531640918533896,5658,1.0,1.0,0.08731481481481482,59142,0.9126851851851852,11305.058629580992,-9925.033152099646,-0.1531640918533896,-0.1531640918533896,0.0,0.021296689467304737,softmax_logistic_classifier__raw_primary_with_maturity__baseline__C_1p0__class_weight_balanced__penalty_l2,softmax_logistic_classifier,"LogisticRegression(C=1.0,class_weight='balanced')",raw_primary_with_maturity,baseline,"{""C"": 1.0, ""class_weight"": ""balanced"", ""penalty"": ""l2""}"
softmax_logistic_classifier__baseline,softmax_logistic,classification,bbob_train,dimension,dimension=40,,40.0,,64800,5658,0.08731481481481482,-0.1531640918533896,-0.14272675969545875,1380.025477481347,train_utility,0.918385202109539,892,0.013765432098765433,0.025156859422966738,333,0.05885471898197243,0.06425939568069275,0.37331838565022424,559,0.6266816143497758,66.23968460162448,22.439918605286326,0.0003462950402050359,-0.1531640918533896,0.0,0.021296689467304737,softmax_logistic_classifier__raw_primary_with_maturity__baseline__C_1p0__class_weight_balanced__penalty_l2,softmax_logistic_classifier,"LogisticRegression(C=1.0,class_weight='balanced')",raw_primary_with_maturity,baseline,"{""C"": 1.0, ""class_weight"": ""balanced"", ""penalty"": ""l2""}"
softmax_logistic_classifier__baseline,softmax_logistic,classification,bbob_train,dimension,dimension=40,,40.0,,64800,5658,0.08731481481481482,-0.1531640918533896,-0.14272675969545875,1380.025477481347,top_05,0.8244550129584487,3687,0.05689814814814815,-0.040118614161964675,976,0.1724991162955108,0.1761405673324323,0.26471385950637377,2711,0.7352861404936263,390.99580095193903,-147.9173304151638,-0.0022826748520858612,-0.1531640918533896,0.0,0.021296689467304737,softmax_logistic_classifier__raw_primary_with_maturity__baseline__C_1p0__class_weight_balanced__penalty_l2,softmax_logistic_classifier,"LogisticRegression(C=1.0,class_weight='balanced')",raw_primary_with_maturity,baseline,"{""C"": 1.0, ""class_weight"": ""balanced"", ""penalty"": ""l2""}"
softmax_logistic_classifier__baseline,softmax_logistic,classification,bbob_train,dimension,dimension=40,,40.0,,64800,5658,0.08731481481481482,-0.1531640918533896,-0.14272675969545875,1380.025477481347,top_10,0.7441338675491187,7420,0.11450617283950618,-0.06563319620807931,1761,0.3112407211028632,0.3082556639523183,0.23733153638814017,5659,0.7626684636118598,912.3989856960761,-486.9983158639485,-0.007515406109011551,-0.1531640918533896,0.0,0.021296689467304737,softmax_logistic_classifier__raw_primary_with_maturity__baseline__C_1p0__class_weight_balanced__penalty_l2,softmax_logistic_classifier,"LogisticRegression(C=1.0,class_weight='balanced')",raw_primary_with_maturity,baseline,"{""C"": 1.0, ""class_weight"": ""balanced"", ""penalty"": ""l2""}"
softmax_logistic_classifier__baseline,softmax_logistic,classification,bbob_train,dimension,dimension=40,,40.0,,64800,5658,0.08731481481481482,-0.1531640918533896,-0.14272675969545875,1380.025477481347,top_20,0.6200315578158618,14737,0.22742283950617284,-0.08803121805317103,3092,0.5464828561329091,0.5377868630047988,0.2098120377281672,11645,0.7901879622718329,2039.4756328509745,-1297.3160604495815,-0.02002030957483922,-0.1531640918533896,0.0,0.021296689467304737,softmax_logistic_classifier__raw_primary_with_maturity__baseline__C_1p0__class_weight_balanced__penalty_l2,softmax_logistic_classifier,"LogisticRegression(C=1.0,class_weight='balanced')",raw_primary_with_maturity,baseline,"{""C"": 1.0, ""class_weight"": ""balanced"", ""penalty"": ""l2""}"
softmax_logistic_classifier__baseline,softmax_logistic,classification,bbob_train,FE_ratio,FE_ratio=0.2,,,0.2,19440,1637,0.08420781893004116,-0.06196176210011554,-0.05049860667501493,304.44205064313394,zero,0.0,19440,1.0,-0.06196176210011554,1637,1.0,1.0,0.08420781893004116,17803,0.9157921810699589,1508.9787058693798,-1204.536655226246,-0.06196176210011554,-0.06196176210011554,0.0,0.015660599312918414,softmax_logistic_classifier__raw_primary_with_maturity__baseline__C_1p0__class_weight_balanced__penalty_l2,softmax_logistic_classifier,"LogisticRegression(C=1.0,class_weight='balanced')",raw_primary_with_maturity,baseline,"{""C"": 1.0, ""class_weight"": ""balanced"", ""penalty"": ""l2""}"
softmax_logistic_classifier__baseline,softmax_logistic,classification,bbob_train,FE_ratio,FE_ratio=0.2,,,0.2,19440,1637,0.08420781893004116,-0.06196176210011554,-0.05049860667501493,304.44205064313394,train_utility,0.918385202109539,0,0.0,0.0,0,0.0,0.0,0.0,0,0.0,-0.0,0.0,0.0,-0.06196176210011554,0.0,0.015660599312918414,softmax_logistic_classifier__raw_primary_with_maturity__baseline__C_1p0__class_weight_balanced__penalty_l2,softmax_logistic_classifier,"LogisticRegression(C=1.0,class_weight='balanced')",raw_primary_with_maturity,baseline,"{""C"": 1.0, ""class_weight"": ""balanced"", ""penalty"": ""l2""}"
softmax_logistic_classifier__baseline,softmax_logistic,classification,bbob_train,FE_ratio,FE_ratio=0.2,,,0.2,19440,1637,0.08420781893004116,-0.06196176210011554,-0.05049860667501493,304.44205064313394,top_05,0.8244550129584487,0,0.0,0.0,0,0.0,0.0,0.0,0,0.0,-0.0,0.0,0.0,-0.06196176210011554,0.0,0.015660599312918414,softmax_logistic_classifier__raw_primary_with_maturity__baseline__C_1p0__class_weight_balanced__penalty_l2,softmax_logistic_classifier,"LogisticRegression(C=1.0,class_weight='balanced')",raw_primary_with_maturity,baseline,"{""C"": 1.0, ""class_weight"": ""balanced"", ""penalty"": ""l2""}"
softmax_logistic_classifier__baseline,softmax_logistic,classification,bbob_train,FE_ratio,FE_ratio=0.2,,,0.2,19440,1637,0.08420781893004116,-0.06196176210011554,-0.05049860667501493,304.44205064313394,top_10,0.7441338675491187,0,0.0,0.0,0,0.0,0.0,0.0,0,0.0,-0.0,0.0,0.0,-0.06196176210011554,0.0,0.015660599312918414,softmax_logistic_classifier__raw_primary_with_maturity__baseline__C_1p0__class_weight_balanced__penalty_l2,softmax_logistic_classifier,"LogisticRegression(C=1.0,class_weight='balanced')",raw_primary_with_maturity,baseline,"{""C"": 1.0, ""class_weight"": ""balanced"", ""penalty"": ""l2""}"
softmax_logistic_classifier__baseline,softmax_logistic,classification,bbob_train,FE_ratio,FE_ratio=0.2,,,0.2,19440,1637,0.08420781893004116,-0.06196176210011554,-0.05049860667501493,304.44205064313394,top_20,0.6200315578158618,1436,0.07386831275720164,-0.010253619872207407,316,0.19303604153940135,0.2546515775516336,0.2200557103064067,1120,0.7799442896935933,92.25084660581821,-14.724198136489807,-0.0007574175996136732,-0.06196176210011554,0.0,0.015660599312918414,softmax_logistic_classifier__raw_primary_with_maturity__baseline__C_1p0__class_weight_balanced__penalty_l2,softmax_logistic_classifier,"LogisticRegression(C=1.0,class_weight='balanced')",raw_primary_with_maturity,baseline,"{""C"": 1.0, ""class_weight"": ""balanced"", ""penalty"": ""l2""}"
softmax_logistic_classifier__baseline,softmax_logistic,classification,bbob_train,FE_ratio,FE_ratio=0.25,,,0.25,19440,1530,0.0787037037037037,-0.06684412289960417,-0.05379598025536793,289.0381601639173,zero,0.0,19440,1.0,-0.06684412289960417,1530,1.0,1.0,0.0787037037037037,17910,0.9212962962962963,1588.4879093322224,-1299.449749168305,-0.06684412289960417,-0.06684412289960417,0.0,0.014868218115427843,softmax_logistic_classifier__raw_primary_with_maturity__baseline__C_1p0__class_weight_balanced__penalty_l2,softmax_logistic_classifier,"LogisticRegression(C=1.0,class_weight='balanced')",raw_primary_with_maturity,baseline,"{""C"": 1.0, ""class_weight"": ""balanced"", ""penalty"": ""l2""}"
softmax_logistic_classifier__baseline,softmax_logistic,classification,bbob_train,FE_ratio,FE_ratio=0.25,,,0.25,19440,1530,0.0787037037037037,-0.06684412289960417,-0.05379598025536793,289.0381601639173,train_utility,0.918385202109539,412,0.02119341563786008,0.030636802328467463,129,0.08431372549019608,0.13347196686790572,0.3131067961165049,283,0.6868932038834952,25.956129177630203,12.622362559328595,0.0006492984855621705,-0.06684412289960417,0.0,0.014868218115427843,softmax_logistic_classifier__raw_primary_with_maturity__baseline__C_1p0__class_weight_balanced__penalty_l2,softmax_logistic_classifier,"LogisticRegression(C=1.0,class_weight='balanced')",raw_primary_with_maturity,baseline,"{""C"": 1.0, ""class_weight"": ""balanced"", ""penalty"": ""l2""}"
softmax_logistic_classifier__baseline,softmax_logistic,classification,bbob_train,FE_ratio,FE_ratio=0.25,,,0.25,19440,1530,0.0787037037037037,-0.06684412289960417,-0.05379598025536793,289.0381601639173,top_05,0.8244550129584487,1536,0.07901234567901234,-0.0078041031506039206,359,0.234640522875817,0.30635507559801994,0.23372395833333334,1177,0.7662760416666666,100.53540984705712,-11.987102439327629,-0.0006166204958501867,-0.06684412289960417,0.0,0.014868218115427843,softmax_logistic_classifier__raw_primary_with_maturity__baseline__C_1p0__class_weight_balanced__penalty_l2,softmax_logistic_classifier,"LogisticRegression(C=1.0,class_weight='balanced')",raw_primary_with_maturity,baseline,"{""C"": 1.0, ""class_weight"": ""balanced"", ""penalty"": ""l2""}"
softmax_logistic_classifier__baseline,softmax_logistic,classification,bbob_train,FE_ratio,FE_ratio=0.25,,,0.25,19440,1530,0.0787037037037037,-0.06684412289960417,-0.05379598025536793,289.0381601639173,top_10,0.7441338675491187,3908,0.20102880658436215,-0.03917733900934541,770,0.5032679738562091,0.5334128552255554,0.1970317297850563,3138,0.8029682702149437,307.28171113069834,-153.10504084852187,-0.007875773706199685,-0.06684412289960417,0.0,0.014868218115427843,softmax_logistic_classifier__raw_primary_with_maturity__baseline__C_1p0__class_weight_balanced__penalty_l2,softmax_logistic_classifier,"LogisticRegression(C=1.0,class_weight='balanced')",raw_primary_with_maturity,baseline,"{""C"": 1.0, ""class_weight"": ""balanced"", ""penalty"": ""l2""}"
softmax_logistic_classifier__baseline,softmax_logistic,classification,bbob_train,FE_ratio,FE_ratio=0.25,,,0.25,19440,1530,0.0787037037037037,-0.06684412289960417,-0.05379598025536793,289.0381601639173,top_20,0.6200315578158618,7992,0.4111111111111111,-0.0556477140025463,1213,0.7928104575163398,0.8005141016344854,0.15177677677677678,6779,0.8482232232232232,676.1156534300528,-444.73653030835,-0.022877393534380144,-0.06684412289960417,0.0,0.014868218115427843,softmax_logistic_classifier__raw_primary_with_maturity__baseline__C_1p0__class_weight_balanced__penalty_l2,softmax_logistic_classifier,"LogisticRegression(C=1.0,class_weight='balanced')",raw_primary_with_maturity,baseline,"{""C"": 1.0, ""class_weight"": ""balanced"", ""penalty"": ""l2""}"
softmax_logistic_classifier__baseline,softmax_logistic,classification,bbob_train,FE_ratio,FE_ratio=0.28,,,0.28,19440,1516,0.07798353909465021,-0.06678863875638497,-0.05595944523593056,294.83506110374555,zero,0.0,19440,1.0,-0.06678863875638497,1516,1.0,1.0,0.07798353909465021,17924,0.9220164609053498,1593.2061985278692,-1298.3711374241238,-0.06678863875638497,-0.06678863875638497,0.0,0.01516641260821736,softmax_logistic_classifier__raw_primary_with_maturity__baseline__C_1p0__class_weight_balanced__penalty_l2,softmax_logistic_classifier,"LogisticRegression(C=1.0,class_weight='balanced')",raw_primary_with_maturity,baseline,"{""C"": 1.0, ""class_weight"": ""balanced"", ""penalty"": ""l2""}"
softmax_logistic_classifier__baseline,softmax_logistic,classification,bbob_train,FE_ratio,FE_ratio=0.28,,,0.28,19440,1516,0.07798353909465021,-0.06678863875638497,-0.05595944523593056,294.83506110374555,train_utility,0.918385202109539,263,0.01352880658436214,0.02962205483502925,95,0.06266490765171503,0.07641254921656195,0.3612167300380228,168,0.6387832699619772,14.738498195745308,7.79060042161269,0.00040075105049447993,-0.06678863875638497,0.0,0.01516641260821736,softmax_logistic_classifier__raw_primary_with_maturity__baseline__C_1p0__class_weight_balanced__penalty_l2,softmax_logistic_classifier,"LogisticRegression(C=1.0,class_weight='balanced')",raw_primary_with_maturity,baseline,"{""C"": 1.0, ""class_weight"": ""balanced"", ""penalty"": ""l2""}"
softmax_logistic_classifier__baseline,softmax_logistic,classification,bbob_train,FE_ratio,FE_ratio=0.28,,,0.28,19440,1516,0.07798353909465021,-0.06678863875638497,-0.05595944523593056,294.83506110374555,top_05,0.8244550129584487,1110,0.05709876543209876,-0.01873167534628019,264,0.1741424802110818,0.20374493591938447,0.23783783783783785,846,0.7621621621621621,80.86331026574146,-20.79215963437101,-0.00106955553674748,-0.06678863875638497,0.0,0.01516641260821736,softmax_logistic_classifier__raw_primary_with_maturity__baseline__C_1p0__class_weight_balanced__penalty_l2,softmax_logistic_classifier,"LogisticRegression(C=1.0,class_weight='balanced')",raw_primary_with_maturity,baseline,"{""C"": 1.0, ""class_weight"": ""balanced"", ""penalty"": ""l2""}"
softmax_logistic_classifier__baseline,softmax_logistic,classification,bbob_train,FE_ratio,FE_ratio=0.28,,,0.28,19440,1516,0.07798353909465021,-0.06678863875638497,-0.05595944523593056,294.83506110374555,top_10,0.7441338675491187,2601,0.1337962962962963,-0.037964706355171324,524,0.34564643799472294,0.346707681089124,0.20146097654748174,2077,0.7985390234525183,200.96778156885043,-98.74620122980062,-0.005079537100298385,-0.06678863875638497,0.0,0.01516641260821736,softmax_logistic_classifier__raw_primary_with_maturity__baseline__C_1p0__class_weight_balanced__penalty_l2,softmax_logistic_classifier,"LogisticRegression(C=1.0,class_weight='balanced')",raw_primary_with_maturity,baseline,"{""C"": 1.0, ""class_weight"": ""balanced"", ""penalty"": ""l2""}"
softmax_logistic_classifier__baseline,softmax_logistic,classification,bbob_train,FE_ratio,FE_ratio=0.28,,,0.28,19440,1516,0.07798353909465021,-0.06678863875638497,-0.05595944523593056,294.83506110374555,top_20,0.6200315578158618,6319,0.3250514403292181,-0.05047925555258554,1067,0.7038258575197889,0.683121249228924,0.16885583161892703,5252,0.831144168381073,520.3865110944648,-318.978415836788,-0.01640835472411461,-0.06678863875638497,0.0,0.01516641260821736,softmax_logistic_classifier__raw_primary_with_maturity__baseline__C_1p0__class_weight_balanced__penalty_l2,softmax_logistic_classifier,"LogisticRegression(C=1.0,class_weight='balanced')",raw_primary_with_maturity,baseline,"{""C"": 1.0, ""class_weight"": ""balanced"", ""penalty"": ""l2""}"
softmax_logistic_classifier__baseline,softmax_logistic,classification,bbob_train,FE_ratio,FE_ratio=0.3,,,0.3,19440,1403,0.07217078189300412,-0.07045501341769796,-0.05769358257385397,275.8794546370344,zero,0.0,19440,1.0,-0.07045501341769796,1403,1.0,1.0,0.07217078189300412,18037,0.9278292181069959,1645.5249154770827,-1369.6454608400484,-0.07045501341769796,-0.07045501341769796,0.0,0.014191329971040865,softmax_logistic_classifier__raw_primary_with_maturity__baseline__C_1p0__class_weight_balanced__penalty_l2,softmax_logistic_classifier,"LogisticRegression(C=1.0,class_weight='balanced')",raw_primary_with_maturity,baseline,"{""C"": 1.0, ""class_weight"": ""balanced"", ""penalty"": ""l2""}"
softmax_logistic_classifier__baseline,softmax_logistic,classification,bbob_train,FE_ratio,FE_ratio=0.3,,,0.3,19440,1403,0.07217078189300412,-0.07045501341769796,-0.05769358257385397,275.8794546370344,train_utility,0.918385202109539,543,0.0279320987654321,0.033825284162969045,196,0.1397006414825374,0.18108945994360393,0.36095764272559855,347,0.6390423572744015,31.59173214926435,18.36712930049219,0.0009448111780088576,-0.07045501341769796,0.0,0.014191329971040865,softmax_logistic_classifier__raw_primary_with_maturity__baseline__C_1p0__class_weight_balanced__penalty_l2,softmax_logistic_classifier,"LogisticRegression(C=1.0,class_weight='balanced')",raw_primary_with_maturity,baseline,"{""C"": 1.0, ""class_weight"": ""balanced"", ""penalty"": ""l2""}"
softmax_logistic_classifier__baseline,softmax_logistic,classification,bbob_train,FE_ratio,FE_ratio=0.3,,,0.3,19440,1403,0.07217078189300412,-0.07045501341769796,-0.05769358257385397,275.8794546370344,top_05,0.8244550129584487,2196,0.11296296296296296,-0.018295816624371533,548,0.39059158945117606,0.470522052370657,0.2495446265938069,1648,0.7504553734061931,169.9849805098349,-40.17761330711989,-0.0020667496557160436,-0.07045501341769796,0.0,0.014191329971040865,softmax_logistic_classifier__raw_primary_with_maturity__baseline__C_1p0__class_weight_balanced__penalty_l2,softmax_logistic_classifier,"LogisticRegression(C=1.0,class_weight='balanced')",raw_primary_with_maturity,baseline,"{""C"": 1.0, ""class_weight"": ""balanced"", ""penalty"": ""l2""}"
softmax_logistic_classifier__baseline,softmax_logistic,classification,bbob_train,FE_ratio,FE_ratio=0.3,,,0.3,19440,1403,0.07217078189300412,-0.07045501341769796,-0.05769358257385397,275.8794546370344,top_10,0.7441338675491187,3690,0.18981481481481483,-0.040166843581949635,737,0.5253029223093372,0.6005305974714538,0.1997289972899729,2953,0.800271002710027,313.8897065406712,-148.21565281739416,-0.007624261976203403,-0.07045501341769796,0.0,0.014191329971040865,softmax_logistic_classifier__raw_primary_with_maturity__baseline__C_1p0__class_weight_balanced__penalty_l2,softmax_logistic_classifier,"LogisticRegression(C=1.0,class_weight='balanced')",raw_primary_with_maturity,baseline,"{""C"": 1.0, ""class_weight"": ""balanced"", ""penalty"": ""l2""}"
softmax_logistic_classifier__baseline,softmax_logistic,classification,bbob_train,FE_ratio,FE_ratio=0.3,,,0.3,19440,1403,0.07217078189300412,-0.07045501341769796,-0.05769358257385397,275.8794546370344,top_20,0.6200315578158618,6168,0.3172839506172839,-0.050266838061076534,1040,0.7412687099073414,0.7528781070580612,0.16861219195849547,5128,0.8313878080415046,517.7494587440608,-310.0458571607201,-0.01594886096505762,-0.07045501341769796,0.0,0.014191329971040865,softmax_logistic_classifier__raw_primary_with_maturity__baseline__C_1p0__class_weight_balanced__penalty_l2,softmax_logistic_classifier,"LogisticRegression(C=1.0,class_weight='balanced')",raw_primary_with_maturity,baseline,"{""C"": 1.0, ""class_weight"": ""balanced"", ""penalty"": ""l2""}"
softmax_logistic_classifier__baseline,softmax_logistic,classification,bbob_train,FE_ratio,FE_ratio=0.35,,,0.35,19440,1388,0.07139917695473251,-0.07482964941049443,-0.062069321341436653,257.6511044439708,zero,0.0,19440,1.0,-0.07482964941049443,1388,1.0,1.0,0.07139917695473251,18052,0.9286008230452675,1712.3394889839824,-1454.6883845400116,-0.07482964941049443,-0.07482964941049443,0.0,0.013253657636006727,softmax_logistic_classifier__raw_primary_with_maturity__baseline__C_1p0__class_weight_balanced__penalty_l2,softmax_logistic_classifier,"LogisticRegression(C=1.0,class_weight='balanced')",raw_primary_with_maturity,baseline,"{""C"": 1.0, ""class_weight"": ""balanced"", ""penalty"": ""l2""}"
softmax_logistic_classifier__baseline,softmax_logistic,classification,bbob_train,FE_ratio,FE_ratio=0.35,,,0.35,19440,1388,0.07139917695473251,-0.07482964941049443,-0.062069321341436653,257.6511044439708,train_utility,0.918385202109539,350,0.01800411522633745,0.038963752297552556,131,0.09438040345821326,0.12262511139896876,0.3742857142857143,219,0.6257142857142857,17.957182080365858,13.637313304143392,0.0007015078860156066,-0.07482964941049443,0.0,0.013253657636006727,softmax_logistic_classifier__raw_primary_with_maturity__baseline__C_1p0__class_weight_balanced__penalty_l2,softmax_logistic_classifier,"LogisticRegression(C=1.0,class_weight='balanced')",raw_primary_with_maturity,baseline,"{""C"": 1.0, ""class_weight"": ""balanced"", ""penalty"": ""l2""}"
softmax_logistic_classifier__baseline,softmax_logistic,classification,bbob_train,FE_ratio,FE_ratio=0.35,,,0.35,19440,1388,0.07139917695473251,-0.07482964941049443,-0.062069321341436653,257.6511044439708,top_05,0.8244550129584487,1310,0.06738683127572016,0.002668949985009566,401,0.2889048991354467,0.3351893421429118,0.3061068702290076,909,0.6938931297709924,82.86557972060668,3.4963244803625173,0.00017985208232317476,-0.07482964941049443,0.0,0.013253657636006727,softmax_logistic_classifier__raw_primary_with_maturity__baseline__C_1p0__class_weight_balanced__penalty_l2,softmax_logistic_classifier,"LogisticRegression(C=1.0,class_weight='balanced')",raw_primary_with_maturity,baseline,"{""C"": 1.0, ""class_weight"": ""balanced"", ""penalty"": ""l2""}"
softmax_logistic_classifier__baseline,softmax_logistic,classification,bbob_train,FE_ratio,FE_ratio=0.35,,,0.35,19440,1388,0.07139917695473251,-0.07482964941049443,-0.062069321341436653,257.6511044439708,top_10,0.7441338675491187,2303,0.11846707818930041,-0.019114787421863885,587,0.4229106628242075,0.48316725066720323,0.2548849326964828,1716,0.7451150673035172,168.50993119811432,-44.02135543255254,-0.0022644730160778057,-0.07482964941049443,0.0,0.013253657636006727,softmax_logistic_classifier__raw_primary_with_maturity__baseline__C_1p0__class_weight_balanced__penalty_l2,softmax_logistic_classifier,"LogisticRegression(C=1.0,class_weight='balanced')",raw_primary_with_maturity,baseline,"{""C"": 1.0, ""class_weight"": ""balanced"", ""penalty"": ""l2""}"
softmax_logistic_classifier__baseline,softmax_logistic,classification,bbob_train,FE_ratio,FE_ratio=0.35,,,0.35,19440,1388,0.07139917695473251,-0.07482964941049443,-0.062069321341436653,257.6511044439708,top_20,0.6200315578158618,3991,0.20529835390946502,-0.04170110926348076,840,0.6051873198847262,0.661141623666002,0.21047356552242547,3151,0.7895264344775745,336.7729966019773,-166.42912707055171,-0.008561169087991344,-0.07482964941049443,0.0,0.013253657636006727,softmax_logistic_classifier__raw_primary_with_maturity__baseline__C_1p0__class_weight_balanced__penalty_l2,softmax_logistic_classifier,"LogisticRegression(C=1.0,class_weight='balanced')",raw_primary_with_maturity,baseline,"{""C"": 1.0, ""class_weight"": ""balanced"", ""penalty"": ""l2""}"
softmax_logistic_classifier__baseline,softmax_logistic,classification,bbob_train,FE_ratio,FE_ratio=0.4,,,0.4,19440,1376,0.07078189300411522,-0.08176159053440116,-0.06731035034538017,252.55187921031478,zero,0.0,19440,1.0,-0.08176159053440116,1376,1.0,1.0,0.07078189300411522,18064,0.9292181069958848,1841.9971991990733,-1589.4453199887585,-0.08176159053440116,-0.08176159053440116,0.0,0.012991351811230182,softmax_logistic_classifier__raw_primary_with_maturity__baseline__C_1p0__class_weight_balanced__penalty_l2,softmax_logistic_classifier,"LogisticRegression(C=1.0,class_weight='balanced')",raw_primary_with_maturity,baseline,"{""C"": 1.0, ""class_weight"": ""balanced"", ""penalty"": ""l2""}"
softmax_logistic_classifier__baseline,softmax_logistic,classification,bbob_train,FE_ratio,FE_ratio=0.4,,,0.4,19440,1376,0.07078189300411522,-0.08176159053440116,-0.06731035034538017,252.55187921031478,train_utility,0.918385202109539,243,0.0125,0.031948298430897186,86,0.0625,0.08371450688086551,0.35390946502057613,157,0.6460905349794238,13.37881951121939,7.763436518708016,0.0003993537303862148,-0.08176159053440116,0.0,0.012991351811230182,softmax_logistic_classifier__raw_primary_with_maturity__baseline__C_1p0__class_weight_balanced__penalty_l2,softmax_logistic_classifier,"LogisticRegression(C=1.0,class_weight='balanced')",raw_primary_with_maturity,baseline,"{""C"": 1.0, ""class_weight"": ""balanced"", ""penalty"": ""l2""}"
softmax_logistic_classifier__baseline,softmax_logistic,classification,bbob_train,FE_ratio,FE_ratio=0.4,,,0.4,19440,1376,0.07078189300411522,-0.08176159053440116,-0.06731035034538017,252.55187921031478,top_05,0.8244550129584487,1045,0.05375514403292181,-0.011607382102668725,301,0.21875,0.2452792111589625,0.2880382775119617,744,0.7119617224880382,74.0754400067084,-12.129714297288821,-0.0006239564967741163,-0.08176159053440116,0.0,0.012991351811230182,softmax_logistic_classifier__raw_primary_with_maturity__baseline__C_1p0__class_weight_balanced__penalty_l2,softmax_logistic_classifier,"LogisticRegression(C=1.0,class_weight='balanced')",raw_primary_with_maturity,baseline,"{""C"": 1.0, ""class_weight"": ""balanced"", ""penalty"": ""l2""}"
softmax_logistic_classifier__baseline,softmax_logistic,classification,bbob_train,FE_ratio,FE_ratio=0.4,,,0.4,19440,1376,0.07078189300411522,-0.08176159053440116,-0.06731035034538017,252.55187921031478,top_10,0.7441338675491187,1941,0.09984567901234567,-0.026369004654423607,492,0.35755813953488375,0.4363336317514653,0.2534775888717156,1449,0.7465224111282844,161.37911669573026,-51.18223803423623,-0.002632831174600629,-0.08176159053440116,0.0,0.012991351811230182,softmax_logistic_classifier__raw_primary_with_maturity__baseline__C_1p0__class_weight_balanced__penalty_l2,softmax_logistic_classifier,"LogisticRegression(C=1.0,class_weight='balanced')",raw_primary_with_maturity,baseline,"{""C"": 1.0, ""class_weight"": ""balanced"", ""penalty"": ""l2""}"
softmax_logistic_classifier__baseline,softmax_logistic,classification,bbob_train,FE_ratio,FE_ratio=0.4,,,0.4,19440,1376,0.07078189300411522,-0.08176159053440116,-0.06731035034538017,252.55187921031478,top_20,0.6200315578158618,3355,0.17258230452674897,-0.04544633163302751,703,0.5109011627906976,0.6205456962562299,0.20953800298062594,2652,0.790461997019374,309.1924243541913,-152.47244262880727,-0.007843232645514777,-0.08176159053440116,0.0,0.012991351811230182,softmax_logistic_classifier__raw_primary_with_maturity__baseline__C_1p0__class_weight_balanced__penalty_l2,softmax_logistic_classifier,"LogisticRegression(C=1.0,class_weight='balanced')",raw_primary_with_maturity,baseline,"{""C"": 1.0, ""class_weight"": ""balanced"", ""penalty"": ""l2""}"
softmax_logistic_classifier__baseline,softmax_logistic,classification,bbob_train,FE_ratio,FE_ratio=0.45,,,0.45,19440,911,0.04686213991769547,-0.09574364894010993,-0.0740343803226563,214.80823720368133,zero,0.0,19440,1.0,-0.09574364894010993,911,1.0,1.0,0.04686213991769547,18529,0.9531378600823045,2076.0647725994186,-1861.256535395737,-0.09574364894010993,-0.09574364894010993,0.0,0.011049806440518587,softmax_logistic_classifier__raw_primary_with_maturity__baseline__C_1p0__class_weight_balanced__penalty_l2,softmax_logistic_classifier,"LogisticRegression(C=1.0,class_weight='balanced')",raw_primary_with_maturity,baseline,"{""C"": 1.0, ""class_weight"": ""balanced"", ""penalty"": ""l2""}"
softmax_logistic_classifier__baseline,softmax_logistic,classification,bbob_train,FE_ratio,FE_ratio=0.45,,,0.45,19440,911,0.04686213991769547,-0.09574364894010993,-0.0740343803226563,214.80823720368133,train_utility,0.918385202109539,195,0.010030864197530864,0.0009346657911118556,68,0.07464324917672886,0.05821408937544658,0.3487179487179487,127,0.6512820512820513,12.32260608989042,0.18225982926681294,9.37550562072083e-06,-0.09574364894010993,0.0,0.011049806440518587,softmax_logistic_classifier__raw_primary_with_maturity__baseline__C_1p0__class_weight_balanced__penalty_l2,softmax_logistic_classifier,"LogisticRegression(C=1.0,class_weight='balanced')",raw_primary_with_maturity,baseline,"{""C"": 1.0, ""class_weight"": ""balanced"", ""penalty"": ""l2""}"
softmax_logistic_classifier__baseline,softmax_logistic,classification,bbob_train,FE_ratio,FE_ratio=0.45,,,0.45,19440,911,0.04686213991769547,-0.09574364894010993,-0.0740343803226563,214.80823720368133,top_05,0.8244550129584487,856,0.044032921810699586,-0.026152845566951355,231,0.2535675082327113,0.21784701563263784,0.26985981308411217,625,0.7301401869158879,69.1821692134401,-22.386835805310355,-0.0011515862039768701,-0.09574364894010993,0.0,0.011049806440518587,softmax_logistic_classifier__raw_primary_with_maturity__baseline__C_1p0__class_weight_balanced__penalty_l2,softmax_logistic_classifier,"LogisticRegression(C=1.0,class_weight='balanced')",raw_primary_with_maturity,baseline,"{""C"": 1.0, ""class_weight"": ""balanced"", ""penalty"": ""l2""}"
softmax_logistic_classifier__baseline,softmax_logistic,classification,bbob_train,FE_ratio,FE_ratio=0.45,,,0.45,19440,911,0.04686213991769547,-0.09574364894010993,-0.0740343803226563,214.80823720368133,top_10,0.7441338675491187,1564,0.08045267489711934,-0.03969841987846173,356,0.3907793633369923,0.3762554210465654,0.22762148337595908,1208,0.7723785166240409,142.91109242325575,-62.08832868991415,-0.0031938440684112215,-0.09574364894010993,0.0,0.011049806440518587,softmax_logistic_classifier__raw_primary_with_maturity__baseline__C_1p0__class_weight_balanced__penalty_l2,softmax_logistic_classifier,"LogisticRegression(C=1.0,class_weight='balanced')",raw_primary_with_maturity,baseline,"{""C"": 1.0, ""class_weight"": ""balanced"", ""penalty"": ""l2""}"
softmax_logistic_classifier__baseline,softmax_logistic,classification,bbob_train,FE_ratio,FE_ratio=0.45,,,0.45,19440,911,0.04686213991769547,-0.09574364894010993,-0.0740343803226563,214.80823720368133,top_20,0.6200315578158618,2904,0.14938271604938272,-0.06868421824257279,514,0.5642151481888035,0.5748586241099395,0.17699724517906337,2390,0.8230027548209367,322.94333746282115,-199.4589697764314,-0.010260235070804084,-0.09574364894010993,0.0,0.011049806440518587,softmax_logistic_classifier__raw_primary_with_maturity__baseline__C_1p0__class_weight_balanced__penalty_l2,softmax_logistic_classifier,"LogisticRegression(C=1.0,class_weight='balanced')",raw_primary_with_maturity,baseline,"{""C"": 1.0, ""class_weight"": ""balanced"", ""penalty"": ""l2""}"
softmax_logistic_classifier__baseline,softmax_logistic,classification,bbob_train,FE_ratio,FE_ratio=0.5,,,0.5,19440,752,0.03868312757201646,-0.10761678906395437,-0.08153801385084204,216.74610973067038,zero,0.0,19440,1.0,-0.10761678906395437,752,1.0,1.0,0.03868312757201646,18688,0.9613168724279836,2308.8164891339434,-2092.070379403273,-0.10761678906395437,-0.10761678906395437,0.0,0.011149491241289628,softmax_logistic_classifier__raw_primary_with_maturity__baseline__C_1p0__class_weight_balanced__penalty_l2,softmax_logistic_classifier,"LogisticRegression(C=1.0,class_weight='balanced')",raw_primary_with_maturity,baseline,"{""C"": 1.0, ""class_weight"": ""balanced"", ""penalty"": ""l2""}"
softmax_logistic_classifier__baseline,softmax_logistic,classification,bbob_train,FE_ratio,FE_ratio=0.5,,,0.5,19440,752,0.03868312757201646,-0.10761678906395437,-0.08153801385084204,216.74610973067038,train_utility,0.918385202109539,150,0.007716049382716049,-0.010808716207173552,42,0.05585106382978723,0.04407281509879546,0.28,108,0.72,11.1739186486191,-1.6213074310760325,-8.340058801831443e-05,-0.10761678906395437,0.0,0.011149491241289628,softmax_logistic_classifier__raw_primary_with_maturity__baseline__C_1p0__class_weight_balanced__penalty_l2,softmax_logistic_classifier,"LogisticRegression(C=1.0,class_weight='balanced')",raw_primary_with_maturity,baseline,"{""C"": 1.0, ""class_weight"": ""balanced"", ""penalty"": ""l2""}"
softmax_logistic_classifier__baseline,softmax_logistic,classification,bbob_train,FE_ratio,FE_ratio=0.5,,,0.5,19440,752,0.03868312757201646,-0.10761678906395437,-0.08153801385084204,216.74610973067038,top_05,0.8244550129584487,722,0.03713991769547325,-0.03043924890670299,178,0.23670212765957446,0.18031791425331964,0.24653739612188366,544,0.7534626038781164,61.0603441397952,-21.97713771063956,-0.0011305111991069734,-0.10761678906395437,0.0,0.011149491241289628,softmax_logistic_classifier__raw_primary_with_maturity__baseline__C_1p0__class_weight_balanced__penalty_l2,softmax_logistic_classifier,"LogisticRegression(C=1.0,class_weight='balanced')",raw_primary_with_maturity,baseline,"{""C"": 1.0, ""class_weight"": ""balanced"", ""penalty"": ""l2""}"
softmax_logistic_classifier__baseline,softmax_logistic,classification,bbob_train,FE_ratio,FE_ratio=0.5,,,0.5,19440,752,0.03868312757201646,-0.10761678906395437,-0.08153801385084204,216.74610973067038,top_10,0.7441338675491187,1356,0.06975308641975309,-0.03742481273642661,295,0.39228723404255317,0.3590420746567833,0.21755162241887904,1061,0.782448377581121,128.56901898208116,-50.74804607059449,-0.002610496197047042,-0.10761678906395437,0.0,0.011149491241289628,softmax_logistic_classifier__raw_primary_with_maturity__baseline__C_1p0__class_weight_balanced__penalty_l2,softmax_logistic_classifier,"LogisticRegression(C=1.0,class_weight='balanced')",raw_primary_with_maturity,baseline,"{""C"": 1.0, ""class_weight"": ""balanced"", ""penalty"": ""l2""}"
softmax_logistic_classifier__baseline,softmax_logistic,classification,bbob_train,FE_ratio,FE_ratio=0.5,,,0.5,19440,752,0.03868312757201646,-0.10761678906395437,-0.08153801385084204,216.74610973067038,top_20,0.6200315578158618,2584,0.13292181069958847,-0.0742390878283981,439,0.5837765957446809,0.5585326316919468,0.16989164086687306,2145,0.830108359133127,312.8935780254435,-191.8338029485807,-0.009867993978836457,-0.10761678906395437,0.0,0.011149491241289628,softmax_logistic_classifier__raw_primary_with_maturity__baseline__C_1p0__class_weight_balanced__penalty_l2,softmax_logistic_classifier,"LogisticRegression(C=1.0,class_weight='balanced')",raw_primary_with_maturity,baseline,"{""C"": 1.0, ""class_weight"": ""balanced"", ""penalty"": ""l2""}"
softmax_logistic_classifier__baseline,softmax_logistic,classification,bbob_train,FE_ratio,FE_ratio=0.55,,,0.55,19440,784,0.040329218106995884,-0.12055088341199817,-0.09047622006570433,212.50845114181092,zero,0.0,19440,1.0,-0.12055088341199817,784,1.0,1.0,0.040329218106995884,18656,0.9596707818930041,2556.0176246710553,-2343.5091735292444,-0.12055088341199817,-0.12055088341199817,0.0,0.010931504688364757,softmax_logistic_classifier__raw_primary_with_maturity__baseline__C_1p0__class_weight_balanced__penalty_l2,softmax_logistic_classifier,"LogisticRegression(C=1.0,class_weight='balanced')",raw_primary_with_maturity,baseline,"{""C"": 1.0, ""class_weight"": ""balanced"", ""penalty"": ""l2""}"
softmax_logistic_classifier__baseline,softmax_logistic,classification,bbob_train,FE_ratio,FE_ratio=0.55,,,0.55,19440,784,0.040329218106995884,-0.12055088341199817,-0.09047622006570433,212.50845114181092,train_utility,0.918385202109539,102,0.005246913580246914,-0.03658684618452621,25,0.03188775510204082,0.020791477551888315,0.24509803921568626,77,0.7549019607843137,8.15022300232319,-3.731858310821673,-0.00019196802010399552,-0.12055088341199817,0.0,0.010931504688364757,softmax_logistic_classifier__raw_primary_with_maturity__baseline__C_1p0__class_weight_balanced__penalty_l2,softmax_logistic_classifier,"LogisticRegression(C=1.0,class_weight='balanced')",raw_primary_with_maturity,baseline,"{""C"": 1.0, ""class_weight"": ""balanced"", ""penalty"": ""l2""}"
softmax_logistic_classifier__baseline,softmax_logistic,classification,bbob_train,FE_ratio,FE_ratio=0.55,,,0.55,19440,784,0.040329218106995884,-0.12055088341199817,-0.09047622006570433,212.50845114181092,top_05,0.8244550129584487,520,0.026748971193415638,-0.0467969580389394,129,0.16454081632653061,0.13568043568472407,0.24807692307692308,391,0.7519230769230769,53.167657417855295,-24.334418180248484,-0.0012517704825230703,-0.12055088341199817,0.0,0.010931504688364757,softmax_logistic_classifier__raw_primary_with_maturity__baseline__C_1p0__class_weight_balanced__penalty_l2,softmax_logistic_classifier,"LogisticRegression(C=1.0,class_weight='balanced')",raw_primary_with_maturity,baseline,"{""C"": 1.0, ""class_weight"": ""balanced"", ""penalty"": ""l2""}"
softmax_logistic_classifier__baseline,softmax_logistic,classification,bbob_train,FE_ratio,FE_ratio=0.55,,,0.55,19440,784,0.040329218106995884,-0.12055088341199817,-0.09047622006570433,212.50845114181092,top_10,0.7441338675491187,1137,0.05848765432098765,-0.05702818579153778,244,0.3112244897959184,0.26848015865337826,0.21459982409850484,893,0.7854001759014951,121.89534992271554,-64.84104724497844,-0.0033354448171285206,-0.12055088341199817,0.0,0.010931504688364757,softmax_logistic_classifier__raw_primary_with_maturity__baseline__C_1p0__class_weight_balanced__penalty_l2,softmax_logistic_classifier,"LogisticRegression(C=1.0,class_weight='balanced')",raw_primary_with_maturity,baseline,"{""C"": 1.0, ""class_weight"": ""balanced"", ""penalty"": ""l2""}"
softmax_logistic_classifier__baseline,softmax_logistic,classification,bbob_train,FE_ratio,FE_ratio=0.55,,,0.55,19440,784,0.040329218106995884,-0.12055088341199817,-0.09047622006570433,212.50845114181092,top_20,0.6200315578158618,2243,0.11538065843621399,-0.08826523371127591,390,0.49744897959183676,0.47105093948725874,0.17387427552385198,1853,0.8261257244761481,298.08122477372416,-197.9789192143919,-0.01018410078263333,-0.12055088341199817,0.0,0.010931504688364757,softmax_logistic_classifier__raw_primary_with_maturity__baseline__C_1p0__class_weight_balanced__penalty_l2,softmax_logistic_classifier,"LogisticRegression(C=1.0,class_weight='balanced')",raw_primary_with_maturity,baseline,"{""C"": 1.0, ""class_weight"": ""balanced"", ""penalty"": ""l2""}"
softmax_logistic_classifier__baseline,softmax_logistic,classification,bbob_train,FE_ratio,FE_ratio=0.6,,,0.6,19440,624,0.03209876543209877,-0.13902174819174842,-0.10198680721304745,192.65175785948037,zero,0.0,19440,1.0,-0.13902174819174842,624,1.0,1.0,0.03209876543209877,18816,0.9679012345679012,2895.2345427070695,-2702.582784847589,-0.13902174819174842,-0.13902174819174842,0.0,0.009910069848738701,softmax_logistic_classifier__raw_primary_with_maturity__baseline__C_1p0__class_weight_balanced__penalty_l2,softmax_logistic_classifier,"LogisticRegression(C=1.0,class_weight='balanced')",raw_primary_with_maturity,baseline,"{""C"": 1.0, ""class_weight"": ""balanced"", ""penalty"": ""l2""}"
softmax_logistic_classifier__baseline,softmax_logistic,classification,bbob_train,FE_ratio,FE_ratio=0.6,,,0.6,19440,624,0.03209876543209877,-0.13902174819174842,-0.10198680721304745,192.65175785948037,train_utility,0.918385202109539,85,0.004372427983539095,-0.06518327926200851,11,0.017628205128205128,0.016322971804463342,0.12941176470588237,74,0.8705882352941177,8.685227948891322,-5.540578737270726,-0.0002850091943040497,-0.13902174819174842,0.0,0.009910069848738701,softmax_logistic_classifier__raw_primary_with_maturity__baseline__C_1p0__class_weight_balanced__penalty_l2,softmax_logistic_classifier,"LogisticRegression(C=1.0,class_weight='balanced')",raw_primary_with_maturity,baseline,"{""C"": 1.0, ""class_weight"": ""balanced"", ""penalty"": ""l2""}"
softmax_logistic_classifier__baseline,softmax_logistic,classification,bbob_train,FE_ratio,FE_ratio=0.6,,,0.6,19440,624,0.03209876543209877,-0.13902174819174842,-0.10198680721304745,192.65175785948037,top_05,0.8244550129584487,424,0.021810699588477367,-0.07172977519638876,59,0.09455128205128205,0.08288053475889809,0.1391509433962264,365,0.8608490566037735,46.38050539690431,-30.413424683268836,-0.0015644765783574504,-0.13902174819174842,0.0,0.009910069848738701,softmax_logistic_classifier__raw_primary_with_maturity__baseline__C_1p0__class_weight_balanced__penalty_l2,softmax_logistic_classifier,"LogisticRegression(C=1.0,class_weight='balanced')",raw_primary_with_maturity,baseline,"{""C"": 1.0, ""class_weight"": ""balanced"", ""penalty"": ""l2""}"
softmax_logistic_classifier__baseline,softmax_logistic,classification,bbob_train,FE_ratio,FE_ratio=0.6,,,0.6,19440,624,0.03209876543209877,-0.13902174819174842,-0.10198680721304745,192.65175785948037,top_10,0.7441338675491187,939,0.04830246913580247,-0.08937179741814621,136,0.21794871794871795,0.16640673190733443,0.1448349307774228,803,0.8551650692225772,115.97866719723854,-83.92011777563928,-0.004316878486401198,-0.13902174819174842,0.0,0.009910069848738701,softmax_logistic_classifier__raw_primary_with_maturity__baseline__C_1p0__class_weight_balanced__penalty_l2,softmax_logistic_classifier,"LogisticRegression(C=1.0,class_weight='balanced')",raw_primary_with_maturity,baseline,"{""C"": 1.0, ""class_weight"": ""balanced"", ""penalty"": ""l2""}"
softmax_logistic_classifier__baseline,softmax_logistic,classification,bbob_train,FE_ratio,FE_ratio=0.6,,,0.6,19440,624,0.03209876543209877,-0.13902174819174842,-0.10198680721304745,192.65175785948037,top_20,0.6200315578158618,1887,0.0970679012345679,-0.10711591612401135,249,0.39903846153846156,0.3826225363641484,0.13195548489666137,1638,0.8680445151033387,275.8406379532156,-202.1277337260094,-0.010397517166975793,-0.13902174819174842,0.0,0.009910069848738701,softmax_logistic_classifier__raw_primary_with_maturity__baseline__C_1p0__class_weight_balanced__penalty_l2,softmax_logistic_classifier,"LogisticRegression(C=1.0,class_weight='balanced')",raw_primary_with_maturity,baseline,"{""C"": 1.0, ""class_weight"": ""balanced"", ""penalty"": ""l2""}"
softmax_logistic_classifier__baseline,softmax_logistic,classification,bbob_validation,all,all,,,,64800,3745,0.05779320987654321,-0.09152940558707323,-0.07597107961327272,743.0385345915533,zero,0.0,64799,0.9999845679012346,-0.09152856235100151,3745,1.0,1.0,0.05779410176082964,61054,0.9422058982391703,6673.9978463741,-5930.959311782547,-0.09152714987318745,-0.09152940558707323,0.0,0.011466644052338786,softmax_logistic_classifier__raw_primary_with_maturity__baseline__C_1p0__class_weight_balanced__penalty_l2,softmax_logistic_classifier,"LogisticRegression(C=1.0,class_weight='balanced')",raw_primary_with_maturity,baseline,"{""C"": 1.0, ""class_weight"": ""balanced"", ""penalty"": ""l2""}"
softmax_logistic_classifier__baseline,softmax_logistic,classification,bbob_validation,all,all,,,,64800,3745,0.05779320987654321,-0.09152940558707323,-0.07597107961327272,743.0385345915533,train_utility,0.918385202109539,2414,0.037253086419753084,0.10969717838136595,740,0.19759679572763686,0.5435198128440202,0.30654515327257664,1674,0.6934548467274234,139.04717664447872,264.8089886126174,0.004086558466244095,-0.09152940558707323,0.0,0.011466644052338786,softmax_logistic_classifier__raw_primary_with_maturity__baseline__C_1p0__class_weight_balanced__penalty_l2,softmax_logistic_classifier,"LogisticRegression(C=1.0,class_weight='balanced')",raw_primary_with_maturity,baseline,"{""C"": 1.0, ""class_weight"": ""balanced"", ""penalty"": ""l2""}"
softmax_logistic_classifier__baseline,softmax_logistic,classification,bbob_validation,all,all,,,,64800,3745,0.05779320987654321,-0.09152940558707323,-0.07597107961327272,743.0385345915533,top_05,0.8244550129584487,4345,0.06705246913580247,0.020430335822788765,964,0.25740987983978636,0.5987188789922891,0.22186421173762946,3381,0.7781357882623705,356.101389328711,88.76980915001718,0.0013699044621916232,-0.09152940558707323,0.0,0.011466644052338786,softmax_logistic_classifier__raw_primary_with_maturity__baseline__C_1p0__class_weight_balanced__penalty_l2,softmax_logistic_classifier,"LogisticRegression(C=1.0,class_weight='balanced')",raw_primary_with_maturity,baseline,"{""C"": 1.0, ""class_weight"": ""balanced"", ""penalty"": ""l2""}"
softmax_logistic_classifier__baseline,softmax_logistic,classification,bbob_validation,all,all,,,,64800,3745,0.05779320987654321,-0.09152940558707323,-0.07597107961327272,743.0385345915533,top_10,0.7441338675491187,8167,0.12603395061728395,-0.032298159474852456,1458,0.38931909212283045,0.681355367332204,0.1785233255785478,6709,0.8214766744214522,770.0523621097303,-263.7790684311199,-0.004070664636282715,-0.09152940558707323,0.0,0.011466644052338786,softmax_logistic_classifier__raw_primary_with_maturity__baseline__C_1p0__class_weight_balanced__penalty_l2,softmax_logistic_classifier,"LogisticRegression(C=1.0,class_weight='balanced')",raw_primary_with_maturity,baseline,"{""C"": 1.0, ""class_weight"": ""balanced"", ""penalty"": ""l2""}"
softmax_logistic_classifier__baseline,softmax_logistic,classification,bbob_validation,all,all,,,,64800,3745,0.05779320987654321,-0.09152940558707323,-0.07597107961327272,743.0385345915533,top_20,0.6200315578158618,15838,0.2444135802469136,-0.06374088277148793,2287,0.6106809078771696,0.7975479642721353,0.1443995453971461,13551,0.8556004546028539,1602.1369719740696,-1009.5281013348258,-0.015579137366278176,-0.09152940558707323,0.0,0.011466644052338786,softmax_logistic_classifier__raw_primary_with_maturity__baseline__C_1p0__class_weight_balanced__penalty_l2,softmax_logistic_classifier,"LogisticRegression(C=1.0,class_weight='balanced')",raw_primary_with_maturity,baseline,"{""C"": 1.0, ""class_weight"": ""balanced"", ""penalty"": ""l2""}"
softmax_logistic_classifier__baseline,softmax_logistic,classification,bbob_validation,label_source,label_source=changed_algorithm,changed_algorithm,,,16560,2549,0.15392512077294687,-0.05116247729341551,-0.06176568779918107,607.1864253523988,zero,0.0,16560,1.0,-0.05116247729341551,2549,1.0,1.0,0.15392512077294687,14011,0.8460748792270532,1454.43704933136,-847.2506239789609,-0.05116247729341551,-0.05116247729341551,0.0,0.036665846941569984,softmax_logistic_classifier__raw_primary_with_maturity__baseline__C_1p0__class_weight_balanced__penalty_l2,softmax_logistic_classifier,"LogisticRegression(C=1.0,class_weight='balanced')",raw_primary_with_maturity,baseline,"{""C"": 1.0, ""class_weight"": ""balanced"", ""penalty"": ""l2""}"
softmax_logistic_classifier__baseline,softmax_logistic,classification,bbob_validation,label_source,label_source=changed_algorithm,changed_algorithm,,,16560,2549,0.15392512077294687,-0.05116247729341551,-0.06176568779918107,607.1864253523988,train_utility,0.918385202109539,758,0.04577294685990338,0.5274865047743712,713,0.2797175362887407,0.6601297905294412,0.9406332453825857,45,0.059366754617414245,0.9870771612257623,399.83477061897344,0.024144611752353468,-0.05116247729341551,0.0,0.036665846941569984,softmax_logistic_classifier__raw_primary_with_maturity__baseline__C_1p0__class_weight_balanced__penalty_l2,softmax_logistic_classifier,"LogisticRegression(C=1.0,class_weight='balanced')",raw_primary_with_maturity,baseline,"{""C"": 1.0, ""class_weight"": ""balanced"", ""penalty"": ""l2""}"
softmax_logistic_classifier__baseline,softmax_logistic,classification,bbob_validation,label_source,label_source=changed_algorithm,changed_algorithm,,,16560,2549,0.15392512077294687,-0.05116247729341551,-0.06176568779918107,607.1864253523988,top_05,0.8244550129584487,1077,0.06503623188405797,0.3747297823623814,827,0.3244409572381326,0.6967454421546319,0.7678737233054782,250,0.23212627669452182,19.470398798162705,403.5839756042848,0.024371013019582412,-0.05116247729341551,0.0,0.036665846941569984,softmax_logistic_classifier__raw_primary_with_maturity__baseline__C_1p0__class_weight_balanced__penalty_l2,softmax_logistic_classifier,"LogisticRegression(C=1.0,class_weight='balanced')",raw_primary_with_maturity,baseline,"{""C"": 1.0, ""class_weight"": ""balanced"", ""penalty"": ""l2""}"
softmax_logistic_classifier__baseline,softmax_logistic,classification,bbob_validation,label_source,label_source=changed_algorithm,changed_algorithm,,,16560,2549,0.15392512077294687,-0.05116247729341551,-0.06176568779918107,607.1864253523988,top_10,0.7441338675491187,1938,0.11702898550724637,0.2015843525226262,1114,0.4370341310317772,0.7606926646218678,0.5748194014447885,824,0.42518059855521156,71.21178463469354,390.6704751888496,0.023591212269858067,-0.05116247729341551,0.0,0.036665846941569984,softmax_logistic_classifier__raw_primary_with_maturity__baseline__C_1p0__class_weight_balanced__penalty_l2,softmax_logistic_classifier,"LogisticRegression(C=1.0,class_weight='balanced')",raw_primary_with_maturity,baseline,"{""C"": 1.0, ""class_weight"": ""balanced"", ""penalty"": ""l2""}"
softmax_logistic_classifier__baseline,softmax_logistic,classification,bbob_validation,label_source,label_source=changed_algorithm,changed_algorithm,,,16560,2549,0.15392512077294687,-0.05116247729341551,-0.06176568779918107,607.1864253523988,top_20,0.6200315578158618,4014,0.24239130434782608,0.0729558533190804,1642,0.6441741859552765,0.8527945000445252,0.4090682610861983,2372,0.5909317389138017,224.96044881943268,292.84479522278866,0.017683864445820572,-0.05116247729341551,0.0,0.036665846941569984,softmax_logistic_classifier__raw_primary_with_maturity__baseline__C_1p0__class_weight_balanced__penalty_l2,softmax_logistic_classifier,"LogisticRegression(C=1.0,class_weight='balanced')",raw_primary_with_maturity,baseline,"{""C"": 1.0, ""class_weight"": ""balanced"", ""penalty"": ""l2""}"
softmax_logistic_classifier__baseline,softmax_logistic,classification,bbob_validation,label_source,label_source=same_algorithm,same_algorithm,,,48240,1196,0.024792703150912105,-0.10538670932967216,-0.08462815497687234,135.85210923915443,zero,0.0,48239,0.9999792703150913,-0.10538586388199561,1196,1.0,1.0,0.0247932171064906,47043,0.9752067828935094,5219.560797042741,-5083.708687803586,-0.1053836792662435,-0.10538670932967216,0.0,0.0028161714187221066,softmax_logistic_classifier__raw_primary_with_maturity__baseline__C_1p0__class_weight_balanced__penalty_l2,softmax_logistic_classifier,"LogisticRegression(C=1.0,class_weight='balanced')",raw_primary_with_maturity,baseline,"{""C"": 1.0, ""class_weight"": ""balanced"", ""penalty"": ""l2""}"
softmax_logistic_classifier__baseline,softmax_logistic,classification,bbob_validation,label_source,label_source=same_algorithm,same_algorithm,,,48240,1196,0.024792703150912105,-0.10538670932967216,-0.08462815497687234,135.85210923915443,train_utility,0.918385202109539,1656,0.034328358208955224,-0.08153730797485269,27,0.0225752508361204,0.02233544619874329,0.016304347826086956,1629,0.9836956521739131,138.06009948325297,-135.02578200635605,-0.0027990419155546446,-0.10538670932967216,0.0,0.0028161714187221066,softmax_logistic_classifier__raw_primary_with_maturity__baseline__C_1p0__class_weight_balanced__penalty_l2,softmax_logistic_classifier,"LogisticRegression(C=1.0,class_weight='balanced')",raw_primary_with_maturity,baseline,"{""C"": 1.0, ""class_weight"": ""balanced"", ""penalty"": ""l2""}"
softmax_logistic_classifier__baseline,softmax_logistic,classification,bbob_validation,label_source,label_source=same_algorithm,same_algorithm,,,48240,1196,0.024792703150912105,-0.10538670932967216,-0.08462815497687234,135.85210923915443,top_05,0.8244550129584487,3268,0.06774461028192372,-0.09633236427609168,137,0.11454849498327759,0.16059245747796402,0.04192166462668299,3131,0.958078335373317,336.6309905305482,-314.8141664542676,-0.006525998475420141,-0.10538670932967216,0.0,0.0028161714187221066,softmax_logistic_classifier__raw_primary_with_maturity__baseline__C_1p0__class_weight_balanced__penalty_l2,softmax_logistic_classifier,"LogisticRegression(C=1.0,class_weight='balanced')",raw_primary_with_maturity,baseline,"{""C"": 1.0, ""class_weight"": ""balanced"", ""penalty"": ""l2""}"
softmax_logistic_classifier__baseline,softmax_logistic,classification,bbob_validation,label_source,label_source=same_algorithm,same_algorithm,,,48240,1196,0.024792703150912105,-0.10538670932967216,-0.08462815497687234,135.85210923915443,top_10,0.7441338675491187,6229,0.1291252072968491,-0.1050649451950505,344,0.28762541806020064,0.32675998998971156,0.05522555787445818,5885,0.9447744421255418,698.8405774750369,-654.4495436199695,-0.013566532827942984,-0.10538670932967216,0.0,0.0028161714187221066,softmax_logistic_classifier__raw_primary_with_maturity__baseline__C_1p0__class_weight_balanced__penalty_l2,softmax_logistic_classifier,"LogisticRegression(C=1.0,class_weight='balanced')",raw_primary_with_maturity,baseline,"{""C"": 1.0, ""class_weight"": ""balanced"", ""penalty"": ""l2""}"
softmax_logistic_classifier__baseline,softmax_logistic,classification,bbob_validation,label_source,label_source=same_algorithm,same_algorithm,,,48240,1196,0.024792703150912105,-0.10538670932967216,-0.08462815497687234,135.85210923915443,top_20,0.6200315578158618,11824,0.24510779436152572,-0.1101465575573084,645,0.5392976588628763,0.5506254339072347,0.05455006765899865,11179,0.9454499323410014,1377.176523154637,-1302.3728965576145,-0.0269977797793867,-0.10538670932967216,0.0,0.0028161714187221066,softmax_logistic_classifier__raw_primary_with_maturity__baseline__C_1p0__class_weight_balanced__penalty_l2,softmax_logistic_classifier,"LogisticRegression(C=1.0,class_weight='balanced')",raw_primary_with_maturity,baseline,"{""C"": 1.0, ""class_weight"": ""balanced"", ""penalty"": ""l2""}"
softmax_logistic_classifier__baseline,softmax_logistic,classification,bbob_validation,dimension,dimension=10,,10.0,,21600,1470,0.06805555555555555,-0.040708791525251226,-0.036659214049790265,260.3480860696287,zero,0.0,21600,1.0,-0.040708791525251226,1470,1.0,1.0,0.06805555555555555,20130,0.9319444444444445,1139.657983015055,-879.3098969454265,-0.040708791525251226,-0.040708791525251226,0.0,0.01205315213285318,softmax_logistic_classifier__raw_primary_with_maturity__baseline__C_1p0__class_weight_balanced__penalty_l2,softmax_logistic_classifier,"LogisticRegression(C=1.0,class_weight='balanced')",raw_primary_with_maturity,baseline,"{""C"": 1.0, ""class_weight"": ""balanced"", ""penalty"": ""l2""}"
softmax_logistic_classifier__baseline,softmax_logistic,classification,bbob_validation,dimension,dimension=10,,10.0,,21600,1470,0.06805555555555555,-0.040708791525251226,-0.036659214049790265,260.3480860696287,train_utility,0.918385202109539,760,0.03518518518518519,0.17561538336760946,264,0.17959183673469387,0.5700347217655174,0.3473684210526316,496,0.6526315789473685,14.939757445502593,133.46769135938317,0.006179059785156628,-0.040708791525251226,0.0,0.01205315213285318,softmax_logistic_classifier__raw_primary_with_maturity__baseline__C_1p0__class_weight_balanced__penalty_l2,softmax_logistic_classifier,"LogisticRegression(C=1.0,class_weight='balanced')",raw_primary_with_maturity,baseline,"{""C"": 1.0, ""class_weight"": ""balanced"", ""penalty"": ""l2""}"
softmax_logistic_classifier__baseline,softmax_logistic,classification,bbob_validation,dimension,dimension=10,,10.0,,21600,1470,0.06805555555555555,-0.040708791525251226,-0.036659214049790265,260.3480860696287,top_05,0.8244550129584487,1222,0.056574074074074075,0.09994402908208307,331,0.22517006802721087,0.6213916570273145,0.27086743044189854,891,0.7291325695581015,39.64652506839096,122.13160353830551,0.005654240904551181,-0.040708791525251226,0.0,0.01205315213285318,softmax_logistic_classifier__raw_primary_with_maturity__baseline__C_1p0__class_weight_balanced__penalty_l2,softmax_logistic_classifier,"LogisticRegression(C=1.0,class_weight='balanced')",raw_primary_with_maturity,baseline,"{""C"": 1.0, ""class_weight"": ""balanced"", ""penalty"": ""l2""}"
softmax_logistic_classifier__baseline,softmax_logistic,classification,bbob_validation,dimension,dimension=10,,10.0,,21600,1470,0.06805555555555555,-0.040708791525251226,-0.036659214049790265,260.3480860696287,top_10,0.7441338675491187,2320,0.10740740740740741,0.03523750782965332,496,0.33741496598639453,0.6824346636948189,0.21379310344827587,1824,0.7862068965517242,95.91954039572113,81.75101816479565,0.00378476935948128,-0.040708791525251226,0.0,0.01205315213285318,softmax_logistic_classifier__raw_primary_with_maturity__baseline__C_1p0__class_weight_balanced__penalty_l2,softmax_logistic_classifier,"LogisticRegression(C=1.0,class_weight='balanced')",raw_primary_with_maturity,baseline,"{""C"": 1.0, ""class_weight"": ""balanced"", ""penalty"": ""l2""}"
softmax_logistic_classifier__baseline,softmax_logistic,classification,bbob_validation,dimension,dimension=10,,10.0,,21600,1470,0.06805555555555555,-0.040708791525251226,-0.036659214049790265,260.3480860696287,top_20,0.6200315578158618,4972,0.2301851851851852,-0.00694486569596789,845,0.5748299319727891,0.7888523863125575,0.16995172968624295,4127,0.830048270313757,239.90608120828608,-34.52987224035235,-0.0015986051963126087,-0.040708791525251226,0.0,0.01205315213285318,softmax_logistic_classifier__raw_primary_with_maturity__baseline__C_1p0__class_weight_balanced__penalty_l2,softmax_logistic_classifier,"LogisticRegression(C=1.0,class_weight='balanced')",raw_primary_with_maturity,baseline,"{""C"": 1.0, ""class_weight"": ""balanced"", ""penalty"": ""l2""}"
softmax_logistic_classifier__baseline,softmax_logistic,classification,bbob_validation,dimension,dimension=20,,20.0,,21600,1908,0.08833333333333333,-0.05664202206459035,-0.0679457754312032,392.4289080321196,zero,0.0,21600,1.0,-0.05664202206459035,1908,1.0,1.0,0.08833333333333333,19692,0.9116666666666666,1615.8965846272713,-1223.4676765951515,-0.05664202206459035,-0.05664202206459035,0.0,0.018168005001487023,softmax_logistic_classifier__raw_primary_with_maturity__baseline__C_1p0__class_weight_balanced__penalty_l2,softmax_logistic_classifier,"LogisticRegression(C=1.0,class_weight='balanced')",raw_primary_with_maturity,baseline,"{""C"": 1.0, ""class_weight"": ""balanced"", ""penalty"": ""l2""}"
softmax_logistic_classifier__baseline,softmax_logistic,classification,bbob_validation,dimension,dimension=20,,20.0,,21600,1908,0.08833333333333333,-0.05664202206459035,-0.0679457754312032,392.4289080321196,train_utility,0.918385202109539,815,0.037731481481481484,0.24981024239211574,387,0.2028301886792453,0.5750207488335627,0.47484662576687114,428,0.5251533742331288,22.05941701099233,203.59534754957437,0.009425710534702517,-0.05664202206459035,0.0,0.018168005001487023,softmax_logistic_classifier__raw_primary_with_maturity__baseline__C_1p0__class_weight_balanced__penalty_l2,softmax_logistic_classifier,"LogisticRegression(C=1.0,class_weight='balanced')",raw_primary_with_maturity,baseline,"{""C"": 1.0, ""class_weight"": ""balanced"", ""penalty"": ""l2""}"
softmax_logistic_classifier__baseline,softmax_logistic,classification,bbob_validation,dimension,dimension=20,,20.0,,21600,1908,0.08833333333333333,-0.05664202206459035,-0.0679457754312032,392.4289080321196,top_05,0.8244550129584487,1416,0.06555555555555556,0.12921329549242647,498,0.2610062893081761,0.6115252307386427,0.3516949152542373,918,0.6483050847457628,57.01415211557966,182.96602641727588,0.00847064937117018,-0.05664202206459035,0.0,0.018168005001487023,softmax_logistic_classifier__raw_primary_with_maturity__baseline__C_1p0__class_weight_balanced__penalty_l2,softmax_logistic_classifier,"LogisticRegression(C=1.0,class_weight='balanced')",raw_primary_with_maturity,baseline,"{""C"": 1.0, ""class_weight"": ""balanced"", ""penalty"": ""l2""}"
softmax_logistic_classifier__baseline,softmax_logistic,classification,bbob_validation,dimension,dimension=20,,20.0,,21600,1908,0.08833333333333333,-0.05664202206459035,-0.0679457754312032,392.4289080321196,top_10,0.7441338675491187,2749,0.12726851851851853,0.04629768479283747,760,0.39832285115303984,0.6921278467313401,0.27646416878865043,1989,0.7235358312113496,144.33863961589182,127.27233549551019,0.005892237754421768,-0.05664202206459035,0.0,0.018168005001487023,softmax_logistic_classifier__raw_primary_with_maturity__baseline__C_1p0__class_weight_balanced__penalty_l2,softmax_logistic_classifier,"LogisticRegression(C=1.0,class_weight='balanced')",raw_primary_with_maturity,baseline,"{""C"": 1.0, ""class_weight"": ""balanced"", ""penalty"": ""l2""}"
softmax_logistic_classifier__baseline,softmax_logistic,classification,bbob_validation,dimension,dimension=20,,20.0,,21600,1908,0.08833333333333333,-0.05664202206459035,-0.0679457754312032,392.4289080321196,top_20,0.6200315578158618,5274,0.24416666666666667,-0.0008257433457486829,1180,0.6184486373165619,0.808725868770552,0.22373909745923398,4094,0.7762609025407661,321.7223799844335,-4.354970405478525,-0.00020161900025363543,-0.05664202206459035,0.0,0.018168005001487023,softmax_logistic_classifier__raw_primary_with_maturity__baseline__C_1p0__class_weight_balanced__penalty_l2,softmax_logistic_classifier,"LogisticRegression(C=1.0,class_weight='balanced')",raw_primary_with_maturity,baseline,"{""C"": 1.0, ""class_weight"": ""balanced"", ""penalty"": ""l2""}"
softmax_logistic_classifier__baseline,softmax_logistic,classification,bbob_validation,dimension,dimension=40,,40.0,,21600,367,0.01699074074074074,-0.17723740317137815,-0.16708161511555475,90.26154048980496,zero,0.0,21599,0.9999537037037037,-0.17723884153164357,367,1.0,1.0,0.016991527385527106,21232,0.9830084726144729,3918.4432787317746,-3828.1817382419695,-0.1772306360297208,-0.17723740317137815,0.0,0.004178775022676155,softmax_logistic_classifier__raw_primary_with_maturity__baseline__C_1p0__class_weight_balanced__penalty_l2,softmax_logistic_classifier,"LogisticRegression(C=1.0,class_weight='balanced')",raw_primary_with_maturity,baseline,"{""C"": 1.0, ""class_weight"": ""balanced"", ""penalty"": ""l2""}"
softmax_logistic_classifier__baseline,softmax_logistic,classification,bbob_validation,dimension,dimension=40,,40.0,,21600,367,0.01699074074074074,-0.17723740317137815,-0.16708161511555475,90.26154048980496,train_utility,0.918385202109539,839,0.038842592592592595,-0.08611924945928505,89,0.24250681198910082,0.33008468202477553,0.10607866507747318,750,0.8939213349225268,102.04800218798381,-72.25405029634014,-0.0033450949211268582,-0.17723740317137815,0.0,0.004178775022676155,softmax_logistic_classifier__raw_primary_with_maturity__baseline__C_1p0__class_weight_balanced__penalty_l2,softmax_logistic_classifier,"LogisticRegression(C=1.0,class_weight='balanced')",raw_primary_with_maturity,baseline,"{""C"": 1.0, ""class_weight"": ""balanced"", ""penalty"": ""l2""}"
softmax_logistic_classifier__baseline,softmax_logistic,classification,bbob_validation,dimension,dimension=40,,40.0,,21600,367,0.01699074074074074,-0.17723740317137815,-0.16708161511555475,90.26154048980496,top_05,0.8244550129584487,1707,0.07902777777777778,-0.1267298305832245,135,0.3678474114441417,0.4776440896668023,0.07908611599297012,1572,0.9209138840070299,259.44071214474036,-216.32782080556422,-0.010015176889146491,-0.17723740317137815,0.0,0.004178775022676155,softmax_logistic_classifier__raw_primary_with_maturity__baseline__C_1p0__class_weight_balanced__penalty_l2,softmax_logistic_classifier,"LogisticRegression(C=1.0,class_weight='balanced')",raw_primary_with_maturity,baseline,"{""C"": 1.0, ""class_weight"": ""balanced"", ""penalty"": ""l2""}"
softmax_logistic_classifier__baseline,softmax_logistic,classification,bbob_validation,dimension,dimension=40,,40.0,,21600,367,0.01699074074074074,-0.17723740317137815,-0.16708161511555475,90.26154048980496,top_10,0.7441338675491187,3098,0.14342592592592593,-0.1526153718823195,202,0.5504087193460491,0.6314069059471548,0.06520335700451904,2896,0.9347966429954809,529.7941820981175,-472.80242209142585,-0.0218890010227512,-0.17723740317137815,0.0,0.004178775022676155,softmax_logistic_classifier__raw_primary_with_maturity__baseline__C_1p0__class_weight_balanced__penalty_l2,softmax_logistic_classifier,"LogisticRegression(C=1.0,class_weight='balanced')",raw_primary_with_maturity,baseline,"{""C"": 1.0, ""class_weight"": ""balanced"", ""penalty"": ""l2""}"
softmax_logistic_classifier__baseline,softmax_logistic,classification,bbob_validation,dimension,dimension=40,,40.0,,21600,367,0.01699074074074074,-0.17723740317137815,-0.16708161511555475,90.26154048980496,top_20,0.6200315578158618,5592,0.2588888888888889,-0.17357712065253844,262,0.7138964577656676,0.7740312398085702,0.046852646638054364,5330,0.9531473533619457,1040.5085107813502,-970.643258688995,-0.04493718790226829,-0.17723740317137815,0.0,0.004178775022676155,softmax_logistic_classifier__raw_primary_with_maturity__baseline__C_1p0__class_weight_balanced__penalty_l2,softmax_logistic_classifier,"LogisticRegression(C=1.0,class_weight='balanced')",raw_primary_with_maturity,baseline,"{""C"": 1.0, ""class_weight"": ""balanced"", ""penalty"": ""l2""}"
softmax_logistic_classifier__baseline,softmax_logistic,classification,bbob_validation,FE_ratio,FE_ratio=0.2,,,0.2,6480,296,0.04567901234567901,-0.07854640971495502,-0.05432046807708305,38.557426800468264,zero,0.0,6480,1.0,-0.07854640971495502,296,1.0,1.0,0.04567901234567901,6184,0.9543209876543209,547.5381617533768,-508.98073495290856,-0.07854640971495502,-0.07854640971495502,0.0,0.005950220185257448,softmax_logistic_classifier__raw_primary_with_maturity__baseline__C_1p0__class_weight_balanced__penalty_l2,softmax_logistic_classifier,"LogisticRegression(C=1.0,class_weight='balanced')",raw_primary_with_maturity,baseline,"{""C"": 1.0, ""class_weight"": ""balanced"", ""penalty"": ""l2""}"
softmax_logistic_classifier__baseline,softmax_logistic,classification,bbob_validation,FE_ratio,FE_ratio=0.2,,,0.2,6480,296,0.04567901234567901,-0.07854640971495502,-0.05432046807708305,38.557426800468264,train_utility,0.918385202109539,0,0.0,0.0,0,0.0,0.0,0.0,0,0.0,-0.0,0.0,0.0,-0.07854640971495502,0.0,0.005950220185257448,softmax_logistic_classifier__raw_primary_with_maturity__baseline__C_1p0__class_weight_balanced__penalty_l2,softmax_logistic_classifier,"LogisticRegression(C=1.0,class_weight='balanced')",raw_primary_with_maturity,baseline,"{""C"": 1.0, ""class_weight"": ""balanced"", ""penalty"": ""l2""}"
softmax_logistic_classifier__baseline,softmax_logistic,classification,bbob_validation,FE_ratio,FE_ratio=0.2,,,0.2,6480,296,0.04567901234567901,-0.07854640971495502,-0.05432046807708305,38.557426800468264,top_05,0.8244550129584487,0,0.0,0.0,0,0.0,0.0,0.0,0,0.0,-0.0,0.0,0.0,-0.07854640971495502,0.0,0.005950220185257448,softmax_logistic_classifier__raw_primary_with_maturity__baseline__C_1p0__class_weight_balanced__penalty_l2,softmax_logistic_classifier,"LogisticRegression(C=1.0,class_weight='balanced')",raw_primary_with_maturity,baseline,"{""C"": 1.0, ""class_weight"": ""balanced"", ""penalty"": ""l2""}"
softmax_logistic_classifier__baseline,softmax_logistic,classification,bbob_validation,FE_ratio,FE_ratio=0.2,,,0.2,6480,296,0.04567901234567901,-0.07854640971495502,-0.05432046807708305,38.557426800468264,top_10,0.7441338675491187,1,0.00015432098765432098,-0.10680172392417987,0,0.0,0.0,0.0,1,1.0,0.10680172392417987,-0.10680172392417987,-1.648174751916356e-05,-0.07854640971495502,0.0,0.005950220185257448,softmax_logistic_classifier__raw_primary_with_maturity__baseline__C_1p0__class_weight_balanced__penalty_l2,softmax_logistic_classifier,"LogisticRegression(C=1.0,class_weight='balanced')",raw_primary_with_maturity,baseline,"{""C"": 1.0, ""class_weight"": ""balanced"", ""penalty"": ""l2""}"
softmax_logistic_classifier__baseline,softmax_logistic,classification,bbob_validation,FE_ratio,FE_ratio=0.2,,,0.2,6480,296,0.04567901234567901,-0.07854640971495502,-0.05432046807708305,38.557426800468264,top_20,0.6200315578158618,211,0.03256172839506173,-0.05837687021590877,4,0.013513513513513514,0.007060768844307607,0.018957345971563982,207,0.981042654028436,12.589764693426167,-12.317519615556751,-0.00190085179252419,-0.07854640971495502,0.0,0.005950220185257448,softmax_logistic_classifier__raw_primary_with_maturity__baseline__C_1p0__class_weight_balanced__penalty_l2,softmax_logistic_classifier,"LogisticRegression(C=1.0,class_weight='balanced')",raw_primary_with_maturity,baseline,"{""C"": 1.0, ""class_weight"": ""balanced"", ""penalty"": ""l2""}"
softmax_logistic_classifier__baseline,softmax_logistic,classification,bbob_validation,FE_ratio,FE_ratio=0.25,,,0.25,6480,292,0.04506172839506173,-0.08209066348445634,-0.05811985784400571,35.463735190300596,zero,0.0,6480,1.0,-0.08209066348445634,292,1.0,1.0,0.04506172839506173,6188,0.9549382716049383,567.4112345695777,-531.9474993792771,-0.08209066348445634,-0.08209066348445634,0.0,0.005472798640478487,softmax_logistic_classifier__raw_primary_with_maturity__baseline__C_1p0__class_weight_balanced__penalty_l2,softmax_logistic_classifier,"LogisticRegression(C=1.0,class_weight='balanced')",raw_primary_with_maturity,baseline,"{""C"": 1.0, ""class_weight"": ""balanced"", ""penalty"": ""l2""}"
softmax_logistic_classifier__baseline,softmax_logistic,classification,bbob_validation,FE_ratio,FE_ratio=0.25,,,0.25,6480,292,0.04506172839506173,-0.08209066348445634,-0.05811985784400571,35.463735190300596,train_utility,0.918385202109539,266,0.04104938271604938,-0.06370623024180733,0,0.0,0.0,0.0,266,1.0,16.94585724432075,-16.94585724432075,-0.002615101426592708,-0.08209066348445634,0.0,0.005472798640478487,softmax_logistic_classifier__raw_primary_with_maturity__baseline__C_1p0__class_weight_balanced__penalty_l2,softmax_logistic_classifier,"LogisticRegression(C=1.0,class_weight='balanced')",raw_primary_with_maturity,baseline,"{""C"": 1.0, ""class_weight"": ""balanced"", ""penalty"": ""l2""}"
softmax_logistic_classifier__baseline,softmax_logistic,classification,bbob_validation,FE_ratio,FE_ratio=0.25,,,0.25,6480,292,0.04506172839506173,-0.08209066348445634,-0.05811985784400571,35.463735190300596,top_05,0.8244550129584487,501,0.07731481481481481,-0.07990988891219235,33,0.11301369863013698,0.15656240169990598,0.0658682634730539,468,0.9341317365269461,45.5871418996513,-40.03485434500836,-0.006178218263118575,-0.08209066348445634,0.0,0.005472798640478487,softmax_logistic_classifier__raw_primary_with_maturity__baseline__C_1p0__class_weight_balanced__penalty_l2,softmax_logistic_classifier,"LogisticRegression(C=1.0,class_weight='balanced')",raw_primary_with_maturity,baseline,"{""C"": 1.0, ""class_weight"": ""balanced"", ""penalty"": ""l2""}"
softmax_logistic_classifier__baseline,softmax_logistic,classification,bbob_validation,FE_ratio,FE_ratio=0.25,,,0.25,6480,292,0.04506172839506173,-0.08209066348445634,-0.05811985784400571,35.463735190300596,top_10,0.7441338675491187,888,0.13703703703703704,-0.07811121514460141,92,0.3150684931506849,0.38284622197921947,0.1036036036036036,796,0.8963963963963963,82.93991608328413,-69.36275904840605,-0.01070412948277871,-0.08209066348445634,0.0,0.005472798640478487,softmax_logistic_classifier__raw_primary_with_maturity__baseline__C_1p0__class_weight_balanced__penalty_l2,softmax_logistic_classifier,"LogisticRegression(C=1.0,class_weight='balanced')",raw_primary_with_maturity,baseline,"{""C"": 1.0, ""class_weight"": ""balanced"", ""penalty"": ""l2""}"
softmax_logistic_classifier__baseline,softmax_logistic,classification,bbob_validation,FE_ratio,FE_ratio=0.25,,,0.25,6480,292,0.04506172839506173,-0.08209066348445634,-0.05811985784400571,35.463735190300596,top_20,0.6200315578158618,2177,0.3359567901234568,-0.08436170789534435,165,0.565068493150685,0.6385343359442579,0.0757923748277446,2012,0.9242076251722554,206.30025068800626,-183.65543808816466,-0.02834188859385257,-0.08209066348445634,0.0,0.005472798640478487,softmax_logistic_classifier__raw_primary_with_maturity__baseline__C_1p0__class_weight_balanced__penalty_l2,softmax_logistic_classifier,"LogisticRegression(C=1.0,class_weight='balanced')",raw_primary_with_maturity,baseline,"{""C"": 1.0, ""class_weight"": ""balanced"", ""penalty"": ""l2""}"
softmax_logistic_classifier__baseline,softmax_logistic,classification,bbob_validation,FE_ratio,FE_ratio=0.28,,,0.28,6480,274,0.042283950617283954,-0.08549062609263769,-0.060059978976886724,32.16164278161452,zero,0.0,6480,1.0,-0.08549062609263769,274,1.0,1.0,0.042283950617283954,6206,0.957716049382716,586.1408998619067,-553.9792570802922,-0.08549062609263769,-0.08549062609263769,0.0,0.004963216478644216,softmax_logistic_classifier__raw_primary_with_maturity__baseline__C_1p0__class_weight_balanced__penalty_l2,softmax_logistic_classifier,"LogisticRegression(C=1.0,class_weight='balanced')",raw_primary_with_maturity,baseline,"{""C"": 1.0, ""class_weight"": ""balanced"", ""penalty"": ""l2""}"
softmax_logistic_classifier__baseline,softmax_logistic,classification,bbob_validation,FE_ratio,FE_ratio=0.28,,,0.28,6480,274,0.042283950617283954,-0.08549062609263769,-0.060059978976886724,32.16164278161452,train_utility,0.918385202109539,261,0.04027777777777778,-0.0610091606707048,7,0.025547445255474453,0.018277926977257115,0.02681992337164751,254,0.9731800766283525,16.51123909328493,-15.923390935053956,-0.002457313415903388,-0.08549062609263769,0.0,0.004963216478644216,softmax_logistic_classifier__raw_primary_with_maturity__baseline__C_1p0__class_weight_balanced__penalty_l2,softmax_logistic_classifier,"LogisticRegression(C=1.0,class_weight='balanced')",raw_primary_with_maturity,baseline,"{""C"": 1.0, ""class_weight"": ""balanced"", ""penalty"": ""l2""}"
softmax_logistic_classifier__baseline,softmax_logistic,classification,bbob_validation,FE_ratio,FE_ratio=0.28,,,0.28,6480,274,0.042283950617283954,-0.08549062609263769,-0.060059978976886724,32.16164278161452,top_05,0.8244550129584487,504,0.07777777777777778,-0.074326260544339,40,0.145985401459854,0.1734097094101056,0.07936507936507936,464,0.9206349206349206,43.037576443258246,-37.46043531434685,-0.005780931375670811,-0.08549062609263769,0.0,0.004963216478644216,softmax_logistic_classifier__raw_primary_with_maturity__baseline__C_1p0__class_weight_balanced__penalty_l2,softmax_logistic_classifier,"LogisticRegression(C=1.0,class_weight='balanced')",raw_primary_with_maturity,baseline,"{""C"": 1.0, ""class_weight"": ""balanced"", ""penalty"": ""l2""}"
softmax_logistic_classifier__baseline,softmax_logistic,classification,bbob_validation,FE_ratio,FE_ratio=0.28,,,0.28,6480,274,0.042283950617283954,-0.08549062609263769,-0.060059978976886724,32.16164278161452,top_10,0.7441338675491187,842,0.12993827160493826,-0.08232882672006311,80,0.291970802919708,0.33673904013077016,0.09501187648456057,762,0.9049881235154394,80.15095281760273,-69.32087209829314,-0.01069766544726746,-0.08549062609263769,0.0,0.004963216478644216,softmax_logistic_classifier__raw_primary_with_maturity__baseline__C_1p0__class_weight_balanced__penalty_l2,softmax_logistic_classifier,"LogisticRegression(C=1.0,class_weight='balanced')",raw_primary_with_maturity,baseline,"{""C"": 1.0, ""class_weight"": ""balanced"", ""penalty"": ""l2""}"
softmax_logistic_classifier__baseline,softmax_logistic,classification,bbob_validation,FE_ratio,FE_ratio=0.28,,,0.28,6480,274,0.042283950617283954,-0.08549062609263769,-0.060059978976886724,32.16164278161452,top_20,0.6200315578158618,1836,0.2833333333333333,-0.09137708832090362,158,0.5766423357664233,0.6384684203020349,0.0860566448801743,1678,0.9139433551198257,188.30252741827482,-167.76833415717908,-0.025890175024256033,-0.08549062609263769,0.0,0.004963216478644216,softmax_logistic_classifier__raw_primary_with_maturity__baseline__C_1p0__class_weight_balanced__penalty_l2,softmax_logistic_classifier,"LogisticRegression(C=1.0,class_weight='balanced')",raw_primary_with_maturity,baseline,"{""C"": 1.0, ""class_weight"": ""balanced"", ""penalty"": ""l2""}"
softmax_logistic_classifier__baseline,softmax_logistic,classification,bbob_validation,FE_ratio,FE_ratio=0.3,,,0.3,6480,284,0.043827160493827164,-0.08706332924379373,-0.061481761258876125,31.652929735382077,zero,0.0,6480,1.0,-0.08706332924379373,284,1.0,1.0,0.043827160493827164,6196,0.9561728395061728,595.8233032351654,-564.1703734997834,-0.08706332924379373,-0.08706332924379373,0.0,0.004884711378916987,softmax_logistic_classifier__raw_primary_with_maturity__baseline__C_1p0__class_weight_balanced__penalty_l2,softmax_logistic_classifier,"LogisticRegression(C=1.0,class_weight='balanced')",raw_primary_with_maturity,baseline,"{""C"": 1.0, ""class_weight"": ""balanced"", ""penalty"": ""l2""}"
softmax_logistic_classifier__baseline,softmax_logistic,classification,bbob_validation,FE_ratio,FE_ratio=0.3,,,0.3,6480,284,0.043827160493827164,-0.08706332924379373,-0.061481761258876125,31.652929735382077,train_utility,0.918385202109539,302,0.04660493827160494,-0.07000163184428132,4,0.014084507042253521,0.011546872930859795,0.013245033112582781,298,0.9867549668874173,21.505985174516848,-21.140492816972955,-0.003262421731014345,-0.08706332924379373,0.0,0.004884711378916987,softmax_logistic_classifier__raw_primary_with_maturity__baseline__C_1p0__class_weight_balanced__penalty_l2,softmax_logistic_classifier,"LogisticRegression(C=1.0,class_weight='balanced')",raw_primary_with_maturity,baseline,"{""C"": 1.0, ""class_weight"": ""balanced"", ""penalty"": ""l2""}"
softmax_logistic_classifier__baseline,softmax_logistic,classification,bbob_validation,FE_ratio,FE_ratio=0.3,,,0.3,6480,284,0.043827160493827164,-0.08706332924379373,-0.061481761258876125,31.652929735382077,top_05,0.8244550129584487,952,0.1469135802469136,-0.08004362229702067,64,0.22535211267605634,0.2787282214862941,0.06722689075630252,888,0.9327731092436975,85.02409323673734,-76.20152842676367,-0.011759495127586986,-0.08706332924379373,0.0,0.004884711378916987,softmax_logistic_classifier__raw_primary_with_maturity__baseline__C_1p0__class_weight_balanced__penalty_l2,softmax_logistic_classifier,"LogisticRegression(C=1.0,class_weight='balanced')",raw_primary_with_maturity,baseline,"{""C"": 1.0, ""class_weight"": ""balanced"", ""penalty"": ""l2""}"
softmax_logistic_classifier__baseline,softmax_logistic,classification,bbob_validation,FE_ratio,FE_ratio=0.3,,,0.3,6480,284,0.043827160493827164,-0.08706332924379373,-0.061481761258876125,31.652929735382077,top_10,0.7441338675491187,1825,0.2816358024691358,-0.07847935774017917,185,0.6514084507042254,0.6976966686297281,0.10136986301369863,1640,0.8986301369863013,165.3089715045739,-143.22482787582697,-0.022102596894417743,-0.08706332924379373,0.0,0.004884711378916987,softmax_logistic_classifier__raw_primary_with_maturity__baseline__C_1p0__class_weight_balanced__penalty_l2,softmax_logistic_classifier,"LogisticRegression(C=1.0,class_weight='balanced')",raw_primary_with_maturity,baseline,"{""C"": 1.0, ""class_weight"": ""balanced"", ""penalty"": ""l2""}"
softmax_logistic_classifier__baseline,softmax_logistic,classification,bbob_validation,FE_ratio,FE_ratio=0.3,,,0.3,6480,284,0.043827160493827164,-0.08706332924379373,-0.061481761258876125,31.652929735382077,top_20,0.6200315578158618,2399,0.3702160493827161,-0.08017819875030979,266,0.9366197183098591,0.9243607458251603,0.11087953313880784,2133,0.8891204668611922,221.6062245397424,-192.3474988019932,-0.029683255987961912,-0.08706332924379373,0.0,0.004884711378916987,softmax_logistic_classifier__raw_primary_with_maturity__baseline__C_1p0__class_weight_balanced__penalty_l2,softmax_logistic_classifier,"LogisticRegression(C=1.0,class_weight='balanced')",raw_primary_with_maturity,baseline,"{""C"": 1.0, ""class_weight"": ""balanced"", ""penalty"": ""l2""}"
softmax_logistic_classifier__baseline,softmax_logistic,classification,bbob_validation,FE_ratio,FE_ratio=0.35,,,0.35,6480,256,0.03950617283950617,-0.09341559547051581,-0.06664570006608084,26.439322897806413,zero,0.0,6480,1.0,-0.09341559547051581,256,1.0,1.0,0.03950617283950617,6224,0.9604938271604938,631.7723815467489,-605.3330586489425,-0.09341559547051581,-0.09341559547051581,0.0,0.00408014242250099,softmax_logistic_classifier__raw_primary_with_maturity__baseline__C_1p0__class_weight_balanced__penalty_l2,softmax_logistic_classifier,"LogisticRegression(C=1.0,class_weight='balanced')",raw_primary_with_maturity,baseline,"{""C"": 1.0, ""class_weight"": ""balanced"", ""penalty"": ""l2""}"
softmax_logistic_classifier__baseline,softmax_logistic,classification,bbob_validation,FE_ratio,FE_ratio=0.35,,,0.35,6480,256,0.03950617283950617,-0.09341559547051581,-0.06664570006608084,26.439322897806413,train_utility,0.918385202109539,278,0.042901234567901236,-0.06701042989670751,5,0.01953125,0.024201301803879992,0.017985611510791366,273,0.9820143884892086,19.268765544224735,-18.628899511284686,-0.0028748301714945504,-0.09341559547051581,0.0,0.00408014242250099,softmax_logistic_classifier__raw_primary_with_maturity__baseline__C_1p0__class_weight_balanced__penalty_l2,softmax_logistic_classifier,"LogisticRegression(C=1.0,class_weight='balanced')",raw_primary_with_maturity,baseline,"{""C"": 1.0, ""class_weight"": ""balanced"", ""penalty"": ""l2""}"
softmax_logistic_classifier__baseline,softmax_logistic,classification,bbob_validation,FE_ratio,FE_ratio=0.35,,,0.35,6480,256,0.03950617283950617,-0.09341559547051581,-0.06664570006608084,26.439322897806413,top_05,0.8244550129584487,578,0.08919753086419753,-0.09086768995779305,32,0.125,0.18279122639786466,0.05536332179930796,546,0.9446366782006921,57.35440105322356,-52.521524795604385,-0.008105173579568577,-0.09341559547051581,0.0,0.00408014242250099,softmax_logistic_classifier__raw_primary_with_maturity__baseline__C_1p0__class_weight_balanced__penalty_l2,softmax_logistic_classifier,"LogisticRegression(C=1.0,class_weight='balanced')",raw_primary_with_maturity,baseline,"{""C"": 1.0, ""class_weight"": ""balanced"", ""penalty"": ""l2""}"
softmax_logistic_classifier__baseline,softmax_logistic,classification,bbob_validation,FE_ratio,FE_ratio=0.35,,,0.35,6480,256,0.03950617283950617,-0.09341559547051581,-0.06664570006608084,26.439322897806413,top_10,0.7441338675491187,1207,0.18626543209876542,-0.09190981552909665,96,0.375,0.4291714989910432,0.07953603976801989,1111,0.9204639602319801,122.28215118397944,-110.93514734361968,-0.017119621503645013,-0.09341559547051581,0.0,0.00408014242250099,softmax_logistic_classifier__raw_primary_with_maturity__baseline__C_1p0__class_weight_balanced__penalty_l2,softmax_logistic_classifier,"LogisticRegression(C=1.0,class_weight='balanced')",raw_primary_with_maturity,baseline,"{""C"": 1.0, ""class_weight"": ""balanced"", ""penalty"": ""l2""}"
softmax_logistic_classifier__baseline,softmax_logistic,classification,bbob_validation,FE_ratio,FE_ratio=0.35,,,0.35,6480,256,0.03950617283950617,-0.09341559547051581,-0.06664570006608084,26.439322897806413,top_20,0.6200315578158618,2037,0.3143518518518518,-0.08590461968460184,201,0.78515625,0.7978323467015183,0.09867452135493372,1836,0.9013254786450663,196.08185733029,-174.9877102975339,-0.027004276280483627,-0.09341559547051581,0.0,0.00408014242250099,softmax_logistic_classifier__raw_primary_with_maturity__baseline__C_1p0__class_weight_balanced__penalty_l2,softmax_logistic_classifier,"LogisticRegression(C=1.0,class_weight='balanced')",raw_primary_with_maturity,baseline,"{""C"": 1.0, ""class_weight"": ""balanced"", ""penalty"": ""l2""}"
softmax_logistic_classifier__baseline,softmax_logistic,classification,bbob_validation,FE_ratio,FE_ratio=0.4,,,0.4,6480,800,0.12345679012345678,-0.07290554260108724,-0.07056462486829276,174.15917724891835,zero,0.0,6480,1.0,-0.07290554260108724,800,1.0,1.0,0.12345679012345678,5680,0.8765432098765432,646.5870933039637,-472.42791605504533,-0.07290554260108724,-0.07290554260108724,0.0,0.02687641624211703,softmax_logistic_classifier__raw_primary_with_maturity__baseline__C_1p0__class_weight_balanced__penalty_l2,softmax_logistic_classifier,"LogisticRegression(C=1.0,class_weight='balanced')",raw_primary_with_maturity,baseline,"{""C"": 1.0, ""class_weight"": ""balanced"", ""penalty"": ""l2""}"
softmax_logistic_classifier__baseline,softmax_logistic,classification,bbob_validation,FE_ratio,FE_ratio=0.4,,,0.4,6480,800,0.12345679012345678,-0.07290554260108724,-0.07056462486829276,174.15917724891835,train_utility,0.918385202109539,270,0.041666666666666664,0.3488778158492279,207,0.25875,0.5905794336811645,0.7666666666666667,63,0.23333333333333334,8.657817990752218,94.19701027929152,0.014536575660384493,-0.07290554260108724,0.0,0.02687641624211703,softmax_logistic_classifier__raw_primary_with_maturity__baseline__C_1p0__class_weight_balanced__penalty_l2,softmax_logistic_classifier,"LogisticRegression(C=1.0,class_weight='balanced')",raw_primary_with_maturity,baseline,"{""C"": 1.0, ""class_weight"": ""balanced"", ""penalty"": ""l2""}"
softmax_logistic_classifier__baseline,softmax_logistic,classification,bbob_validation,FE_ratio,FE_ratio=0.4,,,0.4,6480,800,0.12345679012345678,-0.07290554260108724,-0.07056462486829276,174.15917724891835,top_05,0.8244550129584487,474,0.07314814814814814,0.17053722724704337,255,0.31875,0.634327160394082,0.5379746835443038,219,0.4620253164556962,29.63925064577742,80.83464571509856,0.012474482363441135,-0.07290554260108724,0.0,0.02687641624211703,softmax_logistic_classifier__raw_primary_with_maturity__baseline__C_1p0__class_weight_balanced__penalty_l2,softmax_logistic_classifier,"LogisticRegression(C=1.0,class_weight='balanced')",raw_primary_with_maturity,baseline,"{""C"": 1.0, ""class_weight"": ""balanced"", ""penalty"": ""l2""}"
softmax_logistic_classifier__baseline,softmax_logistic,classification,bbob_validation,FE_ratio,FE_ratio=0.4,,,0.4,6480,800,0.12345679012345678,-0.07290554260108724,-0.07056462486829276,174.15917724891835,top_10,0.7441338675491187,1005,0.1550925925925926,0.04953370229368845,379,0.47375,0.7302148335173967,0.37711442786069654,626,0.6228855721393035,77.3922438151888,49.78137080515688,0.007682310309437791,-0.07290554260108724,0.0,0.02687641624211703,softmax_logistic_classifier__raw_primary_with_maturity__baseline__C_1p0__class_weight_balanced__penalty_l2,softmax_logistic_classifier,"LogisticRegression(C=1.0,class_weight='balanced')",raw_primary_with_maturity,baseline,"{""C"": 1.0, ""class_weight"": ""balanced"", ""penalty"": ""l2""}"
softmax_logistic_classifier__baseline,softmax_logistic,classification,bbob_validation,FE_ratio,FE_ratio=0.4,,,0.4,6480,800,0.12345679012345678,-0.07290554260108724,-0.07056462486829276,174.15917724891835,top_20,0.6200315578158618,1853,0.2859567901234568,0.0009906346480715754,579,0.72375,0.8651068929853685,0.31246627091203455,1274,0.6875337290879655,148.83065871182322,1.835646002876615,0.00028327870414762577,-0.07290554260108724,0.0,0.02687641624211703,softmax_logistic_classifier__raw_primary_with_maturity__baseline__C_1p0__class_weight_balanced__penalty_l2,softmax_logistic_classifier,"LogisticRegression(C=1.0,class_weight='balanced')",raw_primary_with_maturity,baseline,"{""C"": 1.0, ""class_weight"": ""balanced"", ""penalty"": ""l2""}"
softmax_logistic_classifier__baseline,softmax_logistic,classification,bbob_validation,FE_ratio,FE_ratio=0.45,,,0.45,6480,243,0.0375,-0.10186903427734409,-0.07939845101548082,50.56190594132994,zero,0.0,6479,0.9998456790123457,-0.10186219661327225,243,1.0,1.0,0.03750578793023615,6236,0.9624942120697638,710.5270777987209,-659.9651718573909,-0.10184647713848625,-0.10186903427734409,0.0,0.007802763262550918,softmax_logistic_classifier__raw_primary_with_maturity__baseline__C_1p0__class_weight_balanced__penalty_l2,softmax_logistic_classifier,"LogisticRegression(C=1.0,class_weight='balanced')",raw_primary_with_maturity,baseline,"{""C"": 1.0, ""class_weight"": ""balanced"", ""penalty"": ""l2""}"
softmax_logistic_classifier__baseline,softmax_logistic,classification,bbob_validation,FE_ratio,FE_ratio=0.45,,,0.45,6480,243,0.0375,-0.10186903427734409,-0.07939845101548082,50.56190594132994,train_utility,0.918385202109539,267,0.0412037037037037,0.04300633740899851,36,0.14814814814814814,0.6265885470141368,0.1348314606741573,231,0.8651685393258427,20.198819089840775,11.4826920882026,0.0017720203839818826,-0.10186903427734409,0.0,0.007802763262550918,softmax_logistic_classifier__raw_primary_with_maturity__baseline__C_1p0__class_weight_balanced__penalty_l2,softmax_logistic_classifier,"LogisticRegression(C=1.0,class_weight='balanced')",raw_primary_with_maturity,baseline,"{""C"": 1.0, ""class_weight"": ""balanced"", ""penalty"": ""l2""}"
softmax_logistic_classifier__baseline,softmax_logistic,classification,bbob_validation,FE_ratio,FE_ratio=0.45,,,0.45,6480,243,0.0375,-0.10186903427734409,-0.07939845101548082,50.56190594132994,top_05,0.8244550129584487,395,0.06095679012345679,-0.014601264410954792,40,0.1646090534979424,0.6383658451054317,0.10126582278481013,355,0.8987341772151899,38.04449325870557,-5.767499442327139,-0.0008900462102356696,-0.10186903427734409,0.0,0.007802763262550918,softmax_logistic_classifier__raw_primary_with_maturity__baseline__C_1p0__class_weight_balanced__penalty_l2,softmax_logistic_classifier,"LogisticRegression(C=1.0,class_weight='balanced')",raw_primary_with_maturity,baseline,"{""C"": 1.0, ""class_weight"": ""balanced"", ""penalty"": ""l2""}"
softmax_logistic_classifier__baseline,softmax_logistic,classification,bbob_validation,FE_ratio,FE_ratio=0.45,,,0.45,6480,243,0.0375,-0.10186903427734409,-0.07939845101548082,50.56190594132994,top_10,0.7441338675491187,816,0.1259259259259259,-0.06596971363580952,70,0.2880658436213992,0.7164357292503557,0.0857843137254902,746,0.9142156862745098,90.05564228218518,-53.831286326820575,-0.008307297272657495,-0.10186903427734409,0.0,0.007802763262550918,softmax_logistic_classifier__raw_primary_with_maturity__baseline__C_1p0__class_weight_balanced__penalty_l2,softmax_logistic_classifier,"LogisticRegression(C=1.0,class_weight='balanced')",raw_primary_with_maturity,baseline,"{""C"": 1.0, ""class_weight"": ""balanced"", ""penalty"": ""l2""}"
softmax_logistic_classifier__baseline,softmax_logistic,classification,bbob_validation,FE_ratio,FE_ratio=0.45,,,0.45,6480,243,0.0375,-0.10186903427734409,-0.07939845101548082,50.56190594132994,top_20,0.6200315578158618,1663,0.2566358024691358,-0.0885673233409387,146,0.6008230452674898,0.8388990671637325,0.08779314491882141,1517,0.9122068550811786,189.7037944441831,-147.28745871598102,-0.022729546098145217,-0.10186903427734409,0.0,0.007802763262550918,softmax_logistic_classifier__raw_primary_with_maturity__baseline__C_1p0__class_weight_balanced__penalty_l2,softmax_logistic_classifier,"LogisticRegression(C=1.0,class_weight='balanced')",raw_primary_with_maturity,baseline,"{""C"": 1.0, ""class_weight"": ""balanced"", ""penalty"": ""l2""}"
softmax_logistic_classifier__baseline,softmax_logistic,classification,bbob_validation,FE_ratio,FE_ratio=0.5,,,0.5,6480,477,0.07361111111111111,-0.08578559846269349,-0.08202974076197492,151.15391573733473,zero,0.0,6480,1.0,-0.08578559846269349,477,1.0,1.0,0.07361111111111111,6003,0.9263888888888889,707.0445937755885,-555.8906780382538,-0.08578559846269349,-0.08578559846269349,0.0,0.023326221564403508,softmax_logistic_classifier__raw_primary_with_maturity__baseline__C_1p0__class_weight_balanced__penalty_l2,softmax_logistic_classifier,"LogisticRegression(C=1.0,class_weight='balanced')",raw_primary_with_maturity,baseline,"{""C"": 1.0, ""class_weight"": ""balanced"", ""penalty"": ""l2""}"
softmax_logistic_classifier__baseline,softmax_logistic,classification,bbob_validation,FE_ratio,FE_ratio=0.5,,,0.5,6480,477,0.07361111111111111,-0.08578559846269349,-0.08202974076197492,151.15391573733473,train_utility,0.918385202109539,264,0.040740740740740744,0.46601357518969616,223,0.46750524109014674,0.8471658180298056,0.8446969696969697,41,0.1553030303030303,5.024846823947693,123.0275838500798,0.018985738248469105,-0.08578559846269349,0.0,0.023326221564403508,softmax_logistic_classifier__raw_primary_with_maturity__baseline__C_1p0__class_weight_balanced__penalty_l2,softmax_logistic_classifier,"LogisticRegression(C=1.0,class_weight='balanced')",raw_primary_with_maturity,baseline,"{""C"": 1.0, ""class_weight"": ""balanced"", ""penalty"": ""l2""}"
softmax_logistic_classifier__baseline,softmax_logistic,classification,bbob_validation,FE_ratio,FE_ratio=0.5,,,0.5,6480,477,0.07361111111111111,-0.08578559846269349,-0.08202974076197492,151.15391573733473,top_05,0.8244550129584487,349,0.053858024691358024,0.3252280008093598,230,0.48218029350104824,0.8587929928616277,0.6590257879656161,119,0.34097421203438394,16.305351396353373,113.5045722824666,0.01751613769791151,-0.08578559846269349,0.0,0.023326221564403508,softmax_logistic_classifier__raw_primary_with_maturity__baseline__C_1p0__class_weight_balanced__penalty_l2,softmax_logistic_classifier,"LogisticRegression(C=1.0,class_weight='balanced')",raw_primary_with_maturity,baseline,"{""C"": 1.0, ""class_weight"": ""balanced"", ""penalty"": ""l2""}"
softmax_logistic_classifier__baseline,softmax_logistic,classification,bbob_validation,FE_ratio,FE_ratio=0.5,,,0.5,6480,477,0.07361111111111111,-0.08578559846269349,-0.08202974076197492,151.15391573733473,top_10,0.7441338675491187,642,0.09907407407407408,0.12031082590181261,255,0.5345911949685535,0.8783496732742467,0.397196261682243,387,0.602803738317757,55.52644227304728,77.23955022896372,0.011919683677309216,-0.08578559846269349,0.0,0.023326221564403508,softmax_logistic_classifier__raw_primary_with_maturity__baseline__C_1p0__class_weight_balanced__penalty_l2,softmax_logistic_classifier,"LogisticRegression(C=1.0,class_weight='balanced')",raw_primary_with_maturity,baseline,"{""C"": 1.0, ""class_weight"": ""balanced"", ""penalty"": ""l2""}"
softmax_logistic_classifier__baseline,softmax_logistic,classification,bbob_validation,FE_ratio,FE_ratio=0.5,,,0.5,6480,477,0.07361111111111111,-0.08578559846269349,-0.08202974076197492,151.15391573733473,top_20,0.6200315578158618,1427,0.22021604938271605,-0.009966711538191928,330,0.6918238993710691,0.9174299819568854,0.2312543798177996,1097,0.7687456201822004,152.89563155261544,-14.222497364999839,-0.002194829840277753,-0.08578559846269349,0.0,0.023326221564403508,softmax_logistic_classifier__raw_primary_with_maturity__baseline__C_1p0__class_weight_balanced__penalty_l2,softmax_logistic_classifier,"LogisticRegression(C=1.0,class_weight='balanced')",raw_primary_with_maturity,baseline,"{""C"": 1.0, ""class_weight"": ""balanced"", ""penalty"": ""l2""}"
softmax_logistic_classifier__baseline,softmax_logistic,classification,bbob_validation,FE_ratio,FE_ratio=0.55,,,0.55,6480,376,0.05802469135802469,-0.11228594071878435,-0.09215825578698267,79.68497550744864,zero,0.0,6480,1.0,-0.11228594071878435,376,1.0,1.0,0.05802469135802469,6104,0.9419753086419753,807.2978713651713,-727.6128958577226,-0.11228594071878435,-0.11228594071878435,0.0,0.01229706412151985,softmax_logistic_classifier__raw_primary_with_maturity__baseline__C_1p0__class_weight_balanced__penalty_l2,softmax_logistic_classifier,"LogisticRegression(C=1.0,class_weight='balanced')",raw_primary_with_maturity,baseline,"{""C"": 1.0, ""class_weight"": ""balanced"", ""penalty"": ""l2""}"
softmax_logistic_classifier__baseline,softmax_logistic,classification,bbob_validation,FE_ratio,FE_ratio=0.55,,,0.55,6480,376,0.05802469135802469,-0.11228594071878435,-0.09215825578698267,79.68497550744864,train_utility,0.918385202109539,253,0.03904320987654321,0.11714311184932245,93,0.2473404255319149,0.6069414322716146,0.3675889328063241,160,0.6324110671936759,18.72690586714083,29.63720729787858,0.004573643101524472,-0.11228594071878435,0.0,0.01229706412151985,softmax_logistic_classifier__raw_primary_with_maturity__baseline__C_1p0__class_weight_balanced__penalty_l2,softmax_logistic_classifier,"LogisticRegression(C=1.0,class_weight='balanced')",raw_primary_with_maturity,baseline,"{""C"": 1.0, ""class_weight"": ""balanced"", ""penalty"": ""l2""}"
softmax_logistic_classifier__baseline,softmax_logistic,classification,bbob_validation,FE_ratio,FE_ratio=0.55,,,0.55,6480,376,0.05802469135802469,-0.11228594071878435,-0.09215825578698267,79.68497550744864,top_05,0.8244550129584487,307,0.04737654320987654,0.07814528296443563,96,0.2553191489361702,0.6209192256583341,0.3127035830618892,211,0.6872964169381107,25.487331418606598,23.99060187008173,0.0037022533750126125,-0.11228594071878435,0.0,0.01229706412151985,softmax_logistic_classifier__raw_primary_with_maturity__baseline__C_1p0__class_weight_balanced__penalty_l2,softmax_logistic_classifier,"LogisticRegression(C=1.0,class_weight='balanced')",raw_primary_with_maturity,baseline,"{""C"": 1.0, ""class_weight"": ""balanced"", ""penalty"": ""l2""}"
softmax_logistic_classifier__baseline,softmax_logistic,classification,bbob_validation,FE_ratio,FE_ratio=0.55,,,0.55,6480,376,0.05802469135802469,-0.11228594071878435,-0.09215825578698267,79.68497550744864,top_10,0.7441338675491187,507,0.07824074074074074,-0.007385307450664837,114,0.30319148936170215,0.6492389639990798,0.22485207100591717,393,0.7751479289940828,55.47894182223507,-3.7443508774870793,-0.0005778319255381295,-0.11228594071878435,0.0,0.01229706412151985,softmax_logistic_classifier__raw_primary_with_maturity__baseline__C_1p0__class_weight_balanced__penalty_l2,softmax_logistic_classifier,"LogisticRegression(C=1.0,class_weight='balanced')",raw_primary_with_maturity,baseline,"{""C"": 1.0, ""class_weight"": ""balanced"", ""penalty"": ""l2""}"
softmax_logistic_classifier__baseline,softmax_logistic,classification,bbob_validation,FE_ratio,FE_ratio=0.55,,,0.55,6480,376,0.05802469135802469,-0.11228594071878435,-0.09215825578698267,79.68497550744864,top_20,0.6200315578158618,1248,0.1925925925925926,-0.08012245766166333,192,0.5106382978723404,0.7626871963717783,0.15384615384615385,1056,0.8461538461538461,160.76753772448566,-99.99282716175586,-0.015430991845949978,-0.11228594071878435,0.0,0.01229706412151985,softmax_logistic_classifier__raw_primary_with_maturity__baseline__C_1p0__class_weight_balanced__penalty_l2,softmax_logistic_classifier,"LogisticRegression(C=1.0,class_weight='balanced')",raw_primary_with_maturity,baseline,"{""C"": 1.0, ""class_weight"": ""balanced"", ""penalty"": ""l2""}"
softmax_logistic_classifier__baseline,softmax_logistic,classification,bbob_validation,FE_ratio,FE_ratio=0.6,,,0.6,6480,447,0.06898148148148148,-0.11584131580446465,-0.10228898920926656,123.20350275094972,zero,0.0,6480,1.0,-0.11584131580446465,447,1.0,1.0,0.06898148148148148,6033,0.9310185185185185,873.8552291638805,-750.6517264129309,-0.11584131580446465,-0.11584131580446465,0.0,0.019012886226998416,softmax_logistic_classifier__raw_primary_with_maturity__baseline__C_1p0__class_weight_balanced__penalty_l2,softmax_logistic_classifier,"LogisticRegression(C=1.0,class_weight='balanced')",raw_primary_with_maturity,baseline,"{""C"": 1.0, ""class_weight"": ""balanced"", ""penalty"": ""l2""}"
softmax_logistic_classifier__baseline,softmax_logistic,classification,bbob_validation,FE_ratio,FE_ratio=0.6,,,0.6,6480,447,0.06898148148148148,-0.11584131580446465,-0.10228898920926656,123.20350275094972,train_utility,0.918385202109539,253,0.03904320987654321,0.3126606150387242,165,0.3691275167785235,0.7411321381489159,0.6521739130434783,88,0.34782608695652173,12.20693981644996,79.10313560479723,0.012207274013085993,-0.11584131580446465,0.0,0.019012886226998416,softmax_logistic_classifier__raw_primary_with_maturity__baseline__C_1p0__class_weight_balanced__penalty_l2,softmax_logistic_classifier,"LogisticRegression(C=1.0,class_weight='balanced')",raw_primary_with_maturity,baseline,"{""C"": 1.0, ""class_weight"": ""balanced"", ""penalty"": ""l2""}"
softmax_logistic_classifier__baseline,softmax_logistic,classification,bbob_validation,FE_ratio,FE_ratio=0.6,,,0.6,6480,447,0.06898148148148148,-0.11584131580446465,-0.10228898920926656,123.20350275094972,top_05,0.8244550129584487,285,0.04398148148148148,0.2892134442330549,174,0.38926174496644295,0.7958181333611669,0.6105263157894737,111,0.3894736842105263,15.621749976397544,82.42583160642066,0.012720035741731583,-0.11584131580446465,0.0,0.019012886226998416,softmax_logistic_classifier__raw_primary_with_maturity__baseline__C_1p0__class_weight_balanced__penalty_l2,softmax_logistic_classifier,"LogisticRegression(C=1.0,class_weight='balanced')",raw_primary_with_maturity,baseline,"{""C"": 1.0, ""class_weight"": ""balanced"", ""penalty"": ""l2""}"
softmax_logistic_classifier__baseline,softmax_logistic,classification,bbob_validation,FE_ratio,FE_ratio=0.6,,,0.6,6480,447,0.06898148148148148,-0.11584131580446465,-0.10228898920926656,123.20350275094972,top_10,0.7441338675491187,434,0.0669753086419753,0.137617640159302,187,0.41834451901565994,0.8160186373603061,0.4308755760368664,247,0.5691244239631337,40.81029860370967,59.72605582913705,0.009216983924249545,-0.11584131580446465,0.0,0.019012886226998416,softmax_logistic_classifier__raw_primary_with_maturity__baseline__C_1p0__class_weight_balanced__penalty_l2,softmax_logistic_classifier,"LogisticRegression(C=1.0,class_weight='balanced')",raw_primary_with_maturity,baseline,"{""C"": 1.0, ""class_weight"": ""balanced"", ""penalty"": ""l2""}"
softmax_logistic_classifier__baseline,softmax_logistic,classification,bbob_validation,FE_ratio,FE_ratio=0.6,,,0.6,6480,447,0.06898148148148148,-0.11584131580446465,-0.10228898920926656,123.20350275094972,top_20,0.6200315578158618,987,0.15231481481481482,-0.019031877542591766,246,0.5503355704697986,0.8625912361559483,0.24924012158054712,741,0.7507598784194529,125.05872487122258,-18.784463134538072,-0.0028988369034780976,-0.11584131580446465,0.0,0.019012886226998416,softmax_logistic_classifier__raw_primary_with_maturity__baseline__C_1p0__class_weight_balanced__penalty_l2,softmax_logistic_classifier,"LogisticRegression(C=1.0,class_weight='balanced')",raw_primary_with_maturity,baseline,"{""C"": 1.0, ""class_weight"": ""balanced"", ""penalty"": ""l2""}"
softmax_logistic_classifier__best_candidate,softmax_logistic,classification,bbob_train,all,all,,,,194400,11921,0.06132201646090535,-0.08855738467265091,-0.06544428361600368,2511.1122661377594,zero,0.0,194400,1.0,-0.08855738467265091,11921,1.0,1.0,0.06132201646090535,182479,0.9386779835390946,19726.667846501095,-17215.555580363336,-0.08855738467265091,-0.08855738467265091,0.0,0.012917244167375308,softmax_logistic_classifier__raw_primary_with_maturity__best_candidate__C_0p03__class_weight_balanced__penalty_l2,softmax_logistic_classifier,"LogisticRegression(C=0.03,class_weight='balanced')",raw_primary_with_maturity,best_candidate,"{""C"": 0.03, ""class_weight"": ""balanced"", ""penalty"": ""l2""}"
softmax_logistic_classifier__best_candidate,softmax_logistic,classification,bbob_train,all,all,,,,194400,11921,0.06132201646090535,-0.08855738467265091,-0.06544428361600368,2511.1122661377594,train_utility,0.9172326240639169,2336,0.012016460905349795,0.020136985717028145,781,0.065514638033722,0.07588926134603886,0.3343321917808219,1555,0.665667808219178,143.52645639919456,47.03999863497775,0.0002419753016202559,-0.08855738467265091,0.0,0.012917244167375308,softmax_logistic_classifier__raw_primary_with_maturity__best_candidate__C_0p03__class_weight_balanced__penalty_l2,softmax_logistic_classifier,"LogisticRegression(C=0.03,class_weight='balanced')",raw_primary_with_maturity,best_candidate,"{""C"": 0.03, ""class_weight"": ""balanced"", ""penalty"": ""l2""}"
softmax_logistic_classifier__best_candidate,softmax_logistic,classification,bbob_train,all,all,,,,194400,11921,0.06132201646090535,-0.08855738467265091,-0.06544428361600368,2511.1122661377594,top_05,0.8237638461698825,9719,0.049994855967078186,-0.019113891576720648,2461,0.20644241254928278,0.22017181462307736,0.25321535137359813,7258,0.7467846486264019,738.6440565919665,-185.76791223414796,-0.0009555962563484977,-0.08855738467265091,0.0,0.012917244167375308,softmax_logistic_classifier__raw_primary_with_maturity__best_candidate__C_0p03__class_weight_balanced__penalty_l2,softmax_logistic_classifier,"LogisticRegression(C=0.03,class_weight='balanced')",raw_primary_with_maturity,best_candidate,"{""C"": 0.03, ""class_weight"": ""balanced"", ""penalty"": ""l2""}"
softmax_logistic_classifier__best_candidate,softmax_logistic,classification,bbob_train,all,all,,,,194400,11921,0.06132201646090535,-0.08855738467265091,-0.06544428361600368,2511.1122661377594,top_10,0.7440825872157155,19439,0.09999485596707819,-0.03860970949604866,4145,0.3477057293851187,0.3615150251239368,0.21323113328874943,15294,0.7867688667112506,1658.3389568755078,-750.5341428936902,-0.003860772339988118,-0.08855738467265091,0.0,0.012917244167375308,softmax_logistic_classifier__raw_primary_with_maturity__best_candidate__C_0p03__class_weight_balanced__penalty_l2,softmax_logistic_classifier,"LogisticRegression(C=0.03,class_weight='balanced')",raw_primary_with_maturity,best_candidate,"{""C"": 0.03, ""class_weight"": ""balanced"", ""penalty"": ""l2""}"
softmax_logistic_classifier__best_candidate,softmax_logistic,classification,bbob_train,all,all,,,,194400,11921,0.06132201646090535,-0.08855738467265091,-0.06544428361600368,2511.1122661377594,top_20,0.6200937772031847,38879,0.1999948559670782,-0.05636717516128852,6772,0.56807314822582,0.5847799080075591,0.1741814347076828,32107,0.8258185652923172,3659.947403084429,-2191.4994030957364,-0.011273145077652966,-0.08855738467265091,0.0,0.012917244167375308,softmax_logistic_classifier__raw_primary_with_maturity__best_candidate__C_0p03__class_weight_balanced__penalty_l2,softmax_logistic_classifier,"LogisticRegression(C=0.03,class_weight='balanced')",raw_primary_with_maturity,best_candidate,"{""C"": 0.03, ""class_weight"": ""balanced"", ""penalty"": ""l2""}"
softmax_logistic_classifier__best_candidate,softmax_logistic,classification,bbob_train,label_source,label_source=changed_algorithm,changed_algorithm,,,74400,8470,0.11384408602150538,-0.05859081542569486,-0.06280283172738645,1678.8603444230114,zero,0.0,74400,1.0,-0.05859081542569486,8470,1.0,1.0,0.11384408602150538,65930,0.8861559139784946,6038.01701209471,-4359.1566676716975,-0.05859081542569486,-0.05859081542569486,0.0,0.022565327209986715,softmax_logistic_classifier__raw_primary_with_maturity__best_candidate__C_0p03__class_weight_balanced__penalty_l2,softmax_logistic_classifier,"LogisticRegression(C=0.03,class_weight='balanced')",raw_primary_with_maturity,best_candidate,"{""C"": 0.03, ""class_weight"": ""balanced"", ""penalty"": ""l2""}"
softmax_logistic_classifier__best_candidate,softmax_logistic,classification,bbob_train,label_source,label_source=changed_algorithm,changed_algorithm,,,74400,8470,0.11384408602150538,-0.05859081542569486,-0.06280283172738645,1678.8603444230114,train_utility,0.9172326240639169,1665,0.022379032258064518,0.05850825288416627,731,0.08630460448642267,0.10435379596708666,0.439039039039039,934,0.5609609609609609,77.77920878701492,97.41624105213685,0.0013093580786577533,-0.05859081542569486,0.0,0.022565327209986715,softmax_logistic_classifier__raw_primary_with_maturity__best_candidate__C_0p03__class_weight_balanced__penalty_l2,softmax_logistic_classifier,"LogisticRegression(C=0.03,class_weight='balanced')",raw_primary_with_maturity,best_candidate,"{""C"": 0.03, ""class_weight"": ""balanced"", ""penalty"": ""l2""}"
softmax_logistic_classifier__best_candidate,softmax_logistic,classification,bbob_train,label_source,label_source=changed_algorithm,changed_algorithm,,,74400,8470,0.11384408602150538,-0.05859081542569486,-0.06280283172738645,1678.8603444230114,top_05,0.8237638461698825,5449,0.07323924731182796,0.03429151284985999,2152,0.254073199527745,0.27959508601334815,0.3949348504312718,3297,0.6050651495687283,282.54664888446405,186.85445351888714,0.0025114845903076227,-0.05859081542569486,0.0,0.022565327209986715,softmax_logistic_classifier__raw_primary_with_maturity__best_candidate__C_0p03__class_weight_balanced__penalty_l2,softmax_logistic_classifier,"LogisticRegression(C=0.03,class_weight='balanced')",raw_primary_with_maturity,best_candidate,"{""C"": 0.03, ""class_weight"": ""balanced"", ""penalty"": ""l2""}"
softmax_logistic_classifier__best_candidate,softmax_logistic,classification,bbob_train,label_source,label_source=changed_algorithm,changed_algorithm,,,74400,8470,0.11384408602150538,-0.05859081542569486,-0.06280283172738645,1678.8603444230114,top_10,0.7440825872157155,9624,0.12935483870967743,0.019169252199290585,3500,0.4132231404958678,0.44019792550325254,0.3636741479634248,6124,0.6363258520365752,554.5459576587132,184.48488316597252,0.002479635526424362,-0.05859081542569486,0.0,0.022565327209986715,softmax_logistic_classifier__raw_primary_with_maturity__best_candidate__C_0p03__class_weight_balanced__penalty_l2,softmax_logistic_classifier,"LogisticRegression(C=0.03,class_weight='balanced')",raw_primary_with_maturity,best_candidate,"{""C"": 0.03, ""class_weight"": ""balanced"", ""penalty"": ""l2""}"
softmax_logistic_classifier__best_candidate,softmax_logistic,classification,bbob_train,label_source,label_source=changed_algorithm,changed_algorithm,,,74400,8470,0.11384408602150538,-0.05859081542569486,-0.06280283172738645,1678.8603444230114,top_20,0.6200937772031847,16635,0.22358870967741937,0.0038560390447633162,5464,0.6451003541912633,0.6772726669766852,0.32846408175533515,11171,0.6715359182446649,1072.9010134391315,64.14520950963771,0.0008621667944843778,-0.05859081542569486,0.0,0.022565327209986715,softmax_logistic_classifier__raw_primary_with_maturity__best_candidate__C_0p03__class_weight_balanced__penalty_l2,softmax_logistic_classifier,"LogisticRegression(C=0.03,class_weight='balanced')",raw_primary_with_maturity,best_candidate,"{""C"": 0.03, ""class_weight"": ""balanced"", ""penalty"": ""l2""}"
softmax_logistic_classifier__best_candidate,softmax_logistic,classification,bbob_train,label_source,label_source=same_algorithm,same_algorithm,,,120000,3451,0.028758333333333334,-0.10713665760576366,-0.06743423570665175,832.2519217147483,zero,0.0,120000,1.0,-0.10713665760576366,3451,1.0,1.0,0.028758333333333334,116549,0.9712416666666667,13688.650834406388,-12856.398912691639,-0.10713665760576366,-0.10713665760576366,0.0,0.006935432680956236,softmax_logistic_classifier__raw_primary_with_maturity__best_candidate__C_0p03__class_weight_balanced__penalty_l2,softmax_logistic_classifier,"LogisticRegression(C=0.03,class_weight='balanced')",raw_primary_with_maturity,best_candidate,"{""C"": 0.03, ""class_weight"": ""balanced"", ""penalty"": ""l2""}"
softmax_logistic_classifier__best_candidate,softmax_logistic,classification,bbob_train,label_source,label_source=same_algorithm,same_algorithm,,,120000,3451,0.028758333333333334,-0.10713665760576366,-0.06743423570665175,832.2519217147483,train_utility,0.9172326240639169,671,0.005591666666666667,-0.07507636723868716,50,0.014488554042306577,0.018469173568684095,0.07451564828614009,621,0.9254843517138599,65.74724761217965,-50.37624241715909,-0.0004198020201429924,-0.10713665760576366,0.0,0.006935432680956236,softmax_logistic_classifier__raw_primary_with_maturity__best_candidate__C_0p03__class_weight_balanced__penalty_l2,softmax_logistic_classifier,"LogisticRegression(C=0.03,class_weight='balanced')",raw_primary_with_maturity,best_candidate,"{""C"": 0.03, ""class_weight"": ""balanced"", ""penalty"": ""l2""}"
softmax_logistic_classifier__best_candidate,softmax_logistic,classification,bbob_train,label_source,label_source=same_algorithm,same_algorithm,,,120000,3451,0.028758333333333334,-0.10713665760576366,-0.06743423570665175,832.2519217147483,top_05,0.8237638461698825,4270,0.035583333333333335,-0.08726519104286536,309,0.08953926398145465,0.10030020931940627,0.07236533957845433,3961,0.9276346604215456,456.0974077075025,-372.62236575303507,-0.0031051863812752924,-0.10713665760576366,0.0,0.006935432680956236,softmax_logistic_classifier__raw_primary_with_maturity__best_candidate__C_0p03__class_weight_balanced__penalty_l2,softmax_logistic_classifier,"LogisticRegression(C=0.03,class_weight='balanced')",raw_primary_with_maturity,best_candidate,"{""C"": 0.03, ""class_weight"": ""balanced"", ""penalty"": ""l2""}"
softmax_logistic_classifier__best_candidate,softmax_logistic,classification,bbob_train,label_source,label_source=same_algorithm,same_algorithm,,,120000,3451,0.028758333333333334,-0.10713665760576366,-0.06743423570665175,832.2519217147483,top_10,0.7440825872157155,9815,0.08179166666666667,-0.09526429200811641,645,0.18690234714575485,0.20279192964720952,0.06571574121242996,9170,0.93428425878757,1103.7929992167947,-935.0190260596625,-0.007791825217163853,-0.10713665760576366,0.0,0.006935432680956236,softmax_logistic_classifier__raw_primary_with_maturity__best_candidate__C_0p03__class_weight_balanced__penalty_l2,softmax_logistic_classifier,"LogisticRegression(C=0.03,class_weight='balanced')",raw_primary_with_maturity,best_candidate,"{""C"": 0.03, ""class_weight"": ""balanced"", ""penalty"": ""l2""}"
softmax_logistic_classifier__best_candidate,softmax_logistic,classification,bbob_train,label_source,label_source=same_algorithm,same_algorithm,,,120000,3451,0.028758333333333334,-0.10713665760576366,-0.06743423570665175,832.2519217147483,top_20,0.6200937772031847,22244,0.18536666666666668,-0.10140463102883358,1308,0.3790205737467401,0.3981988727128586,0.058802373673799674,20936,0.9411976263262003,2587.046389645297,-2255.6446126053743,-0.01879703843837812,-0.10713665760576366,0.0,0.006935432680956236,softmax_logistic_classifier__raw_primary_with_maturity__best_candidate__C_0p03__class_weight_balanced__penalty_l2,softmax_logistic_classifier,"LogisticRegression(C=0.03,class_weight='balanced')",raw_primary_with_maturity,best_candidate,"{""C"": 0.03, ""class_weight"": ""balanced"", ""penalty"": ""l2""}"
softmax_logistic_classifier__best_candidate,softmax_logistic,classification,bbob_train,dimension,dimension=10,,10.0,,64800,2405,0.037114197530864194,-0.04022633237538057,-0.03715828153278458,308.0180086184804,zero,0.0,64800,1.0,-0.04022633237538057,2405,1.0,1.0,0.037114197530864194,62395,0.9628858024691358,2914.684346543141,-2606.666337924661,-0.04022633237538057,-0.04022633237538057,0.0,0.004753364330532104,softmax_logistic_classifier__raw_primary_with_maturity__best_candidate__C_0p03__class_weight_balanced__penalty_l2,softmax_logistic_classifier,"LogisticRegression(C=0.03,class_weight='balanced')",raw_primary_with_maturity,best_candidate,"{""C"": 0.03, ""class_weight"": ""balanced"", ""penalty"": ""l2""}"
softmax_logistic_classifier__best_candidate,softmax_logistic,classification,bbob_train,dimension,dimension=10,,10.0,,64800,2405,0.037114197530864194,-0.04022633237538057,-0.03715828153278458,308.0180086184804,train_utility,0.9172326240639169,577,0.008904320987654321,-0.01817520994398515,136,0.05654885654885655,0.052572952100170926,0.23570190641247835,441,0.7642980935875217,26.68051215076884,-10.487096137679435,-0.00016183790335925054,-0.04022633237538057,0.0,0.004753364330532104,softmax_logistic_classifier__raw_primary_with_maturity__best_candidate__C_0p03__class_weight_balanced__penalty_l2,softmax_logistic_classifier,"LogisticRegression(C=0.03,class_weight='balanced')",raw_primary_with_maturity,best_candidate,"{""C"": 0.03, ""class_weight"": ""balanced"", ""penalty"": ""l2""}"
softmax_logistic_classifier__best_candidate,softmax_logistic,classification,bbob_train,dimension,dimension=10,,10.0,,64800,2405,0.037114197530864194,-0.04022633237538057,-0.03715828153278458,308.0180086184804,top_05,0.8237638461698825,2794,0.043117283950617286,-0.017486265379304308,557,0.2316008316008316,0.24723090117189936,0.19935576234788832,2237,0.8006442376521117,125.00819531769699,-48.85662546977623,-0.0007539602695953122,-0.04022633237538057,0.0,0.004753364330532104,softmax_logistic_classifier__raw_primary_with_maturity__best_candidate__C_0p03__class_weight_balanced__penalty_l2,softmax_logistic_classifier,"LogisticRegression(C=0.03,class_weight='balanced')",raw_primary_with_maturity,best_candidate,"{""C"": 0.03, ""class_weight"": ""balanced"", ""penalty"": ""l2""}"
softmax_logistic_classifier__best_candidate,softmax_logistic,classification,bbob_train,dimension,dimension=10,,10.0,,64800,2405,0.037114197530864194,-0.04022633237538057,-0.03715828153278458,308.0180086184804,top_10,0.7440825872157155,5558,0.0857716049382716,-0.02290404711676097,909,0.377962577962578,0.41259144190119384,0.1635480388629003,4649,0.8364519611370996,254.38628818239067,-127.30069387495747,-0.001964516880786381,-0.04022633237538057,0.0,0.004753364330532104,softmax_logistic_classifier__raw_primary_with_maturity__best_candidate__C_0p03__class_weight_balanced__penalty_l2,softmax_logistic_classifier,"LogisticRegression(C=0.03,class_weight='balanced')",raw_primary_with_maturity,best_candidate,"{""C"": 0.03, ""class_weight"": ""balanced"", ""penalty"": ""l2""}"
softmax_logistic_classifier__best_candidate,softmax_logistic,classification,bbob_train,dimension,dimension=10,,10.0,,64800,2405,0.037114197530864194,-0.04022633237538057,-0.03715828153278458,308.0180086184804,top_20,0.6200937772031847,11091,0.1711574074074074,-0.029841094137091264,1395,0.58004158004158,0.6072053636183393,0.12577765756018394,9696,0.8742223424398161,517.9977619986603,-330.96757507447916,-0.005107524306704925,-0.04022633237538057,0.0,0.004753364330532104,softmax_logistic_classifier__raw_primary_with_maturity__best_candidate__C_0p03__class_weight_balanced__penalty_l2,softmax_logistic_classifier,"LogisticRegression(C=0.03,class_weight='balanced')",raw_primary_with_maturity,best_candidate,"{""C"": 0.03, ""class_weight"": ""balanced"", ""penalty"": ""l2""}"
softmax_logistic_classifier__best_candidate,softmax_logistic,classification,bbob_train,dimension,dimension=20,,20.0,,64800,3858,0.059537037037037034,-0.07228172978918257,-0.06716881295115272,823.0687800379324,zero,0.0,64800,1.0,-0.07228172978918257,3858,1.0,1.0,0.059537037037037034,60942,0.940462962962963,5506.924870376963,-4683.856090339031,-0.07228172978918257,-0.07228172978918257,0.0,0.01270167870428908,softmax_logistic_classifier__raw_primary_with_maturity__best_candidate__C_0p03__class_weight_balanced__penalty_l2,softmax_logistic_classifier,"LogisticRegression(C=0.03,class_weight='balanced')",raw_primary_with_maturity,best_candidate,"{""C"": 0.03, ""class_weight"": ""balanced"", ""penalty"": ""l2""}"
softmax_logistic_classifier__best_candidate,softmax_logistic,classification,bbob_train,dimension,dimension=20,,20.0,,64800,3858,0.059537037037037034,-0.07228172978918257,-0.06716881295115272,823.0687800379324,train_utility,0.9172326240639169,865,0.013348765432098765,0.04171437763745117,314,0.08138932089165371,0.10463666431596844,0.3630057803468208,551,0.6369942196531792,50.04023498938753,36.082936656395255,0.0005568354422283219,-0.07228172978918257,0.0,0.01270167870428908,softmax_logistic_classifier__raw_primary_with_maturity__best_candidate__C_0p03__class_weight_balanced__penalty_l2,softmax_logistic_classifier,"LogisticRegression(C=0.03,class_weight='balanced')",raw_primary_with_maturity,best_candidate,"{""C"": 0.03, ""class_weight"": ""balanced"", ""penalty"": ""l2""}"
softmax_logistic_classifier__best_candidate,softmax_logistic,classification,bbob_train,dimension,dimension=20,,20.0,,64800,3858,0.059537037037037034,-0.07228172978918257,-0.06716881295115272,823.0687800379324,top_05,0.8237638461698825,3226,0.049783950617283954,0.004174066721720394,931,0.24131674442716433,0.28523389715781194,0.28859268443893366,2295,0.7114073155610663,221.30157651487536,13.465539244269983,0.0002078015315473763,-0.07228172978918257,0.0,0.01270167870428908,softmax_logistic_classifier__raw_primary_with_maturity__best_candidate__C_0p03__class_weight_balanced__penalty_l2,softmax_logistic_classifier,"LogisticRegression(C=0.03,class_weight='balanced')",raw_primary_with_maturity,best_candidate,"{""C"": 0.03, ""class_weight"": ""balanced"", ""penalty"": ""l2""}"
softmax_logistic_classifier__best_candidate,softmax_logistic,classification,bbob_train,dimension,dimension=20,,20.0,,64800,3858,0.059537037037037034,-0.07228172978918257,-0.06716881295115272,823.0687800379324,top_10,0.7440825872157155,6444,0.09944444444444445,-0.021146702820669213,1474,0.3820632452047693,0.43103632447228063,0.228739913097455,4970,0.771260086902545,491.0418947118269,-136.26935297639244,-0.002102922113833217,-0.07228172978918257,0.0,0.01270167870428908,softmax_logistic_classifier__raw_primary_with_maturity__best_candidate__C_0p03__class_weight_balanced__penalty_l2,softmax_logistic_classifier,"LogisticRegression(C=0.03,class_weight='balanced')",raw_primary_with_maturity,best_candidate,"{""C"": 0.03, ""class_weight"": ""balanced"", ""penalty"": ""l2""}"
softmax_logistic_classifier__best_candidate,softmax_logistic,classification,bbob_train,dimension,dimension=20,,20.0,,64800,3858,0.059537037037037034,-0.07228172978918257,-0.06716881295115272,823.0687800379324,top_20,0.6200937772031847,13033,0.20112654320987655,-0.0432063755719305,2287,0.5927941938828408,0.6519185689902881,0.1754776336990716,10746,0.8245223663009285,1099.6825140918813,-563.1086928289701,-0.008689948963410032,-0.07228172978918257,0.0,0.01270167870428908,softmax_logistic_classifier__raw_primary_with_maturity__best_candidate__C_0p03__class_weight_balanced__penalty_l2,softmax_logistic_classifier,"LogisticRegression(C=0.03,class_weight='balanced')",raw_primary_with_maturity,best_candidate,"{""C"": 0.03, ""class_weight"": ""balanced"", ""penalty"": ""l2""}"
softmax_logistic_classifier__best_candidate,softmax_logistic,classification,bbob_train,dimension,dimension=40,,40.0,,64800,5658,0.08731481481481482,-0.1531640918533896,-0.14272675969545875,1380.025477481347,zero,0.0,64800,1.0,-0.1531640918533896,5658,1.0,1.0,0.08731481481481482,59142,0.9126851851851852,11305.058629580992,-9925.033152099646,-0.1531640918533896,-0.1531640918533896,0.0,0.021296689467304737,softmax_logistic_classifier__raw_primary_with_maturity__best_candidate__C_0p03__class_weight_balanced__penalty_l2,softmax_logistic_classifier,"LogisticRegression(C=0.03,class_weight='balanced')",raw_primary_with_maturity,best_candidate,"{""C"": 0.03, ""class_weight"": ""balanced"", ""penalty"": ""l2""}"
softmax_logistic_classifier__best_candidate,softmax_logistic,classification,bbob_train,dimension,dimension=40,,40.0,,64800,5658,0.08731481481481482,-0.1531640918533896,-0.14272675969545875,1380.025477481347,train_utility,0.9172326240639169,894,0.013796296296296296,0.023986754045035703,331,0.05850123718628491,0.06394799865315745,0.37024608501118567,563,0.6297539149888143,66.80570925903821,21.444158116261924,0.00033092836599169634,-0.1531640918533896,0.0,0.021296689467304737,softmax_logistic_classifier__raw_primary_with_maturity__best_candidate__C_0p03__class_weight_balanced__penalty_l2,softmax_logistic_classifier,"LogisticRegression(C=0.03,class_weight='balanced')",raw_primary_with_maturity,best_candidate,"{""C"": 0.03, ""class_weight"": ""balanced"", ""penalty"": ""l2""}"
softmax_logistic_classifier__best_candidate,softmax_logistic,classification,bbob_train,dimension,dimension=40,,40.0,,64800,5658,0.08731481481481482,-0.1531640918533896,-0.14272675969545875,1380.025477481347,top_05,0.8237638461698825,3699,0.05708333333333333,-0.04065337280579664,973,0.1719688936019795,0.17532825494812126,0.263044065963774,2726,0.7369559340362261,392.3342847593941,-150.37682600864176,-0.002320630030997558,-0.1531640918533896,0.0,0.021296689467304737,softmax_logistic_classifier__raw_primary_with_maturity__best_candidate__C_0p03__class_weight_balanced__penalty_l2,softmax_logistic_classifier,"LogisticRegression(C=0.03,class_weight='balanced')",raw_primary_with_maturity,best_candidate,"{""C"": 0.03, ""class_weight"": ""balanced"", ""penalty"": ""l2""}"
softmax_logistic_classifier__best_candidate,softmax_logistic,classification,bbob_train,dimension,dimension=40,,40.0,,64800,5658,0.08731481481481482,-0.1531640918533896,-0.14272675969545875,1380.025477481347,top_10,0.7440825872157155,7437,0.11476851851851852,-0.0654785660941697,1762,0.31141746200070697,0.3086513146962589,0.23692349065483395,5675,0.763076509345166,912.9107739812904,-486.9640960423401,-0.007514878025344754,-0.1531640918533896,0.0,0.021296689467304737,softmax_logistic_classifier__raw_primary_with_maturity__best_candidate__C_0p03__class_weight_balanced__penalty_l2,softmax_logistic_classifier,"LogisticRegression(C=0.03,class_weight='balanced')",raw_primary_with_maturity,best_candidate,"{""C"": 0.03, ""class_weight"": ""balanced"", ""penalty"": ""l2""}"
softmax_logistic_classifier__best_candidate,softmax_logistic,classification,bbob_train,dimension,dimension=40,,40.0,,64800,5658,0.08731481481481482,-0.1531640918533896,-0.14272675969545875,1380.025477481347,top_20,0.6200937772031847,14755,0.2277006172839506,-0.08793108337460437,3090,0.5461293743372216,0.5397320585421347,0.20942053541172484,11665,0.7905794645882752,2042.2671269938871,-1297.4231351922872,-0.020021961962843938,-0.1531640918533896,0.0,0.021296689467304737,softmax_logistic_classifier__raw_primary_with_maturity__best_candidate__C_0p03__class_weight_balanced__penalty_l2,softmax_logistic_classifier,"LogisticRegression(C=0.03,class_weight='balanced')",raw_primary_with_maturity,best_candidate,"{""C"": 0.03, ""class_weight"": ""balanced"", ""penalty"": ""l2""}"
softmax_logistic_classifier__best_candidate,softmax_logistic,classification,bbob_train,FE_ratio,FE_ratio=0.2,,,0.2,19440,1637,0.08420781893004116,-0.06196176210011554,-0.05049860667501493,304.44205064313394,zero,0.0,19440,1.0,-0.06196176210011554,1637,1.0,1.0,0.08420781893004116,17803,0.9157921810699589,1508.9787058693798,-1204.536655226246,-0.06196176210011554,-0.06196176210011554,0.0,0.015660599312918414,softmax_logistic_classifier__raw_primary_with_maturity__best_candidate__C_0p03__class_weight_balanced__penalty_l2,softmax_logistic_classifier,"LogisticRegression(C=0.03,class_weight='balanced')",raw_primary_with_maturity,best_candidate,"{""C"": 0.03, ""class_weight"": ""balanced"", ""penalty"": ""l2""}"
softmax_logistic_classifier__best_candidate,softmax_logistic,classification,bbob_train,FE_ratio,FE_ratio=0.2,,,0.2,19440,1637,0.08420781893004116,-0.06196176210011554,-0.05049860667501493,304.44205064313394,train_utility,0.9172326240639169,0,0.0,0.0,0,0.0,0.0,0.0,0,0.0,-0.0,0.0,0.0,-0.06196176210011554,0.0,0.015660599312918414,softmax_logistic_classifier__raw_primary_with_maturity__best_candidate__C_0p03__class_weight_balanced__penalty_l2,softmax_logistic_classifier,"LogisticRegression(C=0.03,class_weight='balanced')",raw_primary_with_maturity,best_candidate,"{""C"": 0.03, ""class_weight"": ""balanced"", ""penalty"": ""l2""}"
softmax_logistic_classifier__best_candidate,softmax_logistic,classification,bbob_train,FE_ratio,FE_ratio=0.2,,,0.2,19440,1637,0.08420781893004116,-0.06196176210011554,-0.05049860667501493,304.44205064313394,top_05,0.8237638461698825,0,0.0,0.0,0,0.0,0.0,0.0,0,0.0,-0.0,0.0,0.0,-0.06196176210011554,0.0,0.015660599312918414,softmax_logistic_classifier__raw_primary_with_maturity__best_candidate__C_0p03__class_weight_balanced__penalty_l2,softmax_logistic_classifier,"LogisticRegression(C=0.03,class_weight='balanced')",raw_primary_with_maturity,best_candidate,"{""C"": 0.03, ""class_weight"": ""balanced"", ""penalty"": ""l2""}"
softmax_logistic_classifier__best_candidate,softmax_logistic,classification,bbob_train,FE_ratio,FE_ratio=0.2,,,0.2,19440,1637,0.08420781893004116,-0.06196176210011554,-0.05049860667501493,304.44205064313394,top_10,0.7440825872157155,0,0.0,0.0,0,0.0,0.0,0.0,0,0.0,-0.0,0.0,0.0,-0.06196176210011554,0.0,0.015660599312918414,softmax_logistic_classifier__raw_primary_with_maturity__best_candidate__C_0p03__class_weight_balanced__penalty_l2,softmax_logistic_classifier,"LogisticRegression(C=0.03,class_weight='balanced')",raw_primary_with_maturity,best_candidate,"{""C"": 0.03, ""class_weight"": ""balanced"", ""penalty"": ""l2""}"
softmax_logistic_classifier__best_candidate,softmax_logistic,classification,bbob_train,FE_ratio,FE_ratio=0.2,,,0.2,19440,1637,0.08420781893004116,-0.06196176210011554,-0.05049860667501493,304.44205064313394,top_20,0.6200937772031847,1427,0.07340534979423868,-0.01049545161526841,315,0.19242516799022602,0.25308130796268186,0.2207428170988087,1112,0.7792571829011913,92.02560183059339,-14.977009454988007,-0.0007704222970672843,-0.06196176210011554,0.0,0.015660599312918414,softmax_logistic_classifier__raw_primary_with_maturity__best_candidate__C_0p03__class_weight_balanced__penalty_l2,softmax_logistic_classifier,"LogisticRegression(C=0.03,class_weight='balanced')",raw_primary_with_maturity,best_candidate,"{""C"": 0.03, ""class_weight"": ""balanced"", ""penalty"": ""l2""}"
softmax_logistic_classifier__best_candidate,softmax_logistic,classification,bbob_train,FE_ratio,FE_ratio=0.25,,,0.25,19440,1530,0.0787037037037037,-0.06684412289960417,-0.05379598025536793,289.0381601639173,zero,0.0,19440,1.0,-0.06684412289960417,1530,1.0,1.0,0.0787037037037037,17910,0.9212962962962963,1588.4879093322224,-1299.449749168305,-0.06684412289960417,-0.06684412289960417,0.0,0.014868218115427843,softmax_logistic_classifier__raw_primary_with_maturity__best_candidate__C_0p03__class_weight_balanced__penalty_l2,softmax_logistic_classifier,"LogisticRegression(C=0.03,class_weight='balanced')",raw_primary_with_maturity,best_candidate,"{""C"": 0.03, ""class_weight"": ""balanced"", ""penalty"": ""l2""}"
softmax_logistic_classifier__best_candidate,softmax_logistic,classification,bbob_train,FE_ratio,FE_ratio=0.25,,,0.25,19440,1530,0.0787037037037037,-0.06684412289960417,-0.05379598025536793,289.0381601639173,train_utility,0.9172326240639169,410,0.02109053497942387,0.02726511691269182,128,0.08366013071895424,0.12766668815738488,0.3121951219512195,282,0.6878048780487804,25.72184672502746,11.178697934203644,0.000575035901965208,-0.06684412289960417,0.0,0.014868218115427843,softmax_logistic_classifier__raw_primary_with_maturity__best_candidate__C_0p03__class_weight_balanced__penalty_l2,softmax_logistic_classifier,"LogisticRegression(C=0.03,class_weight='balanced')",raw_primary_with_maturity,best_candidate,"{""C"": 0.03, ""class_weight"": ""balanced"", ""penalty"": ""l2""}"
softmax_logistic_classifier__best_candidate,softmax_logistic,classification,bbob_train,FE_ratio,FE_ratio=0.25,,,0.25,19440,1530,0.0787037037037037,-0.06684412289960417,-0.05379598025536793,289.0381601639173,top_05,0.8237638461698825,1549,0.07968106995884773,-0.008927527380854453,355,0.23202614379084968,0.3041821755275174,0.22918011620400258,1194,0.7708198837959974,101.74899628207494,-13.82873991294354,-0.000711354933793392,-0.06684412289960417,0.0,0.014868218115427843,softmax_logistic_classifier__raw_primary_with_maturity__best_candidate__C_0p03__class_weight_balanced__penalty_l2,softmax_logistic_classifier,"LogisticRegression(C=0.03,class_weight='balanced')",raw_primary_with_maturity,best_candidate,"{""C"": 0.03, ""class_weight"": ""balanced"", ""penalty"": ""l2""}"
softmax_logistic_classifier__best_candidate,softmax_logistic,classification,bbob_train,FE_ratio,FE_ratio=0.25,,,0.25,19440,1530,0.0787037037037037,-0.06684412289960417,-0.05379598025536793,289.0381601639173,top_10,0.7440825872157155,3927,0.20200617283950617,-0.03946236636588949,767,0.5013071895424837,0.5348868733894632,0.1953144894321365,3160,0.8046855105678635,309.5714304991686,-154.96871271884805,-0.00797164160076379,-0.06684412289960417,0.0,0.014868218115427843,softmax_logistic_classifier__raw_primary_with_maturity__best_candidate__C_0p03__class_weight_balanced__penalty_l2,softmax_logistic_classifier,"LogisticRegression(C=0.03,class_weight='balanced')",raw_primary_with_maturity,best_candidate,"{""C"": 0.03, ""class_weight"": ""balanced"", ""penalty"": ""l2""}"
softmax_logistic_classifier__best_candidate,softmax_logistic,classification,bbob_train,FE_ratio,FE_ratio=0.25,,,0.25,19440,1530,0.0787037037037037,-0.06684412289960417,-0.05379598025536793,289.0381601639173,top_20,0.6200937772031847,7984,0.41069958847736626,-0.05553078837850615,1212,0.792156862745098,0.8033709680332044,0.15180360721442887,6772,0.8481963927855711,675.5626809434157,-443.357814413993,-0.022806471934876185,-0.06684412289960417,0.0,0.014868218115427843,softmax_logistic_classifier__raw_primary_with_maturity__best_candidate__C_0p03__class_weight_balanced__penalty_l2,softmax_logistic_classifier,"LogisticRegression(C=0.03,class_weight='balanced')",raw_primary_with_maturity,best_candidate,"{""C"": 0.03, ""class_weight"": ""balanced"", ""penalty"": ""l2""}"
softmax_logistic_classifier__best_candidate,softmax_logistic,classification,bbob_train,FE_ratio,FE_ratio=0.28,,,0.28,19440,1516,0.07798353909465021,-0.06678863875638497,-0.05595944523593056,294.83506110374555,zero,0.0,19440,1.0,-0.06678863875638497,1516,1.0,1.0,0.07798353909465021,17924,0.9220164609053498,1593.2061985278692,-1298.3711374241238,-0.06678863875638497,-0.06678863875638497,0.0,0.01516641260821736,softmax_logistic_classifier__raw_primary_with_maturity__best_candidate__C_0p03__class_weight_balanced__penalty_l2,softmax_logistic_classifier,"LogisticRegression(C=0.03,class_weight='balanced')",raw_primary_with_maturity,best_candidate,"{""C"": 0.03, ""class_weight"": ""balanced"", ""penalty"": ""l2""}"
softmax_logistic_classifier__best_candidate,softmax_logistic,classification,bbob_train,FE_ratio,FE_ratio=0.28,,,0.28,19440,1516,0.07798353909465021,-0.06678863875638497,-0.05595944523593056,294.83506110374555,train_utility,0.9172326240639169,263,0.01352880658436214,0.024425929390165572,92,0.06068601583113457,0.0731315739886994,0.34980988593155893,171,0.6501901140684411,15.13773265595773,6.424019429613545,0.0003304536743628367,-0.06678863875638497,0.0,0.01516641260821736,softmax_logistic_classifier__raw_primary_with_maturity__best_candidate__C_0p03__class_weight_balanced__penalty_l2,softmax_logistic_classifier,"LogisticRegression(C=0.03,class_weight='balanced')",raw_primary_with_maturity,best_candidate,"{""C"": 0.03, ""class_weight"": ""balanced"", ""penalty"": ""l2""}"
softmax_logistic_classifier__best_candidate,softmax_logistic,classification,bbob_train,FE_ratio,FE_ratio=0.28,,,0.28,19440,1516,0.07798353909465021,-0.06678863875638497,-0.05595944523593056,294.83506110374555,top_05,0.8237638461698825,1109,0.05704732510288066,-0.020367802346411737,261,0.17216358839050133,0.19912857470373377,0.23534715960324618,848,0.7646528403967539,81.29797829244774,-22.587892802170614,-0.0011619286420869659,-0.06678863875638497,0.0,0.01516641260821736,softmax_logistic_classifier__raw_primary_with_maturity__best_candidate__C_0p03__class_weight_balanced__penalty_l2,softmax_logistic_classifier,"LogisticRegression(C=0.03,class_weight='balanced')",raw_primary_with_maturity,best_candidate,"{""C"": 0.03, ""class_weight"": ""balanced"", ""penalty"": ""l2""}"
softmax_logistic_classifier__best_candidate,softmax_logistic,classification,bbob_train,FE_ratio,FE_ratio=0.28,,,0.28,19440,1516,0.07798353909465021,-0.06678863875638497,-0.05595944523593056,294.83506110374555,top_10,0.7440825872157155,2624,0.13497942386831277,-0.03811979951508272,527,0.3476253298153034,0.35019183297900297,0.20083841463414634,2097,0.7991615853658537,203.27518440197406,-100.02635392757708,-0.005145388576521455,-0.06678863875638497,0.0,0.01516641260821736,softmax_logistic_classifier__raw_primary_with_maturity__best_candidate__C_0p03__class_weight_balanced__penalty_l2,softmax_logistic_classifier,"LogisticRegression(C=0.03,class_weight='balanced')",raw_primary_with_maturity,best_candidate,"{""C"": 0.03, ""class_weight"": ""balanced"", ""penalty"": ""l2""}"
softmax_logistic_classifier__best_candidate,softmax_logistic,classification,bbob_train,FE_ratio,FE_ratio=0.28,,,0.28,19440,1516,0.07798353909465021,-0.06678863875638497,-0.05595944523593056,294.83506110374555,top_20,0.6200937772031847,6338,0.3260288065843621,-0.04998252123413549,1077,0.7104221635883905,0.6944754249980941,0.16992742189965288,5261,0.8300725781003471,521.5449239463135,-316.78921958195076,-0.016295741748042734,-0.06678863875638497,0.0,0.01516641260821736,softmax_logistic_classifier__raw_primary_with_maturity__best_candidate__C_0p03__class_weight_balanced__penalty_l2,softmax_logistic_classifier,"LogisticRegression(C=0.03,class_weight='balanced')",raw_primary_with_maturity,best_candidate,"{""C"": 0.03, ""class_weight"": ""balanced"", ""penalty"": ""l2""}"
softmax_logistic_classifier__best_candidate,softmax_logistic,classification,bbob_train,FE_ratio,FE_ratio=0.3,,,0.3,19440,1403,0.07217078189300412,-0.07045501341769796,-0.05769358257385397,275.8794546370344,zero,0.0,19440,1.0,-0.07045501341769796,1403,1.0,1.0,0.07217078189300412,18037,0.9278292181069959,1645.5249154770827,-1369.6454608400484,-0.07045501341769796,-0.07045501341769796,0.0,0.014191329971040865,softmax_logistic_classifier__raw_primary_with_maturity__best_candidate__C_0p03__class_weight_balanced__penalty_l2,softmax_logistic_classifier,"LogisticRegression(C=0.03,class_weight='balanced')",raw_primary_with_maturity,best_candidate,"{""C"": 0.03, ""class_weight"": ""balanced"", ""penalty"": ""l2""}"
softmax_logistic_classifier__best_candidate,softmax_logistic,classification,bbob_train,FE_ratio,FE_ratio=0.3,,,0.3,19440,1403,0.07217078189300412,-0.07045501341769796,-0.05769358257385397,275.8794546370344,train_utility,0.9172326240639169,549,0.02824074074074074,0.032655097558770274,197,0.14041339985744833,0.18137009353447842,0.3588342440801457,352,0.6411657559198543,32.108633931994945,17.92764855976489,0.0009222041440208276,-0.07045501341769796,0.0,0.014191329971040865,softmax_logistic_classifier__raw_primary_with_maturity__best_candidate__C_0p03__class_weight_balanced__penalty_l2,softmax_logistic_classifier,"LogisticRegression(C=0.03,class_weight='balanced')",raw_primary_with_maturity,best_candidate,"{""C"": 0.03, ""class_weight"": ""balanced"", ""penalty"": ""l2""}"
softmax_logistic_classifier__best_candidate,softmax_logistic,classification,bbob_train,FE_ratio,FE_ratio=0.3,,,0.3,19440,1403,0.07217078189300412,-0.07045501341769796,-0.05769358257385397,275.8794546370344,top_05,0.8237638461698825,2201,0.1132201646090535,-0.01968719073176179,547,0.38987883107626514,0.46573243559226657,0.24852339845524762,1654,0.7514766015447524,171.81751713857997,-43.331506800607706,-0.0022289869753399027,-0.07045501341769796,0.0,0.014191329971040865,softmax_logistic_classifier__raw_primary_with_maturity__best_candidate__C_0p03__class_weight_balanced__penalty_l2,softmax_logistic_classifier,"LogisticRegression(C=0.03,class_weight='balanced')",raw_primary_with_maturity,best_candidate,"{""C"": 0.03, ""class_weight"": ""balanced"", ""penalty"": ""l2""}"
softmax_logistic_classifier__best_candidate,softmax_logistic,classification,bbob_train,FE_ratio,FE_ratio=0.3,,,0.3,19440,1403,0.07217078189300412,-0.07045501341769796,-0.05769358257385397,275.8794546370344,top_10,0.7440825872157155,3678,0.18919753086419752,-0.04007001476495428,735,0.5238774055595153,0.599548302955568,0.199836867862969,2943,0.8001631321370309,312.78057315344347,-147.37751430550185,-0.007581147855221289,-0.07045501341769796,0.0,0.014191329971040865,softmax_logistic_classifier__raw_primary_with_maturity__best_candidate__C_0p03__class_weight_balanced__penalty_l2,softmax_logistic_classifier,"LogisticRegression(C=0.03,class_weight='balanced')",raw_primary_with_maturity,best_candidate,"{""C"": 0.03, ""class_weight"": ""balanced"", ""penalty"": ""l2""}"
softmax_logistic_classifier__best_candidate,softmax_logistic,classification,bbob_train,FE_ratio,FE_ratio=0.3,,,0.3,19440,1403,0.07217078189300412,-0.07045501341769796,-0.05769358257385397,275.8794546370344,top_20,0.6200937772031847,6173,0.3175411522633745,-0.05048473921971095,1039,0.7405559515324305,0.7537510959864242,0.16831362384578,5134,0.83168637615422,519.5867364960774,-311.64229520327564,-0.016030982263542985,-0.07045501341769796,0.0,0.014191329971040865,softmax_logistic_classifier__raw_primary_with_maturity__best_candidate__C_0p03__class_weight_balanced__penalty_l2,softmax_logistic_classifier,"LogisticRegression(C=0.03,class_weight='balanced')",raw_primary_with_maturity,best_candidate,"{""C"": 0.03, ""class_weight"": ""balanced"", ""penalty"": ""l2""}"
softmax_logistic_classifier__best_candidate,softmax_logistic,classification,bbob_train,FE_ratio,FE_ratio=0.35,,,0.35,19440,1388,0.07139917695473251,-0.07482964941049443,-0.062069321341436653,257.6511044439708,zero,0.0,19440,1.0,-0.07482964941049443,1388,1.0,1.0,0.07139917695473251,18052,0.9286008230452675,1712.3394889839824,-1454.6883845400116,-0.07482964941049443,-0.07482964941049443,0.0,0.013253657636006727,softmax_logistic_classifier__raw_primary_with_maturity__best_candidate__C_0p03__class_weight_balanced__penalty_l2,softmax_logistic_classifier,"LogisticRegression(C=0.03,class_weight='balanced')",raw_primary_with_maturity,best_candidate,"{""C"": 0.03, ""class_weight"": ""balanced"", ""penalty"": ""l2""}"
softmax_logistic_classifier__best_candidate,softmax_logistic,classification,bbob_train,FE_ratio,FE_ratio=0.35,,,0.35,19440,1388,0.07139917695473251,-0.07482964941049443,-0.062069321341436653,257.6511044439708,train_utility,0.9172326240639169,350,0.01800411522633745,0.03933907746463341,133,0.09582132564841499,0.12282812791103177,0.38,217,0.62,17.87812570044096,13.768677112621683,0.0007082652835710742,-0.07482964941049443,0.0,0.013253657636006727,softmax_logistic_classifier__raw_primary_with_maturity__best_candidate__C_0p03__class_weight_balanced__penalty_l2,softmax_logistic_classifier,"LogisticRegression(C=0.03,class_weight='balanced')",raw_primary_with_maturity,best_candidate,"{""C"": 0.03, ""class_weight"": ""balanced"", ""penalty"": ""l2""}"
softmax_logistic_classifier__best_candidate,softmax_logistic,classification,bbob_train,FE_ratio,FE_ratio=0.35,,,0.35,19440,1388,0.07139917695473251,-0.07482964941049443,-0.062069321341436653,257.6511044439708,top_05,0.8237638461698825,1321,0.06795267489711934,0.003104172111954472,406,0.29250720461095103,0.3380039472490721,0.30734292202876606,915,0.6926570779712339,82.98647895525322,4.100611359891856,0.00021093679834834647,-0.07482964941049443,0.0,0.013253657636006727,softmax_logistic_classifier__raw_primary_with_maturity__best_candidate__C_0p03__class_weight_balanced__penalty_l2,softmax_logistic_classifier,"LogisticRegression(C=0.03,class_weight='balanced')",raw_primary_with_maturity,best_candidate,"{""C"": 0.03, ""class_weight"": ""balanced"", ""penalty"": ""l2""}"
softmax_logistic_classifier__best_candidate,softmax_logistic,classification,bbob_train,FE_ratio,FE_ratio=0.35,,,0.35,19440,1388,0.07139917695473251,-0.07482964941049443,-0.062069321341436653,257.6511044439708,top_10,0.7440825872157155,2311,0.11887860082304527,-0.019628935055846557,588,0.42363112391930835,0.4836798034167885,0.2544353093898745,1723,0.7455646906101255,169.98310446163964,-45.362468914061395,-0.0023334603350854627,-0.07482964941049443,0.0,0.013253657636006727,softmax_logistic_classifier__raw_primary_with_maturity__best_candidate__C_0p03__class_weight_balanced__penalty_l2,softmax_logistic_classifier,"LogisticRegression(C=0.03,class_weight='balanced')",raw_primary_with_maturity,best_candidate,"{""C"": 0.03, ""class_weight"": ""balanced"", ""penalty"": ""l2""}"
softmax_logistic_classifier__best_candidate,softmax_logistic,classification,bbob_train,FE_ratio,FE_ratio=0.35,,,0.35,19440,1388,0.07139917695473251,-0.07482964941049443,-0.062069321341436653,257.6511044439708,top_20,0.6200937772031847,3990,0.2052469135802469,-0.0418156730473273,835,0.6015850144092219,0.6603801242741114,0.20927318295739347,3155,0.7907268170426065,336.9922038309074,-166.84453545883588,-0.008582537832244644,-0.07482964941049443,0.0,0.013253657636006727,softmax_logistic_classifier__raw_primary_with_maturity__best_candidate__C_0p03__class_weight_balanced__penalty_l2,softmax_logistic_classifier,"LogisticRegression(C=0.03,class_weight='balanced')",raw_primary_with_maturity,best_candidate,"{""C"": 0.03, ""class_weight"": ""balanced"", ""penalty"": ""l2""}"
softmax_logistic_classifier__best_candidate,softmax_logistic,classification,bbob_train,FE_ratio,FE_ratio=0.4,,,0.4,19440,1376,0.07078189300411522,-0.08176159053440116,-0.06731035034538017,252.55187921031478,zero,0.0,19440,1.0,-0.08176159053440116,1376,1.0,1.0,0.07078189300411522,18064,0.9292181069958848,1841.9971991990733,-1589.4453199887585,-0.08176159053440116,-0.08176159053440116,0.0,0.012991351811230182,softmax_logistic_classifier__raw_primary_with_maturity__best_candidate__C_0p03__class_weight_balanced__penalty_l2,softmax_logistic_classifier,"LogisticRegression(C=0.03,class_weight='balanced')",raw_primary_with_maturity,best_candidate,"{""C"": 0.03, ""class_weight"": ""balanced"", ""penalty"": ""l2""}"
softmax_logistic_classifier__best_candidate,softmax_logistic,classification,bbob_train,FE_ratio,FE_ratio=0.4,,,0.4,19440,1376,0.07078189300411522,-0.08176159053440116,-0.06731035034538017,252.55187921031478,train_utility,0.9172326240639169,243,0.0125,0.03236542204030324,86,0.0625,0.08371450688086551,0.35390946502057613,157,0.6460905349794238,13.27745847413372,7.864797555793683,0.0004045677755037903,-0.08176159053440116,0.0,0.012991351811230182,softmax_logistic_classifier__raw_primary_with_maturity__best_candidate__C_0p03__class_weight_balanced__penalty_l2,softmax_logistic_classifier,"LogisticRegression(C=0.03,class_weight='balanced')",raw_primary_with_maturity,best_candidate,"{""C"": 0.03, ""class_weight"": ""balanced"", ""penalty"": ""l2""}"
softmax_logistic_classifier__best_candidate,softmax_logistic,classification,bbob_train,FE_ratio,FE_ratio=0.4,,,0.4,19440,1376,0.07078189300411522,-0.08176159053440116,-0.06731035034538017,252.55187921031478,top_05,0.8237638461698825,1052,0.05411522633744856,-0.012431355909419921,301,0.21875,0.24396909983489742,0.28612167300380226,751,0.7138783269961977,74.692641049262,-13.077786416709756,-0.0006727256387196376,-0.08176159053440116,0.0,0.012991351811230182,softmax_logistic_classifier__raw_primary_with_maturity__best_candidate__C_0p03__class_weight_balanced__penalty_l2,softmax_logistic_classifier,"LogisticRegression(C=0.03,class_weight='balanced')",raw_primary_with_maturity,best_candidate,"{""C"": 0.03, ""class_weight"": ""balanced"", ""penalty"": ""l2""}"
softmax_logistic_classifier__best_candidate,softmax_logistic,classification,bbob_train,FE_ratio,FE_ratio=0.4,,,0.4,19440,1376,0.07078189300411522,-0.08176159053440116,-0.06731035034538017,252.55187921031478,top_10,0.7440825872157155,1937,0.09963991769547326,-0.02465551713016888,496,0.36046511627906974,0.4447356030211106,0.2560660815694373,1441,0.7439339184305628,160.07654897585115,-47.757736681137125,-0.002456673697589358,-0.08176159053440116,0.0,0.012991351811230182,softmax_logistic_classifier__raw_primary_with_maturity__best_candidate__C_0p03__class_weight_balanced__penalty_l2,softmax_logistic_classifier,"LogisticRegression(C=0.03,class_weight='balanced')",raw_primary_with_maturity,best_candidate,"{""C"": 0.03, ""class_weight"": ""balanced"", ""penalty"": ""l2""}"
softmax_logistic_classifier__best_candidate,softmax_logistic,classification,bbob_train,FE_ratio,FE_ratio=0.4,,,0.4,19440,1376,0.07078189300411522,-0.08176159053440116,-0.06731035034538017,252.55187921031478,top_20,0.6200937772031847,3364,0.17304526748971194,-0.04483030112417164,706,0.5130813953488372,0.625679418002249,0.20986920332936979,2658,0.7901307966706302,308.82564578139744,-150.8091329817134,-0.007757671449676614,-0.08176159053440116,0.0,0.012991351811230182,softmax_logistic_classifier__raw_primary_with_maturity__best_candidate__C_0p03__class_weight_balanced__penalty_l2,softmax_logistic_classifier,"LogisticRegression(C=0.03,class_weight='balanced')",raw_primary_with_maturity,best_candidate,"{""C"": 0.03, ""class_weight"": ""balanced"", ""penalty"": ""l2""}"
softmax_logistic_classifier__best_candidate,softmax_logistic,classification,bbob_train,FE_ratio,FE_ratio=0.45,,,0.45,19440,911,0.04686213991769547,-0.09574364894010993,-0.0740343803226563,214.80823720368133,zero,0.0,19440,1.0,-0.09574364894010993,911,1.0,1.0,0.04686213991769547,18529,0.9531378600823045,2076.0647725994186,-1861.256535395737,-0.09574364894010993,-0.09574364894010993,0.0,0.011049806440518587,softmax_logistic_classifier__raw_primary_with_maturity__best_candidate__C_0p03__class_weight_balanced__penalty_l2,softmax_logistic_classifier,"LogisticRegression(C=0.03,class_weight='balanced')",raw_primary_with_maturity,best_candidate,"{""C"": 0.03, ""class_weight"": ""balanced"", ""penalty"": ""l2""}"
softmax_logistic_classifier__best_candidate,softmax_logistic,classification,bbob_train,FE_ratio,FE_ratio=0.45,,,0.45,19440,911,0.04686213991769547,-0.09574364894010993,-0.0740343803226563,214.80823720368133,train_utility,0.9172326240639169,193,0.00992798353909465,-0.0010003362766499737,67,0.07354555433589462,0.056623488895454877,0.3471502590673575,126,0.6528497409326425,12.356256735348332,-0.19306490139344556,-9.931322088140203e-06,-0.09574364894010993,0.0,0.011049806440518587,softmax_logistic_classifier__raw_primary_with_maturity__best_candidate__C_0p03__class_weight_balanced__penalty_l2,softmax_logistic_classifier,"LogisticRegression(C=0.03,class_weight='balanced')",raw_primary_with_maturity,best_candidate,"{""C"": 0.03, ""class_weight"": ""balanced"", ""penalty"": ""l2""}"
softmax_logistic_classifier__best_candidate,softmax_logistic,classification,bbob_train,FE_ratio,FE_ratio=0.45,,,0.45,19440,911,0.04686213991769547,-0.09574364894010993,-0.0740343803226563,214.80823720368133,top_05,0.8237638461698825,852,0.043827160493827164,-0.02490149384505029,231,0.2535675082327113,0.22096937913542677,0.2711267605633803,621,0.7288732394366197,68.6821155640558,-21.216072755982843,-0.0010913617672830681,-0.09574364894010993,0.0,0.011049806440518587,softmax_logistic_classifier__raw_primary_with_maturity__best_candidate__C_0p03__class_weight_balanced__penalty_l2,softmax_logistic_classifier,"LogisticRegression(C=0.03,class_weight='balanced')",raw_primary_with_maturity,best_candidate,"{""C"": 0.03, ""class_weight"": ""balanced"", ""penalty"": ""l2""}"
softmax_logistic_classifier__best_candidate,softmax_logistic,classification,bbob_train,FE_ratio,FE_ratio=0.45,,,0.45,19440,911,0.04686213991769547,-0.09574364894010993,-0.0740343803226563,214.80823720368133,top_10,0.7440825872157155,1564,0.08045267489711934,-0.03957933759153409,358,0.3929747530186608,0.37719230742868326,0.2289002557544757,1206,0.7710997442455243,142.9260986387038,-61.90208399315932,-0.003184263579895027,-0.09574364894010993,0.0,0.011049806440518587,softmax_logistic_classifier__raw_primary_with_maturity__best_candidate__C_0p03__class_weight_balanced__penalty_l2,softmax_logistic_classifier,"LogisticRegression(C=0.03,class_weight='balanced')",raw_primary_with_maturity,best_candidate,"{""C"": 0.03, ""class_weight"": ""balanced"", ""penalty"": ""l2""}"
softmax_logistic_classifier__best_candidate,softmax_logistic,classification,bbob_train,FE_ratio,FE_ratio=0.45,,,0.45,19440,911,0.04686213991769547,-0.09574364894010993,-0.0740343803226563,214.80823720368133,top_20,0.6200937772031847,2903,0.1493312757201646,-0.06766959982456111,514,0.5642151481888035,0.575559780730985,0.17705821563899415,2389,0.8229417843610058,320.0798301948612,-196.44484829070092,-0.010105187669274738,-0.09574364894010993,0.0,0.011049806440518587,softmax_logistic_classifier__raw_primary_with_maturity__best_candidate__C_0p03__class_weight_balanced__penalty_l2,softmax_logistic_classifier,"LogisticRegression(C=0.03,class_weight='balanced')",raw_primary_with_maturity,best_candidate,"{""C"": 0.03, ""class_weight"": ""balanced"", ""penalty"": ""l2""}"
softmax_logistic_classifier__best_candidate,softmax_logistic,classification,bbob_train,FE_ratio,FE_ratio=0.5,,,0.5,19440,752,0.03868312757201646,-0.10761678906395437,-0.08153801385084204,216.74610973067038,zero,0.0,19440,1.0,-0.10761678906395437,752,1.0,1.0,0.03868312757201646,18688,0.9613168724279836,2308.8164891339434,-2092.070379403273,-0.10761678906395437,-0.10761678906395437,0.0,0.011149491241289628,softmax_logistic_classifier__raw_primary_with_maturity__best_candidate__C_0p03__class_weight_balanced__penalty_l2,softmax_logistic_classifier,"LogisticRegression(C=0.03,class_weight='balanced')",raw_primary_with_maturity,best_candidate,"{""C"": 0.03, ""class_weight"": ""balanced"", ""penalty"": ""l2""}"
softmax_logistic_classifier__best_candidate,softmax_logistic,classification,bbob_train,FE_ratio,FE_ratio=0.5,,,0.5,19440,752,0.03868312757201646,-0.10761678906395437,-0.08153801385084204,216.74610973067038,train_utility,0.9172326240639169,146,0.007510288065843622,-0.008735909823616952,42,0.05585106382978723,0.04407281509879546,0.2876712328767123,104,0.7123287671232876,10.828054051791144,-1.2754428342480748,-6.560919929259644e-05,-0.10761678906395437,0.0,0.011149491241289628,softmax_logistic_classifier__raw_primary_with_maturity__best_candidate__C_0p03__class_weight_balanced__penalty_l2,softmax_logistic_classifier,"LogisticRegression(C=0.03,class_weight='balanced')",raw_primary_with_maturity,best_candidate,"{""C"": 0.03, ""class_weight"": ""balanced"", ""penalty"": ""l2""}"
softmax_logistic_classifier__best_candidate,softmax_logistic,classification,bbob_train,FE_ratio,FE_ratio=0.5,,,0.5,19440,752,0.03868312757201646,-0.10761678906395437,-0.08153801385084204,216.74610973067038,top_05,0.8237638461698825,712,0.03662551440329218,-0.03084116472951262,176,0.23404255319148937,0.17638980716838573,0.24719101123595505,536,0.7528089887640449,60.19071378730371,-21.95890928741299,-0.0011295735230150714,-0.10761678906395437,0.0,0.011149491241289628,softmax_logistic_classifier__raw_primary_with_maturity__best_candidate__C_0p03__class_weight_balanced__penalty_l2,softmax_logistic_classifier,"LogisticRegression(C=0.03,class_weight='balanced')",raw_primary_with_maturity,best_candidate,"{""C"": 0.03, ""class_weight"": ""balanced"", ""penalty"": ""l2""}"
softmax_logistic_classifier__best_candidate,softmax_logistic,classification,bbob_train,FE_ratio,FE_ratio=0.5,,,0.5,19440,752,0.03868312757201646,-0.10761678906395437,-0.08153801385084204,216.74610973067038,top_10,0.7440825872157155,1349,0.06939300411522634,-0.035460257769855424,295,0.39228723404255317,0.3575724870225061,0.21868050407709413,1054,0.7813194959229058,125.33833324038382,-47.835887731534974,-0.0024606938133505643,-0.10761678906395437,0.0,0.011149491241289628,softmax_logistic_classifier__raw_primary_with_maturity__best_candidate__C_0p03__class_weight_balanced__penalty_l2,softmax_logistic_classifier,"LogisticRegression(C=0.03,class_weight='balanced')",raw_primary_with_maturity,best_candidate,"{""C"": 0.03, ""class_weight"": ""balanced"", ""penalty"": ""l2""}"
softmax_logistic_classifier__best_candidate,softmax_logistic,classification,bbob_train,FE_ratio,FE_ratio=0.5,,,0.5,19440,752,0.03868312757201646,-0.10761678906395437,-0.08153801385084204,216.74610973067038,top_20,0.6200937772031847,2585,0.13297325102880658,-0.07421767550290337,440,0.5851063829787234,0.5609600340139691,0.1702127659574468,2145,0.8297872340425532,313.43859626191755,-191.8526911750052,-0.009868965595422078,-0.10761678906395437,0.0,0.011149491241289628,softmax_logistic_classifier__raw_primary_with_maturity__best_candidate__C_0p03__class_weight_balanced__penalty_l2,softmax_logistic_classifier,"LogisticRegression(C=0.03,class_weight='balanced')",raw_primary_with_maturity,best_candidate,"{""C"": 0.03, ""class_weight"": ""balanced"", ""penalty"": ""l2""}"
softmax_logistic_classifier__best_candidate,softmax_logistic,classification,bbob_train,FE_ratio,FE_ratio=0.55,,,0.55,19440,784,0.040329218106995884,-0.12055088341199817,-0.09047622006570433,212.50845114181092,zero,0.0,19440,1.0,-0.12055088341199817,784,1.0,1.0,0.040329218106995884,18656,0.9596707818930041,2556.0176246710553,-2343.5091735292444,-0.12055088341199817,-0.12055088341199817,0.0,0.010931504688364757,softmax_logistic_classifier__raw_primary_with_maturity__best_candidate__C_0p03__class_weight_balanced__penalty_l2,softmax_logistic_classifier,"LogisticRegression(C=0.03,class_weight='balanced')",raw_primary_with_maturity,best_candidate,"{""C"": 0.03, ""class_weight"": ""balanced"", ""penalty"": ""l2""}"
softmax_logistic_classifier__best_candidate,softmax_logistic,classification,bbob_train,FE_ratio,FE_ratio=0.55,,,0.55,19440,784,0.040329218106995884,-0.12055088341199817,-0.09047622006570433,212.50845114181092,train_utility,0.9172326240639169,98,0.0050411522633744855,-0.03227114423351911,25,0.03188775510204082,0.020791477551888315,0.25510204081632654,73,0.7448979591836735,7.580936826386389,-3.162572134884873,-0.00016268375179448935,-0.12055088341199817,0.0,0.010931504688364757,softmax_logistic_classifier__raw_primary_with_maturity__best_candidate__C_0p03__class_weight_balanced__penalty_l2,softmax_logistic_classifier,"LogisticRegression(C=0.03,class_weight='balanced')",raw_primary_with_maturity,best_candidate,"{""C"": 0.03, ""class_weight"": ""balanced"", ""penalty"": ""l2""}"
softmax_logistic_classifier__best_candidate,softmax_logistic,classification,bbob_train,FE_ratio,FE_ratio=0.55,,,0.55,19440,784,0.040329218106995884,-0.12055088341199817,-0.09047622006570433,212.50845114181092,top_05,0.8237638461698825,509,0.026183127572016462,-0.04698217497271036,125,0.15943877551020408,0.13127492249214961,0.2455795677799607,384,0.7544204322200393,51.81095751367757,-23.913927061109575,-0.0012301402809212745,-0.12055088341199817,0.0,0.010931504688364757,softmax_logistic_classifier__raw_primary_with_maturity__best_candidate__C_0p03__class_weight_balanced__penalty_l2,softmax_logistic_classifier,"LogisticRegression(C=0.03,class_weight='balanced')",raw_primary_with_maturity,best_candidate,"{""C"": 0.03, ""class_weight"": ""balanced"", ""penalty"": ""l2""}"
softmax_logistic_classifier__best_candidate,softmax_logistic,classification,bbob_train,FE_ratio,FE_ratio=0.55,,,0.55,19440,784,0.040329218106995884,-0.12055088341199817,-0.09047622006570433,212.50845114181092,top_10,0.7440825872157155,1123,0.057767489711934156,-0.05667081985491776,244,0.3112244897959184,0.26848015865337826,0.21727515583259127,879,0.7827248441674087,120.69563337480973,-63.64133069707265,-0.003273731002935836,-0.12055088341199817,0.0,0.010931504688364757,softmax_logistic_classifier__raw_primary_with_maturity__best_candidate__C_0p03__class_weight_balanced__penalty_l2,softmax_logistic_classifier,"LogisticRegression(C=0.03,class_weight='balanced')",raw_primary_with_maturity,best_candidate,"{""C"": 0.03, ""class_weight"": ""balanced"", ""penalty"": ""l2""}"
softmax_logistic_classifier__best_candidate,softmax_logistic,classification,bbob_train,FE_ratio,FE_ratio=0.55,,,0.55,19440,784,0.040329218106995884,-0.12055088341199817,-0.09047622006570433,212.50845114181092,top_20,0.6200937772031847,2228,0.11460905349794238,-0.08789130998476925,387,0.49362244897959184,0.4697799462464969,0.1736983842010772,1841,0.8263016157989228,295.65404740039213,-195.8218386460659,-0.010073139848048657,-0.12055088341199817,0.0,0.010931504688364757,softmax_logistic_classifier__raw_primary_with_maturity__best_candidate__C_0p03__class_weight_balanced__penalty_l2,softmax_logistic_classifier,"LogisticRegression(C=0.03,class_weight='balanced')",raw_primary_with_maturity,best_candidate,"{""C"": 0.03, ""class_weight"": ""balanced"", ""penalty"": ""l2""}"
softmax_logistic_classifier__best_candidate,softmax_logistic,classification,bbob_train,FE_ratio,FE_ratio=0.6,,,0.6,19440,624,0.03209876543209877,-0.13902174819174842,-0.10198680721304745,192.65175785948037,zero,0.0,19440,1.0,-0.13902174819174842,624,1.0,1.0,0.03209876543209877,18816,0.9679012345679012,2895.2345427070695,-2702.582784847589,-0.13902174819174842,-0.13902174819174842,0.0,0.009910069848738701,softmax_logistic_classifier__raw_primary_with_maturity__best_candidate__C_0p03__class_weight_balanced__penalty_l2,softmax_logistic_classifier,"LogisticRegression(C=0.03,class_weight='balanced')",raw_primary_with_maturity,best_candidate,"{""C"": 0.03, ""class_weight"": ""balanced"", ""penalty"": ""l2""}"
softmax_logistic_classifier__best_candidate,softmax_logistic,classification,bbob_train,FE_ratio,FE_ratio=0.6,,,0.6,19440,624,0.03209876543209877,-0.13902174819174842,-0.10198680721304745,192.65175785948037,train_utility,0.9172326240639169,84,0.004320987654320987,-0.06539002483920589,11,0.017628205128205128,0.016322971804463342,0.13095238095238096,73,0.8690476190476191,8.637411298113893,-5.492762086493297,-0.0002825494900459515,-0.13902174819174842,0.0,0.009910069848738701,softmax_logistic_classifier__raw_primary_with_maturity__best_candidate__C_0p03__class_weight_balanced__penalty_l2,softmax_logistic_classifier,"LogisticRegression(C=0.03,class_weight='balanced')",raw_primary_with_maturity,best_candidate,"{""C"": 0.03, ""class_weight"": ""balanced"", ""penalty"": ""l2""}"
softmax_logistic_classifier__best_candidate,softmax_logistic,classification,bbob_train,FE_ratio,FE_ratio=0.6,,,0.6,19440,624,0.03209876543209877,-0.13902174819174842,-0.10198680721304745,192.65175785948037,top_05,0.8237638461698825,414,0.021296296296296296,-0.0723519047273015,59,0.09455128205128205,0.08026383783888126,0.14251207729468598,355,0.857487922705314,45.416658009311575,-29.953688557102822,-0.0015408276006740134,-0.13902174819174842,0.0,0.009910069848738701,softmax_logistic_classifier__raw_primary_with_maturity__best_candidate__C_0p03__class_weight_balanced__penalty_l2,softmax_logistic_classifier,"LogisticRegression(C=0.03,class_weight='balanced')",raw_primary_with_maturity,best_candidate,"{""C"": 0.03, ""class_weight"": ""balanced"", ""penalty"": ""l2""}"
softmax_logistic_classifier__best_candidate,softmax_logistic,classification,bbob_train,FE_ratio,FE_ratio=0.6,,,0.6,19440,624,0.03209876543209877,-0.13902174819174842,-0.10198680721304745,192.65175785948037,top_10,0.7440825872157155,926,0.04763374485596708,-0.08818796320172528,135,0.21634615384615385,0.1662585203509981,0.14578833693304535,791,0.8542116630669546,113.6920501295336,-81.66205392479762,-0.004200722938518396,-0.13902174819174842,0.0,0.009910069848738701,softmax_logistic_classifier__raw_primary_with_maturity__best_candidate__C_0p03__class_weight_balanced__penalty_l2,softmax_logistic_classifier,"LogisticRegression(C=0.03,class_weight='balanced')",raw_primary_with_maturity,best_candidate,"{""C"": 0.03, ""class_weight"": ""balanced"", ""penalty"": ""l2""}"
softmax_logistic_classifier__best_candidate,softmax_logistic,classification,bbob_train,FE_ratio,FE_ratio=0.6,,,0.6,19440,624,0.03209876543209877,-0.13902174819174842,-0.10198680721304745,192.65175785948037,top_20,0.6200937772031847,1887,0.0970679012345679,-0.10755697821367659,247,0.3958333333333333,0.3803604977370275,0.13089560148383678,1640,0.8691043985161632,276.23713639855293,-202.96001788920773,-0.010440330138333731,-0.13902174819174842,0.0,0.009910069848738701,softmax_logistic_classifier__raw_primary_with_maturity__best_candidate__C_0p03__class_weight_balanced__penalty_l2,softmax_logistic_classifier,"LogisticRegression(C=0.03,class_weight='balanced')",raw_primary_with_maturity,best_candidate,"{""C"": 0.03, ""class_weight"": ""balanced"", ""penalty"": ""l2""}"
softmax_logistic_classifier__best_candidate,softmax_logistic,classification,bbob_validation,all,all,,,,64800,3745,0.05779320987654321,-0.09152940558707323,-0.07597107961327272,743.0385345915533,zero,0.0,64799,0.9999845679012346,-0.09152856235100151,3745,1.0,1.0,0.05779410176082964,61054,0.9422058982391703,6673.9978463741,-5930.959311782547,-0.09152714987318745,-0.09152940558707323,0.0,0.011466644052338786,softmax_logistic_classifier__raw_primary_with_maturity__best_candidate__C_0p03__class_weight_balanced__penalty_l2,softmax_logistic_classifier,"LogisticRegression(C=0.03,class_weight='balanced')",raw_primary_with_maturity,best_candidate,"{""C"": 0.03, ""class_weight"": ""balanced"", ""penalty"": ""l2""}"
softmax_logistic_classifier__best_candidate,softmax_logistic,classification,bbob_validation,all,all,,,,64800,3745,0.05779320987654321,-0.09152940558707323,-0.07597107961327272,743.0385345915533,train_utility,0.9172326240639169,2415,0.03726851851851852,0.1105273107490749,742,0.19813084112149532,0.5455379751268944,0.3072463768115942,1673,0.6927536231884058,138.43228214331504,266.9234554590159,0.004119189127453949,-0.09152940558707323,0.0,0.011466644052338786,softmax_logistic_classifier__raw_primary_with_maturity__best_candidate__C_0p03__class_weight_balanced__penalty_l2,softmax_logistic_classifier,"LogisticRegression(C=0.03,class_weight='balanced')",raw_primary_with_maturity,best_candidate,"{""C"": 0.03, ""class_weight"": ""balanced"", ""penalty"": ""l2""}"
softmax_logistic_classifier__best_candidate,softmax_logistic,classification,bbob_validation,all,all,,,,64800,3745,0.05779320987654321,-0.09152940558707323,-0.07597107961327272,743.0385345915533,top_05,0.8237638461698825,4310,0.06651234567901235,0.021655438457936726,957,0.2555407209612817,0.597603506059311,0.2220417633410673,3353,0.7779582366589327,350.7074936553776,93.33493975370735,0.0014403540085448664,-0.09152940558707323,0.0,0.011466644052338786,softmax_logistic_classifier__raw_primary_with_maturity__best_candidate__C_0p03__class_weight_balanced__penalty_l2,softmax_logistic_classifier,"LogisticRegression(C=0.03,class_weight='balanced')",raw_primary_with_maturity,best_candidate,"{""C"": 0.03, ""class_weight"": ""balanced"", ""penalty"": ""l2""}"
softmax_logistic_classifier__best_candidate,softmax_logistic,classification,bbob_validation,all,all,,,,64800,3745,0.05779320987654321,-0.09152940558707323,-0.07597107961327272,743.0385345915533,top_10,0.7440825872157155,8118,0.12527777777777777,-0.032106630171945975,1446,0.3861148197596796,0.678831469912145,0.17812269031781228,6672,0.8218773096821878,765.0395643740078,-260.6416237358575,-0.004022247279874344,-0.09152940558707323,0.0,0.011466644052338786,softmax_logistic_classifier__raw_primary_with_maturity__best_candidate__C_0p03__class_weight_balanced__penalty_l2,softmax_logistic_classifier,"LogisticRegression(C=0.03,class_weight='balanced')",raw_primary_with_maturity,best_candidate,"{""C"": 0.03, ""class_weight"": ""balanced"", ""penalty"": ""l2""}"
softmax_logistic_classifier__best_candidate,softmax_logistic,classification,bbob_validation,all,all,,,,64800,3745,0.05779320987654321,-0.09152940558707323,-0.07597107961327272,743.0385345915533,top_20,0.6200937772031847,15821,0.24415123456790122,-0.06359890170414652,2284,0.6098798397863818,0.795910473154005,0.14436508438151824,13537,0.8556349156184818,1597.590375499724,-1006.1982238613022,-0.01552775036822997,-0.09152940558707323,0.0,0.011466644052338786,softmax_logistic_classifier__raw_primary_with_maturity__best_candidate__C_0p03__class_weight_balanced__penalty_l2,softmax_logistic_classifier,"LogisticRegression(C=0.03,class_weight='balanced')",raw_primary_with_maturity,best_candidate,"{""C"": 0.03, ""class_weight"": ""balanced"", ""penalty"": ""l2""}"
softmax_logistic_classifier__best_candidate,softmax_logistic,classification,bbob_validation,label_source,label_source=changed_algorithm,changed_algorithm,,,16560,2549,0.15392512077294687,-0.05116247729341551,-0.06176568779918107,607.1864253523988,zero,0.0,16560,1.0,-0.05116247729341551,2549,1.0,1.0,0.15392512077294687,14011,0.8460748792270532,1454.43704933136,-847.2506239789609,-0.05116247729341551,-0.05116247729341551,0.0,0.036665846941569984,softmax_logistic_classifier__raw_primary_with_maturity__best_candidate__C_0p03__class_weight_balanced__penalty_l2,softmax_logistic_classifier,"LogisticRegression(C=0.03,class_weight='balanced')",raw_primary_with_maturity,best_candidate,"{""C"": 0.03, ""class_weight"": ""balanced"", ""penalty"": ""l2""}"
softmax_logistic_classifier__best_candidate,softmax_logistic,classification,bbob_validation,label_source,label_source=changed_algorithm,changed_algorithm,,,16560,2549,0.15392512077294687,-0.05116247729341551,-0.06176568779918107,607.1864253523988,train_utility,0.9172326240639169,758,0.04577294685990338,0.5292814932240646,714,0.2801098469988231,0.6622764714958256,0.941952506596306,44,0.05804749340369393,0.9299114587091303,401.195371863841,0.02422677366327542,-0.05116247729341551,0.0,0.036665846941569984,softmax_logistic_classifier__raw_primary_with_maturity__best_candidate__C_0p03__class_weight_balanced__penalty_l2,softmax_logistic_classifier,"LogisticRegression(C=0.03,class_weight='balanced')",raw_primary_with_maturity,best_candidate,"{""C"": 0.03, ""class_weight"": ""balanced"", ""penalty"": ""l2""}"
softmax_logistic_classifier__best_candidate,softmax_logistic,classification,bbob_validation,label_source,label_source=changed_algorithm,changed_algorithm,,,16560,2549,0.15392512077294687,-0.05116247729341551,-0.06176568779918107,607.1864253523988,top_05,0.8237638461698825,1071,0.06467391304347826,0.3767922672123835,823,0.32287171439780304,0.6963106512106219,0.7684407096171803,248,0.2315592903828198,19.245857058915725,403.54451818446273,0.024368630325148716,-0.05116247729341551,0.0,0.036665846941569984,softmax_logistic_classifier__raw_primary_with_maturity__best_candidate__C_0p03__class_weight_balanced__penalty_l2,softmax_logistic_classifier,"LogisticRegression(C=0.03,class_weight='balanced')",raw_primary_with_maturity,best_candidate,"{""C"": 0.03, ""class_weight"": ""balanced"", ""penalty"": ""l2""}"
softmax_logistic_classifier__best_candidate,softmax_logistic,classification,bbob_validation,label_source,label_source=changed_algorithm,changed_algorithm,,,16560,2549,0.15392512077294687,-0.05116247729341551,-0.06176568779918107,607.1864253523988,top_10,0.7440825872157155,1923,0.1161231884057971,0.20241815149414813,1105,0.4335033346410357,0.7580521809104075,0.5746229849193968,818,0.4253770150806032,71.02888863433346,389.2501053232468,0.023505441142708142,-0.05116247729341551,0.0,0.036665846941569984,softmax_logistic_classifier__raw_primary_with_maturity__best_candidate__C_0p03__class_weight_balanced__penalty_l2,softmax_logistic_classifier,"LogisticRegression(C=0.03,class_weight='balanced')",raw_primary_with_maturity,best_candidate,"{""C"": 0.03, ""class_weight"": ""balanced"", ""penalty"": ""l2""}"
softmax_logistic_classifier__best_candidate,softmax_logistic,classification,bbob_validation,label_source,label_source=changed_algorithm,changed_algorithm,,,16560,2549,0.15392512077294687,-0.05116247729341551,-0.06176568779918107,607.1864253523988,top_20,0.6200937772031847,4001,0.2416062801932367,0.07297886753412787,1636,0.6418203216947823,0.8512759802432038,0.40889777555611095,2365,0.591102224443889,224.8947704281847,291.9884490040455,0.0176321527176356,-0.05116247729341551,0.0,0.036665846941569984,softmax_logistic_classifier__raw_primary_with_maturity__best_candidate__C_0p03__class_weight_balanced__penalty_l2,softmax_logistic_classifier,"LogisticRegression(C=0.03,class_weight='balanced')",raw_primary_with_maturity,best_candidate,"{""C"": 0.03, ""class_weight"": ""balanced"", ""penalty"": ""l2""}"
softmax_logistic_classifier__best_candidate,softmax_logistic,classification,bbob_validation,label_source,label_source=same_algorithm,same_algorithm,,,48240,1196,0.024792703150912105,-0.10538670932967216,-0.08462815497687234,135.85210923915443,zero,0.0,48239,0.9999792703150913,-0.10538586388199561,1196,1.0,1.0,0.0247932171064906,47043,0.9752067828935094,5219.560797042741,-5083.708687803586,-0.1053836792662435,-0.10538670932967216,0.0,0.0028161714187221066,softmax_logistic_classifier__raw_primary_with_maturity__best_candidate__C_0p03__class_weight_balanced__penalty_l2,softmax_logistic_classifier,"LogisticRegression(C=0.03,class_weight='balanced')",raw_primary_with_maturity,best_candidate,"{""C"": 0.03, ""class_weight"": ""balanced"", ""penalty"": ""l2""}"
softmax_logistic_classifier__best_candidate,softmax_logistic,classification,bbob_validation,label_source,label_source=same_algorithm,same_algorithm,,,48240,1196,0.024792703150912105,-0.10538670932967216,-0.08462815497687234,135.85210923915443,train_utility,0.9172326240639169,1657,0.03434908789386401,-0.081033142066883,28,0.023411371237458192,0.02377919855549593,0.016898008449004225,1629,0.9831019915509958,137.5023706846059,-134.27191640482513,-0.0027834145191713336,-0.10538670932967216,0.0,0.0028161714187221066,softmax_logistic_classifier__raw_primary_with_maturity__best_candidate__C_0p03__class_weight_balanced__penalty_l2,softmax_logistic_classifier,"LogisticRegression(C=0.03,class_weight='balanced')",raw_primary_with_maturity,best_candidate,"{""C"": 0.03, ""class_weight"": ""balanced"", ""penalty"": ""l2""}"
softmax_logistic_classifier__best_candidate,softmax_logistic,classification,bbob_validation,label_source,label_source=same_algorithm,same_algorithm,,,48240,1196,0.024792703150912105,-0.10538670932967216,-0.08462815497687234,135.85210923915443,top_05,0.8237638461698825,3239,0.06714344941956882,-0.09577325669365713,134,0.11204013377926421,0.15643524627427222,0.04137079345476999,3105,0.95862920654523,331.4616365964619,-310.20957843075547,-0.006430546816557949,-0.10538670932967216,0.0,0.0028161714187221066,softmax_logistic_classifier__raw_primary_with_maturity__best_candidate__C_0p03__class_weight_balanced__penalty_l2,softmax_logistic_classifier,"LogisticRegression(C=0.03,class_weight='balanced')",raw_primary_with_maturity,best_candidate,"{""C"": 0.03, ""class_weight"": ""balanced"", ""penalty"": ""l2""}"
softmax_logistic_classifier__best_candidate,softmax_logistic,classification,bbob_validation,label_source,label_source=same_algorithm,same_algorithm,,,48240,1196,0.024792703150912105,-0.10538670932967216,-0.08462815497687234,135.85210923915443,top_10,0.7440825872157155,6195,0.12842039800995025,-0.10490584811284978,341,0.28511705685618727,0.32475717107124913,0.055044390637610977,5854,0.944955609362389,694.0106757396743,-649.8917290591043,-0.013472050768223554,-0.10538670932967216,0.0,0.0028161714187221066,softmax_logistic_classifier__raw_primary_with_maturity__best_candidate__C_0p03__class_weight_balanced__penalty_l2,softmax_logistic_classifier,"LogisticRegression(C=0.03,class_weight='balanced')",raw_primary_with_maturity,best_candidate,"{""C"": 0.03, ""class_weight"": ""balanced"", ""penalty"": ""l2""}"
softmax_logistic_classifier__best_candidate,softmax_logistic,classification,bbob_validation,label_source,label_source=same_algorithm,same_algorithm,,,48240,1196,0.024792703150912105,-0.10538670932967216,-0.08462815497687234,135.85210923915443,top_20,0.6200937772031847,11820,0.24502487562189054,-0.10982966775510555,648,0.5418060200668896,0.5484562044968011,0.05482233502538071,11172,0.9451776649746193,1372.695605071539,-1298.1866728653476,-0.0269110006812883,-0.10538670932967216,0.0,0.0028161714187221066,softmax_logistic_classifier__raw_primary_with_maturity__best_candidate__C_0p03__class_weight_balanced__penalty_l2,softmax_logistic_classifier,"LogisticRegression(C=0.03,class_weight='balanced')",raw_primary_with_maturity,best_candidate,"{""C"": 0.03, ""class_weight"": ""balanced"", ""penalty"": ""l2""}"
softmax_logistic_classifier__best_candidate,softmax_logistic,classification,bbob_validation,dimension,dimension=10,,10.0,,21600,1470,0.06805555555555555,-0.040708791525251226,-0.036659214049790265,260.3480860696287,zero,0.0,21600,1.0,-0.040708791525251226,1470,1.0,1.0,0.06805555555555555,20130,0.9319444444444445,1139.657983015055,-879.3098969454265,-0.040708791525251226,-0.040708791525251226,0.0,0.01205315213285318,softmax_logistic_classifier__raw_primary_with_maturity__best_candidate__C_0p03__class_weight_balanced__penalty_l2,softmax_logistic_classifier,"LogisticRegression(C=0.03,class_weight='balanced')",raw_primary_with_maturity,best_candidate,"{""C"": 0.03, ""class_weight"": ""balanced"", ""penalty"": ""l2""}"
softmax_logistic_classifier__best_candidate,softmax_logistic,classification,bbob_validation,dimension,dimension=10,,10.0,,21600,1470,0.06805555555555555,-0.040708791525251226,-0.036659214049790265,260.3480860696287,train_utility,0.9172326240639169,765,0.035416666666666666,0.17666286220223798,266,0.18095238095238095,0.5757945964312898,0.3477124183006536,499,0.6522875816993464,14.759931565408504,135.14708958471206,0.006256809702995929,-0.040708791525251226,0.0,0.01205315213285318,softmax_logistic_classifier__raw_primary_with_maturity__best_candidate__C_0p03__class_weight_balanced__penalty_l2,softmax_logistic_classifier,"LogisticRegression(C=0.03,class_weight='balanced')",raw_primary_with_maturity,best_candidate,"{""C"": 0.03, ""class_weight"": ""balanced"", ""penalty"": ""l2""}"
softmax_logistic_classifier__best_candidate,softmax_logistic,classification,bbob_validation,dimension,dimension=10,,10.0,,21600,1470,0.06805555555555555,-0.040708791525251226,-0.036659214049790265,260.3480860696287,top_05,0.8237638461698825,1220,0.05648148148148148,0.10049631492816472,330,0.22448979591836735,0.6213703090602625,0.27049180327868855,890,0.7295081967213115,39.16706649197208,122.60550421236096,0.005676180750572266,-0.040708791525251226,0.0,0.01205315213285318,softmax_logistic_classifier__raw_primary_with_maturity__best_candidate__C_0p03__class_weight_balanced__penalty_l2,softmax_logistic_classifier,"LogisticRegression(C=0.03,class_weight='balanced')",raw_primary_with_maturity,best_candidate,"{""C"": 0.03, ""class_weight"": ""balanced"", ""penalty"": ""l2""}"
softmax_logistic_classifier__best_candidate,softmax_logistic,classification,bbob_validation,dimension,dimension=10,,10.0,,21600,1470,0.06805555555555555,-0.040708791525251226,-0.036659214049790265,260.3480860696287,top_10,0.7440825872157155,2306,0.10675925925925926,0.035629173635733286,493,0.33537414965986395,0.6814352788577713,0.21379011274934953,1813,0.7862098872506504,95.2494962269435,82.16087440400092,0.003803744185370413,-0.040708791525251226,0.0,0.01205315213285318,softmax_logistic_classifier__raw_primary_with_maturity__best_candidate__C_0p03__class_weight_balanced__penalty_l2,softmax_logistic_classifier,"LogisticRegression(C=0.03,class_weight='balanced')",raw_primary_with_maturity,best_candidate,"{""C"": 0.03, ""class_weight"": ""balanced"", ""penalty"": ""l2""}"
softmax_logistic_classifier__best_candidate,softmax_logistic,classification,bbob_validation,dimension,dimension=10,,10.0,,21600,1470,0.06805555555555555,-0.040708791525251226,-0.036659214049790265,260.3480860696287,top_20,0.6200937772031847,4973,0.23023148148148148,-0.006886191716408275,850,0.5782312925170068,0.7890173052582213,0.17092298411421677,4123,0.8290770158857832,239.6641767054923,-34.24503140569837,-0.0015854181206341837,-0.040708791525251226,0.0,0.01205315213285318,softmax_logistic_classifier__raw_primary_with_maturity__best_candidate__C_0p03__class_weight_balanced__penalty_l2,softmax_logistic_classifier,"LogisticRegression(C=0.03,class_weight='balanced')",raw_primary_with_maturity,best_candidate,"{""C"": 0.03, ""class_weight"": ""balanced"", ""penalty"": ""l2""}"
softmax_logistic_classifier__best_candidate,softmax_logistic,classification,bbob_validation,dimension,dimension=20,,20.0,,21600,1908,0.08833333333333333,-0.05664202206459035,-0.0679457754312032,392.4289080321196,zero,0.0,21600,1.0,-0.05664202206459035,1908,1.0,1.0,0.08833333333333333,19692,0.9116666666666666,1615.8965846272713,-1223.4676765951515,-0.05664202206459035,-0.05664202206459035,0.0,0.018168005001487023,softmax_logistic_classifier__raw_primary_with_maturity__best_candidate__C_0p03__class_weight_balanced__penalty_l2,softmax_logistic_classifier,"LogisticRegression(C=0.03,class_weight='balanced')",raw_primary_with_maturity,best_candidate,"{""C"": 0.03, ""class_weight"": ""balanced"", ""penalty"": ""l2""}"
softmax_logistic_classifier__best_candidate,softmax_logistic,classification,bbob_validation,dimension,dimension=20,,20.0,,21600,1908,0.08833333333333333,-0.05664202206459035,-0.0679457754312032,392.4289080321196,train_utility,0.9172326240639169,813,0.03763888888888889,0.2505605548453215,387,0.2028301886792453,0.5750207488335627,0.47601476014760147,426,0.5239852398523985,21.949033471320284,203.70573108924643,0.009430820883761409,-0.05664202206459035,0.0,0.018168005001487023,softmax_logistic_classifier__raw_primary_with_maturity__best_candidate__C_0p03__class_weight_balanced__penalty_l2,softmax_logistic_classifier,"LogisticRegression(C=0.03,class_weight='balanced')",raw_primary_with_maturity,best_candidate,"{""C"": 0.03, ""class_weight"": ""balanced"", ""penalty"": ""l2""}"
softmax_logistic_classifier__best_candidate,softmax_logistic,classification,bbob_validation,dimension,dimension=20,,20.0,,21600,1908,0.08833333333333333,-0.05664202206459035,-0.0679457754312032,392.4289080321196,top_05,0.8237638461698825,1399,0.06476851851851852,0.13125650219983803,493,0.2583857442348008,0.6108113449318012,0.35239456754824877,906,0.6476054324517513,56.072182527643676,183.62784657757342,0.008501289193406177,-0.05664202206459035,0.0,0.018168005001487023,softmax_logistic_classifier__raw_primary_with_maturity__best_candidate__C_0p03__class_weight_balanced__penalty_l2,softmax_logistic_classifier,"LogisticRegression(C=0.03,class_weight='balanced')",raw_primary_with_maturity,best_candidate,"{""C"": 0.03, ""class_weight"": ""balanced"", ""penalty"": ""l2""}"
softmax_logistic_classifier__best_candidate,softmax_logistic,classification,bbob_validation,dimension,dimension=20,,20.0,,21600,1908,0.08833333333333333,-0.05664202206459035,-0.0679457754312032,392.4289080321196,top_10,0.7440825872157155,2728,0.1262962962962963,0.046441561708534224,752,0.3941299790356394,0.6882439295371126,0.2756598240469208,1976,0.7243401759530792,143.3942333871027,126.69258034088136,0.0058653972380037665,-0.05664202206459035,0.0,0.018168005001487023,softmax_logistic_classifier__raw_primary_with_maturity__best_candidate__C_0p03__class_weight_balanced__penalty_l2,softmax_logistic_classifier,"LogisticRegression(C=0.03,class_weight='balanced')",raw_primary_with_maturity,best_candidate,"{""C"": 0.03, ""class_weight"": ""balanced"", ""penalty"": ""l2""}"
softmax_logistic_classifier__best_candidate,softmax_logistic,classification,bbob_validation,dimension,dimension=20,,20.0,,21600,1908,0.08833333333333333,-0.05664202206459035,-0.0679457754312032,392.4289080321196,top_20,0.6200937772031847,5270,0.2439814814814815,-0.0009555550620044122,1174,0.6153039832285115,0.8069107744318933,0.22277039848197344,4096,0.7772296015180266,321.690889266423,-5.035775176763224,-0.00023313773966496406,-0.05664202206459035,0.0,0.018168005001487023,softmax_logistic_classifier__raw_primary_with_maturity__best_candidate__C_0p03__class_weight_balanced__penalty_l2,softmax_logistic_classifier,"LogisticRegression(C=0.03,class_weight='balanced')",raw_primary_with_maturity,best_candidate,"{""C"": 0.03, ""class_weight"": ""balanced"", ""penalty"": ""l2""}"
softmax_logistic_classifier__best_candidate,softmax_logistic,classification,bbob_validation,dimension,dimension=40,,40.0,,21600,367,0.01699074074074074,-0.17723740317137815,-0.16708161511555475,90.26154048980496,zero,0.0,21599,0.9999537037037037,-0.17723884153164357,367,1.0,1.0,0.016991527385527106,21232,0.9830084726144729,3918.4432787317746,-3828.1817382419695,-0.1772306360297208,-0.17723740317137815,0.0,0.004178775022676155,softmax_logistic_classifier__raw_primary_with_maturity__best_candidate__C_0p03__class_weight_balanced__penalty_l2,softmax_logistic_classifier,"LogisticRegression(C=0.03,class_weight='balanced')",raw_primary_with_maturity,best_candidate,"{""C"": 0.03, ""class_weight"": ""balanced"", ""penalty"": ""l2""}"
softmax_logistic_classifier__best_candidate,softmax_logistic,classification,bbob_validation,dimension,dimension=40,,40.0,,21600,367,0.01699074074074074,-0.17723740317137815,-0.16708161511555475,90.26154048980496,train_utility,0.9172326240639169,837,0.03875,-0.08593711495214167,89,0.24250681198910082,0.33008468202477553,0.1063321385902031,748,0.8936678614097969,101.72331710658625,-71.92936521494258,-0.0033300632043954895,-0.17723740317137815,0.0,0.004178775022676155,softmax_logistic_classifier__raw_primary_with_maturity__best_candidate__C_0p03__class_weight_balanced__penalty_l2,softmax_logistic_classifier,"LogisticRegression(C=0.03,class_weight='balanced')",raw_primary_with_maturity,best_candidate,"{""C"": 0.03, ""class_weight"": ""balanced"", ""penalty"": ""l2""}"
softmax_logistic_classifier__best_candidate,softmax_logistic,classification,bbob_validation,dimension,dimension=40,,40.0,,21600,367,0.01699074074074074,-0.17723740317137815,-0.16708161511555475,90.26154048980496,top_05,0.8237638461698825,1691,0.07828703703703704,-0.12590089357553344,134,0.3651226158038147,0.47162759873728355,0.07924305144884683,1557,0.9207569485511532,255.46824463576186,-212.89841103622706,-0.009856407918343845,-0.17723740317137815,0.0,0.004178775022676155,softmax_logistic_classifier__raw_primary_with_maturity__best_candidate__C_0p03__class_weight_balanced__penalty_l2,softmax_logistic_classifier,"LogisticRegression(C=0.03,class_weight='balanced')",raw_primary_with_maturity,best_candidate,"{""C"": 0.03, ""class_weight"": ""balanced"", ""penalty"": ""l2""}"
softmax_logistic_classifier__best_candidate,softmax_logistic,classification,bbob_validation,dimension,dimension=40,,40.0,,21600,367,0.01699074074074074,-0.17723740317137815,-0.16708161511555475,90.26154048980496,top_10,0.7440825872157155,3084,0.14277777777777778,-0.15223575826223731,201,0.547683923705722,0.6303986833201543,0.0651750972762646,2883,0.9348249027237354,526.3958347599616,-469.49507848073983,-0.021735883262997215,-0.17723740317137815,0.0,0.004178775022676155,softmax_logistic_classifier__raw_primary_with_maturity__best_candidate__C_0p03__class_weight_balanced__penalty_l2,softmax_logistic_classifier,"LogisticRegression(C=0.03,class_weight='balanced')",raw_primary_with_maturity,best_candidate,"{""C"": 0.03, ""class_weight"": ""balanced"", ""penalty"": ""l2""}"
softmax_logistic_classifier__best_candidate,softmax_logistic,classification,bbob_validation,dimension,dimension=40,,40.0,,21600,367,0.01699074074074074,-0.17723740317137815,-0.16708161511555475,90.26154048980496,top_20,0.6200937772031847,5578,0.2582407407407407,-0.17334482202919335,260,0.7084468664850136,0.7679670862342237,0.046611688777339545,5318,0.9533883112226604,1036.2353095278083,-966.9174172788405,-0.044764695244390765,-0.17723740317137815,0.0,0.004178775022676155,softmax_logistic_classifier__raw_primary_with_maturity__best_candidate__C_0p03__class_weight_balanced__penalty_l2,softmax_logistic_classifier,"LogisticRegression(C=0.03,class_weight='balanced')",raw_primary_with_maturity,best_candidate,"{""C"": 0.03, ""class_weight"": ""balanced"", ""penalty"": ""l2""}"
softmax_logistic_classifier__best_candidate,softmax_logistic,classification,bbob_validation,FE_ratio,FE_ratio=0.2,,,0.2,6480,296,0.04567901234567901,-0.07854640971495502,-0.05432046807708305,38.557426800468264,zero,0.0,6480,1.0,-0.07854640971495502,296,1.0,1.0,0.04567901234567901,6184,0.9543209876543209,547.5381617533768,-508.98073495290856,-0.07854640971495502,-0.07854640971495502,0.0,0.005950220185257448,softmax_logistic_classifier__raw_primary_with_maturity__best_candidate__C_0p03__class_weight_balanced__penalty_l2,softmax_logistic_classifier,"LogisticRegression(C=0.03,class_weight='balanced')",raw_primary_with_maturity,best_candidate,"{""C"": 0.03, ""class_weight"": ""balanced"", ""penalty"": ""l2""}"
softmax_logistic_classifier__best_candidate,softmax_logistic,classification,bbob_validation,FE_ratio,FE_ratio=0.2,,,0.2,6480,296,0.04567901234567901,-0.07854640971495502,-0.05432046807708305,38.557426800468264,train_utility,0.9172326240639169,0,0.0,0.0,0,0.0,0.0,0.0,0,0.0,-0.0,0.0,0.0,-0.07854640971495502,0.0,0.005950220185257448,softmax_logistic_classifier__raw_primary_with_maturity__best_candidate__C_0p03__class_weight_balanced__penalty_l2,softmax_logistic_classifier,"LogisticRegression(C=0.03,class_weight='balanced')",raw_primary_with_maturity,best_candidate,"{""C"": 0.03, ""class_weight"": ""balanced"", ""penalty"": ""l2""}"
softmax_logistic_classifier__best_candidate,softmax_logistic,classification,bbob_validation,FE_ratio,FE_ratio=0.2,,,0.2,6480,296,0.04567901234567901,-0.07854640971495502,-0.05432046807708305,38.557426800468264,top_05,0.8237638461698825,0,0.0,0.0,0,0.0,0.0,0.0,0,0.0,-0.0,0.0,0.0,-0.07854640971495502,0.0,0.005950220185257448,softmax_logistic_classifier__raw_primary_with_maturity__best_candidate__C_0p03__class_weight_balanced__penalty_l2,softmax_logistic_classifier,"LogisticRegression(C=0.03,class_weight='balanced')",raw_primary_with_maturity,best_candidate,"{""C"": 0.03, ""class_weight"": ""balanced"", ""penalty"": ""l2""}"
softmax_logistic_classifier__best_candidate,softmax_logistic,classification,bbob_validation,FE_ratio,FE_ratio=0.2,,,0.2,6480,296,0.04567901234567901,-0.07854640971495502,-0.05432046807708305,38.557426800468264,top_10,0.7440825872157155,1,0.00015432098765432098,-0.10680172392417987,0,0.0,0.0,0.0,1,1.0,0.10680172392417987,-0.10680172392417987,-1.648174751916356e-05,-0.07854640971495502,0.0,0.005950220185257448,softmax_logistic_classifier__raw_primary_with_maturity__best_candidate__C_0p03__class_weight_balanced__penalty_l2,softmax_logistic_classifier,"LogisticRegression(C=0.03,class_weight='balanced')",raw_primary_with_maturity,best_candidate,"{""C"": 0.03, ""class_weight"": ""balanced"", ""penalty"": ""l2""}"
softmax_logistic_classifier__best_candidate,softmax_logistic,classification,bbob_validation,FE_ratio,FE_ratio=0.2,,,0.2,6480,296,0.04567901234567901,-0.07854640971495502,-0.05432046807708305,38.557426800468264,top_20,0.6200937772031847,206,0.03179012345679012,-0.05875800875841079,4,0.013513513513513514,0.007060768844307607,0.019417475728155338,202,0.9805825242718447,12.376394882102039,-12.104149804232623,-0.0018679243525050345,-0.07854640971495502,0.0,0.005950220185257448,softmax_logistic_classifier__raw_primary_with_maturity__best_candidate__C_0p03__class_weight_balanced__penalty_l2,softmax_logistic_classifier,"LogisticRegression(C=0.03,class_weight='balanced')",raw_primary_with_maturity,best_candidate,"{""C"": 0.03, ""class_weight"": ""balanced"", ""penalty"": ""l2""}"
softmax_logistic_classifier__best_candidate,softmax_logistic,classification,bbob_validation,FE_ratio,FE_ratio=0.25,,,0.25,6480,292,0.04506172839506173,-0.08209066348445634,-0.05811985784400571,35.463735190300596,zero,0.0,6480,1.0,-0.08209066348445634,292,1.0,1.0,0.04506172839506173,6188,0.9549382716049383,567.4112345695777,-531.9474993792771,-0.08209066348445634,-0.08209066348445634,0.0,0.005472798640478487,softmax_logistic_classifier__raw_primary_with_maturity__best_candidate__C_0p03__class_weight_balanced__penalty_l2,softmax_logistic_classifier,"LogisticRegression(C=0.03,class_weight='balanced')",raw_primary_with_maturity,best_candidate,"{""C"": 0.03, ""class_weight"": ""balanced"", ""penalty"": ""l2""}"
softmax_logistic_classifier__best_candidate,softmax_logistic,classification,bbob_validation,FE_ratio,FE_ratio=0.25,,,0.25,6480,292,0.04506172839506173,-0.08209066348445634,-0.05811985784400571,35.463735190300596,train_utility,0.9172326240639169,264,0.040740740740740744,-0.061673726464502115,1,0.003424657534246575,0.005530630144607276,0.003787878787878788,263,0.9962121212121212,16.478000589512405,-16.28186378662856,-0.002512633300405642,-0.08209066348445634,0.0,0.005472798640478487,softmax_logistic_classifier__raw_primary_with_maturity__best_candidate__C_0p03__class_weight_balanced__penalty_l2,softmax_logistic_classifier,"LogisticRegression(C=0.03,class_weight='balanced')",raw_primary_with_maturity,best_candidate,"{""C"": 0.03, ""class_weight"": ""balanced"", ""penalty"": ""l2""}"
softmax_logistic_classifier__best_candidate,softmax_logistic,classification,bbob_validation,FE_ratio,FE_ratio=0.25,,,0.25,6480,292,0.04506172839506173,-0.08209066348445634,-0.05811985784400571,35.463735190300596,top_05,0.8237638461698825,496,0.07654320987654321,-0.07971456990049629,33,0.11301369863013698,0.15656240169990598,0.06653225806451613,463,0.9334677419354839,45.09071422528909,-39.53842667064615,-0.00610160905411206,-0.08209066348445634,0.0,0.005472798640478487,softmax_logistic_classifier__raw_primary_with_maturity__best_candidate__C_0p03__class_weight_balanced__penalty_l2,softmax_logistic_classifier,"LogisticRegression(C=0.03,class_weight='balanced')",raw_primary_with_maturity,best_candidate,"{""C"": 0.03, ""class_weight"": ""balanced"", ""penalty"": ""l2""}"
softmax_logistic_classifier__best_candidate,softmax_logistic,classification,bbob_validation,FE_ratio,FE_ratio=0.25,,,0.25,6480,292,0.04506172839506173,-0.08209066348445634,-0.05811985784400571,35.463735190300596,top_10,0.7440825872157155,889,0.13719135802469135,-0.07900820282699021,92,0.3150684931506849,0.38284622197921947,0.10348706411698538,797,0.8965129358830146,83.81544934807238,-70.2382923131943,-0.010839242640925045,-0.08209066348445634,0.0,0.005472798640478487,softmax_logistic_classifier__raw_primary_with_maturity__best_candidate__C_0p03__class_weight_balanced__penalty_l2,softmax_logistic_classifier,"LogisticRegression(C=0.03,class_weight='balanced')",raw_primary_with_maturity,best_candidate,"{""C"": 0.03, ""class_weight"": ""balanced"", ""penalty"": ""l2""}"
softmax_logistic_classifier__best_candidate,softmax_logistic,classification,bbob_validation,FE_ratio,FE_ratio=0.25,,,0.25,6480,292,0.04506172839506173,-0.08209066348445634,-0.05811985784400571,35.463735190300596,top_20,0.6200937772031847,2168,0.3345679012345679,-0.08439946985684835,165,0.565068493150685,0.6385343359442579,0.0761070110701107,2003,0.9238929889298892,205.6228632494888,-182.9780506496472,-0.028237353495315927,-0.08209066348445634,0.0,0.005472798640478487,softmax_logistic_classifier__raw_primary_with_maturity__best_candidate__C_0p03__class_weight_balanced__penalty_l2,softmax_logistic_classifier,"LogisticRegression(C=0.03,class_weight='balanced')",raw_primary_with_maturity,best_candidate,"{""C"": 0.03, ""class_weight"": ""balanced"", ""penalty"": ""l2""}"
softmax_logistic_classifier__best_candidate,softmax_logistic,classification,bbob_validation,FE_ratio,FE_ratio=0.28,,,0.28,6480,274,0.042283950617283954,-0.08549062609263769,-0.060059978976886724,32.16164278161452,zero,0.0,6480,1.0,-0.08549062609263769,274,1.0,1.0,0.042283950617283954,6206,0.957716049382716,586.1408998619067,-553.9792570802922,-0.08549062609263769,-0.08549062609263769,0.0,0.004963216478644216,softmax_logistic_classifier__raw_primary_with_maturity__best_candidate__C_0p03__class_weight_balanced__penalty_l2,softmax_logistic_classifier,"LogisticRegression(C=0.03,class_weight='balanced')",raw_primary_with_maturity,best_candidate,"{""C"": 0.03, ""class_weight"": ""balanced"", ""penalty"": ""l2""}"
softmax_logistic_classifier__best_candidate,softmax_logistic,classification,bbob_validation,FE_ratio,FE_ratio=0.28,,,0.28,6480,274,0.042283950617283954,-0.08549062609263769,-0.060059978976886724,32.16164278161452,train_utility,0.9172326240639169,263,0.04058641975308642,-0.06072834333785098,7,0.025547445255474453,0.018277926977257115,0.026615969581749048,256,0.973384030418251,16.559402456085785,-15.971554297854807,-0.002464746033619569,-0.08549062609263769,0.0,0.004963216478644216,softmax_logistic_classifier__raw_primary_with_maturity__best_candidate__C_0p03__class_weight_balanced__penalty_l2,softmax_logistic_classifier,"LogisticRegression(C=0.03,class_weight='balanced')",raw_primary_with_maturity,best_candidate,"{""C"": 0.03, ""class_weight"": ""balanced"", ""penalty"": ""l2""}"
softmax_logistic_classifier__best_candidate,softmax_logistic,classification,bbob_validation,FE_ratio,FE_ratio=0.28,,,0.28,6480,274,0.042283950617283954,-0.08549062609263769,-0.060059978976886724,32.16164278161452,top_05,0.8237638461698825,493,0.07608024691358024,-0.07469920373863431,37,0.13503649635036497,0.16745397175299312,0.07505070993914807,456,0.9249492900608519,42.212302265029045,-36.82670744314672,-0.005683133864683135,-0.08549062609263769,0.0,0.004963216478644216,softmax_logistic_classifier__raw_primary_with_maturity__best_candidate__C_0p03__class_weight_balanced__penalty_l2,softmax_logistic_classifier,"LogisticRegression(C=0.03,class_weight='balanced')",raw_primary_with_maturity,best_candidate,"{""C"": 0.03, ""class_weight"": ""balanced"", ""penalty"": ""l2""}"
softmax_logistic_classifier__best_candidate,softmax_logistic,classification,bbob_validation,FE_ratio,FE_ratio=0.28,,,0.28,6480,274,0.042283950617283954,-0.08549062609263769,-0.060059978976886724,32.16164278161452,top_10,0.7440825872157155,835,0.12885802469135801,-0.08280365683299165,79,0.28832116788321166,0.3317265908566049,0.09461077844311377,756,0.9053892215568863,79.80992557184095,-69.14105345554805,-0.010669915656720378,-0.08549062609263769,0.0,0.004963216478644216,softmax_logistic_classifier__raw_primary_with_maturity__best_candidate__C_0p03__class_weight_balanced__penalty_l2,softmax_logistic_classifier,"LogisticRegression(C=0.03,class_weight='balanced')",raw_primary_with_maturity,best_candidate,"{""C"": 0.03, ""class_weight"": ""balanced"", ""penalty"": ""l2""}"
softmax_logistic_classifier__best_candidate,softmax_logistic,classification,bbob_validation,FE_ratio,FE_ratio=0.28,,,0.28,6480,274,0.042283950617283954,-0.08549062609263769,-0.060059978976886724,32.16164278161452,top_20,0.6200937772031847,1848,0.2851851851851852,-0.09105518374650065,158,0.5766423357664233,0.6384684203020349,0.0854978354978355,1690,0.9145021645021645,188.80417282462895,-168.26997956353318,-0.02596758943881685,-0.08549062609263769,0.0,0.004963216478644216,softmax_logistic_classifier__raw_primary_with_maturity__best_candidate__C_0p03__class_weight_balanced__penalty_l2,softmax_logistic_classifier,"LogisticRegression(C=0.03,class_weight='balanced')",raw_primary_with_maturity,best_candidate,"{""C"": 0.03, ""class_weight"": ""balanced"", ""penalty"": ""l2""}"
softmax_logistic_classifier__best_candidate,softmax_logistic,classification,bbob_validation,FE_ratio,FE_ratio=0.3,,,0.3,6480,284,0.043827160493827164,-0.08706332924379373,-0.061481761258876125,31.652929735382077,zero,0.0,6480,1.0,-0.08706332924379373,284,1.0,1.0,0.043827160493827164,6196,0.9561728395061728,595.8233032351654,-564.1703734997834,-0.08706332924379373,-0.08706332924379373,0.0,0.004884711378916987,softmax_logistic_classifier__raw_primary_with_maturity__best_candidate__C_0p03__class_weight_balanced__penalty_l2,softmax_logistic_classifier,"LogisticRegression(C=0.03,class_weight='balanced')",raw_primary_with_maturity,best_candidate,"{""C"": 0.03, ""class_weight"": ""balanced"", ""penalty"": ""l2""}"
softmax_logistic_classifier__best_candidate,softmax_logistic,classification,bbob_validation,FE_ratio,FE_ratio=0.3,,,0.3,6480,284,0.043827160493827164,-0.08706332924379373,-0.061481761258876125,31.652929735382077,train_utility,0.9172326240639169,302,0.04660493827160494,-0.07000163184428132,4,0.014084507042253521,0.011546872930859795,0.013245033112582781,298,0.9867549668874173,21.505985174516848,-21.140492816972955,-0.003262421731014345,-0.08706332924379373,0.0,0.004884711378916987,softmax_logistic_classifier__raw_primary_with_maturity__best_candidate__C_0p03__class_weight_balanced__penalty_l2,softmax_logistic_classifier,"LogisticRegression(C=0.03,class_weight='balanced')",raw_primary_with_maturity,best_candidate,"{""C"": 0.03, ""class_weight"": ""balanced"", ""penalty"": ""l2""}"
softmax_logistic_classifier__best_candidate,softmax_logistic,classification,bbob_validation,FE_ratio,FE_ratio=0.3,,,0.3,6480,284,0.043827160493827164,-0.08706332924379373,-0.061481761258876125,31.652929735382077,top_05,0.8237638461698825,955,0.14737654320987653,-0.08008100515756457,63,0.22183098591549297,0.27855263261000646,0.06596858638743455,892,0.9340314136125655,85.2943668330844,-76.47735992547418,-0.011802061716894163,-0.08706332924379373,0.0,0.004884711378916987,softmax_logistic_classifier__raw_primary_with_maturity__best_candidate__C_0p03__class_weight_balanced__penalty_l2,softmax_logistic_classifier,"LogisticRegression(C=0.03,class_weight='balanced')",raw_primary_with_maturity,best_candidate,"{""C"": 0.03, ""class_weight"": ""balanced"", ""penalty"": ""l2""}"
softmax_logistic_classifier__best_candidate,softmax_logistic,classification,bbob_validation,FE_ratio,FE_ratio=0.3,,,0.3,6480,284,0.043827160493827164,-0.08706332924379373,-0.061481761258876125,31.652929735382077,top_10,0.7440825872157155,1818,0.28055555555555556,-0.0788296465706904,182,0.6408450704225352,0.6877272408522586,0.1001100110011001,1636,0.8998899889988999,165.08087949731984,-143.31229746551512,-0.022116095287888136,-0.08706332924379373,0.0,0.004884711378916987,softmax_logistic_classifier__raw_primary_with_maturity__best_candidate__C_0p03__class_weight_balanced__penalty_l2,softmax_logistic_classifier,"LogisticRegression(C=0.03,class_weight='balanced')",raw_primary_with_maturity,best_candidate,"{""C"": 0.03, ""class_weight"": ""balanced"", ""penalty"": ""l2""}"
softmax_logistic_classifier__best_candidate,softmax_logistic,classification,bbob_validation,FE_ratio,FE_ratio=0.3,,,0.3,6480,284,0.043827160493827164,-0.08706332924379373,-0.061481761258876125,31.652929735382077,top_20,0.6200937772031847,2399,0.3702160493827161,-0.08017819875030979,266,0.9366197183098591,0.9243607458251603,0.11087953313880784,2133,0.8891204668611922,221.6062245397424,-192.3474988019932,-0.029683255987961912,-0.08706332924379373,0.0,0.004884711378916987,softmax_logistic_classifier__raw_primary_with_maturity__best_candidate__C_0p03__class_weight_balanced__penalty_l2,softmax_logistic_classifier,"LogisticRegression(C=0.03,class_weight='balanced')",raw_primary_with_maturity,best_candidate,"{""C"": 0.03, ""class_weight"": ""balanced"", ""penalty"": ""l2""}"
softmax_logistic_classifier__best_candidate,softmax_logistic,classification,bbob_validation,FE_ratio,FE_ratio=0.35,,,0.35,6480,256,0.03950617283950617,-0.09341559547051581,-0.06664570006608084,26.439322897806413,zero,0.0,6480,1.0,-0.09341559547051581,256,1.0,1.0,0.03950617283950617,6224,0.9604938271604938,631.7723815467489,-605.3330586489425,-0.09341559547051581,-0.09341559547051581,0.0,0.00408014242250099,softmax_logistic_classifier__raw_primary_with_maturity__best_candidate__C_0p03__class_weight_balanced__penalty_l2,softmax_logistic_classifier,"LogisticRegression(C=0.03,class_weight='balanced')",raw_primary_with_maturity,best_candidate,"{""C"": 0.03, ""class_weight"": ""balanced"", ""penalty"": ""l2""}"
softmax_logistic_classifier__best_candidate,softmax_logistic,classification,bbob_validation,FE_ratio,FE_ratio=0.35,,,0.35,6480,256,0.03950617283950617,-0.09341559547051581,-0.06664570006608084,26.439322897806413,train_utility,0.9172326240639169,276,0.04259259259259259,-0.06656091960174577,5,0.01953125,0.024201301803879992,0.018115942028985508,271,0.9818840579710145,19.01067984302188,-18.37081381008183,-0.0028350021311854675,-0.09341559547051581,0.0,0.00408014242250099,softmax_logistic_classifier__raw_primary_with_maturity__best_candidate__C_0p03__class_weight_balanced__penalty_l2,softmax_logistic_classifier,"LogisticRegression(C=0.03,class_weight='balanced')",raw_primary_with_maturity,best_candidate,"{""C"": 0.03, ""class_weight"": ""balanced"", ""penalty"": ""l2""}"
softmax_logistic_classifier__best_candidate,softmax_logistic,classification,bbob_validation,FE_ratio,FE_ratio=0.35,,,0.35,6480,256,0.03950617283950617,-0.09341559547051581,-0.06664570006608084,26.439322897806413,top_05,0.8237638461698825,577,0.08904320987654321,-0.09169449407347788,30,0.1171875,0.159273890498657,0.05199306759098787,547,0.9480069324090121,57.118816900480596,-52.907723080396735,-0.008164772080308138,-0.09341559547051581,0.0,0.00408014242250099,softmax_logistic_classifier__raw_primary_with_maturity__best_candidate__C_0p03__class_weight_balanced__penalty_l2,softmax_logistic_classifier,"LogisticRegression(C=0.03,class_weight='balanced')",raw_primary_with_maturity,best_candidate,"{""C"": 0.03, ""class_weight"": ""balanced"", ""penalty"": ""l2""}"
softmax_logistic_classifier__best_candidate,softmax_logistic,classification,bbob_validation,FE_ratio,FE_ratio=0.35,,,0.35,6480,256,0.03950617283950617,-0.09341559547051581,-0.06664570006608084,26.439322897806413,top_10,0.7440825872157155,1205,0.18595679012345678,-0.09186343288516712,95,0.37109375,0.4271103642228685,0.07883817427385892,1110,0.921161825726141,121.98794545931452,-110.69543662662637,-0.01708262910904728,-0.09341559547051581,0.0,0.00408014242250099,softmax_logistic_classifier__raw_primary_with_maturity__best_candidate__C_0p03__class_weight_balanced__penalty_l2,softmax_logistic_classifier,"LogisticRegression(C=0.03,class_weight='balanced')",raw_primary_with_maturity,best_candidate,"{""C"": 0.03, ""class_weight"": ""balanced"", ""penalty"": ""l2""}"
softmax_logistic_classifier__best_candidate,softmax_logistic,classification,bbob_validation,FE_ratio,FE_ratio=0.35,,,0.35,6480,256,0.03950617283950617,-0.09341559547051581,-0.06664570006608084,26.439322897806413,top_20,0.6200937772031847,2039,0.3146604938271605,-0.08578462187333047,202,0.7890625,0.7972113686081445,0.09906817067189799,1837,0.900931829328102,195.99257279215377,-174.91484399972086,-0.026993031481438404,-0.09341559547051581,0.0,0.00408014242250099,softmax_logistic_classifier__raw_primary_with_maturity__best_candidate__C_0p03__class_weight_balanced__penalty_l2,softmax_logistic_classifier,"LogisticRegression(C=0.03,class_weight='balanced')",raw_primary_with_maturity,best_candidate,"{""C"": 0.03, ""class_weight"": ""balanced"", ""penalty"": ""l2""}"
softmax_logistic_classifier__best_candidate,softmax_logistic,classification,bbob_validation,FE_ratio,FE_ratio=0.4,,,0.4,6480,800,0.12345679012345678,-0.07290554260108724,-0.07056462486829276,174.15917724891835,zero,0.0,6480,1.0,-0.07290554260108724,800,1.0,1.0,0.12345679012345678,5680,0.8765432098765432,646.5870933039637,-472.42791605504533,-0.07290554260108724,-0.07290554260108724,0.0,0.02687641624211703,softmax_logistic_classifier__raw_primary_with_maturity__best_candidate__C_0p03__class_weight_balanced__penalty_l2,softmax_logistic_classifier,"LogisticRegression(C=0.03,class_weight='balanced')",raw_primary_with_maturity,best_candidate,"{""C"": 0.03, ""class_weight"": ""balanced"", ""penalty"": ""l2""}"
softmax_logistic_classifier__best_candidate,softmax_logistic,classification,bbob_validation,FE_ratio,FE_ratio=0.4,,,0.4,6480,800,0.12345679012345678,-0.07290554260108724,-0.07056462486829276,174.15917724891835,train_utility,0.9172326240639169,270,0.041666666666666664,0.3488778158492279,207,0.25875,0.5905794336811645,0.7666666666666667,63,0.23333333333333334,8.657817990752218,94.19701027929152,0.014536575660384493,-0.07290554260108724,0.0,0.02687641624211703,softmax_logistic_classifier__raw_primary_with_maturity__best_candidate__C_0p03__class_weight_balanced__penalty_l2,softmax_logistic_classifier,"LogisticRegression(C=0.03,class_weight='balanced')",raw_primary_with_maturity,best_candidate,"{""C"": 0.03, ""class_weight"": ""balanced"", ""penalty"": ""l2""}"
softmax_logistic_classifier__best_candidate,softmax_logistic,classification,bbob_validation,FE_ratio,FE_ratio=0.4,,,0.4,6480,800,0.12345679012345678,-0.07290554260108724,-0.07056462486829276,174.15917724891835,top_05,0.8237638461698825,470,0.07253086419753087,0.17362166710289179,255,0.31875,0.634327160394082,0.5425531914893617,215,0.4574468085106383,28.871712822516837,81.60218353835916,0.012592929558388758,-0.07290554260108724,0.0,0.02687641624211703,softmax_logistic_classifier__raw_primary_with_maturity__best_candidate__C_0p03__class_weight_balanced__penalty_l2,softmax_logistic_classifier,"LogisticRegression(C=0.03,class_weight='balanced')",raw_primary_with_maturity,best_candidate,"{""C"": 0.03, ""class_weight"": ""balanced"", ""penalty"": ""l2""}"
softmax_logistic_classifier__best_candidate,softmax_logistic,classification,bbob_validation,FE_ratio,FE_ratio=0.4,,,0.4,6480,800,0.12345679012345678,-0.07290554260108724,-0.07056462486829276,174.15917724891835,top_10,0.7440825872157155,1002,0.15462962962962962,0.048930881856226675,376,0.47,0.7248662959047203,0.37524950099800397,626,0.624750499001996,77.21337409029796,49.02874361993912,0.007566164138879494,-0.07290554260108724,0.0,0.02687641624211703,softmax_logistic_classifier__raw_primary_with_maturity__best_candidate__C_0p03__class_weight_balanced__penalty_l2,softmax_logistic_classifier,"LogisticRegression(C=0.03,class_weight='balanced')",raw_primary_with_maturity,best_candidate,"{""C"": 0.03, ""class_weight"": ""balanced"", ""penalty"": ""l2""}"
softmax_logistic_classifier__best_candidate,softmax_logistic,classification,bbob_validation,FE_ratio,FE_ratio=0.4,,,0.4,6480,800,0.12345679012345678,-0.07290554260108724,-0.07056462486829276,174.15917724891835,top_20,0.6200937772031847,1861,0.28719135802469137,0.00044771436677988185,580,0.725,0.8631340542086049,0.31166039763567976,1281,0.6883396023643202,149.4895202999166,0.833196436577353,0.00012857969700267794,-0.07290554260108724,0.0,0.02687641624211703,softmax_logistic_classifier__raw_primary_with_maturity__best_candidate__C_0p03__class_weight_balanced__penalty_l2,softmax_logistic_classifier,"LogisticRegression(C=0.03,class_weight='balanced')",raw_primary_with_maturity,best_candidate,"{""C"": 0.03, ""class_weight"": ""balanced"", ""penalty"": ""l2""}"
softmax_logistic_classifier__best_candidate,softmax_logistic,classification,bbob_validation,FE_ratio,FE_ratio=0.45,,,0.45,6480,243,0.0375,-0.10186903427734409,-0.07939845101548082,50.56190594132994,zero,0.0,6479,0.9998456790123457,-0.10186219661327225,243,1.0,1.0,0.03750578793023615,6236,0.9624942120697638,710.5270777987209,-659.9651718573909,-0.10184647713848625,-0.10186903427734409,0.0,0.007802763262550918,softmax_logistic_classifier__raw_primary_with_maturity__best_candidate__C_0p03__class_weight_balanced__penalty_l2,softmax_logistic_classifier,"LogisticRegression(C=0.03,class_weight='balanced')",raw_primary_with_maturity,best_candidate,"{""C"": 0.03, ""class_weight"": ""balanced"", ""penalty"": ""l2""}"
softmax_logistic_classifier__best_candidate,softmax_logistic,classification,bbob_validation,FE_ratio,FE_ratio=0.45,,,0.45,6480,243,0.0375,-0.10186903427734409,-0.07939845101548082,50.56190594132994,train_utility,0.9172326240639169,269,0.041512345679012345,0.042452816342587206,36,0.14814814814814814,0.6265885470141368,0.13382899628252787,233,0.8661710037174721,20.261703581887414,11.419807596155957,0.0017623159870611045,-0.10186903427734409,0.0,0.007802763262550918,softmax_logistic_classifier__raw_primary_with_maturity__best_candidate__C_0p03__class_weight_balanced__penalty_l2,softmax_logistic_classifier,"LogisticRegression(C=0.03,class_weight='balanced')",raw_primary_with_maturity,best_candidate,"{""C"": 0.03, ""class_weight"": ""balanced"", ""penalty"": ""l2""}"
softmax_logistic_classifier__best_candidate,softmax_logistic,classification,bbob_validation,FE_ratio,FE_ratio=0.45,,,0.45,6480,243,0.0375,-0.10186903427734409,-0.07939845101548082,50.56190594132994,top_05,0.8237638461698825,388,0.059876543209876544,-0.010492334841693802,40,0.1646090534979424,0.6383658451054317,0.10309278350515463,348,0.8969072164948454,36.348019734955635,-4.071025918577197,-0.0006282447405211724,-0.10186903427734409,0.0,0.007802763262550918,softmax_logistic_classifier__raw_primary_with_maturity__best_candidate__C_0p03__class_weight_balanced__penalty_l2,softmax_logistic_classifier,"LogisticRegression(C=0.03,class_weight='balanced')",raw_primary_with_maturity,best_candidate,"{""C"": 0.03, ""class_weight"": ""balanced"", ""penalty"": ""l2""}"
softmax_logistic_classifier__best_candidate,softmax_logistic,classification,bbob_validation,FE_ratio,FE_ratio=0.45,,,0.45,6480,243,0.0375,-0.10186903427734409,-0.07939845101548082,50.56190594132994,top_10,0.7440825872157155,807,0.12453703703703704,-0.06599755766785485,68,0.27983539094650206,0.7094241927044433,0.08426270136307311,739,0.9157372986369269,89.12986834198485,-53.26002903795886,-0.008219140283635627,-0.10186903427734409,0.0,0.007802763262550918,softmax_logistic_classifier__raw_primary_with_maturity__best_candidate__C_0p03__class_weight_balanced__penalty_l2,softmax_logistic_classifier,"LogisticRegression(C=0.03,class_weight='balanced')",raw_primary_with_maturity,best_candidate,"{""C"": 0.03, ""class_weight"": ""balanced"", ""penalty"": ""l2""}"
softmax_logistic_classifier__best_candidate,softmax_logistic,classification,bbob_validation,FE_ratio,FE_ratio=0.45,,,0.45,6480,243,0.0375,-0.10186903427734409,-0.07939845101548082,50.56190594132994,top_20,0.6200937772031847,1666,0.25709876543209875,-0.08799022182440015,148,0.6090534979423868,0.8391887888031538,0.08883553421368548,1518,0.9111644657863145,189.0226941659343,-146.59170955945063,-0.02262217740114979,-0.10186903427734409,0.0,0.007802763262550918,softmax_logistic_classifier__raw_primary_with_maturity__best_candidate__C_0p03__class_weight_balanced__penalty_l2,softmax_logistic_classifier,"LogisticRegression(C=0.03,class_weight='balanced')",raw_primary_with_maturity,best_candidate,"{""C"": 0.03, ""class_weight"": ""balanced"", ""penalty"": ""l2""}"
softmax_logistic_classifier__best_candidate,softmax_logistic,classification,bbob_validation,FE_ratio,FE_ratio=0.5,,,0.5,6480,477,0.07361111111111111,-0.08578559846269349,-0.08202974076197492,151.15391573733473,zero,0.0,6480,1.0,-0.08578559846269349,477,1.0,1.0,0.07361111111111111,6003,0.9263888888888889,707.0445937755885,-555.8906780382538,-0.08578559846269349,-0.08578559846269349,0.0,0.023326221564403508,softmax_logistic_classifier__raw_primary_with_maturity__best_candidate__C_0p03__class_weight_balanced__penalty_l2,softmax_logistic_classifier,"LogisticRegression(C=0.03,class_weight='balanced')",raw_primary_with_maturity,best_candidate,"{""C"": 0.03, ""class_weight"": ""balanced"", ""penalty"": ""l2""}"
softmax_logistic_classifier__best_candidate,softmax_logistic,classification,bbob_validation,FE_ratio,FE_ratio=0.5,,,0.5,6480,477,0.07361111111111111,-0.08578559846269349,-0.08202974076197492,151.15391573733473,train_utility,0.9172326240639169,264,0.040740740740740744,0.46601357518969616,223,0.46750524109014674,0.8471658180298056,0.8446969696969697,41,0.1553030303030303,5.024846823947693,123.0275838500798,0.018985738248469105,-0.08578559846269349,0.0,0.023326221564403508,softmax_logistic_classifier__raw_primary_with_maturity__best_candidate__C_0p03__class_weight_balanced__penalty_l2,softmax_logistic_classifier,"LogisticRegression(C=0.03,class_weight='balanced')",raw_primary_with_maturity,best_candidate,"{""C"": 0.03, ""class_weight"": ""balanced"", ""penalty"": ""l2""}"
softmax_logistic_classifier__best_candidate,softmax_logistic,classification,bbob_validation,FE_ratio,FE_ratio=0.5,,,0.5,6480,477,0.07361111111111111,-0.08578559846269349,-0.08202974076197492,151.15391573733473,top_05,0.8237638461698825,344,0.05308641975308642,0.3325152023072261,230,0.48218029350104824,0.8587929928616277,0.6686046511627907,114,0.3313953488372093,15.424694085134167,114.3852295936858,0.01765204160396386,-0.08578559846269349,0.0,0.023326221564403508,softmax_logistic_classifier__raw_primary_with_maturity__best_candidate__C_0p03__class_weight_balanced__penalty_l2,softmax_logistic_classifier,"LogisticRegression(C=0.03,class_weight='balanced')",raw_primary_with_maturity,best_candidate,"{""C"": 0.03, ""class_weight"": ""balanced"", ""penalty"": ""l2""}"
softmax_logistic_classifier__best_candidate,softmax_logistic,classification,bbob_validation,FE_ratio,FE_ratio=0.5,,,0.5,6480,477,0.07361111111111111,-0.08578559846269349,-0.08202974076197492,151.15391573733473,top_10,0.7440825872157155,637,0.09830246913580247,0.12183681231830264,255,0.5345911949685535,0.8783496732742467,0.4003139717425432,382,0.5996860282574569,55.155943055252216,77.61004944675878,0.011976859482524502,-0.08578559846269349,0.0,0.023326221564403508,softmax_logistic_classifier__raw_primary_with_maturity__best_candidate__C_0p03__class_weight_balanced__penalty_l2,softmax_logistic_classifier,"LogisticRegression(C=0.03,class_weight='balanced')",raw_primary_with_maturity,best_candidate,"{""C"": 0.03, ""class_weight"": ""balanced"", ""penalty"": ""l2""}"
softmax_logistic_classifier__best_candidate,softmax_logistic,classification,bbob_validation,FE_ratio,FE_ratio=0.5,,,0.5,6480,477,0.07361111111111111,-0.08578559846269349,-0.08202974076197492,151.15391573733473,top_20,0.6200937772031847,1426,0.22006172839506172,-0.009641287211858432,330,0.6918238993710691,0.9174299819568854,0.2314165497896213,1096,0.7685834502103787,152.42160975172573,-13.748475564110137,-0.002121678327794774,-0.08578559846269349,0.0,0.023326221564403508,softmax_logistic_classifier__raw_primary_with_maturity__best_candidate__C_0p03__class_weight_balanced__penalty_l2,softmax_logistic_classifier,"LogisticRegression(C=0.03,class_weight='balanced')",raw_primary_with_maturity,best_candidate,"{""C"": 0.03, ""class_weight"": ""balanced"", ""penalty"": ""l2""}"
softmax_logistic_classifier__best_candidate,softmax_logistic,classification,bbob_validation,FE_ratio,FE_ratio=0.55,,,0.55,6480,376,0.05802469135802469,-0.11228594071878435,-0.09215825578698267,79.68497550744864,zero,0.0,6480,1.0,-0.11228594071878435,376,1.0,1.0,0.05802469135802469,6104,0.9419753086419753,807.2978713651713,-727.6128958577226,-0.11228594071878435,-0.11228594071878435,0.0,0.01229706412151985,softmax_logistic_classifier__raw_primary_with_maturity__best_candidate__C_0p03__class_weight_balanced__penalty_l2,softmax_logistic_classifier,"LogisticRegression(C=0.03,class_weight='balanced')",raw_primary_with_maturity,best_candidate,"{""C"": 0.03, ""class_weight"": ""balanced"", ""penalty"": ""l2""}"
softmax_logistic_classifier__best_candidate,softmax_logistic,classification,bbob_validation,FE_ratio,FE_ratio=0.55,,,0.55,6480,376,0.05802469135802469,-0.11228594071878435,-0.09215825578698267,79.68497550744864,train_utility,0.9172326240639169,253,0.03904320987654321,0.11714311184932245,93,0.2473404255319149,0.6069414322716146,0.3675889328063241,160,0.6324110671936759,18.72690586714083,29.63720729787858,0.004573643101524472,-0.11228594071878435,0.0,0.01229706412151985,softmax_logistic_classifier__raw_primary_with_maturity__best_candidate__C_0p03__class_weight_balanced__penalty_l2,softmax_logistic_classifier,"LogisticRegression(C=0.03,class_weight='balanced')",raw_primary_with_maturity,best_candidate,"{""C"": 0.03, ""class_weight"": ""balanced"", ""penalty"": ""l2""}"
softmax_logistic_classifier__best_candidate,softmax_logistic,classification,bbob_validation,FE_ratio,FE_ratio=0.55,,,0.55,6480,376,0.05802469135802469,-0.11228594071878435,-0.09215825578698267,79.68497550744864,top_05,0.8237638461698825,304,0.04691358024691358,0.08013940216837186,95,0.2526595744680851,0.6207952572106759,0.3125,209,0.6875,25.105676606787945,24.362378259185036,0.003759626274565592,-0.11228594071878435,0.0,0.01229706412151985,softmax_logistic_classifier__raw_primary_with_maturity__best_candidate__C_0p03__class_weight_balanced__penalty_l2,softmax_logistic_classifier,"LogisticRegression(C=0.03,class_weight='balanced')",raw_primary_with_maturity,best_candidate,"{""C"": 0.03, ""class_weight"": ""balanced"", ""penalty"": ""l2""}"
softmax_logistic_classifier__best_candidate,softmax_logistic,classification,bbob_validation,FE_ratio,FE_ratio=0.55,,,0.55,6480,376,0.05802469135802469,-0.11228594071878435,-0.09215825578698267,79.68497550744864,top_10,0.7440825872157155,496,0.07654320987654321,-0.0019881610269752454,113,0.300531914893617,0.6486536651975477,0.22782258064516128,383,0.7721774193548387,52.674079293463095,-0.9861278693797324,-0.00015218022675613155,-0.11228594071878435,0.0,0.01229706412151985,softmax_logistic_classifier__raw_primary_with_maturity__best_candidate__C_0p03__class_weight_balanced__penalty_l2,softmax_logistic_classifier,"LogisticRegression(C=0.03,class_weight='balanced')",raw_primary_with_maturity,best_candidate,"{""C"": 0.03, ""class_weight"": ""balanced"", ""penalty"": ""l2""}"
softmax_logistic_classifier__best_candidate,softmax_logistic,classification,bbob_validation,FE_ratio,FE_ratio=0.55,,,0.55,6480,376,0.05802469135802469,-0.11228594071878435,-0.09215825578698267,79.68497550744864,top_20,0.6200937772031847,1232,0.19012345679012346,-0.07963748337833788,187,0.4973404255319149,0.7572906474675115,0.15178571428571427,1045,0.8482142857142857,158.45806621758086,-98.11337952211228,-0.015140953629955599,-0.11228594071878435,0.0,0.01229706412151985,softmax_logistic_classifier__raw_primary_with_maturity__best_candidate__C_0p03__class_weight_balanced__penalty_l2,softmax_logistic_classifier,"LogisticRegression(C=0.03,class_weight='balanced')",raw_primary_with_maturity,best_candidate,"{""C"": 0.03, ""class_weight"": ""balanced"", ""penalty"": ""l2""}"
softmax_logistic_classifier__best_candidate,softmax_logistic,classification,bbob_validation,FE_ratio,FE_ratio=0.6,,,0.6,6480,447,0.06898148148148148,-0.11584131580446465,-0.10228898920926656,123.20350275094972,zero,0.0,6480,1.0,-0.11584131580446465,447,1.0,1.0,0.06898148148148148,6033,0.9310185185185185,873.8552291638805,-750.6517264129309,-0.11584131580446465,-0.11584131580446465,0.0,0.019012886226998416,softmax_logistic_classifier__raw_primary_with_maturity__best_candidate__C_0p03__class_weight_balanced__penalty_l2,softmax_logistic_classifier,"LogisticRegression(C=0.03,class_weight='balanced')",raw_primary_with_maturity,best_candidate,"{""C"": 0.03, ""class_weight"": ""balanced"", ""penalty"": ""l2""}"
softmax_logistic_classifier__best_candidate,softmax_logistic,classification,bbob_validation,FE_ratio,FE_ratio=0.6,,,0.6,6480,447,0.06898148148148148,-0.11584131580446465,-0.10228898920926656,123.20350275094972,train_utility,0.9172326240639169,254,0.039197530864197534,0.3165613037289299,166,0.3713646532438479,0.7517116713054185,0.6535433070866141,88,0.3464566929133858,12.20693981644996,80.40657114714818,0.012408421473325337,-0.11584131580446465,0.0,0.019012886226998416,softmax_logistic_classifier__raw_primary_with_maturity__best_candidate__C_0p03__class_weight_balanced__penalty_l2,softmax_logistic_classifier,"LogisticRegression(C=0.03,class_weight='balanced')",raw_primary_with_maturity,best_candidate,"{""C"": 0.03, ""class_weight"": ""balanced"", ""penalty"": ""l2""}"
softmax_logistic_classifier__best_candidate,softmax_logistic,classification,bbob_validation,FE_ratio,FE_ratio=0.6,,,0.6,6480,447,0.06898148148148148,-0.11584131580446465,-0.10228898920926656,123.20350275094972,top_05,0.8237638461698825,283,0.04367283950617284,0.29260208975518825,174,0.38926174496644295,0.7958181333611669,0.6148409893992933,109,0.38515901060070673,15.241190182099915,82.80639140071828,0.012778764105049118,-0.11584131580446465,0.0,0.019012886226998416,softmax_logistic_classifier__raw_primary_with_maturity__best_candidate__C_0p03__class_weight_balanced__penalty_l2,softmax_logistic_classifier,"LogisticRegression(C=0.03,class_weight='balanced')",raw_primary_with_maturity,best_candidate,"{""C"": 0.03, ""class_weight"": ""balanced"", ""penalty"": ""l2""}"
softmax_logistic_classifier__best_candidate,softmax_logistic,classification,bbob_validation,FE_ratio,FE_ratio=0.6,,,0.6,6480,447,0.06898148148148148,-0.11584131580446465,-0.10228898920926656,123.20350275094972,top_10,0.7440825872157155,428,0.06604938271604938,0.1412607983401665,186,0.4161073825503356,0.8159258254640344,0.43457943925233644,242,0.5654205607476636,40.06529799253785,60.45962168959124,0.009330188532344326,-0.11584131580446465,0.0,0.019012886226998416,softmax_logistic_classifier__raw_primary_with_maturity__best_candidate__C_0p03__class_weight_balanced__penalty_l2,softmax_logistic_classifier,"LogisticRegression(C=0.03,class_weight='balanced')",raw_primary_with_maturity,best_candidate,"{""C"": 0.03, ""class_weight"": ""balanced"", ""penalty"": ""l2""}"
softmax_logistic_classifier__best_candidate,softmax_logistic,classification,bbob_validation,FE_ratio,FE_ratio=0.6,,,0.6,6480,447,0.06898148148148148,-0.11584131580446465,-0.10228898920926656,123.20350275094972,top_20,0.6200937772031847,976,0.1506172839506173,-0.018405054132253372,244,0.5458612975391499,0.8590090507191791,0.25,732,0.75,123.79625677645039,-17.963332833079306,-0.0027721192643640905,-0.11584131580446465,0.0,0.019012886226998416,softmax_logistic_classifier__raw_primary_with_maturity__best_candidate__C_0p03__class_weight_balanced__penalty_l2,softmax_logistic_classifier,"LogisticRegression(C=0.03,class_weight='balanced')",raw_primary_with_maturity,best_candidate,"{""C"": 0.03, ""class_weight"": ""balanced"", ""penalty"": ""l2""}"
linear_svm_classifier__baseline,linear_svm,classification,bbob_train,all,all,,,,194400,11921,0.06132201646090535,-0.08855738467265091,-0.06544428361600368,2511.1122661377594,zero,0.0,60735,0.31242283950617283,-0.06948484466367592,8623,0.7233453569331432,0.7311138561683593,0.1419774429900387,52112,0.8580225570099613,6056.071012816002,-4220.162040648358,-0.021708652472470977,-0.08855738467265091,0.0,0.012917244167375308,linear_svm_classifier__raw_primary_with_maturity__baseline__C_1p0__class_weight_balanced,linear_svm_classifier,"LinearSVC(C=1.0,class_weight='balanced',tol=1e-2)",raw_primary_with_maturity,baseline,"{""C"": 1.0, ""class_weight"": ""balanced""}"
linear_svm_classifier__baseline,linear_svm,classification,bbob_train,all,all,,,,194400,11921,0.06132201646090535,-0.08855738467265091,-0.06544428361600368,2511.1122661377594,train_utility,0.929903506090854,2093,0.010766460905349794,0.01731894733151252,694,0.058216592567737604,0.0673375812824267,0.3315814620162446,1399,0.6684185379837554,132.84366956549437,36.248556764855714,0.00018646376936654174,-0.08855738467265091,0.0,0.012917244167375308,linear_svm_classifier__raw_primary_with_maturity__baseline__C_1p0__class_weight_balanced,linear_svm_classifier,"LinearSVC(C=1.0,class_weight='balanced',tol=1e-2)",raw_primary_with_maturity,baseline,"{""C"": 1.0, ""class_weight"": ""balanced""}"
linear_svm_classifier__baseline,linear_svm,classification,bbob_train,all,all,,,,194400,11921,0.06132201646090535,-0.08855738467265091,-0.06544428361600368,2511.1122661377594,top_05,0.6054147556118301,9719,0.049994855967078186,-0.019351188648769276,2459,0.2062746413891452,0.22121150963703662,0.2530095688856878,7260,0.7469904311143122,743.5611377378024,-188.07420247738858,-0.0009674598892869783,-0.08855738467265091,0.0,0.012917244167375308,linear_svm_classifier__raw_primary_with_maturity__baseline__C_1p0__class_weight_balanced,linear_svm_classifier,"LinearSVC(C=1.0,class_weight='balanced',tol=1e-2)",raw_primary_with_maturity,baseline,"{""C"": 1.0, ""class_weight"": ""balanced""}"
linear_svm_classifier__baseline,linear_svm,classification,bbob_train,all,all,,,,194400,11921,0.06132201646090535,-0.08855738467265091,-0.06544428361600368,2511.1122661377594,top_10,0.42582399219371353,19439,0.09999485596707819,-0.03797122996934866,4114,0.3451052764029863,0.3660870194157739,0.2116364010494367,15325,0.7883635989505633,1657.4083443029301,-738.1227393741685,-0.0037969276716778217,-0.08855738467265091,0.0,0.012917244167375308,linear_svm_classifier__raw_primary_with_maturity__baseline__C_1p0__class_weight_balanced,linear_svm_classifier,"LinearSVC(C=1.0,class_weight='balanced',tol=1e-2)",raw_primary_with_maturity,baseline,"{""C"": 1.0, ""class_weight"": ""balanced""}"
linear_svm_classifier__baseline,linear_svm,classification,bbob_train,all,all,,,,194400,11921,0.06132201646090535,-0.08855738467265091,-0.06544428361600368,2511.1122661377594,top_20,0.2017186595071388,38879,0.1999948559670782,-0.056232385484209245,6710,0.5628722422615552,0.5834785218282047,0.1725867434862008,32169,0.8274132565137993,3651.4389884313046,-2186.2589152405717,-0.011246187835599648,-0.08855738467265091,0.0,0.012917244167375308,linear_svm_classifier__raw_primary_with_maturity__baseline__C_1p0__class_weight_balanced,linear_svm_classifier,"LinearSVC(C=1.0,class_weight='balanced',tol=1e-2)",raw_primary_with_maturity,baseline,"{""C"": 1.0, ""class_weight"": ""balanced""}"
linear_svm_classifier__baseline,linear_svm,classification,bbob_train,label_source,label_source=changed_algorithm,changed_algorithm,,,74400,8470,0.11384408602150538,-0.05859081542569486,-0.06280283172738645,1678.8603444230114,zero,0.0,23783,0.31966397849462364,-0.013076748483051417,6704,0.7914994096812279,0.8039539462498011,0.281882016566455,17079,0.7181179834335449,1660.730708273592,-311.0043091724117,-0.004180165445865748,-0.05859081542569486,0.0,0.022565327209986715,linear_svm_classifier__raw_primary_with_maturity__baseline__C_1p0__class_weight_balanced,linear_svm_classifier,"LinearSVC(C=1.0,class_weight='balanced',tol=1e-2)",raw_primary_with_maturity,baseline,"{""C"": 1.0, ""class_weight"": ""balanced""}"
linear_svm_classifier__baseline,linear_svm,classification,bbob_train,label_source,label_source=changed_algorithm,changed_algorithm,,,74400,8470,0.11384408602150538,-0.05859081542569486,-0.06280283172738645,1678.8603444230114,train_utility,0.929903506090854,1462,0.0196505376344086,0.05804045043225123,647,0.07638724911452184,0.09140534534055779,0.4425444596443228,815,0.5574555403556771,68.60167102860187,84.8551385319513,0.0011405260555369797,-0.05859081542569486,0.0,0.022565327209986715,linear_svm_classifier__raw_primary_with_maturity__baseline__C_1p0__class_weight_balanced,linear_svm_classifier,"LinearSVC(C=1.0,class_weight='balanced',tol=1e-2)",raw_primary_with_maturity,baseline,"{""C"": 1.0, ""class_weight"": ""balanced""}"
linear_svm_classifier__baseline,linear_svm,classification,bbob_train,label_source,label_source=changed_algorithm,changed_algorithm,,,74400,8470,0.11384408602150538,-0.05859081542569486,-0.06280283172738645,1678.8603444230114,top_05,0.6054147556118301,5430,0.07298387096774193,0.03567614715348239,2158,0.25478158205430934,0.2814550324071207,0.3974217311233886,3272,0.6025782688766114,278.8022136031991,193.72147904340937,0.0026037833204759324,-0.05859081542569486,0.0,0.022565327209986715,linear_svm_classifier__raw_primary_with_maturity__baseline__C_1p0__class_weight_balanced,linear_svm_classifier,"LinearSVC(C=1.0,class_weight='balanced',tol=1e-2)",raw_primary_with_maturity,baseline,"{""C"": 1.0, ""class_weight"": ""balanced""}"
linear_svm_classifier__baseline,linear_svm,classification,bbob_train,label_source,label_source=changed_algorithm,changed_algorithm,,,74400,8470,0.11384408602150538,-0.05859081542569486,-0.06280283172738645,1678.8603444230114,top_10,0.42582399219371353,9551,0.1283736559139785,0.0213880409037674,3479,0.41074380165289254,0.44568578072116466,0.3642550518270338,6072,0.6357449481729662,543.9670046540907,204.27717867188247,0.002745661003654334,-0.05859081542569486,0.0,0.022565327209986715,linear_svm_classifier__raw_primary_with_maturity__baseline__C_1p0__class_weight_balanced,linear_svm_classifier,"LinearSVC(C=1.0,class_weight='balanced',tol=1e-2)",raw_primary_with_maturity,baseline,"{""C"": 1.0, ""class_weight"": ""balanced""}"
linear_svm_classifier__baseline,linear_svm,classification,bbob_train,label_source,label_source=changed_algorithm,changed_algorithm,,,74400,8470,0.11384408602150538,-0.05859081542569486,-0.06280283172738645,1678.8603444230114,top_20,0.2017186595071388,16613,0.22329301075268818,0.003722656247726441,5412,0.638961038961039,0.6759527395208891,0.32576897610305183,11201,0.6742310238969482,1072.9857608422385,61.84448824347942,0.0008312431215521428,-0.05859081542569486,0.0,0.022565327209986715,linear_svm_classifier__raw_primary_with_maturity__baseline__C_1p0__class_weight_balanced,linear_svm_classifier,"LinearSVC(C=1.0,class_weight='balanced',tol=1e-2)",raw_primary_with_maturity,baseline,"{""C"": 1.0, ""class_weight"": ""balanced""}"
linear_svm_classifier__baseline,linear_svm,classification,bbob_train,label_source,label_source=same_algorithm,same_algorithm,,,120000,3451,0.028758333333333334,-0.10713665760576366,-0.06743423570665175,832.2519217147483,zero,0.0,36952,0.30793333333333334,-0.10579015294100307,1919,0.5560707041437265,0.5841771708556078,0.0519322364148084,35033,0.9480677635851916,4395.34030454241,-3909.157731475946,-0.03257631442896622,-0.10713665760576366,0.0,0.006935432680956236,linear_svm_classifier__raw_primary_with_maturity__baseline__C_1p0__class_weight_balanced,linear_svm_classifier,"LinearSVC(C=1.0,class_weight='balanced',tol=1e-2)",raw_primary_with_maturity,baseline,"{""C"": 1.0, ""class_weight"": ""balanced""}"
linear_svm_classifier__baseline,linear_svm,classification,bbob_train,label_source,label_source=same_algorithm,same_algorithm,,,120000,3451,0.028758333333333334,-0.10713665760576366,-0.06743423570665175,832.2519217147483,train_utility,0.929903506090854,631,0.005258333333333334,-0.07703103291140348,47,0.013619240799768183,0.01878687974379457,0.07448494453248812,584,0.9255150554675119,64.24199853689251,-48.60658176709559,-0.00040505484805912993,-0.10713665760576366,0.0,0.006935432680956236,linear_svm_classifier__raw_primary_with_maturity__baseline__C_1p0__class_weight_balanced,linear_svm_classifier,"LinearSVC(C=1.0,class_weight='balanced',tol=1e-2)",raw_primary_with_maturity,baseline,"{""C"": 1.0, ""class_weight"": ""balanced""}"
linear_svm_classifier__baseline,linear_svm,classification,bbob_train,label_source,label_source=same_algorithm,same_algorithm,,,120000,3451,0.028758333333333334,-0.10713665760576366,-0.06743423570665175,832.2519217147483,top_05,0.6054147556118301,4289,0.035741666666666665,-0.08901741233872651,301,0.0872210953346856,0.09968525208433306,0.0701795290277454,3988,0.9298204709722546,464.75892413460326,-381.795681520798,-0.003181630679339983,-0.10713665760576366,0.0,0.006935432680956236,linear_svm_classifier__raw_primary_with_maturity__baseline__C_1p0__class_weight_balanced,linear_svm_classifier,"LinearSVC(C=1.0,class_weight='balanced',tol=1e-2)",raw_primary_with_maturity,baseline,"{""C"": 1.0, ""class_weight"": ""balanced""}"
linear_svm_classifier__baseline,linear_svm,classification,bbob_train,label_source,label_source=same_algorithm,same_algorithm,,,120000,3451,0.028758333333333334,-0.10713665760576366,-0.06743423570665175,832.2519217147483,top_10,0.42582399219371353,9888,0.0824,-0.09530743507747279,635,0.18400463633729353,0.20551640331497187,0.06421925566343042,9253,0.9357807443365695,1113.4413396488394,-942.3999180460509,-0.007853332650383757,-0.10713665760576366,0.0,0.006935432680956236,linear_svm_classifier__raw_primary_with_maturity__baseline__C_1p0__class_weight_balanced,linear_svm_classifier,"LinearSVC(C=1.0,class_weight='balanced',tol=1e-2)",raw_primary_with_maturity,baseline,"{""C"": 1.0, ""class_weight"": ""balanced""}"
linear_svm_classifier__baseline,linear_svm,classification,bbob_train,label_source,label_source=same_algorithm,same_algorithm,,,120000,3451,0.028758333333333334,-0.10713665760576366,-0.06743423570665175,832.2519217147483,top_20,0.2017186595071388,22266,0.18555,-0.10096575062804504,1298,0.37612286293827873,0.3969348889268672,0.05829515853768077,20968,0.9417048414623193,2578.453227589066,-2248.103403484051,-0.018734195029033757,-0.10713665760576366,0.0,0.006935432680956236,linear_svm_classifier__raw_primary_with_maturity__baseline__C_1p0__class_weight_balanced,linear_svm_classifier,"LinearSVC(C=1.0,class_weight='balanced',tol=1e-2)",raw_primary_with_maturity,baseline,"{""C"": 1.0, ""class_weight"": ""balanced""}"
linear_svm_classifier__baseline,linear_svm,classification,bbob_train,dimension,dimension=10,,10.0,,64800,2405,0.037114197530864194,-0.04022633237538057,-0.03715828153278458,308.0180086184804,zero,0.0,18280,0.2820987654320988,-0.03333619482902144,1739,0.7230769230769231,0.7630625950878615,0.09513129102844639,16541,0.9048687089715536,844.4226624647249,-609.3856414745121,-0.009404099405470866,-0.04022633237538057,0.0,0.004753364330532104,linear_svm_classifier__raw_primary_with_maturity__baseline__C_1p0__class_weight_balanced,linear_svm_classifier,"LinearSVC(C=1.0,class_weight='balanced',tol=1e-2)",raw_primary_with_maturity,baseline,"{""C"": 1.0, ""class_weight"": ""balanced""}"
linear_svm_classifier__baseline,linear_svm,classification,bbob_train,dimension,dimension=10,,10.0,,64800,2405,0.037114197530864194,-0.04022633237538057,-0.03715828153278458,308.0180086184804,train_utility,0.929903506090854,501,0.0077314814814814815,-0.019638440654741685,122,0.05072765072765073,0.045083972238457067,0.2435129740518962,379,0.7564870259481038,23.72553411752599,-9.838858768025583,-0.00015183424024730837,-0.04022633237538057,0.0,0.004753364330532104,linear_svm_classifier__raw_primary_with_maturity__baseline__C_1p0__class_weight_balanced,linear_svm_classifier,"LinearSVC(C=1.0,class_weight='balanced',tol=1e-2)",raw_primary_with_maturity,baseline,"{""C"": 1.0, ""class_weight"": ""balanced""}"
linear_svm_classifier__baseline,linear_svm,classification,bbob_train,dimension,dimension=10,,10.0,,64800,2405,0.037114197530864194,-0.04022633237538057,-0.03715828153278458,308.0180086184804,top_05,0.6054147556118301,2771,0.04276234567901235,-0.017440339963522154,548,0.22785862785862787,0.24535404793732768,0.1977625405990617,2223,0.8022374594009383,123.90064729105872,-48.32718203891989,-0.0007457898462796279,-0.04022633237538057,0.0,0.004753364330532104,linear_svm_classifier__raw_primary_with_maturity__baseline__C_1p0__class_weight_balanced,linear_svm_classifier,"LinearSVC(C=1.0,class_weight='balanced',tol=1e-2)",raw_primary_with_maturity,baseline,"{""C"": 1.0, ""class_weight"": ""balanced""}"
linear_svm_classifier__baseline,linear_svm,classification,bbob_train,dimension,dimension=10,,10.0,,64800,2405,0.037114197530864194,-0.04022633237538057,-0.03715828153278458,308.0180086184804,top_10,0.42582399219371353,5603,0.08646604938271604,-0.022498452515415535,910,0.3783783783783784,0.408665023937395,0.16241299303944315,4693,0.8375870069605569,251.93501630909327,-126.05882944387324,-0.0019453523062326118,-0.04022633237538057,0.0,0.004753364330532104,linear_svm_classifier__raw_primary_with_maturity__baseline__C_1p0__class_weight_balanced,linear_svm_classifier,"LinearSVC(C=1.0,class_weight='balanced',tol=1e-2)",raw_primary_with_maturity,baseline,"{""C"": 1.0, ""class_weight"": ""balanced""}"
linear_svm_classifier__baseline,linear_svm,classification,bbob_train,dimension,dimension=10,,10.0,,64800,2405,0.037114197530864194,-0.04022633237538057,-0.03715828153278458,308.0180086184804,top_20,0.2017186595071388,11324,0.1747530864197531,-0.029826274446325383,1395,0.58004158004158,0.6123568974631111,0.12318968562345461,9929,0.8768103143765454,526.3696839505672,-337.7527318301886,-0.005212233515897973,-0.04022633237538057,0.0,0.004753364330532104,linear_svm_classifier__raw_primary_with_maturity__baseline__C_1p0__class_weight_balanced,linear_svm_classifier,"LinearSVC(C=1.0,class_weight='balanced',tol=1e-2)",raw_primary_with_maturity,baseline,"{""C"": 1.0, ""class_weight"": ""balanced""}"
linear_svm_classifier__baseline,linear_svm,classification,bbob_train,dimension,dimension=20,,20.0,,64800,3858,0.059537037037037034,-0.07228172978918257,-0.06716881295115272,823.0687800379324,zero,0.0,19976,0.3082716049382716,-0.05512118344805942,2828,0.7330222913426646,0.7825494976426939,0.14156988386063277,17148,0.8584301161393673,1745.192820902504,-1101.100760558435,-0.01699229568763017,-0.07228172978918257,0.0,0.01270167870428908,linear_svm_classifier__raw_primary_with_maturity__baseline__C_1p0__class_weight_balanced,linear_svm_classifier,"LinearSVC(C=1.0,class_weight='balanced',tol=1e-2)",raw_primary_with_maturity,baseline,"{""C"": 1.0, ""class_weight"": ""balanced""}"
linear_svm_classifier__baseline,linear_svm,classification,bbob_train,dimension,dimension=20,,20.0,,64800,3858,0.059537037037037034,-0.07228172978918257,-0.06716881295115272,823.0687800379324,train_utility,0.929903506090854,764,0.011790123456790123,0.04997997306429302,288,0.07465007776049767,0.09988800167572896,0.3769633507853403,476,0.6230366492146597,44.02999625854929,38.18469942111987,0.0005892700527950598,-0.07228172978918257,0.0,0.01270167870428908,linear_svm_classifier__raw_primary_with_maturity__baseline__C_1p0__class_weight_balanced,linear_svm_classifier,"LinearSVC(C=1.0,class_weight='balanced',tol=1e-2)",raw_primary_with_maturity,baseline,"{""C"": 1.0, ""class_weight"": ""balanced""}"
linear_svm_classifier__baseline,linear_svm,classification,bbob_train,dimension,dimension=20,,20.0,,64800,3858,0.059537037037037034,-0.07228172978918257,-0.06716881295115272,823.0687800379324,top_05,0.6054147556118301,3205,0.04945987654320988,0.004201977519010964,930,0.2410575427682737,0.2846228489314703,0.29017160686427457,2275,0.7098283931357254,220.79684309251581,13.46733794843015,0.00020782928932762575,-0.07228172978918257,0.0,0.01270167870428908,linear_svm_classifier__raw_primary_with_maturity__baseline__C_1p0__class_weight_balanced,linear_svm_classifier,"LinearSVC(C=1.0,class_weight='balanced',tol=1e-2)",raw_primary_with_maturity,baseline,"{""C"": 1.0, ""class_weight"": ""balanced""}"
linear_svm_classifier__baseline,linear_svm,classification,bbob_train,dimension,dimension=20,,20.0,,64800,3858,0.059537037037037034,-0.07228172978918257,-0.06716881295115272,823.0687800379324,top_10,0.42582399219371353,6374,0.0983641975308642,-0.020123278370243435,1469,0.3807672369103162,0.43399230017742485,0.23046752431754,4905,0.76953247568246,485.4712893848209,-128.2657763319317,-0.001979410128579193,-0.07228172978918257,0.0,0.01270167870428908,linear_svm_classifier__raw_primary_with_maturity__baseline__C_1p0__class_weight_balanced,linear_svm_classifier,"LinearSVC(C=1.0,class_weight='balanced',tol=1e-2)",raw_primary_with_maturity,baseline,"{""C"": 1.0, ""class_weight"": ""balanced""}"
linear_svm_classifier__baseline,linear_svm,classification,bbob_train,dimension,dimension=20,,20.0,,64800,3858,0.059537037037037034,-0.07228172978918257,-0.06716881295115272,823.0687800379324,top_20,0.2017186595071388,12944,0.1997530864197531,-0.04280107243133267,2282,0.5914981855883877,0.655757879143577,0.17629789864029666,10662,0.8237021013597033,1093.750919138136,-554.0170815511701,-0.008549646320234108,-0.07228172978918257,0.0,0.01270167870428908,linear_svm_classifier__raw_primary_with_maturity__baseline__C_1p0__class_weight_balanced,linear_svm_classifier,"LinearSVC(C=1.0,class_weight='balanced',tol=1e-2)",raw_primary_with_maturity,baseline,"{""C"": 1.0, ""class_weight"": ""balanced""}"
linear_svm_classifier__baseline,linear_svm,classification,bbob_train,dimension,dimension=40,,40.0,,64800,5658,0.08731481481481482,-0.1531640918533896,-0.14272675969545875,1380.025477481347,zero,0.0,22479,0.3468981481481481,-0.11164534181304374,4056,0.7168610816542949,0.6933059616983015,0.18043507273455225,18423,0.8195649272654477,3466.455529448773,-2509.67563861541,-0.038729562324311885,-0.1531640918533896,0.0,0.021296689467304737,linear_svm_classifier__raw_primary_with_maturity__baseline__C_1p0__class_weight_balanced,linear_svm_classifier,"LinearSVC(C=1.0,class_weight='balanced',tol=1e-2)",raw_primary_with_maturity,baseline,"{""C"": 1.0, ""class_weight"": ""balanced""}"
linear_svm_classifier__baseline,linear_svm,classification,bbob_train,dimension,dimension=40,,40.0,,64800,5658,0.08731481481481482,-0.1531640918533896,-0.14272675969545875,1380.025477481347,train_utility,0.929903506090854,828,0.012777777777777779,0.009544343130146635,284,0.05019441498762814,0.052890947661629016,0.34299516908212563,544,0.6570048309178744,65.0881391894191,7.902716111761425,0.00012195549555187384,-0.1531640918533896,0.0,0.021296689467304737,linear_svm_classifier__raw_primary_with_maturity__baseline__C_1p0__class_weight_balanced,linear_svm_classifier,"LinearSVC(C=1.0,class_weight='balanced',tol=1e-2)",raw_primary_with_maturity,baseline,"{""C"": 1.0, ""class_weight"": ""balanced""}"
linear_svm_classifier__baseline,linear_svm,classification,bbob_train,dimension,dimension=40,,40.0,,64800,5658,0.08731481481481482,-0.1531640918533896,-0.14272675969545875,1380.025477481347,top_05,0.6054147556118301,3743,0.057762345679012346,-0.04093357157010388,981,0.17338282078472958,0.1780034448462922,0.2620892332353727,2762,0.7379107667646273,398.86364735422785,-153.21435838689882,-0.0023644191109089326,-0.1531640918533896,0.0,0.021296689467304737,linear_svm_classifier__raw_primary_with_maturity__baseline__C_1p0__class_weight_balanced,linear_svm_classifier,"LinearSVC(C=1.0,class_weight='balanced',tol=1e-2)",raw_primary_with_maturity,baseline,"{""C"": 1.0, ""class_weight"": ""balanced""}"
linear_svm_classifier__baseline,linear_svm,classification,bbob_train,dimension,dimension=40,,40.0,,64800,5658,0.08731481481481482,-0.1531640918533896,-0.14272675969545875,1380.025477481347,top_10,0.42582399219371353,7462,0.11515432098765432,-0.06483491471433443,1735,0.30664545775892543,0.3160839507157203,0.2325113910479764,5727,0.7674886089520235,920.002038609016,-483.7981335983635,-0.007466020580221659,-0.1531640918533896,0.0,0.021296689467304737,linear_svm_classifier__raw_primary_with_maturity__baseline__C_1p0__class_weight_balanced,linear_svm_classifier,"LinearSVC(C=1.0,class_weight='balanced',tol=1e-2)",raw_primary_with_maturity,baseline,"{""C"": 1.0, ""class_weight"": ""balanced""}"
linear_svm_classifier__baseline,linear_svm,classification,bbob_train,dimension,dimension=40,,40.0,,64800,5658,0.08731481481481482,-0.1531640918533896,-0.14272675969545875,1380.025477481347,top_20,0.2017186595071388,14611,0.2254783950617284,-0.0885968860351251,3033,0.5360551431601273,0.5339244061118055,0.20758332762986792,11578,0.7924166723701321,2031.3183853426017,-1294.4891018592125,-0.01997668367066686,-0.1531640918533896,0.0,0.021296689467304737,linear_svm_classifier__raw_primary_with_maturity__baseline__C_1p0__class_weight_balanced,linear_svm_classifier,"LinearSVC(C=1.0,class_weight='balanced',tol=1e-2)",raw_primary_with_maturity,baseline,"{""C"": 1.0, ""class_weight"": ""balanced""}"
linear_svm_classifier__baseline,linear_svm,classification,bbob_train,FE_ratio,FE_ratio=0.2,,,0.2,19440,1637,0.08420781893004116,-0.06196176210011554,-0.05049860667501493,304.44205064313394,zero,0.0,3349,0.17227366255144033,-0.02620912647800921,570,0.3481979230299328,0.4515866051495352,0.1702000597193192,2779,0.8297999402806808,225.25631668954856,-87.77436457485285,-0.0045151422106405785,-0.06196176210011554,0.0,0.015660599312918414,linear_svm_classifier__raw_primary_with_maturity__baseline__C_1p0__class_weight_balanced,linear_svm_classifier,"LinearSVC(C=1.0,class_weight='balanced',tol=1e-2)",raw_primary_with_maturity,baseline,"{""C"": 1.0, ""class_weight"": ""balanced""}"
linear_svm_classifier__baseline,linear_svm,classification,bbob_train,FE_ratio,FE_ratio=0.2,,,0.2,19440,1637,0.08420781893004116,-0.06196176210011554,-0.05049860667501493,304.44205064313394,train_utility,0.929903506090854,0,0.0,0.0,0,0.0,0.0,0.0,0,0.0,-0.0,0.0,0.0,-0.06196176210011554,0.0,0.015660599312918414,linear_svm_classifier__raw_primary_with_maturity__baseline__C_1p0__class_weight_balanced,linear_svm_classifier,"LinearSVC(C=1.0,class_weight='balanced',tol=1e-2)",raw_primary_with_maturity,baseline,"{""C"": 1.0, ""class_weight"": ""balanced""}"
linear_svm_classifier__baseline,linear_svm,classification,bbob_train,FE_ratio,FE_ratio=0.2,,,0.2,19440,1637,0.08420781893004116,-0.06196176210011554,-0.05049860667501493,304.44205064313394,top_05,0.6054147556118301,0,0.0,0.0,0,0.0,0.0,0.0,0,0.0,-0.0,0.0,0.0,-0.06196176210011554,0.0,0.015660599312918414,linear_svm_classifier__raw_primary_with_maturity__baseline__C_1p0__class_weight_balanced,linear_svm_classifier,"LinearSVC(C=1.0,class_weight='balanced',tol=1e-2)",raw_primary_with_maturity,baseline,"{""C"": 1.0, ""class_weight"": ""balanced""}"
linear_svm_classifier__baseline,linear_svm,classification,bbob_train,FE_ratio,FE_ratio=0.2,,,0.2,19440,1637,0.08420781893004116,-0.06196176210011554,-0.05049860667501493,304.44205064313394,top_10,0.42582399219371353,0,0.0,0.0,0,0.0,0.0,0.0,0,0.0,-0.0,0.0,0.0,-0.06196176210011554,0.0,0.015660599312918414,linear_svm_classifier__raw_primary_with_maturity__baseline__C_1p0__class_weight_balanced,linear_svm_classifier,"LinearSVC(C=1.0,class_weight='balanced',tol=1e-2)",raw_primary_with_maturity,baseline,"{""C"": 1.0, ""class_weight"": ""balanced""}"
linear_svm_classifier__baseline,linear_svm,classification,bbob_train,FE_ratio,FE_ratio=0.2,,,0.2,19440,1637,0.08420781893004116,-0.06196176210011554,-0.05049860667501493,304.44205064313394,top_20,0.2017186595071388,1398,0.07191358024691358,-0.011292279429709375,310,0.1893708002443494,0.24510832498264656,0.2217453505007153,1088,0.7782546494992847,90.40788773015431,-15.786606642733705,-0.0008120682429389767,-0.06196176210011554,0.0,0.015660599312918414,linear_svm_classifier__raw_primary_with_maturity__baseline__C_1p0__class_weight_balanced,linear_svm_classifier,"LinearSVC(C=1.0,class_weight='balanced',tol=1e-2)",raw_primary_with_maturity,baseline,"{""C"": 1.0, ""class_weight"": ""balanced""}"
linear_svm_classifier__baseline,linear_svm,classification,bbob_train,FE_ratio,FE_ratio=0.25,,,0.25,19440,1530,0.0787037037037037,-0.06684412289960417,-0.05379598025536793,289.0381601639173,zero,0.0,11092,0.5705761316872427,-0.05996743489403377,1388,0.9071895424836601,0.9228605789494602,0.12513523260007212,9704,0.8748647673999279,931.900711671982,-665.1587878446227,-0.034215987029044374,-0.06684412289960417,0.0,0.014868218115427843,linear_svm_classifier__raw_primary_with_maturity__baseline__C_1p0__class_weight_balanced,linear_svm_classifier,"LinearSVC(C=1.0,class_weight='balanced',tol=1e-2)",raw_primary_with_maturity,baseline,"{""C"": 1.0, ""class_weight"": ""balanced""}"
linear_svm_classifier__baseline,linear_svm,classification,bbob_train,FE_ratio,FE_ratio=0.25,,,0.25,19440,1530,0.0787037037037037,-0.06684412289960417,-0.05379598025536793,289.0381601639173,train_utility,0.929903506090854,366,0.018827160493827162,0.029711635906994705,117,0.07647058823529412,0.11957142347756919,0.319672131147541,249,0.680327868852459,23.686245508177173,10.874458741960062,0.0005593857377551473,-0.06684412289960417,0.0,0.014868218115427843,linear_svm_classifier__raw_primary_with_maturity__baseline__C_1p0__class_weight_balanced,linear_svm_classifier,"LinearSVC(C=1.0,class_weight='balanced',tol=1e-2)",raw_primary_with_maturity,baseline,"{""C"": 1.0, ""class_weight"": ""balanced""}"
linear_svm_classifier__baseline,linear_svm,classification,bbob_train,FE_ratio,FE_ratio=0.25,,,0.25,19440,1530,0.0787037037037037,-0.06684412289960417,-0.05379598025536793,289.0381601639173,top_05,0.6054147556118301,1509,0.07762345679012346,-0.00801090525011494,352,0.23006535947712417,0.2994208269750453,0.2332670642809808,1157,0.7667329357190192,98.63250096604916,-12.08845602242345,-0.0006218341575320705,-0.06684412289960417,0.0,0.014868218115427843,linear_svm_classifier__raw_primary_with_maturity__baseline__C_1p0__class_weight_balanced,linear_svm_classifier,"LinearSVC(C=1.0,class_weight='balanced',tol=1e-2)",raw_primary_with_maturity,baseline,"{""C"": 1.0, ""class_weight"": ""balanced""}"
linear_svm_classifier__baseline,linear_svm,classification,bbob_train,FE_ratio,FE_ratio=0.25,,,0.25,19440,1530,0.0787037037037037,-0.06684412289960417,-0.05379598025536793,289.0381601639173,top_10,0.42582399219371353,3801,0.1955246913580247,-0.03622542241212447,729,0.4764705882352941,0.5275398514083224,0.19179163378058406,3072,0.8082083662194159,290.1719786526929,-137.69283058848507,-0.007082964536444705,-0.06684412289960417,0.0,0.014868218115427843,linear_svm_classifier__raw_primary_with_maturity__baseline__C_1p0__class_weight_balanced,linear_svm_classifier,"LinearSVC(C=1.0,class_weight='balanced',tol=1e-2)",raw_primary_with_maturity,baseline,"{""C"": 1.0, ""class_weight"": ""balanced""}"
linear_svm_classifier__baseline,linear_svm,classification,bbob_train,FE_ratio,FE_ratio=0.25,,,0.25,19440,1530,0.0787037037037037,-0.06684412289960417,-0.05379598025536793,289.0381601639173,top_20,0.2017186595071388,7834,0.4029835390946502,-0.053679290741454166,1184,0.7738562091503268,0.7920734383381445,0.1511360735256574,6650,0.8488639264743426,649.4630130005173,-420.52356366855196,-0.02163187055908189,-0.06684412289960417,0.0,0.014868218115427843,linear_svm_classifier__raw_primary_with_maturity__baseline__C_1p0__class_weight_balanced,linear_svm_classifier,"LinearSVC(C=1.0,class_weight='balanced',tol=1e-2)",raw_primary_with_maturity,baseline,"{""C"": 1.0, ""class_weight"": ""balanced""}"
linear_svm_classifier__baseline,linear_svm,classification,bbob_train,FE_ratio,FE_ratio=0.28,,,0.28,19440,1516,0.07798353909465021,-0.06678863875638497,-0.05595944523593056,294.83506110374555,zero,0.0,10227,0.5260802469135802,-0.05751446170467748,1336,0.8812664907651715,0.8678240718907488,0.1306345947003031,8891,0.8693654052996969,844.0653631169469,-588.2003998537366,-0.030257222214698384,-0.06678863875638497,0.0,0.01516641260821736,linear_svm_classifier__raw_primary_with_maturity__baseline__C_1p0__class_weight_balanced,linear_svm_classifier,"LinearSVC(C=1.0,class_weight='balanced',tol=1e-2)",raw_primary_with_maturity,baseline,"{""C"": 1.0, ""class_weight"": ""balanced""}"
linear_svm_classifier__baseline,linear_svm,classification,bbob_train,FE_ratio,FE_ratio=0.28,,,0.28,19440,1516,0.07798353909465021,-0.06678863875638497,-0.05595944523593056,294.83506110374555,train_utility,0.929903506090854,210,0.010802469135802469,0.028978852689102923,77,0.05079155672823219,0.06144009238204961,0.36666666666666664,133,0.6333333333333333,12.02913432696975,6.085559064711615,0.00031304316176500075,-0.06678863875638497,0.0,0.01516641260821736,linear_svm_classifier__raw_primary_with_maturity__baseline__C_1p0__class_weight_balanced,linear_svm_classifier,"LinearSVC(C=1.0,class_weight='balanced',tol=1e-2)",raw_primary_with_maturity,baseline,"{""C"": 1.0, ""class_weight"": ""balanced""}"
linear_svm_classifier__baseline,linear_svm,classification,bbob_train,FE_ratio,FE_ratio=0.28,,,0.28,19440,1516,0.07798353909465021,-0.06678863875638497,-0.05595944523593056,294.83506110374555,top_05,0.6054147556118301,1105,0.05684156378600823,-0.02334961522592449,255,0.16820580474934038,0.1997311540796896,0.23076923076923078,850,0.7692307692307693,84.68907184205347,-25.80132482464657,-0.0013272286432431364,-0.06678863875638497,0.0,0.01516641260821736,linear_svm_classifier__raw_primary_with_maturity__baseline__C_1p0__class_weight_balanced,linear_svm_classifier,"LinearSVC(C=1.0,class_weight='balanced',tol=1e-2)",raw_primary_with_maturity,baseline,"{""C"": 1.0, ""class_weight"": ""balanced""}"
linear_svm_classifier__baseline,linear_svm,classification,bbob_train,FE_ratio,FE_ratio=0.28,,,0.28,19440,1516,0.07798353909465021,-0.06678863875638497,-0.05595944523593056,294.83506110374555,top_10,0.42582399219371353,2672,0.1374485596707819,-0.038384767125160195,521,0.34366754617414247,0.35106126925685643,0.19498502994011976,2151,0.8050149700598802,206.06926853093177,-102.56409775842806,-0.005275930954651649,-0.06678863875638497,0.0,0.01516641260821736,linear_svm_classifier__raw_primary_with_maturity__baseline__C_1p0__class_weight_balanced,linear_svm_classifier,"LinearSVC(C=1.0,class_weight='balanced',tol=1e-2)",raw_primary_with_maturity,baseline,"{""C"": 1.0, ""class_weight"": ""balanced""}"
linear_svm_classifier__baseline,linear_svm,classification,bbob_train,FE_ratio,FE_ratio=0.28,,,0.28,19440,1516,0.07798353909465021,-0.06678863875638497,-0.05595944523593056,294.83506110374555,top_20,0.2017186595071388,6386,0.3284979423868313,-0.04889994415451763,1082,0.7137203166226913,0.7007053613790887,0.16943313498277482,5304,0.8305668650172252,518.8675514086754,-312.2750433707496,-0.01606353103759,-0.06678863875638497,0.0,0.01516641260821736,linear_svm_classifier__raw_primary_with_maturity__baseline__C_1p0__class_weight_balanced,linear_svm_classifier,"LinearSVC(C=1.0,class_weight='balanced',tol=1e-2)",raw_primary_with_maturity,baseline,"{""C"": 1.0, ""class_weight"": ""balanced""}"
linear_svm_classifier__baseline,linear_svm,classification,bbob_train,FE_ratio,FE_ratio=0.3,,,0.3,19440,1403,0.07217078189300412,-0.07045501341769796,-0.05769358257385397,275.8794546370344,zero,0.0,9055,0.46579218106995884,-0.05775682903428096,1264,0.9009265858873842,0.8971515805409003,0.13959138597459966,7791,0.8604086140254004,770.4937756717911,-522.9880869054141,-0.026902679367562455,-0.07045501341769796,0.0,0.014191329971040865,linear_svm_classifier__raw_primary_with_maturity__baseline__C_1p0__class_weight_balanced,linear_svm_classifier,"LinearSVC(C=1.0,class_weight='balanced',tol=1e-2)",raw_primary_with_maturity,baseline,"{""C"": 1.0, ""class_weight"": ""balanced""}"
linear_svm_classifier__baseline,linear_svm,classification,bbob_train,FE_ratio,FE_ratio=0.3,,,0.3,19440,1403,0.07217078189300412,-0.07045501341769796,-0.05769358257385397,275.8794546370344,train_utility,0.929903506090854,549,0.02824074074074074,0.02772247003918604,192,0.1368496079828938,0.1754825523903601,0.34972677595628415,357,0.6502732240437158,33.192394800254235,15.219636051513131,0.0007829030890696055,-0.07045501341769796,0.0,0.014191329971040865,linear_svm_classifier__raw_primary_with_maturity__baseline__C_1p0__class_weight_balanced,linear_svm_classifier,"LinearSVC(C=1.0,class_weight='balanced',tol=1e-2)",raw_primary_with_maturity,baseline,"{""C"": 1.0, ""class_weight"": ""balanced""}"
linear_svm_classifier__baseline,linear_svm,classification,bbob_train,FE_ratio,FE_ratio=0.3,,,0.3,19440,1403,0.07217078189300412,-0.07045501341769796,-0.05769358257385397,275.8794546370344,top_05,0.6054147556118301,2189,0.11260288065843621,-0.019016112462974917,545,0.3884533143264433,0.46650036595015343,0.24897213339424396,1644,0.751027866605756,170.32413672775738,-41.62627018145206,-0.0021412690422557643,-0.07045501341769796,0.0,0.014191329971040865,linear_svm_classifier__raw_primary_with_maturity__baseline__C_1p0__class_weight_balanced,linear_svm_classifier,"LinearSVC(C=1.0,class_weight='balanced',tol=1e-2)",raw_primary_with_maturity,baseline,"{""C"": 1.0, ""class_weight"": ""balanced""}"
linear_svm_classifier__baseline,linear_svm,classification,bbob_train,FE_ratio,FE_ratio=0.3,,,0.3,19440,1403,0.07217078189300412,-0.07045501341769796,-0.05769358257385397,275.8794546370344,top_10,0.42582399219371353,3642,0.18734567901234567,-0.039452475022203906,734,0.5231646471846044,0.5995329686858729,0.2015376166941241,2908,0.7984623833058759,309.0847424688474,-143.6859140308666,-0.007391250721752397,-0.07045501341769796,0.0,0.014191329971040865,linear_svm_classifier__raw_primary_with_maturity__baseline__C_1p0__class_weight_balanced,linear_svm_classifier,"LinearSVC(C=1.0,class_weight='balanced',tol=1e-2)",raw_primary_with_maturity,baseline,"{""C"": 1.0, ""class_weight"": ""balanced""}"
linear_svm_classifier__baseline,linear_svm,classification,bbob_train,FE_ratio,FE_ratio=0.3,,,0.3,19440,1403,0.07217078189300412,-0.07045501341769796,-0.05769358257385397,275.8794546370344,top_20,0.2017186595071388,6176,0.3176954732510288,-0.05036632039457728,1029,0.7334283677833214,0.7484947854257902,0.16661269430051814,5147,0.8333873056994818,517.5567279588404,-311.06239475690927,-0.016001151993668174,-0.07045501341769796,0.0,0.014191329971040865,linear_svm_classifier__raw_primary_with_maturity__baseline__C_1p0__class_weight_balanced,linear_svm_classifier,"LinearSVC(C=1.0,class_weight='balanced',tol=1e-2)",raw_primary_with_maturity,baseline,"{""C"": 1.0, ""class_weight"": ""balanced""}"
linear_svm_classifier__baseline,linear_svm,classification,bbob_train,FE_ratio,FE_ratio=0.35,,,0.35,19440,1388,0.07139917695473251,-0.07482964941049443,-0.062069321341436653,257.6511044439708,zero,0.0,6200,0.31893004115226337,-0.05490785760626858,1124,0.8097982708933718,0.8200542614460261,0.18129032258064517,5076,0.8187096774193549,551.7166033244185,-340.42871715886514,-0.017511765285949853,-0.07482964941049443,0.0,0.013253657636006727,linear_svm_classifier__raw_primary_with_maturity__baseline__C_1p0__class_weight_balanced,linear_svm_classifier,"LinearSVC(C=1.0,class_weight='balanced',tol=1e-2)",raw_primary_with_maturity,baseline,"{""C"": 1.0, ""class_weight"": ""balanced""}"
linear_svm_classifier__baseline,linear_svm,classification,bbob_train,FE_ratio,FE_ratio=0.35,,,0.35,19440,1388,0.07139917695473251,-0.07482964941049443,-0.062069321341436653,257.6511044439708,train_utility,0.929903506090854,320,0.01646090534979424,0.03368967943384854,119,0.08573487031700289,0.10850293289619622,0.371875,201,0.628125,17.175203077283477,10.780697418831531,0.0005545626244254902,-0.07482964941049443,0.0,0.013253657636006727,linear_svm_classifier__raw_primary_with_maturity__baseline__C_1p0__class_weight_balanced,linear_svm_classifier,"LinearSVC(C=1.0,class_weight='balanced',tol=1e-2)",raw_primary_with_maturity,baseline,"{""C"": 1.0, ""class_weight"": ""balanced""}"
linear_svm_classifier__baseline,linear_svm,classification,bbob_train,FE_ratio,FE_ratio=0.35,,,0.35,19440,1388,0.07139917695473251,-0.07482964941049443,-0.062069321341436653,257.6511044439708,top_05,0.6054147556118301,1323,0.06805555555555555,0.00557999172945482,412,0.2968299711815562,0.3418676400639097,0.31141345427059713,911,0.6885865457294029,80.70024597805147,7.382329058068731,0.00037974943714345324,-0.07482964941049443,0.0,0.013253657636006727,linear_svm_classifier__raw_primary_with_maturity__baseline__C_1p0__class_weight_balanced,linear_svm_classifier,"LinearSVC(C=1.0,class_weight='balanced',tol=1e-2)",raw_primary_with_maturity,baseline,"{""C"": 1.0, ""class_weight"": ""balanced""}"
linear_svm_classifier__baseline,linear_svm,classification,bbob_train,FE_ratio,FE_ratio=0.35,,,0.35,19440,1388,0.07139917695473251,-0.07482964941049443,-0.062069321341436653,257.6511044439708,top_10,0.42582399219371353,2270,0.11676954732510288,-0.019091429740098427,581,0.4185878962536023,0.48037409224978483,0.25594713656387663,1689,0.7440528634361233,167.10646092445043,-43.33754551002343,-0.0022292976085403,-0.07482964941049443,0.0,0.013253657636006727,linear_svm_classifier__raw_primary_with_maturity__baseline__C_1p0__class_weight_balanced,linear_svm_classifier,"LinearSVC(C=1.0,class_weight='balanced',tol=1e-2)",raw_primary_with_maturity,baseline,"{""C"": 1.0, ""class_weight"": ""balanced""}"
linear_svm_classifier__baseline,linear_svm,classification,bbob_train,FE_ratio,FE_ratio=0.35,,,0.35,19440,1388,0.07139917695473251,-0.07482964941049443,-0.062069321341436653,257.6511044439708,top_20,0.2017186595071388,3908,0.20102880658436215,-0.04149204790477037,814,0.5864553314121037,0.6419294914231108,0.2082906857727738,3094,0.7917093142272262,327.54476565216356,-162.1509232118426,-0.008341096873037171,-0.07482964941049443,0.0,0.013253657636006727,linear_svm_classifier__raw_primary_with_maturity__baseline__C_1p0__class_weight_balanced,linear_svm_classifier,"LinearSVC(C=1.0,class_weight='balanced',tol=1e-2)",raw_primary_with_maturity,baseline,"{""C"": 1.0, ""class_weight"": ""balanced""}"
linear_svm_classifier__baseline,linear_svm,classification,bbob_train,FE_ratio,FE_ratio=0.4,,,0.4,19440,1376,0.07078189300411522,-0.08176159053440116,-0.06731035034538017,252.55187921031478,zero,0.0,5191,0.26702674897119344,-0.05983249882235333,973,0.7071220930232558,0.7453788620299774,0.187439799653246,4218,0.812560200346754,498.8373337161529,-310.59050138683614,-0.01597687764335577,-0.08176159053440116,0.0,0.012991351811230182,linear_svm_classifier__raw_primary_with_maturity__baseline__C_1p0__class_weight_balanced,linear_svm_classifier,"LinearSVC(C=1.0,class_weight='balanced',tol=1e-2)",raw_primary_with_maturity,baseline,"{""C"": 1.0, ""class_weight"": ""balanced""}"
linear_svm_classifier__baseline,linear_svm,classification,bbob_train,FE_ratio,FE_ratio=0.4,,,0.4,19440,1376,0.07078189300411522,-0.08176159053440116,-0.06731035034538017,252.55187921031478,train_utility,0.929903506090854,215,0.011059670781893004,0.026197763689124475,75,0.05450581395348837,0.07011887413780127,0.3488372093023256,140,0.6511627906976745,12.076134238451482,5.632519193161764,0.00028973864162354753,-0.08176159053440116,0.0,0.012991351811230182,linear_svm_classifier__raw_primary_with_maturity__baseline__C_1p0__class_weight_balanced,linear_svm_classifier,"LinearSVC(C=1.0,class_weight='balanced',tol=1e-2)",raw_primary_with_maturity,baseline,"{""C"": 1.0, ""class_weight"": ""balanced""}"
linear_svm_classifier__baseline,linear_svm,classification,bbob_train,FE_ratio,FE_ratio=0.4,,,0.4,19440,1376,0.07078189300411522,-0.08176159053440116,-0.06731035034538017,252.55187921031478,top_05,0.6054147556118301,1052,0.05411522633744856,-0.008923430030201218,307,0.22311046511627908,0.2505979165160686,0.29182509505703425,745,0.7081749049429658,72.67642313409438,-9.387448391771676,-0.00048289343579072406,-0.08176159053440116,0.0,0.012991351811230182,linear_svm_classifier__raw_primary_with_maturity__baseline__C_1p0__class_weight_balanced,linear_svm_classifier,"LinearSVC(C=1.0,class_weight='balanced',tol=1e-2)",raw_primary_with_maturity,baseline,"{""C"": 1.0, ""class_weight"": ""balanced""}"
linear_svm_classifier__baseline,linear_svm,classification,bbob_train,FE_ratio,FE_ratio=0.4,,,0.4,19440,1376,0.07078189300411522,-0.08176159053440116,-0.06731035034538017,252.55187921031478,top_10,0.42582399219371353,1915,0.0985082304526749,-0.023955910826654193,492,0.35755813953488375,0.444444211144419,0.2569190600522193,1423,0.7430809399477807,158.12078996171175,-45.875569233042796,-0.0023598543844157815,-0.08176159053440116,0.0,0.012991351811230182,linear_svm_classifier__raw_primary_with_maturity__baseline__C_1p0__class_weight_balanced,linear_svm_classifier,"LinearSVC(C=1.0,class_weight='balanced',tol=1e-2)",raw_primary_with_maturity,baseline,"{""C"": 1.0, ""class_weight"": ""balanced""}"
linear_svm_classifier__baseline,linear_svm,classification,bbob_train,FE_ratio,FE_ratio=0.4,,,0.4,19440,1376,0.07078189300411522,-0.08176159053440116,-0.06731035034538017,252.55187921031478,top_20,0.2017186595071388,3332,0.1713991769547325,-0.04585950625380977,689,0.5007267441860465,0.6087489438573949,0.2067827130852341,2643,0.7932172869147659,306.5445645761737,-152.8038748376942,-0.007860281627453405,-0.08176159053440116,0.0,0.012991351811230182,linear_svm_classifier__raw_primary_with_maturity__baseline__C_1p0__class_weight_balanced,linear_svm_classifier,"LinearSVC(C=1.0,class_weight='balanced',tol=1e-2)",raw_primary_with_maturity,baseline,"{""C"": 1.0, ""class_weight"": ""balanced""}"
linear_svm_classifier__baseline,linear_svm,classification,bbob_train,FE_ratio,FE_ratio=0.45,,,0.45,19440,911,0.04686213991769547,-0.09574364894010993,-0.0740343803226563,214.80823720368133,zero,0.0,4481,0.23050411522633746,-0.08079818923593136,630,0.6915477497255763,0.7151975516541318,0.14059361749609461,3851,0.8594063825039053,515.6870112894212,-362.0566859662084,-0.01862431512171854,-0.09574364894010993,0.0,0.011049806440518587,linear_svm_classifier__raw_primary_with_maturity__baseline__C_1p0__class_weight_balanced,linear_svm_classifier,"LinearSVC(C=1.0,class_weight='balanced',tol=1e-2)",raw_primary_with_maturity,baseline,"{""C"": 1.0, ""class_weight"": ""balanced""}"
linear_svm_classifier__baseline,linear_svm,classification,bbob_train,FE_ratio,FE_ratio=0.45,,,0.45,19440,911,0.04686213991769547,-0.09574364894010993,-0.0740343803226563,214.80823720368133,train_utility,0.929903506090854,161,0.008281893004115226,-0.007423902647659102,56,0.06147091108671789,0.0469847067917305,0.34782608695652173,105,0.6521739130434783,11.28795036773658,-1.1952483262731155,-6.148396740088043e-05,-0.09574364894010993,0.0,0.011049806440518587,linear_svm_classifier__raw_primary_with_maturity__baseline__C_1p0__class_weight_balanced,linear_svm_classifier,"LinearSVC(C=1.0,class_weight='balanced',tol=1e-2)",raw_primary_with_maturity,baseline,"{""C"": 1.0, ""class_weight"": ""balanced""}"
linear_svm_classifier__baseline,linear_svm,classification,bbob_train,FE_ratio,FE_ratio=0.45,,,0.45,19440,911,0.04686213991769547,-0.09574364894010993,-0.0740343803226563,214.80823720368133,top_05,0.6054147556118301,872,0.0448559670781893,-0.026419494982040676,234,0.25686059275521406,0.22587547920496853,0.268348623853211,638,0.731651376146789,71.55771313989553,-23.037799624339463,-0.0011850719971368037,-0.09574364894010993,0.0,0.011049806440518587,linear_svm_classifier__raw_primary_with_maturity__baseline__C_1p0__class_weight_balanced,linear_svm_classifier,"LinearSVC(C=1.0,class_weight='balanced',tol=1e-2)",raw_primary_with_maturity,baseline,"{""C"": 1.0, ""class_weight"": ""balanced""}"
linear_svm_classifier__baseline,linear_svm,classification,bbob_train,FE_ratio,FE_ratio=0.45,,,0.45,19440,911,0.04686213991769547,-0.09574364894010993,-0.0740343803226563,214.80823720368133,top_10,0.42582399219371353,1606,0.08261316872427983,-0.03934984334581102,366,0.40175631174533477,0.39188531969187934,0.22789539227895392,1240,0.772104607721046,147.3760431223862,-63.19584841337251,-0.0032508152476014665,-0.09574364894010993,0.0,0.011049806440518587,linear_svm_classifier__raw_primary_with_maturity__baseline__C_1p0__class_weight_balanced,linear_svm_classifier,"LinearSVC(C=1.0,class_weight='balanced',tol=1e-2)",raw_primary_with_maturity,baseline,"{""C"": 1.0, ""class_weight"": ""balanced""}"
linear_svm_classifier__baseline,linear_svm,classification,bbob_train,FE_ratio,FE_ratio=0.45,,,0.45,19440,911,0.04686213991769547,-0.09574364894010993,-0.0740343803226563,214.80823720368133,top_20,0.2017186595071388,2903,0.1493312757201646,-0.06863054273513845,511,0.5609220636663008,0.5702607016191221,0.17602480192903894,2392,0.8239751980709611,321.73116162144504,-199.23446556010694,-0.0102486865000055,-0.09574364894010993,0.0,0.011049806440518587,linear_svm_classifier__raw_primary_with_maturity__baseline__C_1p0__class_weight_balanced,linear_svm_classifier,"LinearSVC(C=1.0,class_weight='balanced',tol=1e-2)",raw_primary_with_maturity,baseline,"{""C"": 1.0, ""class_weight"": ""balanced""}"
linear_svm_classifier__baseline,linear_svm,classification,bbob_train,FE_ratio,FE_ratio=0.5,,,0.5,19440,752,0.03868312757201646,-0.10761678906395437,-0.08153801385084204,216.74610973067038,zero,0.0,3973,0.2043724279835391,-0.09602541328384426,513,0.6821808510638298,0.6566375842991616,0.12912157060156054,3460,0.8708784293984395,523.8326088765016,-381.50896697671317,-0.019624946860942034,-0.10761678906395437,0.0,0.011149491241289628,linear_svm_classifier__raw_primary_with_maturity__baseline__C_1p0__class_weight_balanced,linear_svm_classifier,"LinearSVC(C=1.0,class_weight='balanced',tol=1e-2)",raw_primary_with_maturity,baseline,"{""C"": 1.0, ""class_weight"": ""balanced""}"
linear_svm_classifier__baseline,linear_svm,classification,bbob_train,FE_ratio,FE_ratio=0.5,,,0.5,19440,752,0.03868312757201646,-0.10761678906395437,-0.08153801385084204,216.74610973067038,train_utility,0.929903506090854,132,0.006790123456790123,-0.010492501910520615,39,0.05186170212765957,0.03923674231378183,0.29545454545454547,93,0.7045454545454546,9.889421507205718,-1.3850102521887209,-7.12453833430412e-05,-0.10761678906395437,0.0,0.011149491241289628,linear_svm_classifier__raw_primary_with_maturity__baseline__C_1p0__class_weight_balanced,linear_svm_classifier,"LinearSVC(C=1.0,class_weight='balanced',tol=1e-2)",raw_primary_with_maturity,baseline,"{""C"": 1.0, ""class_weight"": ""balanced""}"
linear_svm_classifier__baseline,linear_svm,classification,bbob_train,FE_ratio,FE_ratio=0.5,,,0.5,19440,752,0.03868312757201646,-0.10761678906395437,-0.08153801385084204,216.74610973067038,top_05,0.6054147556118301,717,0.036882716049382716,-0.036042765725336684,170,0.22606382978723405,0.16921851513078756,0.23709902370990238,547,0.7629009762900977,62.52011787406519,-25.842663025066404,-0.0013293550938820167,-0.10761678906395437,0.0,0.011149491241289628,linear_svm_classifier__raw_primary_with_maturity__baseline__C_1p0__class_weight_balanced,linear_svm_classifier,"LinearSVC(C=1.0,class_weight='balanced',tol=1e-2)",raw_primary_with_maturity,baseline,"{""C"": 1.0, ""class_weight"": ""balanced""}"
linear_svm_classifier__baseline,linear_svm,classification,bbob_train,FE_ratio,FE_ratio=0.5,,,0.5,19440,752,0.03868312757201646,-0.10761678906395437,-0.08153801385084204,216.74610973067038,top_10,0.42582399219371353,1384,0.07119341563786008,-0.03443185009734207,300,0.39893617021276595,0.37161716129440014,0.21676300578034682,1084,0.7832369942196532,128.20025455443772,-47.65368053472143,-0.0024513210151605675,-0.10761678906395437,0.0,0.011149491241289628,linear_svm_classifier__raw_primary_with_maturity__baseline__C_1p0__class_weight_balanced,linear_svm_classifier,"LinearSVC(C=1.0,class_weight='balanced',tol=1e-2)",raw_primary_with_maturity,baseline,"{""C"": 1.0, ""class_weight"": ""balanced""}"
linear_svm_classifier__baseline,linear_svm,classification,bbob_train,FE_ratio,FE_ratio=0.5,,,0.5,19440,752,0.03868312757201646,-0.10761678906395437,-0.08153801385084204,216.74610973067038,top_20,0.2017186595071388,2631,0.13533950617283952,-0.07393556112851242,441,0.586436170212766,0.5628896328486784,0.1676168757126568,2190,0.8323831242873432,316.52859945679256,-194.52446132911615,-0.010006402331744657,-0.10761678906395437,0.0,0.011149491241289628,linear_svm_classifier__raw_primary_with_maturity__baseline__C_1p0__class_weight_balanced,linear_svm_classifier,"LinearSVC(C=1.0,class_weight='balanced',tol=1e-2)",raw_primary_with_maturity,baseline,"{""C"": 1.0, ""class_weight"": ""balanced""}"
linear_svm_classifier__baseline,linear_svm,classification,bbob_train,FE_ratio,FE_ratio=0.55,,,0.55,19440,784,0.040329218106995884,-0.12055088341199817,-0.09047622006570433,212.50845114181092,zero,0.0,3680,0.18930041152263374,-0.11654930759265206,481,0.6135204081632653,0.606025836567751,0.13070652173913044,3199,0.8692934782608696,557.6870638218925,-428.9014519409596,-0.022062831889967056,-0.12055088341199817,0.0,0.010931504688364757,linear_svm_classifier__raw_primary_with_maturity__baseline__C_1p0__class_weight_balanced,linear_svm_classifier,"LinearSVC(C=1.0,class_weight='balanced',tol=1e-2)",raw_primary_with_maturity,baseline,"{""C"": 1.0, ""class_weight"": ""balanced""}"
linear_svm_classifier__baseline,linear_svm,classification,bbob_train,FE_ratio,FE_ratio=0.55,,,0.55,19440,784,0.040329218106995884,-0.12055088341199817,-0.09047622006570433,212.50845114181092,train_utility,0.929903506090854,79,0.0040637860082304526,-0.05573538349038681,14,0.017857142857142856,0.012104801551670869,0.17721518987341772,65,0.8227848101265823,6.975467924865125,-4.403095295740559,-0.00022649667159159253,-0.12055088341199817,0.0,0.010931504688364757,linear_svm_classifier__raw_primary_with_maturity__baseline__C_1p0__class_weight_balanced,linear_svm_classifier,"LinearSVC(C=1.0,class_weight='balanced',tol=1e-2)",raw_primary_with_maturity,baseline,"{""C"": 1.0, ""class_weight"": ""balanced""}"
linear_svm_classifier__baseline,linear_svm,classification,bbob_train,FE_ratio,FE_ratio=0.55,,,0.55,19440,784,0.040329218106995884,-0.12055088341199817,-0.09047622006570433,212.50845114181092,top_05,0.6054147556118301,530,0.02726337448559671,-0.04959882598770118,127,0.16198979591836735,0.13816465699405908,0.23962264150943396,403,0.7603773584905661,55.64853503382869,-26.28737777348163,-0.0013522313669486435,-0.12055088341199817,0.0,0.010931504688364757,linear_svm_classifier__raw_primary_with_maturity__baseline__C_1p0__class_weight_balanced,linear_svm_classifier,"LinearSVC(C=1.0,class_weight='balanced',tol=1e-2)",raw_primary_with_maturity,baseline,"{""C"": 1.0, ""class_weight"": ""balanced""}"
linear_svm_classifier__baseline,linear_svm,classification,bbob_train,FE_ratio,FE_ratio=0.55,,,0.55,19440,784,0.040329218106995884,-0.12055088341199817,-0.09047622006570433,212.50845114181092,top_10,0.42582399219371353,1174,0.06039094650205761,-0.058643121531092274,251,0.3201530612244898,0.28296317541725796,0.21379897785349233,923,0.7862010221465077,128.97909081559237,-68.84702467750232,-0.003541513615097856,-0.12055088341199817,0.0,0.010931504688364757,linear_svm_classifier__raw_primary_with_maturity__baseline__C_1p0__class_weight_balanced,linear_svm_classifier,"LinearSVC(C=1.0,class_weight='balanced',tol=1e-2)",raw_primary_with_maturity,baseline,"{""C"": 1.0, ""class_weight"": ""balanced""}"
linear_svm_classifier__baseline,linear_svm,classification,bbob_train,FE_ratio,FE_ratio=0.55,,,0.55,19440,784,0.040329218106995884,-0.12055088341199817,-0.09047622006570433,212.50845114181092,top_20,0.2017186595071388,2307,0.11867283950617284,-0.0890615753669491,387,0.49362244897959184,0.48128212734642456,0.16775032509752927,1920,0.8322496749024707,307.7415738161761,-205.46505437155162,-0.01056919003968887,-0.12055088341199817,0.0,0.010931504688364757,linear_svm_classifier__raw_primary_with_maturity__baseline__C_1p0__class_weight_balanced,linear_svm_classifier,"LinearSVC(C=1.0,class_weight='balanced',tol=1e-2)",raw_primary_with_maturity,baseline,"{""C"": 1.0, ""class_weight"": ""balanced""}"
linear_svm_classifier__baseline,linear_svm,classification,bbob_train,FE_ratio,FE_ratio=0.6,,,0.6,19440,624,0.03209876543209877,-0.13902174819174842,-0.10198680721304745,192.65175785948037,zero,0.0,3487,0.17937242798353908,-0.15272557443078544,344,0.5512820512820513,0.540042550107871,0.0986521365070261,3143,0.9013478634929739,636.5942246373465,-532.5540780401489,-0.027394757100830704,-0.13902174819174842,0.0,0.009910069848738701,linear_svm_classifier__raw_primary_with_maturity__baseline__C_1p0__class_weight_balanced,linear_svm_classifier,"LinearSVC(C=1.0,class_weight='balanced',tol=1e-2)",raw_primary_with_maturity,baseline,"{""C"": 1.0, ""class_weight"": ""balanced""}"
linear_svm_classifier__baseline,linear_svm,classification,bbob_train,FE_ratio,FE_ratio=0.6,,,0.6,19440,624,0.03209876543209877,-0.13902174819174842,-0.10198680721304745,192.65175785948037,train_utility,0.929903506090854,61,0.0031378600823045266,-0.08788458739540995,5,0.008012820512820512,0.0060770687817174275,0.08196721311475409,56,0.9180327868852459,6.5317178145508406,-5.360959831120008,-0.0002757695386378605,-0.13902174819174842,0.0,0.009910069848738701,linear_svm_classifier__raw_primary_with_maturity__baseline__C_1p0__class_weight_balanced,linear_svm_classifier,"LinearSVC(C=1.0,class_weight='balanced',tol=1e-2)",raw_primary_with_maturity,baseline,"{""C"": 1.0, ""class_weight"": ""balanced""}"
linear_svm_classifier__baseline,linear_svm,classification,bbob_train,FE_ratio,FE_ratio=0.6,,,0.6,19440,624,0.03209876543209877,-0.13902174819174842,-0.10198680721304745,192.65175785948037,top_05,0.6054147556118301,422,0.021707818930041152,-0.07437249216179158,57,0.09134615384615384,0.08007817588139328,0.13507109004739337,365,0.8649289099526066,46.81239304200711,-31.38519169227605,-0.0016144645932240765,-0.13902174819174842,0.0,0.009910069848738701,linear_svm_classifier__raw_primary_with_maturity__baseline__C_1p0__class_weight_balanced,linear_svm_classifier,"LinearSVC(C=1.0,class_weight='balanced',tol=1e-2)",raw_primary_with_maturity,baseline,"{""C"": 1.0, ""class_weight"": ""balanced""}"
linear_svm_classifier__baseline,linear_svm,classification,bbob_train,FE_ratio,FE_ratio=0.6,,,0.6,19440,624,0.03209876543209877,-0.13902174819174842,-0.10198680721304745,192.65175785948037,top_10,0.42582399219371353,975,0.05015432098765432,-0.08745664474638593,140,0.22435897435897437,0.19220944078362676,0.14358974358974358,835,0.8564102564102564,122.29971527187966,-85.27022862772628,-0.004386328633113492,-0.13902174819174842,0.0,0.009910069848738701,linear_svm_classifier__raw_primary_with_maturity__baseline__C_1p0__class_weight_balanced,linear_svm_classifier,"LinearSVC(C=1.0,class_weight='balanced',tol=1e-2)",raw_primary_with_maturity,baseline,"{""C"": 1.0, ""class_weight"": ""balanced""}"
linear_svm_classifier__baseline,linear_svm,classification,bbob_train,FE_ratio,FE_ratio=0.6,,,0.6,19440,624,0.03209876543209877,-0.13902174819174842,-0.10198680721304745,192.65175785948037,top_20,0.2017186595071388,2004,0.10308641975308643,-0.1060042552351873,263,0.421474358974359,0.4288599109451904,0.1312375249500998,1741,0.8687624750499002,295.05314321036656,-212.4325274913154,-0.01092759915078783,-0.13902174819174842,0.0,0.009910069848738701,linear_svm_classifier__raw_primary_with_maturity__baseline__C_1p0__class_weight_balanced,linear_svm_classifier,"LinearSVC(C=1.0,class_weight='balanced',tol=1e-2)",raw_primary_with_maturity,baseline,"{""C"": 1.0, ""class_weight"": ""balanced""}"
linear_svm_classifier__baseline,linear_svm,classification,bbob_validation,all,all,,,,64800,3745,0.05779320987654321,-0.09152940558707323,-0.07597107961327272,743.0385345915533,zero,0.0,22197,0.3425462962962963,-0.07112968406562262,2967,0.792256341789052,0.8845600573715124,0.1336667117177997,19230,0.8663332882822002,2236.1278059921738,-1578.865597204625,-0.024365209833404705,-0.09152940558707323,0.0,0.011466644052338786,linear_svm_classifier__raw_primary_with_maturity__baseline__C_1p0__class_weight_balanced,linear_svm_classifier,"LinearSVC(C=1.0,class_weight='balanced',tol=1e-2)",raw_primary_with_maturity,baseline,"{""C"": 1.0, ""class_weight"": ""balanced""}"
linear_svm_classifier__baseline,linear_svm,classification,bbob_validation,all,all,,,,64800,3745,0.05779320987654321,-0.09152940558707323,-0.07597107961327272,743.0385345915533,train_utility,0.929903506090854,2331,0.035972222222222225,0.11076276241637142,715,0.1909212283044059,0.5292369546763008,0.30673530673530675,1616,0.6932646932646933,135.05545206181313,258.18799919256173,0.003984382703588915,-0.09152940558707323,0.0,0.011466644052338786,linear_svm_classifier__raw_primary_with_maturity__baseline__C_1p0__class_weight_balanced,linear_svm_classifier,"LinearSVC(C=1.0,class_weight='balanced',tol=1e-2)",raw_primary_with_maturity,baseline,"{""C"": 1.0, ""class_weight"": ""balanced""}"
linear_svm_classifier__baseline,linear_svm,classification,bbob_validation,all,all,,,,64800,3745,0.05779320987654321,-0.09152940558707323,-0.07597107961327272,743.0385345915533,top_05,0.6054147556118301,4139,0.06387345679012346,0.026353191454569016,934,0.2493991989319092,0.5915409041333634,0.22565837158733995,3205,0.7743416284126601,330.46182712775556,109.07585943046118,0.0016832694356552652,-0.09152940558707323,0.0,0.011466644052338786,linear_svm_classifier__raw_primary_with_maturity__baseline__C_1p0__class_weight_balanced,linear_svm_classifier,"LinearSVC(C=1.0,class_weight='balanced',tol=1e-2)",raw_primary_with_maturity,baseline,"{""C"": 1.0, ""class_weight"": ""balanced""}"
linear_svm_classifier__baseline,linear_svm,classification,bbob_validation,all,all,,,,64800,3745,0.05779320987654321,-0.09152940558707323,-0.07597107961327272,743.0385345915533,top_10,0.42582399219371353,7892,0.12179012345679012,-0.02974242261390409,1407,0.37570093457943926,0.6696478499310552,0.1782818043588444,6485,0.8217181956411556,732.3013563740867,-234.72719926893103,-0.003622333322051405,-0.09152940558707323,0.0,0.011466644052338786,linear_svm_classifier__raw_primary_with_maturity__baseline__C_1p0__class_weight_balanced,linear_svm_classifier,"LinearSVC(C=1.0,class_weight='balanced',tol=1e-2)",raw_primary_with_maturity,baseline,"{""C"": 1.0, ""class_weight"": ""balanced""}"
linear_svm_classifier__baseline,linear_svm,classification,bbob_validation,all,all,,,,64800,3745,0.05779320987654321,-0.09152940558707323,-0.07597107961327272,743.0385345915533,top_20,0.2017186595071388,15760,0.24320987654320989,-0.06354240219542462,2267,0.6053404539385848,0.7901294619685589,0.14384517766497462,13493,0.8561548223350254,1588.5248961586226,-1001.4282585998923,-0.015454139793208215,-0.09152940558707323,0.0,0.011466644052338786,linear_svm_classifier__raw_primary_with_maturity__baseline__C_1p0__class_weight_balanced,linear_svm_classifier,"LinearSVC(C=1.0,class_weight='balanced',tol=1e-2)",raw_primary_with_maturity,baseline,"{""C"": 1.0, ""class_weight"": ""balanced""}"
linear_svm_classifier__baseline,linear_svm,classification,bbob_validation,label_source,label_source=changed_algorithm,changed_algorithm,,,16560,2549,0.15392512077294687,-0.05116247729341551,-0.06176568779918107,607.1864253523988,zero,0.0,5731,0.34607487922705316,0.03485033746106989,2067,0.8109062377402904,0.9203771281583829,0.3606700401326121,3664,0.6393299598673879,359.1132144332037,199.72728398939148,0.012060826327861804,-0.05116247729341551,0.0,0.036665846941569984,linear_svm_classifier__raw_primary_with_maturity__baseline__C_1p0__class_weight_balanced,linear_svm_classifier,"LinearSVC(C=1.0,class_weight='balanced',tol=1e-2)",raw_primary_with_maturity,baseline,"{""C"": 1.0, ""class_weight"": ""balanced""}"
linear_svm_classifier__baseline,linear_svm,classification,bbob_validation,label_source,label_source=changed_algorithm,changed_algorithm,,,16560,2549,0.15392512077294687,-0.05116247729341551,-0.06176568779918107,607.1864253523988,train_utility,0.929903506090854,732,0.04420289855072464,0.5323451851078339,692,0.2714790113770106,0.6431665765439532,0.9453551912568307,40,0.0546448087431694,0.8453390189284318,389.67667549893434,0.023531200211288305,-0.05116247729341551,0.0,0.036665846941569984,linear_svm_classifier__raw_primary_with_maturity__baseline__C_1p0__class_weight_balanced,linear_svm_classifier,"LinearSVC(C=1.0,class_weight='balanced',tol=1e-2)",raw_primary_with_maturity,baseline,"{""C"": 1.0, ""class_weight"": ""balanced""}"
linear_svm_classifier__baseline,linear_svm,classification,bbob_validation,label_source,label_source=changed_algorithm,changed_algorithm,,,16560,2549,0.15392512077294687,-0.05116247729341551,-0.06176568779918107,607.1864253523988,top_05,0.6054147556118301,1040,0.06280193236714976,0.3874820690549326,810,0.31777167516673205,0.6937245958576829,0.7788461538461539,230,0.22115384615384615,18.238805720734103,402.9813518171299,0.02433462269427113,-0.05116247729341551,0.0,0.036665846941569984,linear_svm_classifier__raw_primary_with_maturity__baseline__C_1p0__class_weight_balanced,linear_svm_classifier,"LinearSVC(C=1.0,class_weight='balanced',tol=1e-2)",raw_primary_with_maturity,baseline,"{""C"": 1.0, ""class_weight"": ""balanced""}"
linear_svm_classifier__baseline,linear_svm,classification,bbob_validation,label_source,label_source=changed_algorithm,changed_algorithm,,,16560,2549,0.15392512077294687,-0.05116247729341551,-0.06176568779918107,607.1864253523988,top_10,0.42582399219371353,1847,0.11153381642512078,0.21056702842002914,1078,0.4229109454688113,0.750027995206278,0.5836491608012994,769,0.4163508391987006,66.48951583173226,388.91730149179386,0.02348534429298272,-0.05116247729341551,0.0,0.036665846941569984,linear_svm_classifier__raw_primary_with_maturity__baseline__C_1p0__class_weight_balanced,linear_svm_classifier,"LinearSVC(C=1.0,class_weight='balanced',tol=1e-2)",raw_primary_with_maturity,baseline,"{""C"": 1.0, ""class_weight"": ""balanced""}"
linear_svm_classifier__baseline,linear_svm,classification,bbob_validation,label_source,label_source=changed_algorithm,changed_algorithm,,,16560,2549,0.15392512077294687,-0.05116247729341551,-0.06176568779918107,607.1864253523988,top_20,0.2017186595071388,3907,0.23592995169082126,0.07732476928171884,1620,0.6355433503334641,0.8468698276085392,0.4146403890453033,2287,0.5853596109546967,212.09998978075572,302.1078735836754,0.01824322908113982,-0.05116247729341551,0.0,0.036665846941569984,linear_svm_classifier__raw_primary_with_maturity__baseline__C_1p0__class_weight_balanced,linear_svm_classifier,"LinearSVC(C=1.0,class_weight='balanced',tol=1e-2)",raw_primary_with_maturity,baseline,"{""C"": 1.0, ""class_weight"": ""balanced""}"
linear_svm_classifier__baseline,linear_svm,classification,bbob_validation,label_source,label_source=same_algorithm,same_algorithm,,,48240,1196,0.024792703150912105,-0.10538670932967216,-0.08462815497687234,135.85210923915443,zero,0.0,16466,0.34133499170812603,-0.10801608655374813,900,0.7525083612040134,0.7244768661757904,0.05465808332321147,15566,0.9453419166767886,1877.01459155897,-1778.5928811940166,-0.03686967000816784,-0.10538670932967216,0.0,0.0028161714187221066,linear_svm_classifier__raw_primary_with_maturity__baseline__C_1p0__class_weight_balanced,linear_svm_classifier,"LinearSVC(C=1.0,class_weight='balanced',tol=1e-2)",raw_primary_with_maturity,baseline,"{""C"": 1.0, ""class_weight"": ""balanced""}"
linear_svm_classifier__baseline,linear_svm,classification,bbob_validation,label_source,label_source=same_algorithm,same_algorithm,,,48240,1196,0.024792703150912105,-0.10538670932967216,-0.08462815497687234,135.85210923915443,train_utility,0.929903506090854,1599,0.033146766169154226,-0.08223181757746884,23,0.019230769230769232,0.020032348056674247,0.014383989993746092,1576,0.9856160100062539,134.2101130428847,-131.48867630637264,-0.0027257188289049055,-0.10538670932967216,0.0,0.0028161714187221066,linear_svm_classifier__raw_primary_with_maturity__baseline__C_1p0__class_weight_balanced,linear_svm_classifier,"LinearSVC(C=1.0,class_weight='balanced',tol=1e-2)",raw_primary_with_maturity,baseline,"{""C"": 1.0, ""class_weight"": ""balanced""}"
linear_svm_classifier__baseline,linear_svm,classification,bbob_validation,label_source,label_source=same_algorithm,same_algorithm,,,48240,1196,0.024792703150912105,-0.10538670932967216,-0.08462815497687234,135.85210923915443,top_05,0.6054147556118301,3099,0.0642412935323383,-0.09483881651715673,124,0.10367892976588629,0.1348343365659972,0.040012907389480476,2975,0.9599870926105195,312.22302140702146,-293.9054923866687,-0.00609256825013824,-0.10538670932967216,0.0,0.0028161714187221066,linear_svm_classifier__raw_primary_with_maturity__baseline__C_1p0__class_weight_balanced,linear_svm_classifier,"LinearSVC(C=1.0,class_weight='balanced',tol=1e-2)",raw_primary_with_maturity,baseline,"{""C"": 1.0, ""class_weight"": ""balanced""}"
linear_svm_classifier__baseline,linear_svm,classification,bbob_validation,label_source,label_source=same_algorithm,same_algorithm,,,48240,1196,0.024792703150912105,-0.10538670932967216,-0.08462815497687234,135.85210923915443,top_10,0.42582399219371353,6045,0.12531094527363185,-0.10316699764445408,329,0.27508361204013376,0.3103914986509197,0.05442514474772539,5716,0.9455748552522746,665.8118405423545,-623.6445007607249,-0.01292795399586909,-0.10538670932967216,0.0,0.0028161714187221066,linear_svm_classifier__raw_primary_with_maturity__baseline__C_1p0__class_weight_balanced,linear_svm_classifier,"LinearSVC(C=1.0,class_weight='balanced',tol=1e-2)",raw_primary_with_maturity,baseline,"{""C"": 1.0, ""class_weight"": ""balanced""}"
linear_svm_classifier__baseline,linear_svm,classification,bbob_validation,label_source,label_source=same_algorithm,same_algorithm,,,48240,1196,0.024792703150912105,-0.10538670932967216,-0.08462815497687234,135.85210923915443,top_20,0.2017186595071388,11853,0.2457089552238806,-0.10997520730478086,647,0.5409698996655519,0.5365303093379704,0.05458533704547372,11206,0.9454146629545263,1376.4249063778668,-1303.5361321835676,-0.027021893287387386,-0.10538670932967216,0.0,0.0028161714187221066,linear_svm_classifier__raw_primary_with_maturity__baseline__C_1p0__class_weight_balanced,linear_svm_classifier,"LinearSVC(C=1.0,class_weight='balanced',tol=1e-2)",raw_primary_with_maturity,baseline,"{""C"": 1.0, ""class_weight"": ""balanced""}"
linear_svm_classifier__baseline,linear_svm,classification,bbob_validation,dimension,dimension=10,,10.0,,21600,1470,0.06805555555555555,-0.040708791525251226,-0.036659214049790265,260.3480860696287,zero,0.0,7487,0.34662037037037036,-0.019332498847891687,1178,0.8013605442176871,0.8921669689565882,0.15733938827300656,6309,0.8426606117269935,377.01638169655473,-144.74241887416508,-0.006701037910840976,-0.040708791525251226,0.0,0.01205315213285318,linear_svm_classifier__raw_primary_with_maturity__baseline__C_1p0__class_weight_balanced,linear_svm_classifier,"LinearSVC(C=1.0,class_weight='balanced',tol=1e-2)",raw_primary_with_maturity,baseline,"{""C"": 1.0, ""class_weight"": ""balanced""}"
linear_svm_classifier__baseline,linear_svm,classification,bbob_validation,dimension,dimension=10,,10.0,,21600,1470,0.06805555555555555,-0.040708791525251226,-0.036659214049790265,260.3480860696287,train_utility,0.929903506090854,699,0.03236111111111111,0.17575163337811567,236,0.16054421768707483,0.5245263785753402,0.3376251788268956,463,0.6623748211731044,13.709047023820466,122.85039173130285,0.005687518135708465,-0.040708791525251226,0.0,0.01205315213285318,linear_svm_classifier__raw_primary_with_maturity__baseline__C_1p0__class_weight_balanced,linear_svm_classifier,"LinearSVC(C=1.0,class_weight='balanced',tol=1e-2)",raw_primary_with_maturity,baseline,"{""C"": 1.0, ""class_weight"": ""balanced""}"
linear_svm_classifier__baseline,linear_svm,classification,bbob_validation,dimension,dimension=10,,10.0,,21600,1470,0.06805555555555555,-0.040708791525251226,-0.036659214049790265,260.3480860696287,top_05,0.6054147556118301,1195,0.055324074074074074,0.10271075655484879,327,0.22244897959183674,0.6173862001447818,0.27364016736401675,868,0.7263598326359832,37.99596149045036,122.7393540830443,0.005682377503844644,-0.040708791525251226,0.0,0.01205315213285318,linear_svm_classifier__raw_primary_with_maturity__baseline__C_1p0__class_weight_balanced,linear_svm_classifier,"LinearSVC(C=1.0,class_weight='balanced',tol=1e-2)",raw_primary_with_maturity,baseline,"{""C"": 1.0, ""class_weight"": ""balanced""}"
linear_svm_classifier__baseline,linear_svm,classification,bbob_validation,dimension,dimension=10,,10.0,,21600,1470,0.06805555555555555,-0.040708791525251226,-0.036659214049790265,260.3480860696287,top_10,0.42582399219371353,2276,0.10537037037037036,0.036505830628804005,490,0.3333333333333333,0.6762179706257072,0.21528998242530756,1786,0.7847100175746925,92.96478390713335,83.0872705111579,0.0038466328940350877,-0.040708791525251226,0.0,0.01205315213285318,linear_svm_classifier__raw_primary_with_maturity__baseline__C_1p0__class_weight_balanced,linear_svm_classifier,"LinearSVC(C=1.0,class_weight='balanced',tol=1e-2)",raw_primary_with_maturity,baseline,"{""C"": 1.0, ""class_weight"": ""balanced""}"
linear_svm_classifier__baseline,linear_svm,classification,bbob_validation,dimension,dimension=10,,10.0,,21600,1470,0.06805555555555555,-0.040708791525251226,-0.036659214049790265,260.3480860696287,top_20,0.2017186595071388,4979,0.23050925925925925,-0.006652984530068743,846,0.5755102040816327,0.7863441255712132,0.16991363727656156,4133,0.8300863627234384,237.84839805977347,-33.12520997521227,-0.001533574535889457,-0.040708791525251226,0.0,0.01205315213285318,linear_svm_classifier__raw_primary_with_maturity__baseline__C_1p0__class_weight_balanced,linear_svm_classifier,"LinearSVC(C=1.0,class_weight='balanced',tol=1e-2)",raw_primary_with_maturity,baseline,"{""C"": 1.0, ""class_weight"": ""balanced""}"
linear_svm_classifier__baseline,linear_svm,classification,bbob_validation,dimension,dimension=20,,20.0,,21600,1908,0.08833333333333333,-0.05664202206459035,-0.0679457754312032,392.4289080321196,zero,0.0,7346,0.3400925925925926,-0.015397544798204288,1504,0.7882599580712788,0.8922187554917743,0.2047372719847536,5842,0.7952627280152464,463.2427960310224,-113.11036408760867,-0.005236590929981883,-0.05664202206459035,0.0,0.018168005001487023,linear_svm_classifier__raw_primary_with_maturity__baseline__C_1p0__class_weight_balanced,linear_svm_classifier,"LinearSVC(C=1.0,class_weight='balanced',tol=1e-2)",raw_primary_with_maturity,baseline,"{""C"": 1.0, ""class_weight"": ""balanced""}"
linear_svm_classifier__baseline,linear_svm,classification,bbob_validation,dimension,dimension=20,,20.0,,21600,1908,0.08833333333333333,-0.05664202206459035,-0.0679457754312032,392.4289080321196,train_utility,0.929903506090854,807,0.03736111111111111,0.25469355631425483,390,0.20440251572327045,0.5781685700611978,0.483271375464684,417,0.516728624535316,21.35236066200426,205.53769994560363,0.009515634256740908,-0.05664202206459035,0.0,0.018168005001487023,linear_svm_classifier__raw_primary_with_maturity__baseline__C_1p0__class_weight_balanced,linear_svm_classifier,"LinearSVC(C=1.0,class_weight='balanced',tol=1e-2)",raw_primary_with_maturity,baseline,"{""C"": 1.0, ""class_weight"": ""balanced""}"
linear_svm_classifier__baseline,linear_svm,classification,bbob_validation,dimension,dimension=20,,20.0,,21600,1908,0.08833333333333333,-0.05664202206459035,-0.0679457754312032,392.4289080321196,top_05,0.6054147556118301,1344,0.06222222222222222,0.1386564803462989,485,0.25419287211740044,0.609381309574413,0.36086309523809523,859,0.6391369047619048,52.78453230604422,186.35430958542568,0.008627514332658596,-0.05664202206459035,0.0,0.018168005001487023,linear_svm_classifier__raw_primary_with_maturity__baseline__C_1p0__class_weight_balanced,linear_svm_classifier,"LinearSVC(C=1.0,class_weight='balanced',tol=1e-2)",raw_primary_with_maturity,baseline,"{""C"": 1.0, ""class_weight"": ""balanced""}"
linear_svm_classifier__baseline,linear_svm,classification,bbob_validation,dimension,dimension=20,,20.0,,21600,1908,0.08833333333333333,-0.05664202206459035,-0.0679457754312032,392.4289080321196,top_10,0.42582399219371353,2631,0.12180555555555556,0.048619377657460765,718,0.37631027253668764,0.6769968626757286,0.2729000380083618,1913,0.7270999619916382,137.75555694422766,127.91758261677927,0.005922110306332374,-0.05664202206459035,0.0,0.018168005001487023,linear_svm_classifier__raw_primary_with_maturity__baseline__C_1p0__class_weight_balanced,linear_svm_classifier,"LinearSVC(C=1.0,class_weight='balanced',tol=1e-2)",raw_primary_with_maturity,baseline,"{""C"": 1.0, ""class_weight"": ""balanced""}"
linear_svm_classifier__baseline,linear_svm,classification,bbob_validation,dimension,dimension=20,,20.0,,21600,1908,0.08833333333333333,-0.05664202206459035,-0.0679457754312032,392.4289080321196,top_20,0.2017186595071388,5225,0.24189814814814814,-0.0006998359687268663,1165,0.610587002096436,0.8010605827552945,0.22296650717703348,4060,0.7770334928229665,318.0159726948314,-3.6566429365978763,-0.00016928902484249428,-0.05664202206459035,0.0,0.018168005001487023,linear_svm_classifier__raw_primary_with_maturity__baseline__C_1p0__class_weight_balanced,linear_svm_classifier,"LinearSVC(C=1.0,class_weight='balanced',tol=1e-2)",raw_primary_with_maturity,baseline,"{""C"": 1.0, ""class_weight"": ""balanced""}"
linear_svm_classifier__baseline,linear_svm,classification,bbob_validation,dimension,dimension=40,,40.0,,21600,367,0.01699074074074074,-0.17723740317137815,-0.16708161511555475,90.26154048980496,zero,0.0,7364,0.3409259259259259,-0.17938794327034915,285,0.776566757493188,0.8293212548283581,0.03870179250407387,7079,0.9612982074959261,1395.8686282645967,-1321.0128142428512,-0.06115800065939126,-0.17723740317137815,0.0,0.004178775022676155,linear_svm_classifier__raw_primary_with_maturity__baseline__C_1p0__class_weight_balanced,linear_svm_classifier,"LinearSVC(C=1.0,class_weight='balanced',tol=1e-2)",raw_primary_with_maturity,baseline,"{""C"": 1.0, ""class_weight"": ""balanced""}"
linear_svm_classifier__baseline,linear_svm,classification,bbob_validation,dimension,dimension=40,,40.0,,21600,367,0.01699074074074074,-0.17723740317137815,-0.16708161511555475,90.26154048980496,train_utility,0.929903506090854,825,0.03819444444444445,-0.08509102119314514,89,0.24250681198910082,0.33008468202477553,0.10787878787878788,736,0.8921212121212121,99.99404437598841,-70.20009248434475,-0.0032500042816826272,-0.17723740317137815,0.0,0.004178775022676155,linear_svm_classifier__raw_primary_with_maturity__baseline__C_1p0__class_weight_balanced,linear_svm_classifier,"LinearSVC(C=1.0,class_weight='balanced',tol=1e-2)",raw_primary_with_maturity,baseline,"{""C"": 1.0, ""class_weight"": ""balanced""}"
linear_svm_classifier__baseline,linear_svm,classification,bbob_validation,dimension,dimension=40,,40.0,,21600,367,0.01699074074074074,-0.17723740317137815,-0.16708161511555475,90.26154048980496,top_05,0.6054147556118301,1600,0.07407407407407407,-0.12501112764875552,122,0.33242506811989103,0.4394288960504961,0.07625,1478,0.92375,239.68133333126102,-200.01780423800886,-0.009260083529537447,-0.17723740317137815,0.0,0.004178775022676155,linear_svm_classifier__raw_primary_with_maturity__baseline__C_1p0__class_weight_balanced,linear_svm_classifier,"LinearSVC(C=1.0,class_weight='balanced',tol=1e-2)",raw_primary_with_maturity,baseline,"{""C"": 1.0, ""class_weight"": ""balanced""}"
linear_svm_classifier__baseline,linear_svm,classification,bbob_validation,dimension,dimension=40,,40.0,,21600,367,0.01699074074074074,-0.17723740317137815,-0.16708161511555475,90.26154048980496,top_10,0.42582399219371353,2985,0.13819444444444445,-0.1493239706522172,199,0.5422343324250681,0.6187459556173387,0.06666666666666667,2786,0.9333333333333333,501.58101552272575,-445.7320523968683,-0.02063574316652168,-0.17723740317137815,0.0,0.004178775022676155,linear_svm_classifier__raw_primary_with_maturity__baseline__C_1p0__class_weight_balanced,linear_svm_classifier,"LinearSVC(C=1.0,class_weight='balanced',tol=1e-2)",raw_primary_with_maturity,baseline,"{""C"": 1.0, ""class_weight"": ""balanced""}"
linear_svm_classifier__baseline,linear_svm,classification,bbob_validation,dimension,dimension=40,,40.0,,21600,367,0.01699074074074074,-0.17723740317137815,-0.16708161511555475,90.26154048980496,top_20,0.2017186595071388,5556,0.25722222222222224,-0.1736224632267966,256,0.6975476839237057,0.7535227002204552,0.04607631389488841,5300,0.9539236861051116,1032.6605254040176,-964.6464056880818,-0.04465955581889268,-0.17723740317137815,0.0,0.004178775022676155,linear_svm_classifier__raw_primary_with_maturity__baseline__C_1p0__class_weight_balanced,linear_svm_classifier,"LinearSVC(C=1.0,class_weight='balanced',tol=1e-2)",raw_primary_with_maturity,baseline,"{""C"": 1.0, ""class_weight"": ""balanced""}"
linear_svm_classifier__baseline,linear_svm,classification,bbob_validation,FE_ratio,FE_ratio=0.2,,,0.2,6480,296,0.04567901234567901,-0.07854640971495502,-0.05432046807708305,38.557426800468264,zero,0.0,878,0.13549382716049382,-0.059537435116530105,44,0.14864864864864866,0.10801906877694495,0.05011389521640091,834,0.9498861047835991,56.438805369735235,-52.27386803231343,-0.008066954943258245,-0.07854640971495502,0.0,0.005950220185257448,linear_svm_classifier__raw_primary_with_maturity__baseline__C_1p0__class_weight_balanced,linear_svm_classifier,"LinearSVC(C=1.0,class_weight='balanced',tol=1e-2)",raw_primary_with_maturity,baseline,"{""C"": 1.0, ""class_weight"": ""balanced""}"
linear_svm_classifier__baseline,linear_svm,classification,bbob_validation,FE_ratio,FE_ratio=0.2,,,0.2,6480,296,0.04567901234567901,-0.07854640971495502,-0.05432046807708305,38.557426800468264,train_utility,0.929903506090854,0,0.0,0.0,0,0.0,0.0,0.0,0,0.0,-0.0,0.0,0.0,-0.07854640971495502,0.0,0.005950220185257448,linear_svm_classifier__raw_primary_with_maturity__baseline__C_1p0__class_weight_balanced,linear_svm_classifier,"LinearSVC(C=1.0,class_weight='balanced',tol=1e-2)",raw_primary_with_maturity,baseline,"{""C"": 1.0, ""class_weight"": ""balanced""}"
linear_svm_classifier__baseline,linear_svm,classification,bbob_validation,FE_ratio,FE_ratio=0.2,,,0.2,6480,296,0.04567901234567901,-0.07854640971495502,-0.05432046807708305,38.557426800468264,top_05,0.6054147556118301,1,0.00015432098765432098,-0.10680172392417987,0,0.0,0.0,0.0,1,1.0,0.10680172392417987,-0.10680172392417987,-1.648174751916356e-05,-0.07854640971495502,0.0,0.005950220185257448,linear_svm_classifier__raw_primary_with_maturity__baseline__C_1p0__class_weight_balanced,linear_svm_classifier,"LinearSVC(C=1.0,class_weight='balanced',tol=1e-2)",raw_primary_with_maturity,baseline,"{""C"": 1.0, ""class_weight"": ""balanced""}"
linear_svm_classifier__baseline,linear_svm,classification,bbob_validation,FE_ratio,FE_ratio=0.2,,,0.2,6480,296,0.04567901234567901,-0.07854640971495502,-0.05432046807708305,38.557426800468264,top_10,0.42582399219371353,1,0.00015432098765432098,-0.10680172392417987,0,0.0,0.0,0.0,1,1.0,0.10680172392417987,-0.10680172392417987,-1.648174751916356e-05,-0.07854640971495502,0.0,0.005950220185257448,linear_svm_classifier__raw_primary_with_maturity__baseline__C_1p0__class_weight_balanced,linear_svm_classifier,"LinearSVC(C=1.0,class_weight='balanced',tol=1e-2)",raw_primary_with_maturity,baseline,"{""C"": 1.0, ""class_weight"": ""balanced""}"
linear_svm_classifier__baseline,linear_svm,classification,bbob_validation,FE_ratio,FE_ratio=0.2,,,0.2,6480,296,0.04567901234567901,-0.07854640971495502,-0.05432046807708305,38.557426800468264,top_20,0.2017186595071388,208,0.03209876543209877,-0.059042337167335826,5,0.016891891891891893,0.007075282929315388,0.02403846153846154,203,0.9759615384615384,12.553610834445532,-12.28080613080585,-0.0018951861312971991,-0.07854640971495502,0.0,0.005950220185257448,linear_svm_classifier__raw_primary_with_maturity__baseline__C_1p0__class_weight_balanced,linear_svm_classifier,"LinearSVC(C=1.0,class_weight='balanced',tol=1e-2)",raw_primary_with_maturity,baseline,"{""C"": 1.0, ""class_weight"": ""balanced""}"
linear_svm_classifier__baseline,linear_svm,classification,bbob_validation,FE_ratio,FE_ratio=0.25,,,0.25,6480,292,0.04506172839506173,-0.08209066348445634,-0.05811985784400571,35.463735190300596,zero,0.0,3328,0.5135802469135803,-0.08589606343670564,247,0.8458904109589042,0.880679009793902,0.07421875,3081,0.92578125,317.09426630834344,-285.86209911735637,-0.04411452146872783,-0.08209066348445634,0.0,0.005472798640478487,linear_svm_classifier__raw_primary_with_maturity__baseline__C_1p0__class_weight_balanced,linear_svm_classifier,"LinearSVC(C=1.0,class_weight='balanced',tol=1e-2)",raw_primary_with_maturity,baseline,"{""C"": 1.0, ""class_weight"": ""balanced""}"
linear_svm_classifier__baseline,linear_svm,classification,bbob_validation,FE_ratio,FE_ratio=0.25,,,0.25,6480,292,0.04506172839506173,-0.08209066348445634,-0.05811985784400571,35.463735190300596,train_utility,0.929903506090854,255,0.03935185185185185,-0.06222561080393068,1,0.003424657534246575,0.005530630144607276,0.00392156862745098,254,0.996078431372549,16.06366755788617,-15.867530755002326,-0.0024486930177472725,-0.08209066348445634,0.0,0.005472798640478487,linear_svm_classifier__raw_primary_with_maturity__baseline__C_1p0__class_weight_balanced,linear_svm_classifier,"LinearSVC(C=1.0,class_weight='balanced',tol=1e-2)",raw_primary_with_maturity,baseline,"{""C"": 1.0, ""class_weight"": ""balanced""}"
linear_svm_classifier__baseline,linear_svm,classification,bbob_validation,FE_ratio,FE_ratio=0.25,,,0.25,6480,292,0.04506172839506173,-0.08209066348445634,-0.05811985784400571,35.463735190300596,top_05,0.6054147556118301,473,0.07299382716049382,-0.08067231590377373,30,0.10273972602739725,0.13045801656654346,0.06342494714587738,443,0.9365750528541226,42.78453397545272,-38.15800542248497,-0.005888581083716816,-0.08209066348445634,0.0,0.005472798640478487,linear_svm_classifier__raw_primary_with_maturity__baseline__C_1p0__class_weight_balanced,linear_svm_classifier,"LinearSVC(C=1.0,class_weight='balanced',tol=1e-2)",raw_primary_with_maturity,baseline,"{""C"": 1.0, ""class_weight"": ""balanced""}"
linear_svm_classifier__baseline,linear_svm,classification,bbob_validation,FE_ratio,FE_ratio=0.25,,,0.25,6480,292,0.04506172839506173,-0.08209066348445634,-0.05811985784400571,35.463735190300596,top_10,0.42582399219371353,852,0.13148148148148148,-0.07830822911733795,86,0.2945205479452055,0.35322763683543607,0.10093896713615023,766,0.8990610328638498,79.24538258259952,-66.71861120797195,-0.010296081976538881,-0.08209066348445634,0.0,0.005472798640478487,linear_svm_classifier__raw_primary_with_maturity__baseline__C_1p0__class_weight_balanced,linear_svm_classifier,"LinearSVC(C=1.0,class_weight='balanced',tol=1e-2)",raw_primary_with_maturity,baseline,"{""C"": 1.0, ""class_weight"": ""balanced""}"
linear_svm_classifier__baseline,linear_svm,classification,bbob_validation,FE_ratio,FE_ratio=0.25,,,0.25,6480,292,0.04506172839506173,-0.08209066348445634,-0.05811985784400571,35.463735190300596,top_20,0.2017186595071388,2095,0.32330246913580246,-0.08303139586071842,166,0.5684931506849316,0.6333587708845515,0.079236276849642,1929,0.920763723150358,196.4120420593091,-173.95077432820506,-0.02684425529756251,-0.08209066348445634,0.0,0.005472798640478487,linear_svm_classifier__raw_primary_with_maturity__baseline__C_1p0__class_weight_balanced,linear_svm_classifier,"LinearSVC(C=1.0,class_weight='balanced',tol=1e-2)",raw_primary_with_maturity,baseline,"{""C"": 1.0, ""class_weight"": ""balanced""}"
linear_svm_classifier__baseline,linear_svm,classification,bbob_validation,FE_ratio,FE_ratio=0.28,,,0.28,6480,274,0.042283950617283954,-0.08549062609263769,-0.060059978976886724,32.16164278161452,zero,0.0,2923,0.45108024691358023,-0.08947052601995474,225,0.8211678832116789,0.8585420626809148,0.0769757098871023,2698,0.9230242901128977,289.1344706892618,-261.52234755632765,-0.04035838696856908,-0.08549062609263769,0.0,0.004963216478644216,linear_svm_classifier__raw_primary_with_maturity__baseline__C_1p0__class_weight_balanced,linear_svm_classifier,"LinearSVC(C=1.0,class_weight='balanced',tol=1e-2)",raw_primary_with_maturity,baseline,"{""C"": 1.0, ""class_weight"": ""balanced""}"
linear_svm_classifier__baseline,linear_svm,classification,bbob_validation,FE_ratio,FE_ratio=0.28,,,0.28,6480,274,0.042283950617283954,-0.08549062609263769,-0.060059978976886724,32.16164278161452,train_utility,0.929903506090854,243,0.0375,-0.06358816108046167,5,0.01824817518248175,0.011171018728072458,0.0205761316872428,238,0.9794238683127572,15.811201456391178,-15.451923142552184,-0.0023845560405173125,-0.08549062609263769,0.0,0.004963216478644216,linear_svm_classifier__raw_primary_with_maturity__baseline__C_1p0__class_weight_balanced,linear_svm_classifier,"LinearSVC(C=1.0,class_weight='balanced',tol=1e-2)",raw_primary_with_maturity,baseline,"{""C"": 1.0, ""class_weight"": ""balanced""}"
linear_svm_classifier__baseline,linear_svm,classification,bbob_validation,FE_ratio,FE_ratio=0.28,,,0.28,6480,274,0.042283950617283954,-0.08549062609263769,-0.060059978976886724,32.16164278161452,top_05,0.6054147556118301,473,0.07299382716049382,-0.07039363234582766,36,0.13138686131386862,0.1654150439106152,0.07610993657505286,437,0.9238900634249472,38.616207652534776,-33.29618809957649,-0.005138300632650693,-0.08549062609263769,0.0,0.004963216478644216,linear_svm_classifier__raw_primary_with_maturity__baseline__C_1p0__class_weight_balanced,linear_svm_classifier,"LinearSVC(C=1.0,class_weight='balanced',tol=1e-2)",raw_primary_with_maturity,baseline,"{""C"": 1.0, ""class_weight"": ""balanced""}"
linear_svm_classifier__baseline,linear_svm,classification,bbob_validation,FE_ratio,FE_ratio=0.28,,,0.28,6480,274,0.042283950617283954,-0.08549062609263769,-0.060059978976886724,32.16164278161452,top_10,0.42582399219371353,817,0.12608024691358025,-0.08056342410509347,79,0.28832116788321166,0.3377112975918897,0.0966952264381885,738,0.9033047735618115,76.68166761032724,-65.82031749386138,-0.01015745640337367,-0.08549062609263769,0.0,0.004963216478644216,linear_svm_classifier__raw_primary_with_maturity__baseline__C_1p0__class_weight_balanced,linear_svm_classifier,"LinearSVC(C=1.0,class_weight='balanced',tol=1e-2)",raw_primary_with_maturity,baseline,"{""C"": 1.0, ""class_weight"": ""balanced""}"
linear_svm_classifier__baseline,linear_svm,classification,bbob_validation,FE_ratio,FE_ratio=0.28,,,0.28,6480,274,0.042283950617283954,-0.08549062609263769,-0.060059978976886724,32.16164278161452,top_20,0.2017186595071388,1860,0.28703703703703703,-0.08860132754847291,164,0.5985401459854015,0.6525299655080008,0.08817204301075268,1696,0.9118279569892473,185.78490489512717,-164.79846924015962,-0.02543186253706167,-0.08549062609263769,0.0,0.004963216478644216,linear_svm_classifier__raw_primary_with_maturity__baseline__C_1p0__class_weight_balanced,linear_svm_classifier,"LinearSVC(C=1.0,class_weight='balanced',tol=1e-2)",raw_primary_with_maturity,baseline,"{""C"": 1.0, ""class_weight"": ""balanced""}"
linear_svm_classifier__baseline,linear_svm,classification,bbob_validation,FE_ratio,FE_ratio=0.3,,,0.3,6480,284,0.043827160493827164,-0.08706332924379373,-0.061481761258876125,31.652929735382077,zero,0.0,2668,0.41172839506172837,-0.08220897213446039,278,0.9788732394366197,0.986805331769201,0.10419790104947527,2390,0.8958020989505248,250.56881748373127,-219.33353765474033,-0.03384776815659573,-0.08706332924379373,0.0,0.004884711378916987,linear_svm_classifier__raw_primary_with_maturity__baseline__C_1p0__class_weight_balanced,linear_svm_classifier,"LinearSVC(C=1.0,class_weight='balanced',tol=1e-2)",raw_primary_with_maturity,baseline,"{""C"": 1.0, ""class_weight"": ""balanced""}"
linear_svm_classifier__baseline,linear_svm,classification,bbob_validation,FE_ratio,FE_ratio=0.3,,,0.3,6480,284,0.043827160493827164,-0.08706332924379373,-0.061481761258876125,31.652929735382077,train_utility,0.929903506090854,295,0.04552469135802469,-0.06875913615271355,4,0.014084507042253521,0.011546872930859795,0.013559322033898305,291,0.9864406779661017,20.64943752259439,-20.283945165050497,-0.0031302384513966818,-0.08706332924379373,0.0,0.004884711378916987,linear_svm_classifier__raw_primary_with_maturity__baseline__C_1p0__class_weight_balanced,linear_svm_classifier,"LinearSVC(C=1.0,class_weight='balanced',tol=1e-2)",raw_primary_with_maturity,baseline,"{""C"": 1.0, ""class_weight"": ""balanced""}"
linear_svm_classifier__baseline,linear_svm,classification,bbob_validation,FE_ratio,FE_ratio=0.3,,,0.3,6480,284,0.043827160493827164,-0.08706332924379373,-0.061481761258876125,31.652929735382077,top_05,0.6054147556118301,934,0.1441358024691358,-0.08298267586824719,56,0.19718309859154928,0.2342967278812423,0.059957173447537475,878,0.9400428265524625,84.92199712579776,-77.50581926094287,-0.011960774577305999,-0.08706332924379373,0.0,0.004884711378916987,linear_svm_classifier__raw_primary_with_maturity__baseline__C_1p0__class_weight_balanced,linear_svm_classifier,"LinearSVC(C=1.0,class_weight='balanced',tol=1e-2)",raw_primary_with_maturity,baseline,"{""C"": 1.0, ""class_weight"": ""balanced""}"
linear_svm_classifier__baseline,linear_svm,classification,bbob_validation,FE_ratio,FE_ratio=0.3,,,0.3,6480,284,0.043827160493827164,-0.08706332924379373,-0.061481761258876125,31.652929735382077,top_10,0.42582399219371353,1797,0.2773148148148148,-0.07934667268745131,176,0.6197183098591549,0.651140414224339,0.09794101279910963,1621,0.9020589872008904,163.1964725986606,-142.58597081935,-0.022004007842492283,-0.08706332924379373,0.0,0.004884711378916987,linear_svm_classifier__raw_primary_with_maturity__baseline__C_1p0__class_weight_balanced,linear_svm_classifier,"LinearSVC(C=1.0,class_weight='balanced',tol=1e-2)",raw_primary_with_maturity,baseline,"{""C"": 1.0, ""class_weight"": ""balanced""}"
linear_svm_classifier__baseline,linear_svm,classification,bbob_validation,FE_ratio,FE_ratio=0.3,,,0.3,6480,284,0.043827160493827164,-0.08706332924379373,-0.061481761258876125,31.652929735382077,top_20,0.2017186595071388,2380,0.36728395061728397,-0.0793239697085953,265,0.9330985915492958,0.9259278668249036,0.11134453781512606,2115,0.8886554621848739,218.09937761509772,-188.79104790645684,-0.02913442097321865,-0.08706332924379373,0.0,0.004884711378916987,linear_svm_classifier__raw_primary_with_maturity__baseline__C_1p0__class_weight_balanced,linear_svm_classifier,"LinearSVC(C=1.0,class_weight='balanced',tol=1e-2)",raw_primary_with_maturity,baseline,"{""C"": 1.0, ""class_weight"": ""balanced""}"
linear_svm_classifier__baseline,linear_svm,classification,bbob_validation,FE_ratio,FE_ratio=0.35,,,0.35,6480,256,0.03950617283950617,-0.09341559547051581,-0.06664570006608084,26.439322897806413,zero,0.0,2369,0.3655864197530864,-0.0861876836140098,240,0.9375,0.922249261937637,0.10130856901646264,2129,0.8986914309835373,228.56226851022205,-204.17862248158923,-0.0315090466792576,-0.09341559547051581,0.0,0.00408014242250099,linear_svm_classifier__raw_primary_with_maturity__baseline__C_1p0__class_weight_balanced,linear_svm_classifier,"LinearSVC(C=1.0,class_weight='balanced',tol=1e-2)",raw_primary_with_maturity,baseline,"{""C"": 1.0, ""class_weight"": ""balanced""}"
linear_svm_classifier__baseline,linear_svm,classification,bbob_validation,FE_ratio,FE_ratio=0.35,,,0.35,6480,256,0.03950617283950617,-0.09341559547051581,-0.06664570006608084,26.439322897806413,train_utility,0.929903506090854,271,0.04182098765432099,-0.06609492489728784,5,0.01953125,0.024201301803879992,0.01845018450184502,266,0.981549815498155,18.55159068010505,-17.911724647165006,-0.002764155038142748,-0.09341559547051581,0.0,0.00408014242250099,linear_svm_classifier__raw_primary_with_maturity__baseline__C_1p0__class_weight_balanced,linear_svm_classifier,"LinearSVC(C=1.0,class_weight='balanced',tol=1e-2)",raw_primary_with_maturity,baseline,"{""C"": 1.0, ""class_weight"": ""balanced""}"
linear_svm_classifier__baseline,linear_svm,classification,bbob_validation,FE_ratio,FE_ratio=0.35,,,0.35,6480,256,0.03950617283950617,-0.09341559547051581,-0.06664570006608084,26.439322897806413,top_05,0.6054147556118301,525,0.08101851851851852,-0.0886112844148786,26,0.1015625,0.12304454525154142,0.049523809523809526,499,0.9504761904761905,49.77413878053052,-46.520924317811264,-0.007179154987316553,-0.09341559547051581,0.0,0.00408014242250099,linear_svm_classifier__raw_primary_with_maturity__baseline__C_1p0__class_weight_balanced,linear_svm_classifier,"LinearSVC(C=1.0,class_weight='balanced',tol=1e-2)",raw_primary_with_maturity,baseline,"{""C"": 1.0, ""class_weight"": ""balanced""}"
linear_svm_classifier__baseline,linear_svm,classification,bbob_validation,FE_ratio,FE_ratio=0.35,,,0.35,6480,256,0.03950617283950617,-0.09341559547051581,-0.06664570006608084,26.439322897806413,top_10,0.42582399219371353,1149,0.17731481481481481,-0.09246222500449364,85,0.33203125,0.38937236709367035,0.07397737162750218,1064,0.9260226283724978,116.53383827123596,-106.23909653016321,-0.016394922304037534,-0.09341559547051581,0.0,0.00408014242250099,linear_svm_classifier__raw_primary_with_maturity__baseline__C_1p0__class_weight_balanced,linear_svm_classifier,"LinearSVC(C=1.0,class_weight='balanced',tol=1e-2)",raw_primary_with_maturity,baseline,"{""C"": 1.0, ""class_weight"": ""balanced""}"
linear_svm_classifier__baseline,linear_svm,classification,bbob_validation,FE_ratio,FE_ratio=0.35,,,0.35,6480,256,0.03950617283950617,-0.09341559547051581,-0.06664570006608084,26.439322897806413,top_20,0.2017186595071388,2011,0.3103395061728395,-0.0860843362092,200,0.78125,0.7842103189293543,0.09945300845350571,1811,0.9005469915464943,193.84958995866617,-173.11560011670122,-0.026715370388379817,-0.09341559547051581,0.0,0.00408014242250099,linear_svm_classifier__raw_primary_with_maturity__baseline__C_1p0__class_weight_balanced,linear_svm_classifier,"LinearSVC(C=1.0,class_weight='balanced',tol=1e-2)",raw_primary_with_maturity,baseline,"{""C"": 1.0, ""class_weight"": ""balanced""}"
linear_svm_classifier__baseline,linear_svm,classification,bbob_validation,FE_ratio,FE_ratio=0.4,,,0.4,6480,800,0.12345679012345678,-0.07290554260108724,-0.07056462486829276,174.15917724891835,zero,0.0,2252,0.3475308641975309,-0.007065368581248445,695,0.86875,0.9342495841271775,0.3086145648312611,1557,0.6913854351687388,178.61934896170487,-15.911210044971511,-0.0024554336489153567,-0.07290554260108724,0.0,0.02687641624211703,linear_svm_classifier__raw_primary_with_maturity__baseline__C_1p0__class_weight_balanced,linear_svm_classifier,"LinearSVC(C=1.0,class_weight='balanced',tol=1e-2)",raw_primary_with_maturity,baseline,"{""C"": 1.0, ""class_weight"": ""balanced""}"
linear_svm_classifier__baseline,linear_svm,classification,bbob_validation,FE_ratio,FE_ratio=0.4,,,0.4,6480,800,0.12345679012345678,-0.07290554260108724,-0.07056462486829276,174.15917724891835,train_utility,0.929903506090854,266,0.04104938271604938,0.3494986565352456,203,0.25375,0.5824556524930895,0.7631578947368421,63,0.23684210526315788,8.473354583803042,92.96664263837533,0.01434670411086039,-0.07290554260108724,0.0,0.02687641624211703,linear_svm_classifier__raw_primary_with_maturity__baseline__C_1p0__class_weight_balanced,linear_svm_classifier,"LinearSVC(C=1.0,class_weight='balanced',tol=1e-2)",raw_primary_with_maturity,baseline,"{""C"": 1.0, ""class_weight"": ""balanced""}"
linear_svm_classifier__baseline,linear_svm,classification,bbob_validation,FE_ratio,FE_ratio=0.4,,,0.4,6480,800,0.12345679012345678,-0.07290554260108724,-0.07056462486829276,174.15917724891835,top_05,0.6054147556118301,435,0.06712962962962964,0.1898448150401239,245,0.30625,0.6239225189338281,0.5632183908045977,190,0.4367816091954023,26.07933802213429,82.5824945424539,0.01274421212074906,-0.07290554260108724,0.0,0.02687641624211703,linear_svm_classifier__raw_primary_with_maturity__baseline__C_1p0__class_weight_balanced,linear_svm_classifier,"LinearSVC(C=1.0,class_weight='balanced',tol=1e-2)",raw_primary_with_maturity,baseline,"{""C"": 1.0, ""class_weight"": ""balanced""}"
linear_svm_classifier__baseline,linear_svm,classification,bbob_validation,FE_ratio,FE_ratio=0.4,,,0.4,6480,800,0.12345679012345678,-0.07290554260108724,-0.07056462486829276,174.15917724891835,top_10,0.42582399219371353,977,0.1507716049382716,0.05151741302012615,367,0.45875,0.7201928093528392,0.37563971340839303,610,0.6243602865916069,75.09567461681434,50.332512520663265,0.0077673630433122325,-0.07290554260108724,0.0,0.02687641624211703,linear_svm_classifier__raw_primary_with_maturity__baseline__C_1p0__class_weight_balanced,linear_svm_classifier,"LinearSVC(C=1.0,class_weight='balanced',tol=1e-2)",raw_primary_with_maturity,baseline,"{""C"": 1.0, ""class_weight"": ""balanced""}"
linear_svm_classifier__baseline,linear_svm,classification,bbob_validation,FE_ratio,FE_ratio=0.4,,,0.4,6480,800,0.12345679012345678,-0.07290554260108724,-0.07056462486829276,174.15917724891835,top_20,0.2017186595071388,1847,0.2850308641975309,0.0003152890971468248,570,0.7125,0.8559463515810375,0.3086085544125609,1277,0.691391445587439,148.48857339813668,0.5823389624301711,8.986712383181653e-05,-0.07290554260108724,0.0,0.02687641624211703,linear_svm_classifier__raw_primary_with_maturity__baseline__C_1p0__class_weight_balanced,linear_svm_classifier,"LinearSVC(C=1.0,class_weight='balanced',tol=1e-2)",raw_primary_with_maturity,baseline,"{""C"": 1.0, ""class_weight"": ""balanced""}"
linear_svm_classifier__baseline,linear_svm,classification,bbob_validation,FE_ratio,FE_ratio=0.45,,,0.45,6480,243,0.0375,-0.10186903427734409,-0.07939845101548082,50.56190594132994,zero,0.0,2195,0.3387345679012346,-0.0885595275450746,212,0.8724279835390947,0.949157759077962,0.09658314350797266,1983,0.9034168564920273,242.37938829942215,-194.38816296143878,-0.02999817329651833,-0.10186903427734409,0.0,0.007802763262550918,linear_svm_classifier__raw_primary_with_maturity__baseline__C_1p0__class_weight_balanced,linear_svm_classifier,"LinearSVC(C=1.0,class_weight='balanced',tol=1e-2)",raw_primary_with_maturity,baseline,"{""C"": 1.0, ""class_weight"": ""balanced""}"
linear_svm_classifier__baseline,linear_svm,classification,bbob_validation,FE_ratio,FE_ratio=0.45,,,0.45,6480,243,0.0375,-0.10186903427734409,-0.07939845101548082,50.56190594132994,train_utility,0.929903506090854,262,0.0404320987654321,0.04474823976447348,35,0.1440329218106996,0.6263290897479501,0.13358778625954199,227,0.8664122137404581,19.944353705862596,11.72403881829205,0.0018092652497364273,-0.10186903427734409,0.0,0.007802763262550918,linear_svm_classifier__raw_primary_with_maturity__baseline__C_1p0__class_weight_balanced,linear_svm_classifier,"LinearSVC(C=1.0,class_weight='balanced',tol=1e-2)",raw_primary_with_maturity,baseline,"{""C"": 1.0, ""class_weight"": ""balanced""}"
linear_svm_classifier__baseline,linear_svm,classification,bbob_validation,FE_ratio,FE_ratio=0.45,,,0.45,6480,243,0.0375,-0.10186903427734409,-0.07939845101548082,50.56190594132994,top_05,0.6054147556118301,375,0.05787037037037037,-0.005443971611653704,40,0.1646090534979424,0.6339444392950321,0.10666666666666667,335,0.8933333333333333,34.09492846603469,-2.0414893543701353,-0.00031504465345218136,-0.10186903427734409,0.0,0.007802763262550918,linear_svm_classifier__raw_primary_with_maturity__baseline__C_1p0__class_weight_balanced,linear_svm_classifier,"LinearSVC(C=1.0,class_weight='balanced',tol=1e-2)",raw_primary_with_maturity,baseline,"{""C"": 1.0, ""class_weight"": ""balanced""}"
linear_svm_classifier__baseline,linear_svm,classification,bbob_validation,FE_ratio,FE_ratio=0.45,,,0.45,6480,243,0.0375,-0.10186903427734409,-0.07939845101548082,50.56190594132994,top_10,0.42582399219371353,776,0.11975308641975309,-0.06514791702887042,63,0.25925925925925924,0.6818794441936732,0.08118556701030928,713,0.9188144329896907,85.0319079350503,-50.55478361440345,-0.007801664138025223,-0.10186903427734409,0.0,0.007802763262550918,linear_svm_classifier__raw_primary_with_maturity__baseline__C_1p0__class_weight_balanced,linear_svm_classifier,"LinearSVC(C=1.0,class_weight='balanced',tol=1e-2)",raw_primary_with_maturity,baseline,"{""C"": 1.0, ""class_weight"": ""balanced""}"
linear_svm_classifier__baseline,linear_svm,classification,bbob_validation,FE_ratio,FE_ratio=0.45,,,0.45,6480,243,0.0375,-0.10186903427734409,-0.07939845101548082,50.56190594132994,top_20,0.2017186595071388,1680,0.25925925925925924,-0.08859225715880657,146,0.6008230452674898,0.832437654128599,0.0869047619047619,1534,0.9130952380952381,190.92462639686659,-148.83499202679502,-0.022968362967097998,-0.10186903427734409,0.0,0.007802763262550918,linear_svm_classifier__raw_primary_with_maturity__baseline__C_1p0__class_weight_balanced,linear_svm_classifier,"LinearSVC(C=1.0,class_weight='balanced',tol=1e-2)",raw_primary_with_maturity,baseline,"{""C"": 1.0, ""class_weight"": ""balanced""}"
linear_svm_classifier__baseline,linear_svm,classification,bbob_validation,FE_ratio,FE_ratio=0.5,,,0.5,6480,477,0.07361111111111111,-0.08578559846269349,-0.08202974076197492,151.15391573733473,zero,0.0,2010,0.3101851851851852,-0.035326511958889986,411,0.8616352201257862,0.9624338751276892,0.2044776119402985,1599,0.7955223880597015,216.48193790117614,-71.00628903736887,-0.01095776065391495,-0.08578559846269349,0.0,0.023326221564403508,linear_svm_classifier__raw_primary_with_maturity__baseline__C_1p0__class_weight_balanced,linear_svm_classifier,"LinearSVC(C=1.0,class_weight='balanced',tol=1e-2)",raw_primary_with_maturity,baseline,"{""C"": 1.0, ""class_weight"": ""balanced""}"
linear_svm_classifier__baseline,linear_svm,classification,bbob_validation,FE_ratio,FE_ratio=0.5,,,0.5,6480,477,0.07361111111111111,-0.08578559846269349,-0.08202974076197492,151.15391573733473,train_utility,0.929903506090854,258,0.03981481481481482,0.4694867137342964,218,0.4570230607966457,0.8333514497283935,0.8449612403100775,40,0.15503875968992248,4.836762668382856,121.12757214344849,0.01869252656534699,-0.08578559846269349,0.0,0.023326221564403508,linear_svm_classifier__raw_primary_with_maturity__baseline__C_1p0__class_weight_balanced,linear_svm_classifier,"LinearSVC(C=1.0,class_weight='balanced',tol=1e-2)",raw_primary_with_maturity,baseline,"{""C"": 1.0, ""class_weight"": ""balanced""}"
linear_svm_classifier__baseline,linear_svm,classification,bbob_validation,FE_ratio,FE_ratio=0.5,,,0.5,6480,477,0.07361111111111111,-0.08578559846269349,-0.08202974076197492,151.15391573733473,top_05,0.6054147556118301,337,0.052006172839506176,0.341345336307577,230,0.48218029350104824,0.8577705243881686,0.6824925816023739,107,0.31750741839762614,14.621995229685224,115.03337833565347,0.017752064557971212,-0.08578559846269349,0.0,0.023326221564403508,linear_svm_classifier__raw_primary_with_maturity__baseline__C_1p0__class_weight_balanced,linear_svm_classifier,"LinearSVC(C=1.0,class_weight='balanced',tol=1e-2)",raw_primary_with_maturity,baseline,"{""C"": 1.0, ""class_weight"": ""balanced""}"
linear_svm_classifier__baseline,linear_svm,classification,bbob_validation,FE_ratio,FE_ratio=0.5,,,0.5,6480,477,0.07361111111111111,-0.08578559846269349,-0.08202974076197492,151.15391573733473,top_10,0.42582399219371353,620,0.09567901234567901,0.13272840873050692,252,0.5283018867924528,0.8762294129630114,0.4064516129032258,368,0.5935483870967742,50.15389344067098,82.29161341291433,0.012699323057548508,-0.08578559846269349,0.0,0.023326221564403508,linear_svm_classifier__raw_primary_with_maturity__baseline__C_1p0__class_weight_balanced,linear_svm_classifier,"LinearSVC(C=1.0,class_weight='balanced',tol=1e-2)",raw_primary_with_maturity,baseline,"{""C"": 1.0, ""class_weight"": ""balanced""}"
linear_svm_classifier__baseline,linear_svm,classification,bbob_validation,FE_ratio,FE_ratio=0.5,,,0.5,6480,477,0.07361111111111111,-0.08578559846269349,-0.08202974076197492,151.15391573733473,top_20,0.2017186595071388,1436,0.22160493827160493,-0.011189807955608816,327,0.6855345911949685,0.9131351105527249,0.2277158774373259,1109,0.7722841225626741,154.0925117815427,-16.068564224254246,-0.002479716701273803,-0.08578559846269349,0.0,0.023326221564403508,linear_svm_classifier__raw_primary_with_maturity__baseline__C_1p0__class_weight_balanced,linear_svm_classifier,"LinearSVC(C=1.0,class_weight='balanced',tol=1e-2)",raw_primary_with_maturity,baseline,"{""C"": 1.0, ""class_weight"": ""balanced""}"
linear_svm_classifier__baseline,linear_svm,classification,bbob_validation,FE_ratio,FE_ratio=0.55,,,0.55,6480,376,0.05802469135802469,-0.11228594071878435,-0.09215825578698267,79.68497550744864,zero,0.0,1905,0.29398148148148145,-0.08845624051524975,278,0.7393617021276596,0.8689959527842196,0.14593175853018373,1627,0.8540682414698163,237.75505939523333,-168.50913818155078,-0.026004496632955367,-0.11228594071878435,0.0,0.01229706412151985,linear_svm_classifier__raw_primary_with_maturity__baseline__C_1p0__class_weight_balanced,linear_svm_classifier,"LinearSVC(C=1.0,class_weight='balanced',tol=1e-2)",raw_primary_with_maturity,baseline,"{""C"": 1.0, ""class_weight"": ""balanced""}"
linear_svm_classifier__baseline,linear_svm,classification,bbob_validation,FE_ratio,FE_ratio=0.55,,,0.55,6480,376,0.05802469135802469,-0.11228594071878435,-0.09215825578698267,79.68497550744864,train_utility,0.929903506090854,243,0.0375,0.11982449341840343,91,0.24202127659574468,0.5980896322789692,0.37448559670781895,152,0.6255144032921811,18.541405798736584,29.117351900672038,0.004493418503190129,-0.11228594071878435,0.0,0.01229706412151985,linear_svm_classifier__raw_primary_with_maturity__baseline__C_1p0__class_weight_balanced,linear_svm_classifier,"LinearSVC(C=1.0,class_weight='balanced',tol=1e-2)",raw_primary_with_maturity,baseline,"{""C"": 1.0, ""class_weight"": ""balanced""}"
linear_svm_classifier__baseline,linear_svm,classification,bbob_validation,FE_ratio,FE_ratio=0.55,,,0.55,6480,376,0.05802469135802469,-0.11228594071878435,-0.09215825578698267,79.68497550744864,top_05,0.6054147556118301,304,0.04691358024691358,0.08462911093616132,96,0.2553191489361702,0.6332104147026835,0.3157894736842105,208,0.6842105263157895,24.73010666205169,25.727249724593037,0.003970254587128555,-0.11228594071878435,0.0,0.01229706412151985,linear_svm_classifier__raw_primary_with_maturity__baseline__C_1p0__class_weight_balanced,linear_svm_classifier,"LinearSVC(C=1.0,class_weight='balanced',tol=1e-2)",raw_primary_with_maturity,baseline,"{""C"": 1.0, ""class_weight"": ""balanced""}"
linear_svm_classifier__baseline,linear_svm,classification,bbob_validation,FE_ratio,FE_ratio=0.55,,,0.55,6480,376,0.05802469135802469,-0.11228594071878435,-0.09215825578698267,79.68497550744864,top_10,0.42582399219371353,481,0.07422839506172839,0.004936873120274202,111,0.29521276595744683,0.6475966193906019,0.23076923076923078,370,0.7692307692307693,49.229084783994765,2.374635970851884,0.0003664561683413401,-0.11228594071878435,0.0,0.01229706412151985,linear_svm_classifier__raw_primary_with_maturity__baseline__C_1p0__class_weight_balanced,linear_svm_classifier,"LinearSVC(C=1.0,class_weight='balanced',tol=1e-2)",raw_primary_with_maturity,baseline,"{""C"": 1.0, ""class_weight"": ""balanced""}"
linear_svm_classifier__baseline,linear_svm,classification,bbob_validation,FE_ratio,FE_ratio=0.55,,,0.55,6480,376,0.05802469135802469,-0.11228594071878435,-0.09215825578698267,79.68497550744864,top_20,0.2017186595071388,1239,0.1912037037037037,-0.08216011769274334,181,0.48138297872340424,0.7378459647447054,0.14608555286521388,1058,0.8539144471347861,160.59162345026067,-101.79638582130899,-0.01570931879958472,-0.11228594071878435,0.0,0.01229706412151985,linear_svm_classifier__raw_primary_with_maturity__baseline__C_1p0__class_weight_balanced,linear_svm_classifier,"LinearSVC(C=1.0,class_weight='balanced',tol=1e-2)",raw_primary_with_maturity,baseline,"{""C"": 1.0, ""class_weight"": ""balanced""}"
linear_svm_classifier__baseline,linear_svm,classification,bbob_validation,FE_ratio,FE_ratio=0.6,,,0.6,6480,447,0.06898148148148148,-0.11584131580446465,-0.10228898920926656,123.20350275094972,zero,0.0,1669,0.25756172839506175,-0.06343937815276687,337,0.7539149888143176,0.9189115439780219,0.2019173157579389,1332,0.7980826842420611,219.09344307334362,-105.88032213696798,-0.016339555885334565,-0.11584131580446465,0.0,0.019012886226998416,linear_svm_classifier__raw_primary_with_maturity__baseline__C_1p0__class_weight_balanced,linear_svm_classifier,"LinearSVC(C=1.0,class_weight='balanced',tol=1e-2)",raw_primary_with_maturity,baseline,"{""C"": 1.0, ""class_weight"": ""balanced""}"
linear_svm_classifier__baseline,linear_svm,classification,bbob_validation,FE_ratio,FE_ratio=0.6,,,0.6,6480,447,0.06898148148148148,-0.11584131580446465,-0.10228898920926656,123.20350275094972,train_utility,0.929903506090854,238,0.0367283950617284,0.30574587143505827,153,0.3422818791946309,0.6895193204151031,0.6428571428571429,85,0.35714285714285715,12.183678088051266,72.76751740154386,0.011229555154559237,-0.11584131580446465,0.0,0.019012886226998416,linear_svm_classifier__raw_primary_with_maturity__baseline__C_1p0__class_weight_balanced,linear_svm_classifier,"LinearSVC(C=1.0,class_weight='balanced',tol=1e-2)",raw_primary_with_maturity,baseline,"{""C"": 1.0, ""class_weight"": ""balanced""}"
linear_svm_classifier__baseline,linear_svm,classification,bbob_validation,FE_ratio,FE_ratio=0.6,,,0.6,6480,447,0.06898148148148148,-0.11584131580446465,-0.10228898920926656,123.20350275094972,top_05,0.6054147556118301,282,0.04351851851851852,0.2956098049889031,175,0.39149888143176736,0.7961928216827768,0.6205673758865248,107,0.37943262411347517,14.731779489609721,83.36196500687068,0.012864500772665228,-0.11584131580446465,0.0,0.019012886226998416,linear_svm_classifier__raw_primary_with_maturity__baseline__C_1p0__class_weight_balanced,linear_svm_classifier,"LinearSVC(C=1.0,class_weight='balanced',tol=1e-2)",raw_primary_with_maturity,baseline,"{""C"": 1.0, ""class_weight"": ""balanced""}"
linear_svm_classifier__baseline,linear_svm,classification,bbob_validation,FE_ratio,FE_ratio=0.6,,,0.6,6480,447,0.06898148148148148,-0.11584131580446465,-0.10228898920926656,123.20350275094972,top_10,0.42582399219371353,422,0.06512345679012346,0.14762943179221233,188,0.42058165548098436,0.8061966649430902,0.44549763033175355,234,0.5545023696682464,37.026632810808934,62.299620216313585,0.009614138922270615,-0.11584131580446465,0.0,0.019012886226998416,linear_svm_classifier__raw_primary_with_maturity__baseline__C_1p0__class_weight_balanced,linear_svm_classifier,"LinearSVC(C=1.0,class_weight='balanced',tol=1e-2)",raw_primary_with_maturity,baseline,"{""C"": 1.0, ""class_weight"": ""balanced""}"
linear_svm_classifier__baseline,linear_svm,classification,bbob_validation,FE_ratio,FE_ratio=0.6,,,0.6,6480,447,0.06898148148148148,-0.11584131580446465,-0.10228898920926656,123.20350275094972,top_20,0.2017186595071388,1004,0.15493827160493828,-0.02228481849366059,243,0.5436241610738255,0.8551224246805982,0.24203187250996017,761,0.7579681274900398,127.7280357691701,-22.37395776763526,-0.0034527712604375403,-0.11584131580446465,0.0,0.019012886226998416,linear_svm_classifier__raw_primary_with_maturity__baseline__C_1p0__class_weight_balanced,linear_svm_classifier,"LinearSVC(C=1.0,class_weight='balanced',tol=1e-2)",raw_primary_with_maturity,baseline,"{""C"": 1.0, ""class_weight"": ""balanced""}"
linear_svm_classifier__best_candidate,linear_svm,classification,bbob_train,all,all,,,,194400,11921,0.06132201646090535,-0.08855738467265091,-0.06544428361600368,2511.1122661377594,zero,0.0,47,0.00024176954732510288,-0.03645218941655347,14,0.0011743981209630064,0.0009736286968788034,0.2978723404255319,33,0.7021276595744681,4.1581438659740995,-1.7132529025780134,-8.81302933424904e-06,-0.08855738467265091,0.0,0.012917244167375308,linear_svm_classifier__raw_primary_with_maturity__best_candidate__C_0p03__class_weight_null,linear_svm_classifier,"LinearSVC(C=0.03,class_weight=None,tol=1e-2)",raw_primary_with_maturity,best_candidate,"{""C"": 0.03, ""class_weight"": null}"
linear_svm_classifier__best_candidate,linear_svm,classification,bbob_train,all,all,,,,194400,11921,0.06132201646090535,-0.08855738467265091,-0.06544428361600368,2511.1122661377594,train_utility,-0.47638550421615694,2694,0.013858024691358025,0.021229434355586718,897,0.0752453653217012,0.0857668333025026,0.33296213808463254,1797,0.6670378619153675,158.1780509797561,57.192096153950594,0.00029419802548328493,-0.08855738467265091,0.0,0.012917244167375308,linear_svm_classifier__raw_primary_with_maturity__best_candidate__C_0p03__class_weight_null,linear_svm_classifier,"LinearSVC(C=0.03,class_weight=None,tol=1e-2)",raw_primary_with_maturity,best_candidate,"{""C"": 0.03, ""class_weight"": null}"
linear_svm_classifier__best_candidate,linear_svm,classification,bbob_train,all,all,,,,194400,11921,0.06132201646090535,-0.08855738467265091,-0.06544428361600368,2511.1122661377594,top_05,-0.6175991173473513,9719,0.049994855967078186,-0.014502370296334454,2619,0.219696334200151,0.23090278719120427,0.26947216791851014,7100,0.7305278320814899,720.7713581113044,-140.94853691007452,-0.0007250439141464739,-0.08855738467265091,0.0,0.012917244167375308,linear_svm_classifier__raw_primary_with_maturity__best_candidate__C_0p03__class_weight_null,linear_svm_classifier,"LinearSVC(C=0.03,class_weight=None,tol=1e-2)",raw_primary_with_maturity,best_candidate,"{""C"": 0.03, ""class_weight"": null}"
linear_svm_classifier__best_candidate,linear_svm,classification,bbob_train,all,all,,,,194400,11921,0.06132201646090535,-0.08855738467265091,-0.06544428361600368,2511.1122661377594,top_10,-0.6984518758726617,19439,0.09999485596707819,-0.03448546309348606,4347,0.3646506165590135,0.392428764044059,0.22362261433201297,15092,0.7763773856679871,1655.7956000505926,-670.3629170742754,-0.0034483689149911287,-0.08855738467265091,0.0,0.012917244167375308,linear_svm_classifier__raw_primary_with_maturity__best_candidate__C_0p03__class_weight_null,linear_svm_classifier,"LinearSVC(C=0.03,class_weight=None,tol=1e-2)",raw_primary_with_maturity,best_candidate,"{""C"": 0.03, ""class_weight"": null}"
linear_svm_classifier__best_candidate,linear_svm,classification,bbob_train,all,all,,,,194400,11921,0.06132201646090535,-0.08855738467265091,-0.06544428361600368,2511.1122661377594,top_20,-0.7800405213923354,38879,0.1999948559670782,-0.05850093920710743,6884,0.5774683331935241,0.5963595269894959,0.17706216723681165,31995,0.8229378327631883,3771.9837386845647,-2274.4580154331297,-0.011699886910664247,-0.08855738467265091,0.0,0.012917244167375308,linear_svm_classifier__raw_primary_with_maturity__best_candidate__C_0p03__class_weight_null,linear_svm_classifier,"LinearSVC(C=0.03,class_weight=None,tol=1e-2)",raw_primary_with_maturity,best_candidate,"{""C"": 0.03, ""class_weight"": null}"
linear_svm_classifier__best_candidate,linear_svm,classification,bbob_train,label_source,label_source=changed_algorithm,changed_algorithm,,,74400,8470,0.11384408602150538,-0.05859081542569486,-0.06280283172738645,1678.8603444230114,zero,0.0,32,0.00043010752688172043,-0.01631835871867466,11,0.0012987012987012987,0.001164850718887131,0.34375,21,0.65625,2.477809158109831,-0.5221874789975891,-7.018648911257918e-06,-0.05859081542569486,0.0,0.022565327209986715,linear_svm_classifier__raw_primary_with_maturity__best_candidate__C_0p03__class_weight_null,linear_svm_classifier,"LinearSVC(C=0.03,class_weight=None,tol=1e-2)",raw_primary_with_maturity,best_candidate,"{""C"": 0.03, ""class_weight"": null}"
linear_svm_classifier__best_candidate,linear_svm,classification,bbob_train,label_source,label_source=changed_algorithm,changed_algorithm,,,74400,8470,0.11384408602150538,-0.05859081542569486,-0.06280283172738645,1678.8603444230114,train_utility,-0.47638550421615694,2109,0.028346774193548387,0.04680087741408525,863,0.10188902007083825,0.12079230400325319,0.4091986723565671,1246,0.590801327643433,104.09035863624496,98.70305046630578,0.0013266539041170131,-0.05859081542569486,0.0,0.022565327209986715,linear_svm_classifier__raw_primary_with_maturity__best_candidate__C_0p03__class_weight_null,linear_svm_classifier,"LinearSVC(C=0.03,class_weight=None,tol=1e-2)",raw_primary_with_maturity,best_candidate,"{""C"": 0.03, ""class_weight"": null}"
linear_svm_classifier__best_candidate,linear_svm,classification,bbob_train,label_source,label_source=changed_algorithm,changed_algorithm,,,74400,8470,0.11384408602150538,-0.05859081542569486,-0.06280283172738645,1678.8603444230114,top_05,-0.6175991173473513,6119,0.08224462365591398,0.031964757702348474,2391,0.2822904368358914,0.30374950690286623,0.39075012256904723,3728,0.6092498774309528,314.3606493965956,195.59235238067032,0.002628929467482128,-0.05859081542569486,0.0,0.022565327209986715,linear_svm_classifier__raw_primary_with_maturity__best_candidate__C_0p03__class_weight_null,linear_svm_classifier,"LinearSVC(C=0.03,class_weight=None,tol=1e-2)",raw_primary_with_maturity,best_candidate,"{""C"": 0.03, ""class_weight"": null}"
linear_svm_classifier__best_candidate,linear_svm,classification,bbob_train,label_source,label_source=changed_algorithm,changed_algorithm,,,74400,8470,0.11384408602150538,-0.05859081542569486,-0.06280283172738645,1678.8603444230114,top_10,-0.6984518758726617,10001,0.1344220430107527,0.027011268739744597,3755,0.4433293978748524,0.48836718954982217,0.37546245375462456,6246,0.6245375462453755,549.7606093863267,270.1396986661858,0.0036309099283089487,-0.05859081542569486,0.0,0.022565327209986715,linear_svm_classifier__raw_primary_with_maturity__best_candidate__C_0p03__class_weight_null,linear_svm_classifier,"LinearSVC(C=0.03,class_weight=None,tol=1e-2)",raw_primary_with_maturity,best_candidate,"{""C"": 0.03, ""class_weight"": null}"
linear_svm_classifier__best_candidate,linear_svm,classification,bbob_train,label_source,label_source=changed_algorithm,changed_algorithm,,,74400,8470,0.11384408602150538,-0.05859081542569486,-0.06280283172738645,1678.8603444230114,top_20,-0.7800405213923354,17070,0.22943548387096774,0.002257259872146207,5610,0.6623376623376623,0.6983477406661874,0.3286467486818981,11460,0.671353251318102,1133.8969024043313,38.53142601753581,0.0005178955109883845,-0.05859081542569486,0.0,0.022565327209986715,linear_svm_classifier__raw_primary_with_maturity__best_candidate__C_0p03__class_weight_null,linear_svm_classifier,"LinearSVC(C=0.03,class_weight=None,tol=1e-2)",raw_primary_with_maturity,best_candidate,"{""C"": 0.03, ""class_weight"": null}"
linear_svm_classifier__best_candidate,linear_svm,classification,bbob_train,label_source,label_source=same_algorithm,same_algorithm,,,120000,3451,0.028758333333333334,-0.10713665760576366,-0.06743423570665175,832.2519217147483,zero,0.0,15,0.000125,-0.07940436157202829,3,0.0008693132425383947,0.0005878860372899677,0.2,12,0.8,1.680334707864268,-1.1910654235804246,-9.925545196503538e-06,-0.10713665760576366,0.0,0.006935432680956236,linear_svm_classifier__raw_primary_with_maturity__best_candidate__C_0p03__class_weight_null,linear_svm_classifier,"LinearSVC(C=0.03,class_weight=None,tol=1e-2)",raw_primary_with_maturity,best_candidate,"{""C"": 0.03, ""class_weight"": null}"
linear_svm_classifier__best_candidate,linear_svm,classification,bbob_train,label_source,label_source=same_algorithm,same_algorithm,,,120000,3451,0.028758333333333334,-0.10713665760576366,-0.06743423570665175,832.2519217147483,train_utility,-0.47638550421615694,585,0.004875,-0.07095889626043622,34,0.009852216748768473,0.015111695993736157,0.05811965811965812,551,0.9418803418803419,54.087692343511165,-41.51095431235519,-0.0003459246192696266,-0.10713665760576366,0.0,0.006935432680956236,linear_svm_classifier__raw_primary_with_maturity__best_candidate__C_0p03__class_weight_null,linear_svm_classifier,"LinearSVC(C=0.03,class_weight=None,tol=1e-2)",raw_primary_with_maturity,best_candidate,"{""C"": 0.03, ""class_weight"": null}"
linear_svm_classifier__best_candidate,linear_svm,classification,bbob_train,label_source,label_source=same_algorithm,same_algorithm,,,120000,3451,0.028758333333333334,-0.10713665760576366,-0.06743423570665175,832.2519217147483,top_05,-0.6175991173473513,3600,0.03,-0.09348358035854024,228,0.066067806432918,0.08395272825565378,0.06333333333333334,3372,0.9366666666666666,406.4107087147088,-336.5408892907449,-0.002804507410756207,-0.10713665760576366,0.0,0.006935432680956236,linear_svm_classifier__raw_primary_with_maturity__best_candidate__C_0p03__class_weight_null,linear_svm_classifier,"LinearSVC(C=0.03,class_weight=None,tol=1e-2)",raw_primary_with_maturity,best_candidate,"{""C"": 0.03, ""class_weight"": null}"
linear_svm_classifier__best_candidate,linear_svm,classification,bbob_train,label_source,label_source=same_algorithm,same_algorithm,,,120000,3451,0.028758333333333334,-0.10713665760576366,-0.06743423570665175,832.2519217147483,top_10,-0.6984518758726617,9438,0.07865,-0.09965062680021838,592,0.17154447986090987,0.19889695728517667,0.06272515363424454,8846,0.9372748463657554,1106.0349906642655,-940.5026157404612,-0.007837521797837177,-0.10713665760576366,0.0,0.006935432680956236,linear_svm_classifier__raw_primary_with_maturity__best_candidate__C_0p03__class_weight_null,linear_svm_classifier,"LinearSVC(C=0.03,class_weight=None,tol=1e-2)",raw_primary_with_maturity,best_candidate,"{""C"": 0.03, ""class_weight"": null}"
linear_svm_classifier__best_candidate,linear_svm,classification,bbob_train,label_source,label_source=same_algorithm,same_algorithm,,,120000,3451,0.028758333333333334,-0.10713665760576366,-0.06743423570665175,832.2519217147483,top_20,-0.7800405213923354,21809,0.18174166666666666,-0.10605664823928955,1274,0.3691683569979716,0.39062378391358554,0.05841625017194736,20535,0.9415837498280526,2638.086836280234,-2312.9894414506653,-0.019274912012088877,-0.10713665760576366,0.0,0.006935432680956236,linear_svm_classifier__raw_primary_with_maturity__best_candidate__C_0p03__class_weight_null,linear_svm_classifier,"LinearSVC(C=0.03,class_weight=None,tol=1e-2)",raw_primary_with_maturity,best_candidate,"{""C"": 0.03, ""class_weight"": null}"
linear_svm_classifier__best_candidate,linear_svm,classification,bbob_train,dimension,dimension=10,,10.0,,64800,2405,0.037114197530864194,-0.04022633237538057,-0.03715828153278458,308.0180086184804,zero,0.0,21,0.00032407407407407406,-0.023754810481867516,5,0.002079002079002079,0.002131413694971674,0.23809523809523808,16,0.7619047619047619,1.1553648219865502,-0.4988510201192179,-7.698318211716325e-06,-0.04022633237538057,0.0,0.004753364330532104,linear_svm_classifier__raw_primary_with_maturity__best_candidate__C_0p03__class_weight_null,linear_svm_classifier,"LinearSVC(C=0.03,class_weight=None,tol=1e-2)",raw_primary_with_maturity,best_candidate,"{""C"": 0.03, ""class_weight"": null}"
linear_svm_classifier__best_candidate,linear_svm,classification,bbob_train,dimension,dimension=10,,10.0,,64800,2405,0.037114197530864194,-0.04022633237538057,-0.03715828153278458,308.0180086184804,train_utility,-0.47638550421615694,722,0.011141975308641975,-0.015587964375562782,164,0.0681912681912682,0.06940781108302559,0.22714681440443213,558,0.7728531855955678,32.63336603151757,-11.254510279156326,-0.0001736807141845112,-0.04022633237538057,0.0,0.004753364330532104,linear_svm_classifier__raw_primary_with_maturity__best_candidate__C_0p03__class_weight_null,linear_svm_classifier,"LinearSVC(C=0.03,class_weight=None,tol=1e-2)",raw_primary_with_maturity,best_candidate,"{""C"": 0.03, ""class_weight"": null}"
linear_svm_classifier__best_candidate,linear_svm,classification,bbob_train,dimension,dimension=10,,10.0,,64800,2405,0.037114197530864194,-0.04022633237538057,-0.03715828153278458,308.0180086184804,top_05,-0.6175991173473513,2884,0.04450617283950617,-0.01488056677988603,620,0.2577962577962578,0.2827560865018421,0.21497919556171982,2264,0.7850208044382802,130.00952128224347,-42.9155545931913,-0.0006622770770554214,-0.04022633237538057,0.0,0.004753364330532104,linear_svm_classifier__raw_primary_with_maturity__best_candidate__C_0p03__class_weight_null,linear_svm_classifier,"LinearSVC(C=0.03,class_weight=None,tol=1e-2)",raw_primary_with_maturity,best_candidate,"{""C"": 0.03, ""class_weight"": null}"
linear_svm_classifier__best_candidate,linear_svm,classification,bbob_train,dimension,dimension=10,,10.0,,64800,2405,0.037114197530864194,-0.04022633237538057,-0.03715828153278458,308.0180086184804,top_10,-0.6984518758726617,5675,0.08757716049382716,-0.020135054656714838,1004,0.4174636174636175,0.4576342940854116,0.17691629955947136,4671,0.8230837004405286,255.22603911656918,-114.2664351768567,-0.0017633709132230972,-0.04022633237538057,0.0,0.004753364330532104,linear_svm_classifier__raw_primary_with_maturity__best_candidate__C_0p03__class_weight_null,linear_svm_classifier,"LinearSVC(C=0.03,class_weight=None,tol=1e-2)",raw_primary_with_maturity,best_candidate,"{""C"": 0.03, ""class_weight"": null}"
linear_svm_classifier__best_candidate,linear_svm,classification,bbob_train,dimension,dimension=10,,10.0,,64800,2405,0.037114197530864194,-0.04022633237538057,-0.03715828153278458,308.0180086184804,top_20,-0.7800405213923354,10905,0.16828703703703704,-0.029343699465799785,1437,0.5975051975051975,0.6285952397435807,0.13177441540577717,9468,0.8682255845942228,513.6116966474206,-319.99304267454664,-0.004938164238804732,-0.04022633237538057,0.0,0.004753364330532104,linear_svm_classifier__raw_primary_with_maturity__best_candidate__C_0p03__class_weight_null,linear_svm_classifier,"LinearSVC(C=0.03,class_weight=None,tol=1e-2)",raw_primary_with_maturity,best_candidate,"{""C"": 0.03, ""class_weight"": null}"
linear_svm_classifier__best_candidate,linear_svm,classification,bbob_train,dimension,dimension=20,,20.0,,64800,3858,0.059537037037037034,-0.07228172978918257,-0.06716881295115272,823.0687800379324,zero,0.0,26,0.00040123456790123454,-0.04670776470995367,9,0.0023328149300155523,0.0021728161787965437,0.34615384615384615,17,0.6538461538461539,3.002779043987549,-1.2144018824587957,-1.87407697910308e-05,-0.07228172978918257,0.0,0.01270167870428908,linear_svm_classifier__raw_primary_with_maturity__best_candidate__C_0p03__class_weight_null,linear_svm_classifier,"LinearSVC(C=0.03,class_weight=None,tol=1e-2)",raw_primary_with_maturity,best_candidate,"{""C"": 0.03, ""class_weight"": null}"
linear_svm_classifier__best_candidate,linear_svm,classification,bbob_train,dimension,dimension=20,,20.0,,64800,3858,0.059537037037037034,-0.07228172978918257,-0.06716881295115272,823.0687800379324,train_utility,-0.47638550421615694,1008,0.015555555555555555,0.03796972927205042,347,0.08994297563504407,0.11406250371170505,0.34424603174603174,661,0.6557539682539683,55.60779867183838,38.27348710622682,0.0005906402331207842,-0.07228172978918257,0.0,0.01270167870428908,linear_svm_classifier__raw_primary_with_maturity__best_candidate__C_0p03__class_weight_null,linear_svm_classifier,"LinearSVC(C=0.03,class_weight=None,tol=1e-2)",raw_primary_with_maturity,best_candidate,"{""C"": 0.03, ""class_weight"": null}"
linear_svm_classifier__best_candidate,linear_svm,classification,bbob_train,dimension,dimension=20,,20.0,,64800,3858,0.059537037037037034,-0.07228172978918257,-0.06716881295115272,823.0687800379324,top_05,-0.6175991173473513,3162,0.048796296296296296,0.00828194045087335,996,0.2581648522550544,0.30218455692834134,0.31499051233396586,2166,0.6850094876660342,222.53117891165147,26.187495705661526,0.00040412802014909763,-0.07228172978918257,0.0,0.01270167870428908,linear_svm_classifier__raw_primary_with_maturity__best_candidate__C_0p03__class_weight_null,linear_svm_classifier,"LinearSVC(C=0.03,class_weight=None,tol=1e-2)",raw_primary_with_maturity,best_candidate,"{""C"": 0.03, ""class_weight"": null}"
linear_svm_classifier__best_candidate,linear_svm,classification,bbob_train,dimension,dimension=20,,20.0,,64800,3858,0.059537037037037034,-0.07228172978918257,-0.06716881295115272,823.0687800379324,top_10,-0.6984518758726617,6271,0.09677469135802469,-0.01599344372322176,1577,0.40876101607050286,0.46680010088983076,0.25147504385265507,4694,0.7485249561473449,484.50347514930047,-100.29488558832375,-0.0015477605800667245,-0.07228172978918257,0.0,0.01270167870428908,linear_svm_classifier__raw_primary_with_maturity__best_candidate__C_0p03__class_weight_null,linear_svm_classifier,"LinearSVC(C=0.03,class_weight=None,tol=1e-2)",raw_primary_with_maturity,best_candidate,"{""C"": 0.03, ""class_weight"": null}"
linear_svm_classifier__best_candidate,linear_svm,classification,bbob_train,dimension,dimension=20,,20.0,,64800,3858,0.059537037037037034,-0.07228172978918257,-0.06716881295115272,823.0687800379324,top_20,-0.7800405213923354,12730,0.1964506172839506,-0.0427622481032221,2315,0.6000518403317782,0.6676158687032732,0.18185388845247447,10415,0.8181461115475255,1093.8571969415848,-544.3634183540173,-0.008400670036327428,-0.07228172978918257,0.0,0.01270167870428908,linear_svm_classifier__raw_primary_with_maturity__best_candidate__C_0p03__class_weight_null,linear_svm_classifier,"LinearSVC(C=0.03,class_weight=None,tol=1e-2)",raw_primary_with_maturity,best_candidate,"{""C"": 0.03, ""class_weight"": null}"
linear_svm_classifier__best_candidate,linear_svm,classification,bbob_train,dimension,dimension=40,,40.0,,64800,5658,0.08731481481481482,-0.1531640918533896,-0.14272675969545875,1380.025477481347,zero,0.0,0,0.0,0.0,0,0.0,0.0,0.0,0,0.0,-0.0,0.0,0.0,-0.1531640918533896,0.0,0.021296689467304737,linear_svm_classifier__raw_primary_with_maturity__best_candidate__C_0p03__class_weight_null,linear_svm_classifier,"LinearSVC(C=0.03,class_weight=None,tol=1e-2)",raw_primary_with_maturity,best_candidate,"{""C"": 0.03, ""class_weight"": null}"
linear_svm_classifier__best_candidate,linear_svm,classification,bbob_train,dimension,dimension=40,,40.0,,64800,5658,0.08731481481481482,-0.1531640918533896,-0.14272675969545875,1380.025477481347,train_utility,-0.47638550421615694,964,0.014876543209876544,0.03129991631419099,386,0.06822198656769177,0.07254214305230709,0.4004149377593361,578,0.5995850622406639,69.93688627640017,30.173119326880098,0.0004656345575135818,-0.1531640918533896,0.0,0.021296689467304737,linear_svm_classifier__raw_primary_with_maturity__best_candidate__C_0p03__class_weight_null,linear_svm_classifier,"LinearSVC(C=0.03,class_weight=None,tol=1e-2)",raw_primary_with_maturity,best_candidate,"{""C"": 0.03, ""class_weight"": null}"
linear_svm_classifier__best_candidate,linear_svm,classification,bbob_train,dimension,dimension=40,,40.0,,64800,5658,0.08731481481481482,-0.1531640918533896,-0.14272675969545875,1380.025477481347,top_05,-0.6175991173473513,3673,0.0566820987654321,-0.03381989600395991,1003,0.17727112053729233,0.17681570657681045,0.2730737816498775,2670,0.7269262183501225,368.2306579174093,-124.22047802254481,-0.0019169826855330988,-0.1531640918533896,0.0,0.021296689467304737,linear_svm_classifier__raw_primary_with_maturity__best_candidate__C_0p03__class_weight_null,linear_svm_classifier,"LinearSVC(C=0.03,class_weight=None,tol=1e-2)",raw_primary_with_maturity,best_candidate,"{""C"": 0.03, ""class_weight"": null}"
linear_svm_classifier__best_candidate,linear_svm,classification,bbob_train,dimension,dimension=40,,40.0,,64800,5658,0.08731481481481482,-0.1531640918533896,-0.14272675969545875,1380.025477481347,top_10,-0.6984518758726617,7493,0.11563271604938272,-0.060830321140944214,1766,0.31212442559208203,0.333518834967921,0.23568664086480715,5727,0.7643133591351928,916.0660857847228,-455.80159630909503,-0.007033975251683565,-0.1531640918533896,0.0,0.021296689467304737,linear_svm_classifier__raw_primary_with_maturity__best_candidate__C_0p03__class_weight_null,linear_svm_classifier,"LinearSVC(C=0.03,class_weight=None,tol=1e-2)",raw_primary_with_maturity,best_candidate,"{""C"": 0.03, ""class_weight"": null}"
linear_svm_classifier__best_candidate,linear_svm,classification,bbob_train,dimension,dimension=40,,40.0,,64800,5658,0.08731481481481482,-0.1531640918533896,-0.14272675969545875,1380.025477481347,top_20,-0.7800405213923354,15244,0.2352469135802469,-0.0925020699556918,3132,0.5535524920466596,0.5466662050818484,0.20545788506953555,12112,0.7945421149304644,2164.51484509556,-1410.1015544045658,-0.021760826456860585,-0.1531640918533896,0.0,0.021296689467304737,linear_svm_classifier__raw_primary_with_maturity__best_candidate__C_0p03__class_weight_null,linear_svm_classifier,"LinearSVC(C=0.03,class_weight=None,tol=1e-2)",raw_primary_with_maturity,best_candidate,"{""C"": 0.03, ""class_weight"": null}"
linear_svm_classifier__best_candidate,linear_svm,classification,bbob_train,FE_ratio,FE_ratio=0.2,,,0.2,19440,1637,0.08420781893004116,-0.06196176210011554,-0.05049860667501493,304.44205064313394,zero,0.0,0,0.0,0.0,0,0.0,0.0,0.0,0,0.0,-0.0,0.0,0.0,-0.06196176210011554,0.0,0.015660599312918414,linear_svm_classifier__raw_primary_with_maturity__best_candidate__C_0p03__class_weight_null,linear_svm_classifier,"LinearSVC(C=0.03,class_weight=None,tol=1e-2)",raw_primary_with_maturity,best_candidate,"{""C"": 0.03, ""class_weight"": null}"
linear_svm_classifier__best_candidate,linear_svm,classification,bbob_train,FE_ratio,FE_ratio=0.2,,,0.2,19440,1637,0.08420781893004116,-0.06196176210011554,-0.05049860667501493,304.44205064313394,train_utility,-0.47638550421615694,0,0.0,0.0,0,0.0,0.0,0.0,0,0.0,-0.0,0.0,0.0,-0.06196176210011554,0.0,0.015660599312918414,linear_svm_classifier__raw_primary_with_maturity__best_candidate__C_0p03__class_weight_null,linear_svm_classifier,"LinearSVC(C=0.03,class_weight=None,tol=1e-2)",raw_primary_with_maturity,best_candidate,"{""C"": 0.03, ""class_weight"": null}"
linear_svm_classifier__best_candidate,linear_svm,classification,bbob_train,FE_ratio,FE_ratio=0.2,,,0.2,19440,1637,0.08420781893004116,-0.06196176210011554,-0.05049860667501493,304.44205064313394,top_05,-0.6175991173473513,0,0.0,0.0,0,0.0,0.0,0.0,0,0.0,-0.0,0.0,0.0,-0.06196176210011554,0.0,0.015660599312918414,linear_svm_classifier__raw_primary_with_maturity__best_candidate__C_0p03__class_weight_null,linear_svm_classifier,"LinearSVC(C=0.03,class_weight=None,tol=1e-2)",raw_primary_with_maturity,best_candidate,"{""C"": 0.03, ""class_weight"": null}"
linear_svm_classifier__best_candidate,linear_svm,classification,bbob_train,FE_ratio,FE_ratio=0.2,,,0.2,19440,1637,0.08420781893004116,-0.06196176210011554,-0.05049860667501493,304.44205064313394,top_10,-0.6984518758726617,0,0.0,0.0,0,0.0,0.0,0.0,0,0.0,-0.0,0.0,0.0,-0.06196176210011554,0.0,0.015660599312918414,linear_svm_classifier__raw_primary_with_maturity__best_candidate__C_0p03__class_weight_null,linear_svm_classifier,"LinearSVC(C=0.03,class_weight=None,tol=1e-2)",raw_primary_with_maturity,best_candidate,"{""C"": 0.03, ""class_weight"": null}"
linear_svm_classifier__best_candidate,linear_svm,classification,bbob_train,FE_ratio,FE_ratio=0.2,,,0.2,19440,1637,0.08420781893004116,-0.06196176210011554,-0.05049860667501493,304.44205064313394,top_20,-0.7800405213923354,1459,0.07505144032921811,-0.011184235153563938,316,0.19303604153940135,0.25218578893420673,0.2165867032213845,1143,0.7834132967786155,93.09375781523623,-16.317799089049775,-0.0008393929572556468,-0.06196176210011554,0.0,0.015660599312918414,linear_svm_classifier__raw_primary_with_maturity__best_candidate__C_0p03__class_weight_null,linear_svm_classifier,"LinearSVC(C=0.03,class_weight=None,tol=1e-2)",raw_primary_with_maturity,best_candidate,"{""C"": 0.03, ""class_weight"": null}"
linear_svm_classifier__best_candidate,linear_svm,classification,bbob_train,FE_ratio,FE_ratio=0.25,,,0.25,19440,1530,0.0787037037037037,-0.06684412289960417,-0.05379598025536793,289.0381601639173,zero,0.0,3,0.00015432098765432098,-0.14804422153708116,1,0.00065359477124183,0.00040506160401920435,0.3333333333333333,2,0.6666666666666666,0.5612109253899995,-0.44413266461124346,-2.2846330484117463e-05,-0.06684412289960417,0.0,0.014868218115427843,linear_svm_classifier__raw_primary_with_maturity__best_candidate__C_0p03__class_weight_null,linear_svm_classifier,"LinearSVC(C=0.03,class_weight=None,tol=1e-2)",raw_primary_with_maturity,best_candidate,"{""C"": 0.03, ""class_weight"": null}"
linear_svm_classifier__best_candidate,linear_svm,classification,bbob_train,FE_ratio,FE_ratio=0.25,,,0.25,19440,1530,0.0787037037037037,-0.06684412289960417,-0.05379598025536793,289.0381601639173,train_utility,-0.47638550421615694,428,0.022016460905349793,0.03496275849277585,146,0.09542483660130718,0.1362047568277578,0.3411214953271028,282,0.6588785046728972,24.40431168416081,14.96406063490807,0.0007697562054993863,-0.06684412289960417,0.0,0.014868218115427843,linear_svm_classifier__raw_primary_with_maturity__best_candidate__C_0p03__class_weight_null,linear_svm_classifier,"LinearSVC(C=0.03,class_weight=None,tol=1e-2)",raw_primary_with_maturity,best_candidate,"{""C"": 0.03, ""class_weight"": null}"
linear_svm_classifier__best_candidate,linear_svm,classification,bbob_train,FE_ratio,FE_ratio=0.25,,,0.25,19440,1530,0.0787037037037037,-0.06684412289960417,-0.05379598025536793,289.0381601639173,top_05,-0.6175991173473513,1309,0.06733539094650205,0.011522825624033431,377,0.24640522875816995,0.3160774457727818,0.2880061115355233,932,0.7119938884644768,76.27506465361543,15.083378741859768,0.000775893968202663,-0.06684412289960417,0.0,0.014868218115427843,linear_svm_classifier__raw_primary_with_maturity__best_candidate__C_0p03__class_weight_null,linear_svm_classifier,"LinearSVC(C=0.03,class_weight=None,tol=1e-2)",raw_primary_with_maturity,best_candidate,"{""C"": 0.03, ""class_weight"": null}"
linear_svm_classifier__best_candidate,linear_svm,classification,bbob_train,FE_ratio,FE_ratio=0.25,,,0.25,19440,1530,0.0787037037037037,-0.06684412289960417,-0.05379598025536793,289.0381601639173,top_10,-0.6984518758726617,3322,0.17088477366255145,-0.022639459560841863,751,0.49084967320261436,0.5416478042266067,0.22606863335340158,2571,0.7739313666465985,231.76516945160077,-75.20828466111665,-0.003868738922896947,-0.06684412289960417,0.0,0.014868218115427843,linear_svm_classifier__raw_primary_with_maturity__best_candidate__C_0p03__class_weight_null,linear_svm_classifier,"LinearSVC(C=0.03,class_weight=None,tol=1e-2)",raw_primary_with_maturity,best_candidate,"{""C"": 0.03, ""class_weight"": null}"
linear_svm_classifier__best_candidate,linear_svm,classification,bbob_train,FE_ratio,FE_ratio=0.25,,,0.25,19440,1530,0.0787037037037037,-0.06684412289960417,-0.05379598025536793,289.0381601639173,top_20,-0.7800405213923354,7538,0.3877572016460905,-0.05423273414285449,1233,0.8058823529411765,0.8162258550218989,0.16357123905545237,6305,0.8364287609445477,644.7267693825871,-408.80634996883714,-0.021029133228849646,-0.06684412289960417,0.0,0.014868218115427843,linear_svm_classifier__raw_primary_with_maturity__best_candidate__C_0p03__class_weight_null,linear_svm_classifier,"LinearSVC(C=0.03,class_weight=None,tol=1e-2)",raw_primary_with_maturity,best_candidate,"{""C"": 0.03, ""class_weight"": null}"
linear_svm_classifier__best_candidate,linear_svm,classification,bbob_train,FE_ratio,FE_ratio=0.28,,,0.28,19440,1516,0.07798353909465021,-0.06678863875638497,-0.05595944523593056,294.83506110374555,zero,0.0,3,0.00015432098765432098,0.0802041917631119,1,0.0006596306068601583,0.001102334611883224,0.3333333333333333,2,0.6666666666666666,0.08439431736202821,0.24061257528933575,1.2377190086899987e-05,-0.06678863875638497,0.0,0.01516641260821736,linear_svm_classifier__raw_primary_with_maturity__best_candidate__C_0p03__class_weight_null,linear_svm_classifier,"LinearSVC(C=0.03,class_weight=None,tol=1e-2)",raw_primary_with_maturity,best_candidate,"{""C"": 0.03, ""class_weight"": null}"
linear_svm_classifier__best_candidate,linear_svm,classification,bbob_train,FE_ratio,FE_ratio=0.28,,,0.28,19440,1516,0.07798353909465021,-0.06678863875638497,-0.05595944523593056,294.83506110374555,train_utility,-0.47638550421615694,301,0.015483539094650205,0.04470139199045735,115,0.0758575197889182,0.09518369926636736,0.38205980066445183,186,0.6179401993355482,14.608372800152292,13.455118989127662,0.0006921357504695299,-0.06678863875638497,0.0,0.01516641260821736,linear_svm_classifier__raw_primary_with_maturity__best_candidate__C_0p03__class_weight_null,linear_svm_classifier,"LinearSVC(C=0.03,class_weight=None,tol=1e-2)",raw_primary_with_maturity,best_candidate,"{""C"": 0.03, ""class_weight"": null}"
linear_svm_classifier__best_candidate,linear_svm,classification,bbob_train,FE_ratio,FE_ratio=0.28,,,0.28,19440,1516,0.07798353909465021,-0.06678863875638497,-0.05595944523593056,294.83506110374555,top_05,-0.6175991173473513,1003,0.05159465020576132,0.004996810695174732,296,0.19525065963060687,0.23499826660279807,0.2951146560319043,707,0.7048853439680958,64.27392716585,5.0118011272602665,0.0002578086999619479,-0.06678863875638497,0.0,0.01516641260821736,linear_svm_classifier__raw_primary_with_maturity__best_candidate__C_0p03__class_weight_null,linear_svm_classifier,"LinearSVC(C=0.03,class_weight=None,tol=1e-2)",raw_primary_with_maturity,best_candidate,"{""C"": 0.03, ""class_weight"": null}"
linear_svm_classifier__best_candidate,linear_svm,classification,bbob_train,FE_ratio,FE_ratio=0.28,,,0.28,19440,1516,0.07798353909465021,-0.06678863875638497,-0.05595944523593056,294.83506110374555,top_10,-0.6984518758726617,2431,0.1250514403292181,-0.020418342749589126,596,0.39313984168865435,0.421187912254956,0.24516659810777458,1835,0.7548334018922255,173.8179550701001,-49.63699122425114,-0.0025533431699717663,-0.06678863875638497,0.0,0.01516641260821736,linear_svm_classifier__raw_primary_with_maturity__best_candidate__C_0p03__class_weight_null,linear_svm_classifier,"LinearSVC(C=0.03,class_weight=None,tol=1e-2)",raw_primary_with_maturity,best_candidate,"{""C"": 0.03, ""class_weight"": null}"
linear_svm_classifier__best_candidate,linear_svm,classification,bbob_train,FE_ratio,FE_ratio=0.28,,,0.28,19440,1516,0.07798353909465021,-0.06678863875638497,-0.05595944523593056,294.83506110374555,top_20,-0.7800405213923354,5724,0.29444444444444445,-0.04345679455720737,1100,0.7255936675461742,0.7131478234597229,0.19217330538085256,4624,0.8078266946191475,459.0076741512055,-248.746692045455,-0.012795611730733283,-0.06678863875638497,0.0,0.01516641260821736,linear_svm_classifier__raw_primary_with_maturity__best_candidate__C_0p03__class_weight_null,linear_svm_classifier,"LinearSVC(C=0.03,class_weight=None,tol=1e-2)",raw_primary_with_maturity,best_candidate,"{""C"": 0.03, ""class_weight"": null}"
linear_svm_classifier__best_candidate,linear_svm,classification,bbob_train,FE_ratio,FE_ratio=0.3,,,0.3,19440,1403,0.07217078189300412,-0.07045501341769796,-0.05769358257385397,275.8794546370344,zero,0.0,4,0.00020576131687242798,-0.039398193450943406,2,0.0014255167498218105,0.0005823164786306977,0.5,2,0.5,0.3182419263545688,-0.15759277380377362,-8.106624166860783e-06,-0.07045501341769796,0.0,0.014191329971040865,linear_svm_classifier__raw_primary_with_maturity__best_candidate__C_0p03__class_weight_null,linear_svm_classifier,"LinearSVC(C=0.03,class_weight=None,tol=1e-2)",raw_primary_with_maturity,best_candidate,"{""C"": 0.03, ""class_weight"": null}"
linear_svm_classifier__best_candidate,linear_svm,classification,bbob_train,FE_ratio,FE_ratio=0.3,,,0.3,19440,1403,0.07217078189300412,-0.07045501341769796,-0.05769358257385397,275.8794546370344,train_utility,-0.47638550421615694,432,0.022222222222222223,0.04011768266990115,155,0.1104775481111903,0.14237262599109807,0.3587962962962963,277,0.6412037037037037,21.94684350026931,17.330838913397297,0.0008915040593311367,-0.07045501341769796,0.0,0.014191329971040865,linear_svm_classifier__raw_primary_with_maturity__best_candidate__C_0p03__class_weight_null,linear_svm_classifier,"LinearSVC(C=0.03,class_weight=None,tol=1e-2)",raw_primary_with_maturity,best_candidate,"{""C"": 0.03, ""class_weight"": null}"
linear_svm_classifier__best_candidate,linear_svm,classification,bbob_train,FE_ratio,FE_ratio=0.3,,,0.3,19440,1403,0.07217078189300412,-0.07045501341769796,-0.05769358257385397,275.8794546370344,top_05,-0.6175991173473513,1659,0.0853395061728395,-0.00034132329188072633,479,0.3414112615823236,0.3963759736937053,0.28872814948764314,1180,0.7112718505123569,109.91824279507304,-0.5662553412301143,-2.9128361174388597e-05,-0.07045501341769796,0.0,0.014191329971040865,linear_svm_classifier__raw_primary_with_maturity__best_candidate__C_0p03__class_weight_null,linear_svm_classifier,"LinearSVC(C=0.03,class_weight=None,tol=1e-2)",raw_primary_with_maturity,best_candidate,"{""C"": 0.03, ""class_weight"": null}"
linear_svm_classifier__best_candidate,linear_svm,classification,bbob_train,FE_ratio,FE_ratio=0.3,,,0.3,19440,1403,0.07217078189300412,-0.07045501341769796,-0.05769358257385397,275.8794546370344,top_10,-0.6984518758726617,3084,0.15864197530864196,-0.03142826196408297,676,0.48182466143977193,0.5568652541120273,0.2191958495460441,2408,0.7808041504539559,250.55244250797156,-96.9247598972319,-0.004985841558499583,-0.07045501341769796,0.0,0.014191329971040865,linear_svm_classifier__raw_primary_with_maturity__best_candidate__C_0p03__class_weight_null,linear_svm_classifier,"LinearSVC(C=0.03,class_weight=None,tol=1e-2)",raw_primary_with_maturity,best_candidate,"{""C"": 0.03, ""class_weight"": null}"
linear_svm_classifier__best_candidate,linear_svm,classification,bbob_train,FE_ratio,FE_ratio=0.3,,,0.3,19440,1403,0.07217078189300412,-0.07045501341769796,-0.05769358257385397,275.8794546370344,top_20,-0.7800405213923354,5640,0.29012345679012347,-0.048096270039941096,993,0.7077690662865289,0.7299684120292492,0.17606382978723403,4647,0.823936170212766,472.64625043815903,-271.26296302526777,-0.01395385612269896,-0.07045501341769796,0.0,0.014191329971040865,linear_svm_classifier__raw_primary_with_maturity__best_candidate__C_0p03__class_weight_null,linear_svm_classifier,"LinearSVC(C=0.03,class_weight=None,tol=1e-2)",raw_primary_with_maturity,best_candidate,"{""C"": 0.03, ""class_weight"": null}"
linear_svm_classifier__best_candidate,linear_svm,classification,bbob_train,FE_ratio,FE_ratio=0.35,,,0.35,19440,1388,0.07139917695473251,-0.07482964941049443,-0.062069321341436653,257.6511044439708,zero,0.0,3,0.00015432098765432098,-0.11704517828788058,0,0.0,0.0,0.0,3,1.0,0.35113553486364174,-0.35113553486364174,-1.8062527513561818e-05,-0.07482964941049443,0.0,0.013253657636006727,linear_svm_classifier__raw_primary_with_maturity__best_candidate__C_0p03__class_weight_null,linear_svm_classifier,"LinearSVC(C=0.03,class_weight=None,tol=1e-2)",raw_primary_with_maturity,best_candidate,"{""C"": 0.03, ""class_weight"": null}"
linear_svm_classifier__best_candidate,linear_svm,classification,bbob_train,FE_ratio,FE_ratio=0.35,,,0.35,19440,1388,0.07139917695473251,-0.07482964941049443,-0.062069321341436653,257.6511044439708,train_utility,-0.47638550421615694,381,0.019598765432098767,0.045270577397767554,147,0.10590778097982709,0.1352198562389092,0.3858267716535433,234,0.6141732283464567,17.59145531416047,17.248089988549435,0.0008872474273945182,-0.07482964941049443,0.0,0.013253657636006727,linear_svm_classifier__raw_primary_with_maturity__best_candidate__C_0p03__class_weight_null,linear_svm_classifier,"LinearSVC(C=0.03,class_weight=None,tol=1e-2)",raw_primary_with_maturity,best_candidate,"{""C"": 0.03, ""class_weight"": null}"
linear_svm_classifier__best_candidate,linear_svm,classification,bbob_train,FE_ratio,FE_ratio=0.35,,,0.35,19440,1388,0.07139917695473251,-0.07482964941049443,-0.062069321341436653,257.6511044439708,top_05,-0.6175991173473513,1233,0.06342592592592593,0.003021144057084443,378,0.2723342939481268,0.31401080708234685,0.30656934306569344,855,0.6934306569343066,77.18016062972418,3.7250706223851253,0.00019161885917618957,-0.07482964941049443,0.0,0.013253657636006727,linear_svm_classifier__raw_primary_with_maturity__best_candidate__C_0p03__class_weight_null,linear_svm_classifier,"LinearSVC(C=0.03,class_weight=None,tol=1e-2)",raw_primary_with_maturity,best_candidate,"{""C"": 0.03, ""class_weight"": null}"
linear_svm_classifier__best_candidate,linear_svm,classification,bbob_train,FE_ratio,FE_ratio=0.35,,,0.35,19440,1388,0.07139917695473251,-0.07482964941049443,-0.062069321341436653,257.6511044439708,top_10,-0.6984518758726617,2225,0.11445473251028807,-0.015094890033388465,575,0.4142651296829971,0.47726396404035276,0.25842696629213485,1650,0.7415730337078652,156.55371777059378,-33.58613032428933,-0.0017276816010436897,-0.07482964941049443,0.0,0.013253657636006727,linear_svm_classifier__raw_primary_with_maturity__best_candidate__C_0p03__class_weight_null,linear_svm_classifier,"LinearSVC(C=0.03,class_weight=None,tol=1e-2)",raw_primary_with_maturity,best_candidate,"{""C"": 0.03, ""class_weight"": null}"
linear_svm_classifier__best_candidate,linear_svm,classification,bbob_train,FE_ratio,FE_ratio=0.35,,,0.35,19440,1388,0.07139917695473251,-0.07482964941049443,-0.062069321341436653,257.6511044439708,top_20,-0.7800405213923354,4001,0.2058127572016461,-0.03998483897410639,856,0.6167146974063401,0.6668892232037013,0.2139465133716571,3145,0.786053486628343,331.804085635615,-159.97934073539966,-0.008229389955524673,-0.07482964941049443,0.0,0.013253657636006727,linear_svm_classifier__raw_primary_with_maturity__best_candidate__C_0p03__class_weight_null,linear_svm_classifier,"LinearSVC(C=0.03,class_weight=None,tol=1e-2)",raw_primary_with_maturity,best_candidate,"{""C"": 0.03, ""class_weight"": null}"
linear_svm_classifier__best_candidate,linear_svm,classification,bbob_train,FE_ratio,FE_ratio=0.4,,,0.4,19440,1376,0.07078189300411522,-0.08176159053440116,-0.06731035034538017,252.55187921031478,zero,0.0,7,0.000360082304526749,-0.0700869482320282,2,0.0014534883720930232,0.0008191221573518493,0.2857142857142857,5,0.7142857142857143,0.697479477766214,-0.4906086376241974,-2.5237069836635666e-05,-0.08176159053440116,0.0,0.012991351811230182,linear_svm_classifier__raw_primary_with_maturity__best_candidate__C_0p03__class_weight_null,linear_svm_classifier,"LinearSVC(C=0.03,class_weight=None,tol=1e-2)",raw_primary_with_maturity,best_candidate,"{""C"": 0.03, ""class_weight"": null}"
linear_svm_classifier__best_candidate,linear_svm,classification,bbob_train,FE_ratio,FE_ratio=0.4,,,0.4,19440,1376,0.07078189300411522,-0.08176159053440116,-0.06731035034538017,252.55187921031478,train_utility,-0.47638550421615694,277,0.014248971193415639,0.03050252637913424,99,0.07194767441860465,0.08971852999565023,0.3574007220216607,178,0.6425992779783394,14.209383543368277,8.449199807020184,0.00043462961970268437,-0.08176159053440116,0.0,0.012991351811230182,linear_svm_classifier__raw_primary_with_maturity__best_candidate__C_0p03__class_weight_null,linear_svm_classifier,"LinearSVC(C=0.03,class_weight=None,tol=1e-2)",raw_primary_with_maturity,best_candidate,"{""C"": 0.03, ""class_weight"": null}"
linear_svm_classifier__best_candidate,linear_svm,classification,bbob_train,FE_ratio,FE_ratio=0.4,,,0.4,19440,1376,0.07078189300411522,-0.08176159053440116,-0.06731035034538017,252.55187921031478,top_05,-0.6175991173473513,1085,0.05581275720164609,-0.005402034415370426,325,0.23619186046511628,0.26208535913759157,0.2995391705069124,760,0.7004608294930875,72.0513573043859,-5.861207340676911,-0.0003015024352200057,-0.08176159053440116,0.0,0.012991351811230182,linear_svm_classifier__raw_primary_with_maturity__best_candidate__C_0p03__class_weight_null,linear_svm_classifier,"LinearSVC(C=0.03,class_weight=None,tol=1e-2)",raw_primary_with_maturity,best_candidate,"{""C"": 0.03, ""class_weight"": null}"
linear_svm_classifier__best_candidate,linear_svm,classification,bbob_train,FE_ratio,FE_ratio=0.4,,,0.4,19440,1376,0.07078189300411522,-0.08176159053440116,-0.06731035034538017,252.55187921031478,top_10,-0.6984518758726617,2023,0.10406378600823045,-0.02307932653230482,523,0.3800872093023256,0.4660907899976013,0.25852694018783984,1500,0.7414730598121602,164.40158247136702,-46.689477574852624,-0.002401722097471843,-0.08176159053440116,0.0,0.012991351811230182,linear_svm_classifier__raw_primary_with_maturity__best_candidate__C_0p03__class_weight_null,linear_svm_classifier,"LinearSVC(C=0.03,class_weight=None,tol=1e-2)",raw_primary_with_maturity,best_candidate,"{""C"": 0.03, ""class_weight"": null}"
linear_svm_classifier__best_candidate,linear_svm,classification,bbob_train,FE_ratio,FE_ratio=0.4,,,0.4,19440,1376,0.07078189300411522,-0.08176159053440116,-0.06731035034538017,252.55187921031478,top_20,-0.7800405213923354,3386,0.1741769547325103,-0.04556714526883919,709,0.5152616279069767,0.6042203099696932,0.20939161252215002,2677,0.79060838747785,306.8873286201744,-154.2903538802895,-0.007936746598780324,-0.08176159053440116,0.0,0.012991351811230182,linear_svm_classifier__raw_primary_with_maturity__best_candidate__C_0p03__class_weight_null,linear_svm_classifier,"LinearSVC(C=0.03,class_weight=None,tol=1e-2)",raw_primary_with_maturity,best_candidate,"{""C"": 0.03, ""class_weight"": null}"
linear_svm_classifier__best_candidate,linear_svm,classification,bbob_train,FE_ratio,FE_ratio=0.45,,,0.45,19440,911,0.04686213991769547,-0.09574364894010993,-0.0740343803226563,214.80823720368133,zero,0.0,3,0.00015432098765432098,0.09178109252385343,2,0.0021953896816684962,0.0014570675810186898,0.6666666666666666,1,0.3333333333333333,0.037646840993696584,0.2753432775715603,1.4163748846273678e-05,-0.09574364894010993,0.0,0.011049806440518587,linear_svm_classifier__raw_primary_with_maturity__best_candidate__C_0p03__class_weight_null,linear_svm_classifier,"LinearSVC(C=0.03,class_weight=None,tol=1e-2)",raw_primary_with_maturity,best_candidate,"{""C"": 0.03, ""class_weight"": null}"
linear_svm_classifier__best_candidate,linear_svm,classification,bbob_train,FE_ratio,FE_ratio=0.45,,,0.45,19440,911,0.04686213991769547,-0.09574364894010993,-0.0740343803226563,214.80823720368133,train_utility,-0.47638550421615694,258,0.013271604938271606,0.005265439532836652,89,0.09769484083424808,0.07934023221756452,0.3449612403100775,169,0.6550387596899225,15.684452022513906,1.3584833994718586,6.988083330616557e-05,-0.09574364894010993,0.0,0.011049806440518587,linear_svm_classifier__raw_primary_with_maturity__best_candidate__C_0p03__class_weight_null,linear_svm_classifier,"LinearSVC(C=0.03,class_weight=None,tol=1e-2)",raw_primary_with_maturity,best_candidate,"{""C"": 0.03, ""class_weight"": null}"
linear_svm_classifier__best_candidate,linear_svm,classification,bbob_train,FE_ratio,FE_ratio=0.45,,,0.45,19440,911,0.04686213991769547,-0.09574364894010993,-0.0740343803226563,214.80823720368133,top_05,-0.6175991173473513,970,0.04989711934156379,-0.03247839923261869,244,0.2678375411635565,0.22366023990112202,0.2515463917525773,726,0.7484536082474227,79.54810912135261,-31.50404725564013,-0.0016205785625329286,-0.09574364894010993,0.0,0.011049806440518587,linear_svm_classifier__raw_primary_with_maturity__best_candidate__C_0p03__class_weight_null,linear_svm_classifier,"LinearSVC(C=0.03,class_weight=None,tol=1e-2)",raw_primary_with_maturity,best_candidate,"{""C"": 0.03, ""class_weight"": null}"
linear_svm_classifier__best_candidate,linear_svm,classification,bbob_train,FE_ratio,FE_ratio=0.45,,,0.45,19440,911,0.04686213991769547,-0.09574364894010993,-0.0740343803226563,214.80823720368133,top_10,-0.6984518758726617,1824,0.09382716049382717,-0.03986056171995923,404,0.4434687156970362,0.4474042139122161,0.22149122807017543,1420,0.7785087719298246,168.81177508518752,-72.70566457720562,-0.0037400033218727173,-0.09574364894010993,0.0,0.011049806440518587,linear_svm_classifier__raw_primary_with_maturity__best_candidate__C_0p03__class_weight_null,linear_svm_classifier,"LinearSVC(C=0.03,class_weight=None,tol=1e-2)",raw_primary_with_maturity,best_candidate,"{""C"": 0.03, ""class_weight"": null}"
linear_svm_classifier__best_candidate,linear_svm,classification,bbob_train,FE_ratio,FE_ratio=0.45,,,0.45,19440,911,0.04686213991769547,-0.09574364894010993,-0.0740343803226563,214.80823720368133,top_20,-0.7800405213923354,2982,0.15339506172839507,-0.06399494053583743,526,0.5773874862788145,0.5827388322143935,0.17639168343393696,2456,0.823608316566063,316.0100139759729,-190.83291267786723,-0.009816507853799755,-0.09574364894010993,0.0,0.011049806440518587,linear_svm_classifier__raw_primary_with_maturity__best_candidate__C_0p03__class_weight_null,linear_svm_classifier,"LinearSVC(C=0.03,class_weight=None,tol=1e-2)",raw_primary_with_maturity,best_candidate,"{""C"": 0.03, ""class_weight"": null}"
linear_svm_classifier__best_candidate,linear_svm,classification,bbob_train,FE_ratio,FE_ratio=0.5,,,0.5,19440,752,0.03868312757201646,-0.10761678906395437,-0.08153801385084204,216.74610973067038,zero,0.0,11,0.0005658436213991769,0.046140449986002974,4,0.005319148936170213,0.004827713617803309,0.36363636363636365,7,0.6363636363636364,0.538843195706615,0.5075449498460327,2.6108279313067526e-05,-0.10761678906395437,0.0,0.011149491241289628,linear_svm_classifier__raw_primary_with_maturity__best_candidate__C_0p03__class_weight_null,linear_svm_classifier,"LinearSVC(C=0.03,class_weight=None,tol=1e-2)",raw_primary_with_maturity,best_candidate,"{""C"": 0.03, ""class_weight"": null}"
linear_svm_classifier__best_candidate,linear_svm,classification,bbob_train,FE_ratio,FE_ratio=0.5,,,0.5,19440,752,0.03868312757201646,-0.10761678906395437,-0.08153801385084204,216.74610973067038,train_utility,-0.47638550421615694,240,0.012345679012345678,-0.00781203837561619,66,0.08776595744680851,0.06801803747738809,0.275,174,0.725,16.6175342248867,-1.874889210147885,-9.644491821748379e-05,-0.10761678906395437,0.0,0.011149491241289628,linear_svm_classifier__raw_primary_with_maturity__best_candidate__C_0p03__class_weight_null,linear_svm_classifier,"LinearSVC(C=0.03,class_weight=None,tol=1e-2)",raw_primary_with_maturity,best_candidate,"{""C"": 0.03, ""class_weight"": null}"
linear_svm_classifier__best_candidate,linear_svm,classification,bbob_train,FE_ratio,FE_ratio=0.5,,,0.5,19440,752,0.03868312757201646,-0.10761678906395437,-0.08153801385084204,216.74610973067038,top_05,-0.6175991173473513,936,0.04814814814814815,-0.0348900698838524,225,0.2992021276595745,0.2310587679970426,0.2403846153846154,711,0.7596153846153846,82.73819449380633,-32.65710541128583,-0.0016798922536669667,-0.10761678906395437,0.0,0.011149491241289628,linear_svm_classifier__raw_primary_with_maturity__best_candidate__C_0p03__class_weight_null,linear_svm_classifier,"LinearSVC(C=0.03,class_weight=None,tol=1e-2)",raw_primary_with_maturity,best_candidate,"{""C"": 0.03, ""class_weight"": null}"
linear_svm_classifier__best_candidate,linear_svm,classification,bbob_train,FE_ratio,FE_ratio=0.5,,,0.5,19440,752,0.03868312757201646,-0.10761678906395437,-0.08153801385084204,216.74610973067038,top_10,-0.6984518758726617,1691,0.08698559670781893,-0.045873748312864726,332,0.44148936170212766,0.4250496866618701,0.19633353045535187,1359,0.8036664695446482,169.70037442325503,-77.57250839705426,-0.003990355370218841,-0.10761678906395437,0.0,0.011149491241289628,linear_svm_classifier__raw_primary_with_maturity__best_candidate__C_0p03__class_weight_null,linear_svm_classifier,"LinearSVC(C=0.03,class_weight=None,tol=1e-2)",raw_primary_with_maturity,best_candidate,"{""C"": 0.03, ""class_weight"": null}"
linear_svm_classifier__best_candidate,linear_svm,classification,bbob_train,FE_ratio,FE_ratio=0.5,,,0.5,19440,752,0.03868312757201646,-0.10761678906395437,-0.08153801385084204,216.74610973067038,top_20,-0.7800405213923354,2761,0.1420267489711934,-0.07303972760227491,443,0.589095744680851,0.5658917699067274,0.1604491126403477,2318,0.8395508873596523,324.31752756576793,-201.66268790988107,-0.010373595057092648,-0.10761678906395437,0.0,0.011149491241289628,linear_svm_classifier__raw_primary_with_maturity__best_candidate__C_0p03__class_weight_null,linear_svm_classifier,"LinearSVC(C=0.03,class_weight=None,tol=1e-2)",raw_primary_with_maturity,best_candidate,"{""C"": 0.03, ""class_weight"": null}"
linear_svm_classifier__best_candidate,linear_svm,classification,bbob_train,FE_ratio,FE_ratio=0.55,,,0.55,19440,784,0.040329218106995884,-0.12055088341199817,-0.09047622006570433,212.50845114181092,zero,0.0,5,0.000257201646090535,-0.14414086786056857,0,0.0,0.0,0.0,5,1.0,0.7207043393028428,-0.7207043393028428,-3.7073268482656526e-05,-0.12055088341199817,0.0,0.010931504688364757,linear_svm_classifier__raw_primary_with_maturity__best_candidate__C_0p03__class_weight_null,linear_svm_classifier,"LinearSVC(C=0.03,class_weight=None,tol=1e-2)",raw_primary_with_maturity,best_candidate,"{""C"": 0.03, ""class_weight"": null}"
linear_svm_classifier__best_candidate,linear_svm,classification,bbob_train,FE_ratio,FE_ratio=0.55,,,0.55,19440,784,0.040329218106995884,-0.12055088341199817,-0.09047622006570433,212.50845114181092,train_utility,-0.47638550421615694,206,0.01059670781893004,-0.022740706204854515,53,0.06760204081632654,0.0539628953982346,0.25728155339805825,153,0.7427184466019418,16.152156798406416,-4.684585478200029,-0.0002409766192489727,-0.12055088341199817,0.0,0.010931504688364757,linear_svm_classifier__raw_primary_with_maturity__best_candidate__C_0p03__class_weight_null,linear_svm_classifier,"LinearSVC(C=0.03,class_weight=None,tol=1e-2)",raw_primary_with_maturity,best_candidate,"{""C"": 0.03, ""class_weight"": null}"
linear_svm_classifier__best_candidate,linear_svm,classification,bbob_train,FE_ratio,FE_ratio=0.55,,,0.55,19440,784,0.040329218106995884,-0.12055088341199817,-0.09047622006570433,212.50845114181092,top_05,-0.6175991173473513,796,0.04094650205761317,-0.04742470448286428,184,0.23469387755102042,0.1880013242265806,0.23115577889447236,612,0.7688442211055276,77.70193499236004,-37.75006476835997,-0.001941875759689299,-0.12055088341199817,0.0,0.010931504688364757,linear_svm_classifier__raw_primary_with_maturity__best_candidate__C_0p03__class_weight_null,linear_svm_classifier,"LinearSVC(C=0.03,class_weight=None,tol=1e-2)",raw_primary_with_maturity,best_candidate,"{""C"": 0.03, ""class_weight"": null}"
linear_svm_classifier__best_candidate,linear_svm,classification,bbob_train,FE_ratio,FE_ratio=0.55,,,0.55,19440,784,0.040329218106995884,-0.12055088341199817,-0.09047622006570433,212.50845114181092,top_10,-0.6984518758726617,1511,0.07772633744855967,-0.06721017204705315,302,0.3852040816326531,0.3408934563331653,0.199867637326274,1209,0.800132362673726,173.99731037283684,-101.55456996309734,-0.005224000512505007,-0.12055088341199817,0.0,0.010931504688364757,linear_svm_classifier__raw_primary_with_maturity__best_candidate__C_0p03__class_weight_null,linear_svm_classifier,"LinearSVC(C=0.03,class_weight=None,tol=1e-2)",raw_primary_with_maturity,best_candidate,"{""C"": 0.03, ""class_weight"": null}"
linear_svm_classifier__best_candidate,linear_svm,classification,bbob_train,FE_ratio,FE_ratio=0.55,,,0.55,19440,784,0.040329218106995884,-0.12055088341199817,-0.09047622006570433,212.50845114181092,top_20,-0.7800405213923354,2697,0.13873456790123456,-0.09830493258817405,413,0.5267857142857143,0.505115989040971,0.15313311086392287,2284,0.8468668891360771,372.4698196683661,-265.1284031903054,-0.013638292345180318,-0.12055088341199817,0.0,0.010931504688364757,linear_svm_classifier__raw_primary_with_maturity__best_candidate__C_0p03__class_weight_null,linear_svm_classifier,"LinearSVC(C=0.03,class_weight=None,tol=1e-2)",raw_primary_with_maturity,best_candidate,"{""C"": 0.03, ""class_weight"": null}"
linear_svm_classifier__best_candidate,linear_svm,classification,bbob_train,FE_ratio,FE_ratio=0.6,,,0.6,19440,624,0.03209876543209877,-0.13902174819174842,-0.10198680721304745,192.65175785948037,zero,0.0,8,0.00041152263374485596,-0.07157246938490544,2,0.003205128205128205,0.0014321569458841637,0.25,6,0.75,0.8484873082344924,-0.5725797550792434,-2.9453691104899353e-05,-0.13902174819174842,0.0,0.009910069848738701,linear_svm_classifier__raw_primary_with_maturity__best_candidate__C_0p03__class_weight_null,linear_svm_classifier,"LinearSVC(C=0.03,class_weight=None,tol=1e-2)",raw_primary_with_maturity,best_candidate,"{""C"": 0.03, ""class_weight"": null}"
linear_svm_classifier__best_candidate,linear_svm,classification,bbob_train,FE_ratio,FE_ratio=0.6,,,0.6,19440,624,0.03209876543209877,-0.13902174819174842,-0.10198680721304745,192.65175785948037,train_utility,-0.47638550421615694,171,0.008796296296296297,-0.052948660176467675,27,0.04326923076923077,0.041055011849053566,0.15789473684210525,144,0.8421052631578947,16.963541091837936,-9.054220890175973,-0.0004657521034041138,-0.13902174819174842,0.0,0.009910069848738701,linear_svm_classifier__raw_primary_with_maturity__best_candidate__C_0p03__class_weight_null,linear_svm_classifier,"LinearSVC(C=0.03,class_weight=None,tol=1e-2)",raw_primary_with_maturity,best_candidate,"{""C"": 0.03, ""class_weight"": null}"
linear_svm_classifier__best_candidate,linear_svm,classification,bbob_train,FE_ratio,FE_ratio=0.6,,,0.6,19440,624,0.03209876543209877,-0.13902174819174842,-0.10198680721304745,192.65175785948037,top_05,-0.6175991173473513,728,0.037448559670781895,-0.07751388363239932,111,0.1778846153846154,0.12797318822666962,0.15247252747252749,617,0.8475274725274725,81.08436695513677,-56.43010728438671,-0.00290278329652195,-0.13902174819174842,0.0,0.009910069848738701,linear_svm_classifier__raw_primary_with_maturity__best_candidate__C_0p03__class_weight_null,linear_svm_classifier,"LinearSVC(C=0.03,class_weight=None,tol=1e-2)",raw_primary_with_maturity,best_candidate,"{""C"": 0.03, ""class_weight"": null}"
linear_svm_classifier__best_candidate,linear_svm,classification,bbob_train,FE_ratio,FE_ratio=0.6,,,0.6,19440,624,0.03209876543209877,-0.13902174819174842,-0.10198680721304745,192.65175785948037,top_10,-0.6984518758726617,1328,0.06831275720164609,-0.08771425486082574,188,0.30128205128205127,0.25803420116603437,0.14156626506024098,1140,0.858433734939759,166.1952728976799,-116.48453045517658,-0.0059920025954308944,-0.13902174819174842,0.0,0.009910069848738701,linear_svm_classifier__raw_primary_with_maturity__best_candidate__C_0p03__class_weight_null,linear_svm_classifier,"LinearSVC(C=0.03,class_weight=None,tol=1e-2)",raw_primary_with_maturity,best_candidate,"{""C"": 0.03, ""class_weight"": null}"
linear_svm_classifier__best_candidate,linear_svm,classification,bbob_train,FE_ratio,FE_ratio=0.6,,,0.6,19440,624,0.03209876543209877,-0.13902174819174842,-0.10198680721304745,192.65175785948037,top_20,-0.7800405213923354,2691,0.13842592592592592,-0.13282441951348098,295,0.47275641025641024,0.48579882976706523,0.10962467484206614,2396,0.8903753251579338,451.020511431481,-357.43051291077734,-0.01838634325672723,-0.13902174819174842,0.0,0.009910069848738701,linear_svm_classifier__raw_primary_with_maturity__best_candidate__C_0p03__class_weight_null,linear_svm_classifier,"LinearSVC(C=0.03,class_weight=None,tol=1e-2)",raw_primary_with_maturity,best_candidate,"{""C"": 0.03, ""class_weight"": null}"
linear_svm_classifier__best_candidate,linear_svm,classification,bbob_validation,all,all,,,,64800,3745,0.05779320987654321,-0.09152940558707323,-0.07597107961327272,743.0385345915533,zero,0.0,547,0.008441358024691358,0.02069736229729734,107,0.02857142857142857,0.0777746909622009,0.1956124314442413,440,0.8043875685557587,46.46813522424304,11.321457176621635,0.00017471384531823512,-0.09152940558707323,0.0,0.011466644052338786,linear_svm_classifier__raw_primary_with_maturity__best_candidate__C_0p03__class_weight_null,linear_svm_classifier,"LinearSVC(C=0.03,class_weight=None,tol=1e-2)",raw_primary_with_maturity,best_candidate,"{""C"": 0.03, ""class_weight"": null}"
linear_svm_classifier__best_candidate,linear_svm,classification,bbob_validation,all,all,,,,64800,3745,0.05779320987654321,-0.09152940558707323,-0.07597107961327272,743.0385345915533,train_utility,-0.47638550421615694,2481,0.038287037037037036,0.11050061455936842,761,0.20320427236315086,0.5596279778139582,0.3067311567916163,1720,0.6932688432083837,141.6731278295249,274.15202472179305,0.004230741122249893,-0.09152940558707323,0.0,0.011466644052338786,linear_svm_classifier__raw_primary_with_maturity__best_candidate__C_0p03__class_weight_null,linear_svm_classifier,"LinearSVC(C=0.03,class_weight=None,tol=1e-2)",raw_primary_with_maturity,best_candidate,"{""C"": 0.03, ""class_weight"": null}"
linear_svm_classifier__best_candidate,linear_svm,classification,bbob_validation,all,all,,,,64800,3745,0.05779320987654321,-0.09152940558707323,-0.07597107961327272,743.0385345915533,top_05,-0.6175991173473513,4840,0.07469135802469136,0.0030304983190219425,992,0.2648865153538051,0.609725449641799,0.2049586776859504,3848,0.7950413223140496,438.38189274095197,14.667611864066203,0.00022635203493929324,-0.09152940558707323,0.0,0.011466644052338786,linear_svm_classifier__raw_primary_with_maturity__best_candidate__C_0p03__class_weight_null,linear_svm_classifier,"LinearSVC(C=0.03,class_weight=None,tol=1e-2)",raw_primary_with_maturity,best_candidate,"{""C"": 0.03, ""class_weight"": null}"
linear_svm_classifier__best_candidate,linear_svm,classification,bbob_validation,all,all,,,,64800,3745,0.05779320987654321,-0.09152940558707323,-0.07597107961327272,743.0385345915533,top_10,-0.6984518758726617,9730,0.15015432098765433,-0.04822296156766556,1555,0.4152202937249666,0.7023307816951893,0.15981500513874614,8175,0.8401849948612539,991.0682508827196,-469.2094160533859,-0.007240886050206573,-0.09152940558707323,0.0,0.011466644052338786,linear_svm_classifier__raw_primary_with_maturity__best_candidate__C_0p03__class_weight_null,linear_svm_classifier,"LinearSVC(C=0.03,class_weight=None,tol=1e-2)",raw_primary_with_maturity,best_candidate,"{""C"": 0.03, ""class_weight"": null}"
linear_svm_classifier__best_candidate,linear_svm,classification,bbob_validation,all,all,,,,64800,3745,0.05779320987654321,-0.09152940558707323,-0.07597107961327272,743.0385345915533,top_20,-0.7800405213923354,16841,0.259891975308642,-0.06427748057182947,2512,0.6707610146862484,0.8323387451254566,0.1491597886111276,14329,0.8508402113888724,1700.9568117719716,-1082.4970503101802,-0.01670520139367562,-0.09152940558707323,0.0,0.011466644052338786,linear_svm_classifier__raw_primary_with_maturity__best_candidate__C_0p03__class_weight_null,linear_svm_classifier,"LinearSVC(C=0.03,class_weight=None,tol=1e-2)",raw_primary_with_maturity,best_candidate,"{""C"": 0.03, ""class_weight"": null}"
linear_svm_classifier__best_candidate,linear_svm,classification,bbob_validation,label_source,label_source=changed_algorithm,changed_algorithm,,,16560,2549,0.15392512077294687,-0.05116247729341551,-0.06176568779918107,607.1864253523988,zero,0.0,116,0.007004830917874396,0.49582564643959787,107,0.04197724597881522,0.09517602829695139,0.9224137931034483,9,0.07758620689655173,0.27381741387132763,57.51577498699336,0.0034731748180551543,-0.05116247729341551,0.0,0.036665846941569984,linear_svm_classifier__raw_primary_with_maturity__best_candidate__C_0p03__class_weight_null,linear_svm_classifier,"LinearSVC(C=0.03,class_weight=None,tol=1e-2)",raw_primary_with_maturity,best_candidate,"{""C"": 0.03, ""class_weight"": null}"
linear_svm_classifier__best_candidate,linear_svm,classification,bbob_validation,label_source,label_source=changed_algorithm,changed_algorithm,,,16560,2549,0.15392512077294687,-0.05116247729341551,-0.06176568779918107,607.1864253523988,train_utility,-0.47638550421615694,779,0.04704106280193237,0.5277238731901697,731,0.2867791290702236,0.6788414201838597,0.938382541720154,48,0.06161745827984596,1.086398087441405,411.09689721514223,0.024824691860817767,-0.05116247729341551,0.0,0.036665846941569984,linear_svm_classifier__raw_primary_with_maturity__best_candidate__C_0p03__class_weight_null,linear_svm_classifier,"LinearSVC(C=0.03,class_weight=None,tol=1e-2)",raw_primary_with_maturity,best_candidate,"{""C"": 0.03, ""class_weight"": null}"
linear_svm_classifier__best_candidate,linear_svm,classification,bbob_validation,label_source,label_source=changed_algorithm,changed_algorithm,,,16560,2549,0.15392512077294687,-0.05116247729341551,-0.06176568779918107,607.1864253523988,top_05,-0.6175991173473513,1210,0.07306763285024155,0.3337756961389613,884,0.3468026677128286,0.7122497186440232,0.7305785123966942,326,0.2694214876033058,28.599768293573113,403.86859232814317,0.02438820001981541,-0.05116247729341551,0.0,0.036665846941569984,linear_svm_classifier__raw_primary_with_maturity__best_candidate__C_0p03__class_weight_null,linear_svm_classifier,"LinearSVC(C=0.03,class_weight=None,tol=1e-2)",raw_primary_with_maturity,best_candidate,"{""C"": 0.03, ""class_weight"": null}"
linear_svm_classifier__best_candidate,linear_svm,classification,bbob_validation,label_source,label_source=changed_algorithm,changed_algorithm,,,16560,2549,0.15392512077294687,-0.05116247729341551,-0.06176568779918107,607.1864253523988,top_10,-0.6984518758726617,2202,0.13297101449275361,0.1754662760324686,1196,0.46920360925853277,0.7769037463190771,0.5431425976385105,1006,0.45685740236148953,85.3486687468714,386.3767398234958,0.02333192873330289,-0.05116247729341551,0.0,0.036665846941569984,linear_svm_classifier__raw_primary_with_maturity__best_candidate__C_0p03__class_weight_null,linear_svm_classifier,"LinearSVC(C=0.03,class_weight=None,tol=1e-2)",raw_primary_with_maturity,best_candidate,"{""C"": 0.03, ""class_weight"": null}"
linear_svm_classifier__best_candidate,linear_svm,classification,bbob_validation,label_source,label_source=changed_algorithm,changed_algorithm,,,16560,2549,0.15392512077294687,-0.05116247729341551,-0.06176568779918107,607.1864253523988,top_20,-0.7800405213923354,3977,0.24015700483091787,0.08614787346545519,1797,0.7049823460180463,0.8802704176088898,0.45184812672868996,2180,0.54815187327131,191.8781554392899,342.61009277211537,0.02068901526401663,-0.05116247729341551,0.0,0.036665846941569984,linear_svm_classifier__raw_primary_with_maturity__best_candidate__C_0p03__class_weight_null,linear_svm_classifier,"LinearSVC(C=0.03,class_weight=None,tol=1e-2)",raw_primary_with_maturity,best_candidate,"{""C"": 0.03, ""class_weight"": null}"
linear_svm_classifier__best_candidate,linear_svm,classification,bbob_validation,label_source,label_source=same_algorithm,same_algorithm,,,48240,1196,0.024792703150912105,-0.10538670932967216,-0.08462815497687234,135.85210923915443,zero,0.0,431,0.008934494195688225,-0.10717939167139609,0,0.0,0.0,0.0,431,1.0,46.194317810371714,-46.194317810371714,-0.0009575936527854833,-0.10538670932967216,0.0,0.0028161714187221066,linear_svm_classifier__raw_primary_with_maturity__best_candidate__C_0p03__class_weight_null,linear_svm_classifier,"LinearSVC(C=0.03,class_weight=None,tol=1e-2)",raw_primary_with_maturity,best_candidate,"{""C"": 0.03, ""class_weight"": null}"
linear_svm_classifier__best_candidate,linear_svm,classification,bbob_validation,label_source,label_source=same_algorithm,same_algorithm,,,48240,1196,0.024792703150912105,-0.10538670932967216,-0.08462815497687234,135.85210923915443,train_utility,-0.47638550421615694,1702,0.035281923714759536,-0.08046114717588085,30,0.02508361204013378,0.02680751347278049,0.01762632197414806,1672,0.982373678025852,140.5867297420835,-136.9448724933492,-0.002838824056661468,-0.10538670932967216,0.0,0.0028161714187221066,linear_svm_classifier__raw_primary_with_maturity__best_candidate__C_0p03__class_weight_null,linear_svm_classifier,"LinearSVC(C=0.03,class_weight=None,tol=1e-2)",raw_primary_with_maturity,best_candidate,"{""C"": 0.03, ""class_weight"": null}"
linear_svm_classifier__best_candidate,linear_svm,classification,bbob_validation,label_source,label_source=same_algorithm,same_algorithm,,,48240,1196,0.024792703150912105,-0.10538670932967216,-0.08462815497687234,135.85210923915443,top_05,-0.6175991173473513,3630,0.07524875621890548,-0.10721790095429119,108,0.0903010033444816,0.15149668340497235,0.02975206611570248,3522,0.9702479338842975,409.78212444737886,-389.20098046407696,-0.00806801369121221,-0.10538670932967216,0.0,0.0028161714187221066,linear_svm_classifier__raw_primary_with_maturity__best_candidate__C_0p03__class_weight_null,linear_svm_classifier,"LinearSVC(C=0.03,class_weight=None,tol=1e-2)",raw_primary_with_maturity,best_candidate,"{""C"": 0.03, ""class_weight"": null}"
linear_svm_classifier__best_candidate,linear_svm,classification,bbob_validation,label_source,label_source=same_algorithm,same_algorithm,,,48240,1196,0.024792703150912105,-0.10538670932967216,-0.08462815497687234,135.85210923915443,top_10,-0.6984518758726617,7528,0.1560530679933665,-0.11365384642360278,359,0.3001672240802676,0.3690294286908079,0.04768862911795962,7169,0.9523113708820404,905.7195821358482,-855.5861558768818,-0.01773603142365012,-0.10538670932967216,0.0,0.0028161714187221066,linear_svm_classifier__raw_primary_with_maturity__best_candidate__C_0p03__class_weight_null,linear_svm_classifier,"LinearSVC(C=0.03,class_weight=None,tol=1e-2)",raw_primary_with_maturity,best_candidate,"{""C"": 0.03, ""class_weight"": null}"
linear_svm_classifier__best_candidate,linear_svm,classification,bbob_validation,label_source,label_source=same_algorithm,same_algorithm,,,48240,1196,0.024792703150912105,-0.10538670932967216,-0.08462815497687234,135.85210923915443,top_20,-0.7800405213923354,12864,0.26666666666666666,-0.11078258264010382,715,0.5978260869565217,0.6181097497909493,0.055581467661691544,12149,0.9444185323383084,1509.078656332682,-1425.1071430822954,-0.029542022037361015,-0.10538670932967216,0.0,0.0028161714187221066,linear_svm_classifier__raw_primary_with_maturity__best_candidate__C_0p03__class_weight_null,linear_svm_classifier,"LinearSVC(C=0.03,class_weight=None,tol=1e-2)",raw_primary_with_maturity,best_candidate,"{""C"": 0.03, ""class_weight"": null}"
linear_svm_classifier__best_candidate,linear_svm,classification,bbob_validation,dimension,dimension=10,,10.0,,21600,1470,0.06805555555555555,-0.040708791525251226,-0.036659214049790265,260.3480860696287,zero,0.0,62,0.0028703703703703703,0.14167125377206843,16,0.010884353741496598,0.039509631204233835,0.25806451612903225,46,0.7419354838709677,1.5026391314709164,8.783617733868242,0.00040664896916056675,-0.040708791525251226,0.0,0.01205315213285318,linear_svm_classifier__raw_primary_with_maturity__best_candidate__C_0p03__class_weight_null,linear_svm_classifier,"LinearSVC(C=0.03,class_weight=None,tol=1e-2)",raw_primary_with_maturity,best_candidate,"{""C"": 0.03, ""class_weight"": null}"
linear_svm_classifier__best_candidate,linear_svm,classification,bbob_validation,dimension,dimension=10,,10.0,,21600,1470,0.06805555555555555,-0.040708791525251226,-0.036659214049790265,260.3480860696287,train_utility,-0.47638550421615694,808,0.03740740740740741,0.1750172847423991,280,0.19047619047619047,0.6034575755556202,0.3465346534653465,528,0.6534653465346535,15.695058748265604,141.41396607185848,0.006546942873697152,-0.040708791525251226,0.0,0.01205315213285318,linear_svm_classifier__raw_primary_with_maturity__best_candidate__C_0p03__class_weight_null,linear_svm_classifier,"LinearSVC(C=0.03,class_weight=None,tol=1e-2)",raw_primary_with_maturity,best_candidate,"{""C"": 0.03, ""class_weight"": null}"
linear_svm_classifier__best_candidate,linear_svm,classification,bbob_validation,dimension,dimension=10,,10.0,,21600,1470,0.06805555555555555,-0.040708791525251226,-0.036659214049790265,260.3480860696287,top_05,-0.6175991173473513,1244,0.05759259259259259,0.09969425854403276,324,0.22040816326530613,0.6192044887096838,0.2604501607717042,920,0.7395498392282959,37.18904589251247,124.01965762877671,0.00574165081614707,-0.040708791525251226,0.0,0.01205315213285318,linear_svm_classifier__raw_primary_with_maturity__best_candidate__C_0p03__class_weight_null,linear_svm_classifier,"LinearSVC(C=0.03,class_weight=None,tol=1e-2)",raw_primary_with_maturity,best_candidate,"{""C"": 0.03, ""class_weight"": null}"
linear_svm_classifier__best_candidate,linear_svm,classification,bbob_validation,dimension,dimension=10,,10.0,,21600,1470,0.06805555555555555,-0.040708791525251226,-0.036659214049790265,260.3480860696287,top_10,-0.6984518758726617,2704,0.12518518518518518,0.02425463673236742,515,0.35034013605442177,0.6869648227807126,0.1904585798816568,2189,0.8095414201183432,113.2654390837987,65.58453772432148,0.003036321190940809,-0.040708791525251226,0.0,0.01205315213285318,linear_svm_classifier__raw_primary_with_maturity__best_candidate__C_0p03__class_weight_null,linear_svm_classifier,"LinearSVC(C=0.03,class_weight=None,tol=1e-2)",raw_primary_with_maturity,best_candidate,"{""C"": 0.03, ""class_weight"": null}"
linear_svm_classifier__best_candidate,linear_svm,classification,bbob_validation,dimension,dimension=10,,10.0,,21600,1470,0.06805555555555555,-0.040708791525251226,-0.036659214049790265,260.3480860696287,top_20,-0.7800405213923354,5422,0.25101851851851853,-0.008575679711286354,950,0.6462585034013606,0.8278000010750584,0.1752120988565105,4472,0.8247879011434894,262.01348132292264,-46.497335394594614,-0.0021526544164164173,-0.040708791525251226,0.0,0.01205315213285318,linear_svm_classifier__raw_primary_with_maturity__best_candidate__C_0p03__class_weight_null,linear_svm_classifier,"LinearSVC(C=0.03,class_weight=None,tol=1e-2)",raw_primary_with_maturity,best_candidate,"{""C"": 0.03, ""class_weight"": null}"
linear_svm_classifier__best_candidate,linear_svm,classification,bbob_validation,dimension,dimension=20,,20.0,,21600,1908,0.08833333333333333,-0.05664202206459035,-0.0679457754312032,392.4289080321196,zero,0.0,136,0.006296296296296296,0.22422727828328703,53,0.027777777777777776,0.08821893896566045,0.3897058823529412,83,0.6102941176470589,4.124752039519304,30.49490984652703,0.0014118013817836588,-0.05664202206459035,0.0,0.018168005001487023,linear_svm_classifier__raw_primary_with_maturity__best_candidate__C_0p03__class_weight_null,linear_svm_classifier,"LinearSVC(C=0.03,class_weight=None,tol=1e-2)",raw_primary_with_maturity,best_candidate,"{""C"": 0.03, ""class_weight"": null}"
linear_svm_classifier__best_candidate,linear_svm,classification,bbob_validation,dimension,dimension=20,,20.0,,21600,1908,0.08833333333333333,-0.05664202206459035,-0.0679457754312032,392.4289080321196,train_utility,-0.47638550421615694,822,0.03805555555555556,0.25153692367082275,392,0.20545073375262055,0.583346871634679,0.4768856447688564,430,0.5231143552311436,22.158824582133832,206.7633512574163,0.009572377373028533,-0.05664202206459035,0.0,0.018168005001487023,linear_svm_classifier__raw_primary_with_maturity__best_candidate__C_0p03__class_weight_null,linear_svm_classifier,"LinearSVC(C=0.03,class_weight=None,tol=1e-2)",raw_primary_with_maturity,best_candidate,"{""C"": 0.03, ""class_weight"": null}"
linear_svm_classifier__best_candidate,linear_svm,classification,bbob_validation,dimension,dimension=20,,20.0,,21600,1908,0.08833333333333333,-0.05664202206459035,-0.0679457754312032,392.4289080321196,top_05,-0.6175991173473513,1591,0.07365740740740741,0.10772689861817217,511,0.26781970649895176,0.6221019183040017,0.3211816467630421,1080,0.6788183532369579,72.73728078321433,171.3934957015119,0.00793488406025518,-0.05664202206459035,0.0,0.018168005001487023,linear_svm_classifier__raw_primary_with_maturity__best_candidate__C_0p03__class_weight_null,linear_svm_classifier,"LinearSVC(C=0.03,class_weight=None,tol=1e-2)",raw_primary_with_maturity,best_candidate,"{""C"": 0.03, ""class_weight"": null}"
linear_svm_classifier__best_candidate,linear_svm,classification,bbob_validation,dimension,dimension=20,,20.0,,21600,1908,0.08833333333333333,-0.05664202206459035,-0.0679457754312032,392.4289080321196,top_10,-0.6984518758726617,3235,0.14976851851851852,0.029931349593499555,818,0.42872117400419285,0.713912728415642,0.25285935085007727,2417,0.7471406491499227,183.33207650741048,96.82791593497105,0.004482773885878289,-0.05664202206459035,0.0,0.018168005001487023,linear_svm_classifier__raw_primary_with_maturity__best_candidate__C_0p03__class_weight_null,linear_svm_classifier,"LinearSVC(C=0.03,class_weight=None,tol=1e-2)",raw_primary_with_maturity,best_candidate,"{""C"": 0.03, ""class_weight"": null}"
linear_svm_classifier__best_candidate,linear_svm,classification,bbob_validation,dimension,dimension=20,,20.0,,21600,1908,0.08833333333333333,-0.05664202206459035,-0.0679457754312032,392.4289080321196,top_20,-0.7800405213923354,5608,0.25962962962962965,-0.0014982455205496995,1293,0.6776729559748428,0.843379699305106,0.23056348074179744,4315,0.7694365192582026,339.36873533400285,-8.402160879242672,-0.00038898892959456815,-0.05664202206459035,0.0,0.018168005001487023,linear_svm_classifier__raw_primary_with_maturity__best_candidate__C_0p03__class_weight_null,linear_svm_classifier,"LinearSVC(C=0.03,class_weight=None,tol=1e-2)",raw_primary_with_maturity,best_candidate,"{""C"": 0.03, ""class_weight"": null}"
linear_svm_classifier__best_candidate,linear_svm,classification,bbob_validation,dimension,dimension=40,,40.0,,21600,367,0.01699074074074074,-0.17723740317137815,-0.16708161511555475,90.26154048980496,zero,0.0,349,0.01615740740740741,-0.08010621892198751,38,0.10354223433242507,0.1427371345488436,0.10888252148997135,311,0.8911174785100286,40.84074405325283,-27.957070403773642,-0.0012943088149895204,-0.17723740317137815,0.0,0.004178775022676155,linear_svm_classifier__raw_primary_with_maturity__best_candidate__C_0p03__class_weight_null,linear_svm_classifier,"LinearSVC(C=0.03,class_weight=None,tol=1e-2)",raw_primary_with_maturity,best_candidate,"{""C"": 0.03, ""class_weight"": null}"
linear_svm_classifier__best_candidate,linear_svm,classification,bbob_validation,dimension,dimension=40,,40.0,,21600,367,0.01699074074074074,-0.17723740317137815,-0.16708161511555475,90.26154048980496,train_utility,-0.47638550421615694,851,0.03939814814814815,-0.08698624278199975,89,0.24250681198910082,0.33008468202477553,0.1045828437132785,762,0.8954171562867215,103.81924449912546,-74.02529260748179,-0.003427096879976009,-0.17723740317137815,0.0,0.004178775022676155,linear_svm_classifier__raw_primary_with_maturity__best_candidate__C_0p03__class_weight_null,linear_svm_classifier,"LinearSVC(C=0.03,class_weight=None,tol=1e-2)",raw_primary_with_maturity,best_candidate,"{""C"": 0.03, ""class_weight"": null}"
linear_svm_classifier__best_candidate,linear_svm,classification,bbob_validation,dimension,dimension=40,,40.0,,21600,367,0.01699074074074074,-0.17723740317137815,-0.16708161511555475,90.26154048980496,top_05,-0.6175991173473513,2005,0.09282407407407407,-0.14002271394824062,157,0.42779291553133514,0.5285753416139799,0.07830423940149626,1848,0.9216957605985038,328.4555660652252,-280.7455414662224,-0.012997478771584369,-0.17723740317137815,0.0,0.004178775022676155,linear_svm_classifier__raw_primary_with_maturity__best_candidate__C_0p03__class_weight_null,linear_svm_classifier,"LinearSVC(C=0.03,class_weight=None,tol=1e-2)",raw_primary_with_maturity,best_candidate,"{""C"": 0.03, ""class_weight"": null}"
linear_svm_classifier__best_candidate,linear_svm,classification,bbob_validation,dimension,dimension=40,,40.0,,21600,367,0.01699074074074074,-0.17723740317137815,-0.16708161511555475,90.26154048980496,top_10,-0.6984518758726617,3791,0.17550925925925925,-0.1666108862338904,222,0.6049046321525886,0.696297284954168,0.05855974676866262,3569,0.9414402532313374,694.4707352915104,-631.6218697126785,-0.02924175322743882,-0.17723740317137815,0.0,0.004178775022676155,linear_svm_classifier__raw_primary_with_maturity__best_candidate__C_0p03__class_weight_null,linear_svm_classifier,"LinearSVC(C=0.03,class_weight=None,tol=1e-2)",raw_primary_with_maturity,best_candidate,"{""C"": 0.03, ""class_weight"": null}"
linear_svm_classifier__best_candidate,linear_svm,classification,bbob_validation,dimension,dimension=40,,40.0,,21600,367,0.01699074074074074,-0.17723740317137815,-0.16708161511555475,90.26154048980496,top_20,-0.7800405213923354,5811,0.26902777777777775,-0.17683661229329597,269,0.7329700272479565,0.7974275720103986,0.04629151609017381,5542,0.9537084839098262,1099.5745951150463,-1027.597554036343,-0.047573960835015874,-0.17723740317137815,0.0,0.004178775022676155,linear_svm_classifier__raw_primary_with_maturity__best_candidate__C_0p03__class_weight_null,linear_svm_classifier,"LinearSVC(C=0.03,class_weight=None,tol=1e-2)",raw_primary_with_maturity,best_candidate,"{""C"": 0.03, ""class_weight"": null}"
linear_svm_classifier__best_candidate,linear_svm,classification,bbob_validation,FE_ratio,FE_ratio=0.2,,,0.2,6480,296,0.04567901234567901,-0.07854640971495502,-0.05432046807708305,38.557426800468264,zero,0.0,0,0.0,0.0,0,0.0,0.0,0.0,0,0.0,-0.0,0.0,0.0,-0.07854640971495502,0.0,0.005950220185257448,linear_svm_classifier__raw_primary_with_maturity__best_candidate__C_0p03__class_weight_null,linear_svm_classifier,"LinearSVC(C=0.03,class_weight=None,tol=1e-2)",raw_primary_with_maturity,best_candidate,"{""C"": 0.03, ""class_weight"": null}"
linear_svm_classifier__best_candidate,linear_svm,classification,bbob_validation,FE_ratio,FE_ratio=0.2,,,0.2,6480,296,0.04567901234567901,-0.07854640971495502,-0.05432046807708305,38.557426800468264,train_utility,-0.47638550421615694,0,0.0,0.0,0,0.0,0.0,0.0,0,0.0,-0.0,0.0,0.0,-0.07854640971495502,0.0,0.005950220185257448,linear_svm_classifier__raw_primary_with_maturity__best_candidate__C_0p03__class_weight_null,linear_svm_classifier,"LinearSVC(C=0.03,class_weight=None,tol=1e-2)",raw_primary_with_maturity,best_candidate,"{""C"": 0.03, ""class_weight"": null}"
linear_svm_classifier__best_candidate,linear_svm,classification,bbob_validation,FE_ratio,FE_ratio=0.2,,,0.2,6480,296,0.04567901234567901,-0.07854640971495502,-0.05432046807708305,38.557426800468264,top_05,-0.6175991173473513,1,0.00015432098765432098,-0.10680172392417987,0,0.0,0.0,0.0,1,1.0,0.10680172392417987,-0.10680172392417987,-1.648174751916356e-05,-0.07854640971495502,0.0,0.005950220185257448,linear_svm_classifier__raw_primary_with_maturity__best_candidate__C_0p03__class_weight_null,linear_svm_classifier,"LinearSVC(C=0.03,class_weight=None,tol=1e-2)",raw_primary_with_maturity,best_candidate,"{""C"": 0.03, ""class_weight"": null}"
linear_svm_classifier__best_candidate,linear_svm,classification,bbob_validation,FE_ratio,FE_ratio=0.2,,,0.2,6480,296,0.04567901234567901,-0.07854640971495502,-0.05432046807708305,38.557426800468264,top_10,-0.6984518758726617,1,0.00015432098765432098,-0.10680172392417987,0,0.0,0.0,0.0,1,1.0,0.10680172392417987,-0.10680172392417987,-1.648174751916356e-05,-0.07854640971495502,0.0,0.005950220185257448,linear_svm_classifier__raw_primary_with_maturity__best_candidate__C_0p03__class_weight_null,linear_svm_classifier,"LinearSVC(C=0.03,class_weight=None,tol=1e-2)",raw_primary_with_maturity,best_candidate,"{""C"": 0.03, ""class_weight"": null}"
linear_svm_classifier__best_candidate,linear_svm,classification,bbob_validation,FE_ratio,FE_ratio=0.2,,,0.2,6480,296,0.04567901234567901,-0.07854640971495502,-0.05432046807708305,38.557426800468264,top_20,-0.7800405213923354,252,0.03888888888888889,-0.05570584572054739,6,0.02027027027027027,0.011222612757383187,0.023809523809523808,246,0.9761904761904762,14.470588191480747,-14.037873121577944,-0.0021663384446879543,-0.07854640971495502,0.0,0.005950220185257448,linear_svm_classifier__raw_primary_with_maturity__best_candidate__C_0p03__class_weight_null,linear_svm_classifier,"LinearSVC(C=0.03,class_weight=None,tol=1e-2)",raw_primary_with_maturity,best_candidate,"{""C"": 0.03, ""class_weight"": null}"
linear_svm_classifier__best_candidate,linear_svm,classification,bbob_validation,FE_ratio,FE_ratio=0.25,,,0.25,6480,292,0.04506172839506173,-0.08209066348445634,-0.05811985784400571,35.463735190300596,zero,0.0,57,0.008796296296296297,-0.0897366371992828,0,0.0,0.0,0.0,57,1.0,5.11498832035912,-5.114988320359121,-0.000789350049438136,-0.08209066348445634,0.0,0.005472798640478487,linear_svm_classifier__raw_primary_with_maturity__best_candidate__C_0p03__class_weight_null,linear_svm_classifier,"LinearSVC(C=0.03,class_weight=None,tol=1e-2)",raw_primary_with_maturity,best_candidate,"{""C"": 0.03, ""class_weight"": null}"
linear_svm_classifier__best_candidate,linear_svm,classification,bbob_validation,FE_ratio,FE_ratio=0.25,,,0.25,6480,292,0.04506172839506173,-0.08209066348445634,-0.05811985784400571,35.463735190300596,train_utility,-0.47638550421615694,271,0.04182098765432099,-0.061571615817481024,1,0.003424657534246575,0.0015276801238412149,0.0036900369003690036,270,0.996309963099631,16.74008512990475,-16.685907886537358,-0.0025749857849594686,-0.08209066348445634,0.0,0.005472798640478487,linear_svm_classifier__raw_primary_with_maturity__best_candidate__C_0p03__class_weight_null,linear_svm_classifier,"LinearSVC(C=0.03,class_weight=None,tol=1e-2)",raw_primary_with_maturity,best_candidate,"{""C"": 0.03, ""class_weight"": null}"
linear_svm_classifier__best_candidate,linear_svm,classification,bbob_validation,FE_ratio,FE_ratio=0.25,,,0.25,6480,292,0.04506172839506173,-0.08209066348445634,-0.05811985784400571,35.463735190300596,top_05,-0.6175991173473513,458,0.07067901234567901,-0.08286291488973997,15,0.05136986301369863,0.0875547029227429,0.03275109170305677,443,0.9672489082969432,41.0562318186185,-37.951215019500914,-0.005856668984490882,-0.08209066348445634,0.0,0.005472798640478487,linear_svm_classifier__raw_primary_with_maturity__best_candidate__C_0p03__class_weight_null,linear_svm_classifier,"LinearSVC(C=0.03,class_weight=None,tol=1e-2)",raw_primary_with_maturity,best_candidate,"{""C"": 0.03, ""class_weight"": null}"
linear_svm_classifier__best_candidate,linear_svm,classification,bbob_validation,FE_ratio,FE_ratio=0.25,,,0.25,6480,292,0.04506172839506173,-0.08209066348445634,-0.05811985784400571,35.463735190300596,top_10,-0.6984518758726617,954,0.14722222222222223,-0.08345767281541708,85,0.2910958904109589,0.37135377738186975,0.08909853249475891,869,0.910901467505241,92.78821188889636,-79.6186198659079,-0.012286824053380848,-0.08209066348445634,0.0,0.005472798640478487,linear_svm_classifier__raw_primary_with_maturity__best_candidate__C_0p03__class_weight_null,linear_svm_classifier,"LinearSVC(C=0.03,class_weight=None,tol=1e-2)",raw_primary_with_maturity,best_candidate,"{""C"": 0.03, ""class_weight"": null}"
linear_svm_classifier__best_candidate,linear_svm,classification,bbob_validation,FE_ratio,FE_ratio=0.25,,,0.25,6480,292,0.04506172839506173,-0.08209066348445634,-0.05811985784400571,35.463735190300596,top_20,-0.7800405213923354,1995,0.30787037037037035,-0.07952471036187149,194,0.6643835616438356,0.7391966155287323,0.09724310776942356,1801,0.9027568922305764,184.86647019861104,-158.65179717193362,-0.024483302032705805,-0.08209066348445634,0.0,0.005472798640478487,linear_svm_classifier__raw_primary_with_maturity__best_candidate__C_0p03__class_weight_null,linear_svm_classifier,"LinearSVC(C=0.03,class_weight=None,tol=1e-2)",raw_primary_with_maturity,best_candidate,"{""C"": 0.03, ""class_weight"": null}"
linear_svm_classifier__best_candidate,linear_svm,classification,bbob_validation,FE_ratio,FE_ratio=0.28,,,0.28,6480,274,0.042283950617283954,-0.08549062609263769,-0.060059978976886724,32.16164278161452,zero,0.0,36,0.005555555555555556,-0.09560172984541859,0,0.0,0.0,0.0,36,1.0,3.4416622744350693,-3.4416622744350693,-0.0005311207213634366,-0.08549062609263769,0.0,0.004963216478644216,linear_svm_classifier__raw_primary_with_maturity__best_candidate__C_0p03__class_weight_null,linear_svm_classifier,"LinearSVC(C=0.03,class_weight=None,tol=1e-2)",raw_primary_with_maturity,best_candidate,"{""C"": 0.03, ""class_weight"": null}"
linear_svm_classifier__best_candidate,linear_svm,classification,bbob_validation,FE_ratio,FE_ratio=0.28,,,0.28,6480,274,0.042283950617283954,-0.08549062609263769,-0.060059978976886724,32.16164278161452,train_utility,-0.47638550421615694,277,0.04274691358024691,-0.060715688701044664,7,0.025547445255474453,0.018277926977257115,0.02527075812274368,270,0.9747292418772563,17.406093928420354,-16.818245770189375,-0.0025954082978687306,-0.08549062609263769,0.0,0.004963216478644216,linear_svm_classifier__raw_primary_with_maturity__best_candidate__C_0p03__class_weight_null,linear_svm_classifier,"LinearSVC(C=0.03,class_weight=None,tol=1e-2)",raw_primary_with_maturity,best_candidate,"{""C"": 0.03, ""class_weight"": null}"
linear_svm_classifier__best_candidate,linear_svm,classification,bbob_validation,FE_ratio,FE_ratio=0.28,,,0.28,6480,274,0.042283950617283954,-0.08549062609263769,-0.060059978976886724,32.16164278161452,top_05,-0.6175991173473513,486,0.075,-0.08535784221246655,20,0.072992700729927,0.09750591943334369,0.0411522633744856,466,0.9588477366255144,44.619861865166826,-41.48391131525874,-0.0064018381659349905,-0.08549062609263769,0.0,0.004963216478644216,linear_svm_classifier__raw_primary_with_maturity__best_candidate__C_0p03__class_weight_null,linear_svm_classifier,"LinearSVC(C=0.03,class_weight=None,tol=1e-2)",raw_primary_with_maturity,best_candidate,"{""C"": 0.03, ""class_weight"": null}"
linear_svm_classifier__best_candidate,linear_svm,classification,bbob_validation,FE_ratio,FE_ratio=0.28,,,0.28,6480,274,0.042283950617283954,-0.08549062609263769,-0.060059978976886724,32.16164278161452,top_10,-0.6984518758726617,977,0.1507716049382716,-0.08622359964192057,82,0.29927007299270075,0.40176624238211334,0.08393039918116683,895,0.9160696008188332,97.16191921936147,-84.24045685015639,-0.013000070501567344,-0.08549062609263769,0.0,0.004963216478644216,linear_svm_classifier__raw_primary_with_maturity__best_candidate__C_0p03__class_weight_null,linear_svm_classifier,"LinearSVC(C=0.03,class_weight=None,tol=1e-2)",raw_primary_with_maturity,best_candidate,"{""C"": 0.03, ""class_weight"": null}"
linear_svm_classifier__best_candidate,linear_svm,classification,bbob_validation,FE_ratio,FE_ratio=0.28,,,0.28,6480,274,0.042283950617283954,-0.08549062609263769,-0.060059978976886724,32.16164278161452,top_20,-0.7800405213923354,1835,0.283179012345679,-0.08404676561136352,176,0.6423357664233577,0.7149326511702374,0.09591280653950954,1659,0.9040871934604905,177.21922343670184,-154.22581489685206,-0.0238002800766747,-0.08549062609263769,0.0,0.004963216478644216,linear_svm_classifier__raw_primary_with_maturity__best_candidate__C_0p03__class_weight_null,linear_svm_classifier,"LinearSVC(C=0.03,class_weight=None,tol=1e-2)",raw_primary_with_maturity,best_candidate,"{""C"": 0.03, ""class_weight"": null}"
linear_svm_classifier__best_candidate,linear_svm,classification,bbob_validation,FE_ratio,FE_ratio=0.3,,,0.3,6480,284,0.043827160493827164,-0.08706332924379373,-0.061481761258876125,31.652929735382077,zero,0.0,92,0.014197530864197531,-0.09072092265422584,0,0.0,0.0,0.0,92,1.0,8.346324884188776,-8.346324884188776,-0.0012880130994118483,-0.08706332924379373,0.0,0.004884711378916987,linear_svm_classifier__raw_primary_with_maturity__best_candidate__C_0p03__class_weight_null,linear_svm_classifier,"LinearSVC(C=0.03,class_weight=None,tol=1e-2)",raw_primary_with_maturity,best_candidate,"{""C"": 0.03, ""class_weight"": null}"
linear_svm_classifier__best_candidate,linear_svm,classification,bbob_validation,FE_ratio,FE_ratio=0.3,,,0.3,6480,284,0.043827160493827164,-0.08706332924379373,-0.061481761258876125,31.652929735382077,train_utility,-0.47638550421615694,300,0.046296296296296294,-0.06950509737069381,4,0.014084507042253521,0.011546872930859795,0.013333333333333334,296,0.9866666666666667,21.21702156875203,-20.851529211208142,-0.0032178285819765653,-0.08706332924379373,0.0,0.004884711378916987,linear_svm_classifier__raw_primary_with_maturity__best_candidate__C_0p03__class_weight_null,linear_svm_classifier,"LinearSVC(C=0.03,class_weight=None,tol=1e-2)",raw_primary_with_maturity,best_candidate,"{""C"": 0.03, ""class_weight"": null}"
linear_svm_classifier__best_candidate,linear_svm,classification,bbob_validation,FE_ratio,FE_ratio=0.3,,,0.3,6480,284,0.043827160493827164,-0.08706332924379373,-0.061481761258876125,31.652929735382077,top_05,-0.6175991173473513,853,0.1316358024691358,-0.08245189547656279,44,0.15492957746478872,0.2349791627872282,0.05158264947245018,809,0.9484173505275498,77.7692457704911,-70.33146684150807,-0.010853621426158654,-0.08706332924379373,0.0,0.004884711378916987,linear_svm_classifier__raw_primary_with_maturity__best_candidate__C_0p03__class_weight_null,linear_svm_classifier,"LinearSVC(C=0.03,class_weight=None,tol=1e-2)",raw_primary_with_maturity,best_candidate,"{""C"": 0.03, ""class_weight"": null}"
linear_svm_classifier__best_candidate,linear_svm,classification,bbob_validation,FE_ratio,FE_ratio=0.3,,,0.3,6480,284,0.043827160493827164,-0.08706332924379373,-0.061481761258876125,31.652929735382077,top_10,-0.6984518758726617,1738,0.2682098765432099,-0.07895545544056587,163,0.573943661971831,0.6126939942169547,0.09378596087456847,1575,0.9062140391254315,156.61814150394332,-137.22458155570348,-0.02117663295612708,-0.08706332924379373,0.0,0.004884711378916987,linear_svm_classifier__raw_primary_with_maturity__best_candidate__C_0p03__class_weight_null,linear_svm_classifier,"LinearSVC(C=0.03,class_weight=None,tol=1e-2)",raw_primary_with_maturity,best_candidate,"{""C"": 0.03, ""class_weight"": null}"
linear_svm_classifier__best_candidate,linear_svm,classification,bbob_validation,FE_ratio,FE_ratio=0.3,,,0.3,6480,284,0.043827160493827164,-0.08706332924379373,-0.061481761258876125,31.652929735382077,top_20,-0.7800405213923354,2363,0.3646604938271605,-0.07885399355809429,262,0.9225352112676056,0.9317837098467702,0.1108760050782903,2101,0.8891239949217097,215.8256710741303,-186.33198677777682,-0.0287549362311384,-0.08706332924379373,0.0,0.004884711378916987,linear_svm_classifier__raw_primary_with_maturity__best_candidate__C_0p03__class_weight_null,linear_svm_classifier,"LinearSVC(C=0.03,class_weight=None,tol=1e-2)",raw_primary_with_maturity,best_candidate,"{""C"": 0.03, ""class_weight"": null}"
linear_svm_classifier__best_candidate,linear_svm,classification,bbob_validation,FE_ratio,FE_ratio=0.35,,,0.35,6480,256,0.03950617283950617,-0.09341559547051581,-0.06664570006608084,26.439322897806413,zero,0.0,94,0.014506172839506172,-0.0921077480008565,0,0.0,0.0,0.0,94,1.0,8.65812831208051,-8.65812831208051,-0.0013361309123581034,-0.09341559547051581,0.0,0.00408014242250099,linear_svm_classifier__raw_primary_with_maturity__best_candidate__C_0p03__class_weight_null,linear_svm_classifier,"LinearSVC(C=0.03,class_weight=None,tol=1e-2)",raw_primary_with_maturity,best_candidate,"{""C"": 0.03, ""class_weight"": null}"
linear_svm_classifier__best_candidate,linear_svm,classification,bbob_validation,FE_ratio,FE_ratio=0.35,,,0.35,6480,256,0.03950617283950617,-0.09341559547051581,-0.06664570006608084,26.439322897806413,train_utility,-0.47638550421615694,282,0.04351851851851852,-0.06803122350417287,5,0.01953125,0.024201301803879992,0.01773049645390071,277,0.9822695035460993,19.824671061116796,-19.18480502817675,-0.0029606180599038197,-0.09341559547051581,0.0,0.00408014242250099,linear_svm_classifier__raw_primary_with_maturity__best_candidate__C_0p03__class_weight_null,linear_svm_classifier,"LinearSVC(C=0.03,class_weight=None,tol=1e-2)",raw_primary_with_maturity,best_candidate,"{""C"": 0.03, ""class_weight"": null}"
linear_svm_classifier__best_candidate,linear_svm,classification,bbob_validation,FE_ratio,FE_ratio=0.35,,,0.35,6480,256,0.03950617283950617,-0.09341559547051581,-0.06664570006608084,26.439322897806413,top_05,-0.6175991173473513,628,0.09691358024691359,-0.08663348455955744,41,0.16015625,0.2738350928321856,0.06528662420382166,587,0.9347133757961783,61.64584274354303,-54.405828303402075,-0.00839596115793242,-0.09341559547051581,0.0,0.00408014242250099,linear_svm_classifier__raw_primary_with_maturity__best_candidate__C_0p03__class_weight_null,linear_svm_classifier,"LinearSVC(C=0.03,class_weight=None,tol=1e-2)",raw_primary_with_maturity,best_candidate,"{""C"": 0.03, ""class_weight"": null}"
linear_svm_classifier__best_candidate,linear_svm,classification,bbob_validation,FE_ratio,FE_ratio=0.35,,,0.35,6480,256,0.03950617283950617,-0.09341559547051581,-0.06664570006608084,26.439322897806413,top_10,-0.6984518758726617,1310,0.2021604938271605,-0.09160598813454017,102,0.3984375,0.4768189309775295,0.07786259541984733,1208,0.9221374045801527,132.6106141361494,-120.0038444562476,-0.018519111798803643,-0.09341559547051581,0.0,0.00408014242250099,linear_svm_classifier__raw_primary_with_maturity__best_candidate__C_0p03__class_weight_null,linear_svm_classifier,"LinearSVC(C=0.03,class_weight=None,tol=1e-2)",raw_primary_with_maturity,best_candidate,"{""C"": 0.03, ""class_weight"": null}"
linear_svm_classifier__best_candidate,linear_svm,classification,bbob_validation,FE_ratio,FE_ratio=0.35,,,0.35,6480,256,0.03950617283950617,-0.09341559547051581,-0.06664570006608084,26.439322897806413,top_20,-0.7800405213923354,2052,0.31666666666666665,-0.08632059050809432,195,0.76171875,0.7733814651026749,0.09502923976608187,1857,0.9049707602339181,197.57753400163776,-177.12985172260957,-0.027334853660896538,-0.09341559547051581,0.0,0.00408014242250099,linear_svm_classifier__raw_primary_with_maturity__best_candidate__C_0p03__class_weight_null,linear_svm_classifier,"LinearSVC(C=0.03,class_weight=None,tol=1e-2)",raw_primary_with_maturity,best_candidate,"{""C"": 0.03, ""class_weight"": null}"
linear_svm_classifier__best_candidate,linear_svm,classification,bbob_validation,FE_ratio,FE_ratio=0.4,,,0.4,6480,800,0.12345679012345678,-0.07290554260108724,-0.07056462486829276,174.15917724891835,zero,0.0,77,0.011882716049382716,0.12347785337349657,38,0.0475,0.08424332835694884,0.4935064935064935,39,0.5064935064935064,5.163954045597452,9.507794709759235,0.0014672522700245733,-0.07290554260108724,0.0,0.02687641624211703,linear_svm_classifier__raw_primary_with_maturity__best_candidate__C_0p03__class_weight_null,linear_svm_classifier,"LinearSVC(C=0.03,class_weight=None,tol=1e-2)",raw_primary_with_maturity,best_candidate,"{""C"": 0.03, ""class_weight"": null}"
linear_svm_classifier__best_candidate,linear_svm,classification,bbob_validation,FE_ratio,FE_ratio=0.4,,,0.4,6480,800,0.12345679012345678,-0.07290554260108724,-0.07056462486829276,174.15917724891835,train_utility,-0.47638550421615694,276,0.04259259259259259,0.3455884897885376,211,0.26375,0.5981361618718188,0.7644927536231884,65,0.23550724637681159,8.788478652785463,95.38242318163637,0.014719509750252525,-0.07290554260108724,0.0,0.02687641624211703,linear_svm_classifier__raw_primary_with_maturity__best_candidate__C_0p03__class_weight_null,linear_svm_classifier,"LinearSVC(C=0.03,class_weight=None,tol=1e-2)",raw_primary_with_maturity,best_candidate,"{""C"": 0.03, ""class_weight"": null}"
linear_svm_classifier__best_candidate,linear_svm,classification,bbob_validation,FE_ratio,FE_ratio=0.4,,,0.4,6480,800,0.12345679012345678,-0.07290554260108724,-0.07056462486829276,174.15917724891835,top_05,-0.6175991173473513,580,0.08950617283950617,0.1277914970049609,285,0.35625,0.6609984934933569,0.49137931034482757,295,0.5086206896551724,40.9998855267002,74.11906826287732,0.011438127818345266,-0.07290554260108724,0.0,0.02687641624211703,linear_svm_classifier__raw_primary_with_maturity__best_candidate__C_0p03__class_weight_null,linear_svm_classifier,"LinearSVC(C=0.03,class_weight=None,tol=1e-2)",raw_primary_with_maturity,best_candidate,"{""C"": 0.03, ""class_weight"": null}"
linear_svm_classifier__best_candidate,linear_svm,classification,bbob_validation,FE_ratio,FE_ratio=0.4,,,0.4,6480,800,0.12345679012345678,-0.07290554260108724,-0.07056462486829276,174.15917724891835,top_10,-0.6984518758726617,1151,0.17762345679012345,0.030263541931144874,392,0.49,0.7453138300432225,0.34057341442224154,759,0.6594265855777585,94.96990666982003,34.83333676274775,0.005375514932522801,-0.07290554260108724,0.0,0.02687641624211703,linear_svm_classifier__raw_primary_with_maturity__best_candidate__C_0p03__class_weight_null,linear_svm_classifier,"LinearSVC(C=0.03,class_weight=None,tol=1e-2)",raw_primary_with_maturity,best_candidate,"{""C"": 0.03, ""class_weight"": null}"
linear_svm_classifier__best_candidate,linear_svm,classification,bbob_validation,FE_ratio,FE_ratio=0.4,,,0.4,6480,800,0.12345679012345678,-0.07290554260108724,-0.07056462486829276,174.15917724891835,top_20,-0.7800405213923354,1950,0.30092592592592593,0.00013549939623711446,607,0.75875,0.8854472365666638,0.3112820512820513,1343,0.6887179487179487,153.94453839511618,0.26422382266240163,4.077528127506198e-05,-0.07290554260108724,0.0,0.02687641624211703,linear_svm_classifier__raw_primary_with_maturity__best_candidate__C_0p03__class_weight_null,linear_svm_classifier,"LinearSVC(C=0.03,class_weight=None,tol=1e-2)",raw_primary_with_maturity,best_candidate,"{""C"": 0.03, ""class_weight"": null}"
linear_svm_classifier__best_candidate,linear_svm,classification,bbob_validation,FE_ratio,FE_ratio=0.45,,,0.45,6480,243,0.0375,-0.10186903427734409,-0.07939845101548082,50.56190594132994,zero,0.0,65,0.010030864197530864,0.01806670143158089,7,0.02880658436213992,0.1414860877427343,0.1076923076923077,58,0.8923076923076924,5.979470667402128,1.1743355930527581,0.0001812246285575244,-0.10186903427734409,0.0,0.007802763262550918,linear_svm_classifier__raw_primary_with_maturity__best_candidate__C_0p03__class_weight_null,linear_svm_classifier,"LinearSVC(C=0.03,class_weight=None,tol=1e-2)",raw_primary_with_maturity,best_candidate,"{""C"": 0.03, ""class_weight"": null}"
linear_svm_classifier__best_candidate,linear_svm,classification,bbob_validation,FE_ratio,FE_ratio=0.45,,,0.45,6480,243,0.0375,-0.10186903427734409,-0.07939845101548082,50.56190594132994,train_utility,-0.47638550421615694,273,0.04212962962962963,0.041915718402304236,37,0.1522633744855967,0.627280405751647,0.13553113553113552,236,0.8644688644688645,20.273501750625,11.442991123829053,0.001765893691948928,-0.10186903427734409,0.0,0.007802763262550918,linear_svm_classifier__raw_primary_with_maturity__best_candidate__C_0p03__class_weight_null,linear_svm_classifier,"LinearSVC(C=0.03,class_weight=None,tol=1e-2)",raw_primary_with_maturity,best_candidate,"{""C"": 0.03, ""class_weight"": null}"
linear_svm_classifier__best_candidate,linear_svm,classification,bbob_validation,FE_ratio,FE_ratio=0.45,,,0.45,6480,243,0.0375,-0.10186903427734409,-0.07939845101548082,50.56190594132994,top_05,-0.6175991173473513,498,0.07685185185185185,-0.04514689056820618,47,0.1934156378600823,0.6612164240888075,0.09437751004016064,451,0.9056224899598394,55.91551414460749,-22.483151502966685,-0.0034696221455195503,-0.10186903427734409,0.0,0.007802763262550918,linear_svm_classifier__raw_primary_with_maturity__best_candidate__C_0p03__class_weight_null,linear_svm_classifier,"LinearSVC(C=0.03,class_weight=None,tol=1e-2)",raw_primary_with_maturity,best_candidate,"{""C"": 0.03, ""class_weight"": null}"
linear_svm_classifier__best_candidate,linear_svm,classification,bbob_validation,FE_ratio,FE_ratio=0.45,,,0.45,6480,243,0.0375,-0.10186903427734409,-0.07939845101548082,50.56190594132994,top_10,-0.6984518758726617,1063,0.16404320987654322,-0.07855475749733293,90,0.37037037037037035,0.7531891724940344,0.08466603951081844,973,0.9153339604891816,121.58638731533642,-83.50370721966493,-0.012886374570935947,-0.10186903427734409,0.0,0.007802763262550918,linear_svm_classifier__raw_primary_with_maturity__best_candidate__C_0p03__class_weight_null,linear_svm_classifier,"LinearSVC(C=0.03,class_weight=None,tol=1e-2)",raw_primary_with_maturity,best_candidate,"{""C"": 0.03, ""class_weight"": null}"
linear_svm_classifier__best_candidate,linear_svm,classification,bbob_validation,FE_ratio,FE_ratio=0.45,,,0.45,6480,243,0.0375,-0.10186903427734409,-0.07939845101548082,50.56190594132994,top_20,-0.7800405213923354,1844,0.2845679012345679,-0.08673786872650968,173,0.7119341563786008,0.9023266733345999,0.0938177874186551,1671,0.9061822125813449,205.56798631718107,-159.94462993168383,-0.02468281326106232,-0.10186903427734409,0.0,0.007802763262550918,linear_svm_classifier__raw_primary_with_maturity__best_candidate__C_0p03__class_weight_null,linear_svm_classifier,"LinearSVC(C=0.03,class_weight=None,tol=1e-2)",raw_primary_with_maturity,best_candidate,"{""C"": 0.03, ""class_weight"": null}"
linear_svm_classifier__best_candidate,linear_svm,classification,bbob_validation,FE_ratio,FE_ratio=0.5,,,0.5,6480,477,0.07361111111111111,-0.08578559846269349,-0.08202974076197492,151.15391573733473,zero,0.0,47,0.007253086419753086,0.4395617507722081,38,0.07966457023060797,0.14564679492492386,0.8085106382978723,9,0.19148936170212766,1.3556810812010294,20.65940228629378,0.0031881793651687934,-0.08578559846269349,0.0,0.023326221564403508,linear_svm_classifier__raw_primary_with_maturity__best_candidate__C_0p03__class_weight_null,linear_svm_classifier,"LinearSVC(C=0.03,class_weight=None,tol=1e-2)",raw_primary_with_maturity,best_candidate,"{""C"": 0.03, ""class_weight"": null}"
linear_svm_classifier__best_candidate,linear_svm,classification,bbob_validation,FE_ratio,FE_ratio=0.5,,,0.5,6480,477,0.07361111111111111,-0.08578559846269349,-0.08202974076197492,151.15391573733473,train_utility,-0.47638550421615694,267,0.0412037037037037,0.4663904805196506,226,0.47379454926624737,0.8570807080368313,0.846441947565543,41,0.15355805243445692,5.024846823947693,124.52625829874673,0.01921701516955968,-0.08578559846269349,0.0,0.023326221564403508,linear_svm_classifier__raw_primary_with_maturity__best_candidate__C_0p03__class_weight_null,linear_svm_classifier,"LinearSVC(C=0.03,class_weight=None,tol=1e-2)",raw_primary_with_maturity,best_candidate,"{""C"": 0.03, ""class_weight"": null}"
linear_svm_classifier__best_candidate,linear_svm,classification,bbob_validation,FE_ratio,FE_ratio=0.5,,,0.5,6480,477,0.07361111111111111,-0.08578559846269349,-0.08202974076197492,151.15391573733473,top_05,-0.6175991173473513,485,0.07484567901234568,0.20094707587638916,248,0.519916142557652,0.8726286427737027,0.511340206185567,237,0.488659793814433,34.44190453975228,97.45933180004877,0.0150400203395137,-0.08578559846269349,0.0,0.023326221564403508,linear_svm_classifier__raw_primary_with_maturity__best_candidate__C_0p03__class_weight_null,linear_svm_classifier,"LinearSVC(C=0.03,class_weight=None,tol=1e-2)",raw_primary_with_maturity,best_candidate,"{""C"": 0.03, ""class_weight"": null}"
linear_svm_classifier__best_candidate,linear_svm,classification,bbob_validation,FE_ratio,FE_ratio=0.5,,,0.5,6480,477,0.07361111111111111,-0.08578559846269349,-0.08202974076197492,151.15391573733473,top_10,-0.6984518758726617,950,0.14660493827160495,0.03917442834092834,276,0.5786163522012578,0.8933342873436582,0.2905263157894737,674,0.7094736842105264,97.81526867053334,37.21570692388194,0.0057431646487472125,-0.08578559846269349,0.0,0.023326221564403508,linear_svm_classifier__raw_primary_with_maturity__best_candidate__C_0p03__class_weight_null,linear_svm_classifier,"LinearSVC(C=0.03,class_weight=None,tol=1e-2)",raw_primary_with_maturity,best_candidate,"{""C"": 0.03, ""class_weight"": null}"
linear_svm_classifier__best_candidate,linear_svm,classification,bbob_validation,FE_ratio,FE_ratio=0.5,,,0.5,6480,477,0.07361111111111111,-0.08578559846269349,-0.08202974076197492,151.15391573733473,top_20,-0.7800405213923354,1659,0.25601851851851853,-0.021447231761435162,359,0.7526205450733753,0.9428706015115887,0.2163954189270645,1300,0.7836045810729355,178.09954094431373,-35.580957492220904,-0.005490888501885942,-0.08578559846269349,0.0,0.023326221564403508,linear_svm_classifier__raw_primary_with_maturity__best_candidate__C_0p03__class_weight_null,linear_svm_classifier,"LinearSVC(C=0.03,class_weight=None,tol=1e-2)",raw_primary_with_maturity,best_candidate,"{""C"": 0.03, ""class_weight"": null}"
linear_svm_classifier__best_candidate,linear_svm,classification,bbob_validation,FE_ratio,FE_ratio=0.55,,,0.55,6480,376,0.05802469135802469,-0.11228594071878435,-0.09215825578698267,79.68497550744864,zero,0.0,35,0.005401234567901234,-0.023428312618624797,8,0.02127659574468085,0.042082465791704105,0.22857142857142856,27,0.7714285714285715,4.173331197556855,-0.8199909416518683,-0.000126541811983313,-0.11228594071878435,0.0,0.01229706412151985,linear_svm_classifier__raw_primary_with_maturity__best_candidate__C_0p03__class_weight_null,linear_svm_classifier,"LinearSVC(C=0.03,class_weight=None,tol=1e-2)",raw_primary_with_maturity,best_candidate,"{""C"": 0.03, ""class_weight"": null}"
linear_svm_classifier__best_candidate,linear_svm,classification,bbob_validation,FE_ratio,FE_ratio=0.55,,,0.55,6480,376,0.05802469135802469,-0.11228594071878435,-0.09215825578698267,79.68497550744864,train_utility,-0.47638550421615694,268,0.04135802469135803,0.11081078005967902,95,0.2526595744680851,0.6207952572106759,0.35447761194029853,173,0.6455223880597015,19.770765809979018,29.697289055993963,0.004582914977776846,-0.11228594071878435,0.0,0.01229706412151985,linear_svm_classifier__raw_primary_with_maturity__best_candidate__C_0p03__class_weight_null,linear_svm_classifier,"LinearSVC(C=0.03,class_weight=None,tol=1e-2)",raw_primary_with_maturity,best_candidate,"{""C"": 0.03, ""class_weight"": null}"
linear_svm_classifier__best_candidate,linear_svm,classification,bbob_validation,FE_ratio,FE_ratio=0.55,,,0.55,6480,376,0.05802469135802469,-0.11228594071878435,-0.09215825578698267,79.68497550744864,top_05,-0.6175991173473513,429,0.06620370370370371,0.016794897543505737,106,0.28191489361702127,0.644753791433262,0.24708624708624707,323,0.752913752913753,44.17217903253017,7.205011046163953,0.0011118844207043139,-0.11228594071878435,0.0,0.01229706412151985,linear_svm_classifier__raw_primary_with_maturity__best_candidate__C_0p03__class_weight_null,linear_svm_classifier,"LinearSVC(C=0.03,class_weight=None,tol=1e-2)",raw_primary_with_maturity,best_candidate,"{""C"": 0.03, ""class_weight"": null}"
linear_svm_classifier__best_candidate,linear_svm,classification,bbob_validation,FE_ratio,FE_ratio=0.55,,,0.55,6480,376,0.05802469135802469,-0.11228594071878435,-0.09215825578698267,79.68497550744864,top_10,-0.6984518758726617,856,0.13209876543209875,-0.06124104942239809,144,0.3829787234042553,0.7095154116033605,0.16822429906542055,712,0.8317757009345794,108.96005650134389,-52.422338305572765,-0.008089867022464933,-0.11228594071878435,0.0,0.01229706412151985,linear_svm_classifier__raw_primary_with_maturity__best_candidate__C_0p03__class_weight_null,linear_svm_classifier,"LinearSVC(C=0.03,class_weight=None,tol=1e-2)",raw_primary_with_maturity,best_candidate,"{""C"": 0.03, ""class_weight"": null}"
linear_svm_classifier__best_candidate,linear_svm,classification,bbob_validation,FE_ratio,FE_ratio=0.55,,,0.55,6480,376,0.05802469135802469,-0.11228594071878435,-0.09215825578698267,79.68497550744864,top_20,-0.7800405213923354,1514,0.23364197530864197,-0.08489441975884716,230,0.6117021276595744,0.8181969492673625,0.15191545574636725,1284,0.8480845442536328,193.72815537753362,-128.5301515148946,-0.019834899925138056,-0.11228594071878435,0.0,0.01229706412151985,linear_svm_classifier__raw_primary_with_maturity__best_candidate__C_0p03__class_weight_null,linear_svm_classifier,"LinearSVC(C=0.03,class_weight=None,tol=1e-2)",raw_primary_with_maturity,best_candidate,"{""C"": 0.03, ""class_weight"": null}"
linear_svm_classifier__best_candidate,linear_svm,classification,bbob_validation,FE_ratio,FE_ratio=0.6,,,0.6,6480,447,0.06898148148148148,-0.11584131580446465,-0.10228898920926656,123.20350275094972,zero,0.0,44,0.006790123456790123,0.14456862091434564,16,0.035794183445190156,0.086000913326887,0.36363636363636365,28,0.6363636363636364,4.234594441422104,6.3610193202312075,0.0009816387839862975,-0.11584131580446465,0.0,0.019012886226998416,linear_svm_classifier__raw_primary_with_maturity__best_candidate__C_0p03__class_weight_null,linear_svm_classifier,"LinearSVC(C=0.03,class_weight=None,tol=1e-2)",raw_primary_with_maturity,best_candidate,"{""C"": 0.03, ""class_weight"": null}"
linear_svm_classifier__best_candidate,linear_svm,classification,bbob_validation,FE_ratio,FE_ratio=0.6,,,0.6,6480,447,0.06898148148148148,-0.11584131580446465,-0.10228898920926656,123.20350275094972,train_utility,-0.47638550421615694,267,0.0412037037037037,0.3245076814895077,175,0.39149888143176736,0.8057499327950486,0.6554307116104869,92,0.3445692883895131,12.627663103993772,86.64355095769854,0.013370918357669527,-0.11584131580446465,0.0,0.019012886226998416,linear_svm_classifier__raw_primary_with_maturity__best_candidate__C_0p03__class_weight_null,linear_svm_classifier,"LinearSVC(C=0.03,class_weight=None,tol=1e-2)",raw_primary_with_maturity,best_candidate,"{""C"": 0.03, ""class_weight"": null}"
linear_svm_classifier__best_candidate,linear_svm,classification,bbob_validation,FE_ratio,FE_ratio=0.6,,,0.6,6480,447,0.06898148148148148,-0.11584131580446465,-0.10228898920926656,123.20350275094972,top_05,-0.6175991173473513,422,0.06512345679012346,0.14845160061975554,186,0.4161073825503356,0.8141083556683364,0.44075829383886256,236,0.5592417061611374,37.6544255756182,62.64657546153681,0.00966768139838531,-0.11584131580446465,0.0,0.019012886226998416,linear_svm_classifier__raw_primary_with_maturity__best_candidate__C_0p03__class_weight_null,linear_svm_classifier,"LinearSVC(C=0.03,class_weight=None,tol=1e-2)",raw_primary_with_maturity,best_candidate,"{""C"": 0.03, ""class_weight"": null}"
linear_svm_classifier__best_candidate,linear_svm,classification,bbob_validation,FE_ratio,FE_ratio=0.6,,,0.6,6480,447,0.06898148148148148,-0.11584131580446465,-0.10228898920926656,123.20350275094972,top_10,-0.6984518758726617,730,0.11265432098765432,0.02172861676323513,221,0.49440715883668906,0.8466710049748865,0.30273972602739724,509,0.6972602739726027,88.45094325341117,15.861890237161617,0.0024478225674632124,-0.11584131580446465,0.0,0.019012886226998416,linear_svm_classifier__raw_primary_with_maturity__best_candidate__C_0p03__class_weight_null,linear_svm_classifier,"LinearSVC(C=0.03,class_weight=None,tol=1e-2)",raw_primary_with_maturity,best_candidate,"{""C"": 0.03, ""class_weight"": null}"
linear_svm_classifier__best_candidate,linear_svm,classification,bbob_validation,FE_ratio,FE_ratio=0.6,,,0.6,6480,447,0.06898148148148148,-0.11584131580446465,-0.10228898920926656,123.20350275094972,top_20,-0.7800405213923354,1377,0.2125,-0.04962106862984255,310,0.6935123042505593,0.9036179154501695,0.2251270878721859,1067,0.7748729121278141,179.6571038352656,-68.32821150329319,-0.010544477083841541,-0.11584131580446465,0.0,0.019012886226998416,linear_svm_classifier__raw_primary_with_maturity__best_candidate__C_0p03__class_weight_null,linear_svm_classifier,"LinearSVC(C=0.03,class_weight=None,tol=1e-2)",raw_primary_with_maturity,best_candidate,"{""C"": 0.03, ""class_weight"": null}"
